strategy,date,side,entry_time,entry,exit_time,exit,ret
S1,2018-10-04,-1,2018-10-04 10:00:00-04:00,7590.5,2018-10-04 16:00:00-04:00,7514.0,0.03137510718219998
S1,2018-10-05,-1,2018-10-05 10:00:00-04:00,7478.75,2018-10-05 10:30:00-04:00,7498.0,-0.007119832461064921
S1,2018-10-05,-1,2018-10-05 11:00:00-04:00,7469.0,2018-10-05 16:00:00-04:00,7420.75,0.01690960209502919
S1,2018-10-08,-1,2018-10-08 12:00:00-04:00,7334.25,2018-10-08 14:30:00-04:00,7350.25,-0.005809808581923412
S1,2018-10-09,1,2018-10-09 10:00:00-04:00,7411.0,2018-10-09 12:30:00-04:00,7406.75,-0.0017103051423733781
S1,2018-10-10,-1,2018-10-10 10:00:00-04:00,7257.75,2018-10-10 16:00:00-04:00,7071.5,0.06366774434810415
S1,2018-10-11,1,2018-10-11 10:00:00-04:00,7135.0,2018-10-11 10:30:00-04:00,7076.0,-0.012452459484436375
S1,2018-10-11,-1,2018-10-11 15:00:00-04:00,6964.75,2018-10-11 15:30:00-04:00,7040.5,-0.015943316327353685
S1,2018-10-15,-1,2018-10-15 10:00:00-04:00,7107.25,2018-10-15 11:30:00-04:00,7153.0,-0.008175843848149178
S1,2018-10-16,1,2018-10-16 11:00:00-04:00,7197.0,2018-10-16 16:00:00-04:00,7291.0,0.016273680298301164
S1,2018-10-17,-1,2018-10-17 11:00:00-04:00,7243.0,2018-10-17 11:30:00-04:00,7271.0,-0.004265888840669342
S1,2018-10-18,-1,2018-10-18 10:30:00-04:00,7227.25,2018-10-18 11:00:00-04:00,7245.75,-0.002922797652331575
S1,2018-10-18,-1,2018-10-18 11:30:00-04:00,7185.5,2018-10-18 16:00:00-04:00,7131.75,0.008047183146679142
S1,2018-10-19,1,2018-10-19 10:00:00-04:00,7216.5,2018-10-19 11:30:00-04:00,7185.0,-0.004778799443408323
S1,2018-10-23,-1,2018-10-23 10:30:00-04:00,6983.0,2018-10-23 11:00:00-04:00,6990.0,-0.0011655363010666855
S1,2018-10-24,-1,2018-10-24 10:30:00-04:00,7067.25,2018-10-24 16:00:00-04:00,6798.25,0.03994894171354478
S1,2018-10-25,1,2018-10-25 10:00:00-04:00,6951.75,2018-10-25 16:00:00-04:00,7030.5,0.010414200858539604
S1,2018-10-29,-1,2018-10-29 14:30:00-04:00,6765.5,2018-10-29 16:00:00-04:00,6730.25,0.0039946349191418125
S1,2018-10-30,1,2018-10-30 10:00:00-04:00,6788.25,2018-10-30 10:30:00-04:00,6764.5,-0.00292774788044228
S1,2018-10-31,1,2018-10-31 10:00:00-04:00,6982.75,2018-10-31 12:00:00-04:00,6961.5,-0.0027616235635597344
S1,2018-10-31,1,2018-10-31 13:00:00-04:00,6997.5,2018-10-31 15:30:00-04:00,7020.0,0.002730241477610192
S1,2018-11-01,1,2018-11-01 13:30:00-04:00,7067.5,2018-11-01 14:00:00-04:00,7057.75,-0.0012657389954353851
S1,2018-11-02,-1,2018-11-02 10:30:00-04:00,6984.75,2018-11-02 14:30:00-04:00,6979.25,0.0005908733195853594
S1,2018-11-05,-1,2018-11-05 10:00:00-05:00,6905.75,2018-11-05 12:30:00-05:00,6899.0,0.0007515201347559756
S1,2018-11-06,1,2018-11-06 10:00:00-05:00,7020.75,2018-11-06 11:00:00-05:00,6981.0,-0.005501701409163181
S1,2018-11-07,1,2018-11-07 11:00:00-05:00,7149.75,2018-11-07 16:00:00-05:00,7210.25,0.00789368775888952
S1,2018-11-09,-1,2018-11-09 12:00:00-05:00,7024.0,2018-11-09 13:00:00-05:00,7026.0,-0.0003462176808864635
S1,2018-11-09,-1,2018-11-09 13:30:00-05:00,7018.25,2018-11-09 15:00:00-05:00,7035.0,-0.0022032034238229493
S1,2018-11-12,-1,2018-11-12 10:00:00-05:00,6929.75,2018-11-12 16:00:00-05:00,6838.25,0.011370168217601414
S1,2018-11-15,1,2018-11-15 13:30:00-05:00,6859.5,2018-11-15 15:30:00-05:00,6862.5,0.0003669868849627742
S1,2018-11-19,-1,2018-11-19 10:00:00-05:00,6794.25,2018-11-19 16:00:00-05:00,6652.75,0.02440430499129969
S1,2018-11-26,1,2018-11-26 10:00:00-05:00,6659.25,2018-11-26 10:30:00-05:00,6638.25,-0.0037755952447071613
S1,2018-11-28,1,2018-11-28 12:30:00-05:00,6848.5,2018-11-28 16:00:00-05:00,6919.75,0.011139335714576247
S1,2018-12-04,-1,2018-12-04 12:30:00-05:00,6896.5,2018-12-04 16:00:00-05:00,6801.0,0.0143011455325723
S1,2018-12-07,-1,2018-12-07 10:30:00-05:00,6767.75,2018-12-07 16:00:00-05:00,6615.5,0.02224815460444366
S1,2018-12-12,1,2018-12-12 11:30:00-05:00,6852.0,2018-12-12 12:30:00-05:00,6855.75,0.0004093888594022378
S1,2018-12-14,-1,2018-12-14 12:00:00-05:00,6647.5,2018-12-14 12:30:00-05:00,6663.5,-0.0026670479622956686
S1,2018-12-14,-1,2018-12-14 15:00:00-05:00,6618.75,2018-12-14 16:00:00-05:00,6595.25,0.00362240842640158
S1,2018-12-17,-1,2018-12-17 10:00:00-05:00,6532.75,2018-12-17 10:30:00-05:00,6573.0,-0.006170531027454509
S1,2018-12-17,-1,2018-12-17 14:00:00-05:00,6491.5,2018-12-17 16:00:00-05:00,6457.5,0.0050041501625088395
S1,2018-12-26,1,2018-12-26 10:00:00-05:00,5992.5,2018-12-26 10:30:00-05:00,5973.25,-0.0033702595825981234
S1,2018-12-26,1,2018-12-26 11:30:00-05:00,6012.5,2018-12-26 16:00:00-05:00,6277.5,0.04452955473507771
S1,2018-12-27,-1,2018-12-27 10:00:00-05:00,6171.75,2018-12-27 11:30:00-05:00,6167.5,0.0004209295326563961
S1,2018-12-27,-1,2018-12-27 12:00:00-05:00,6150.75,2018-12-27 15:00:00-05:00,6150.25,-3.0066395189742577e-05
S1,2018-12-28,-1,2018-12-28 10:30:00-05:00,6267.0,2018-12-28 11:00:00-05:00,6274.5,-0.001022024933302305
S1,2019-01-03,-1,2019-01-03 10:00:00-05:00,6251.25,2019-01-03 12:00:00-05:00,6254.0,-0.000445006992844968
S1,2019-01-03,-1,2019-01-03 15:00:00-05:00,6179.25,2019-01-03 16:00:00-05:00,6158.75,0.0025111108881966052
S1,2019-01-04,1,2019-01-04 10:00:00-05:00,6307.75,2019-01-04 16:00:00-05:00,6435.5,0.016465765928096957
S1,2019-01-07,1,2019-01-07 12:00:00-05:00,6519.0,2019-01-07 14:00:00-05:00,6508.75,-0.0012446651055054714
S1,2019-01-09,1,2019-01-09 10:00:00-05:00,6606.75,2019-01-09 10:30:00-05:00,6606.5,-0.00011932632254194544
S1,2019-01-10,-1,2019-01-10 10:00:00-05:00,6539.5,2019-01-10 10:30:00-05:00,6584.0,-0.005417538419463485
S1,2019-01-15,1,2019-01-15 10:00:00-05:00,6644.75,2019-01-15 14:30:00-05:00,6643.25,-0.00028097976070492716
S1,2019-01-15,1,2019-01-15 15:00:00-05:00,6659.25,2019-01-15 16:00:00-05:00,6681.75,0.0027161376868142955
S1,2019-01-16,1,2019-01-16 10:00:00-05:00,6722.5,2019-01-16 10:30:00-05:00,6709.5,-0.0017682799206254704
S1,2019-01-22,-1,2019-01-22 12:00:00-05:00,6683.0,2019-01-22 16:00:00-05:00,6665.75,0.002904695916441237
S1,2019-01-28,-1,2019-01-28 10:00:00-05:00,6672.75,2019-01-28 10:30:00-05:00,6690.75,-0.005734896044562667
S1,2019-01-28,-1,2019-01-28 12:00:00-05:00,6655.0,2019-01-28 12:30:00-05:00,6673.5,-0.005887826605751004
S1,2019-01-29,-1,2019-01-29 11:00:00-05:00,6626.5,2019-01-29 16:00:00-05:00,6638.0,-0.003457411307264444
S1,2019-01-30,1,2019-01-30 14:30:00-05:00,6801.0,2019-01-30 16:00:00-05:00,6814.5,0.003520043890075102
S1,2019-01-31,1,2019-01-31 10:00:00-05:00,6875.75,2019-01-31 16:00:00-05:00,6910.25,0.007748926075515836
S1,2019-02-04,1,2019-02-04 10:00:00-05:00,6905.5,2019-02-04 16:00:00-05:00,6963.0,0.012517895931324534
S1,2019-02-05,1,2019-02-05 10:00:00-05:00,7004.75,2019-02-05 11:30:00-05:00,7006.75,0.00027787983780774134
S1,2019-02-05,1,2019-02-05 15:30:00-05:00,7031.75,2019-02-05 16:00:00-05:00,7025.25,-0.0016117030592848998
S1,2019-02-06,-1,2019-02-06 10:30:00-05:00,6987.75,2019-02-06 11:00:00-05:00,7018.5,-0.007337593835725956
S1,2019-02-07,-1,2019-02-07 11:30:00-05:00,6897.5,2019-02-07 16:00:00-05:00,6910.0,-0.0030995742191840805
S1,2019-02-12,1,2019-02-12 10:00:00-05:00,6982.75,2019-02-12 16:00:00-05:00,7018.75,0.008837628127645398
S1,2019-02-21,-1,2019-02-21 10:00:00-05:00,7023.5,2019-02-21 11:00:00-05:00,7023.75,-0.0003659875954287913
S1,2019-02-22,1,2019-02-22 10:00:00-05:00,7076.75,2019-02-22 10:30:00-05:00,7070.5,-0.0027535345578605964
S1,2019-02-22,1,2019-02-22 11:00:00-05:00,7086.0,2019-02-22 12:30:00-05:00,7089.0,0.0008850646793123347
S1,2019-02-27,-1,2019-02-27 10:30:00-05:00,7059.0,2019-02-27 11:30:00-05:00,7088.25,-0.013532139721105363
S1,2019-03-04,-1,2019-03-04 12:00:00-05:00,7096.75,2019-03-04 14:00:00-05:00,7130.0,-0.01890464275785377
S1,2019-03-05,-1,2019-03-05 10:00:00-05:00,7137.5,2019-03-05 10:30:00-05:00,7143.25,-0.0036324263909748174
S1,2019-03-06,-1,2019-03-06 10:30:00-05:00,7134.75,2019-03-06 16:00:00-05:00,7117.5,0.009211123128990615
S1,2019-03-07,-1,2019-03-07 10:00:00-05:00,7050.25,2019-03-07 12:30:00-05:00,7066.25,-0.00943894621913852
S1,2019-03-07,-1,2019-03-07 13:30:00-05:00,7063.25,2019-03-07 16:00:00-05:00,7030.5,0.018032613672384037
S1,2019-03-18,1,2019-03-18 10:00:00-04:00,7368.5,2019-03-18 11:30:00-04:00,7341.5,-0.014907831671432854
S1,2019-03-20,1,2019-03-20 14:30:00-04:00,7450.0,2019-03-20 16:00:00-04:00,7413.25,-0.01967096285501928
S1,2019-03-21,1,2019-03-21 10:00:00-04:00,7435.5,2019-03-21 16:00:00-04:00,7526.75,0.04621397683024027
S1,2019-03-22,-1,2019-03-22 10:00:00-04:00,7449.0,2019-03-22 10:30:00-04:00,7468.75,-0.008383194489306649
S1,2019-03-22,-1,2019-03-22 11:00:00-04:00,7442.25,2019-03-22 16:00:00-04:00,7358.25,0.03404394835291603
S1,2019-03-25,-1,2019-03-25 10:00:00-04:00,7308.25,2019-03-25 10:30:00-04:00,7314.75,-0.0022316504393851497
S1,2019-03-26,1,2019-03-26 10:00:00-04:00,7441.5,2019-03-26 10:30:00-04:00,7419.25,-0.007082717196654879
S1,2019-03-26,1,2019-03-26 11:00:00-04:00,7428.75,2019-03-26 11:30:00-04:00,7410.75,-0.005773954236403434
S1,2019-03-27,-1,2019-03-27 11:30:00-04:00,7308.0,2019-03-27 15:30:00-04:00,7338.75,-0.009611735007352667
S1,2019-04-03,1,2019-04-03 11:30:00-04:00,7603.75,2019-04-03 13:30:00-04:00,7595.5,-0.0024200252004607653
S1,2019-04-04,1,2019-04-04 10:00:00-04:00,7591.0,2019-04-04 10:30:00-04:00,7554.75,-0.010016801468642688
S1,2019-04-11,-1,2019-04-11 10:00:00-04:00,7619.5,2019-04-11 10:30:00-04:00,7626.25,-0.0023593261848999596
S1,2019-04-11,-1,2019-04-11 14:00:00-04:00,7610.75,2019-04-11 16:00:00-04:00,7617.0,-0.002202037772573296
S1,2019-04-15,-1,2019-04-15 10:30:00-04:00,7614.5,2019-04-15 13:30:00-04:00,7632.0,-0.009544043144304624
S1,2019-04-18,-1,2019-04-18 10:00:00-04:00,7684.25,2019-04-18 11:00:00-04:00,7690.0,-0.0033702767515717156
S1,2019-04-18,-1,2019-04-18 11:30:00-04:00,7685.0,2019-04-18 12:00:00-04:00,7698.0,-0.0071294315898632445
S1,2019-04-22,1,2019-04-22 14:30:00-04:00,7726.5,2019-04-22 15:30:00-04:00,7723.75,-0.0018239260007165423
S1,2019-04-23,1,2019-04-23 10:00:00-04:00,7777.5,2019-04-23 16:00:00-04:00,7828.75,0.026064516129032256
S1,2019-04-26,-1,2019-04-26 10:00:00-04:00,7770.75,2019-04-26 11:30:00-04:00,7813.0,-0.021987152855453645
S1,2019-04-29,1,2019-04-29 15:00:00-04:00,7864.75,2019-04-29 15:30:00-04:00,7857.0,-0.004337426247807368
S1,2019-04-30,-1,2019-04-30 11:30:00-04:00,7749.75,2019-04-30 12:00:00-04:00,7772.25,-0.011936467190758865
S1,2019-05-02,-1,2019-05-02 11:30:00-04:00,7731.5,2019-05-02 16:00:00-04:00,7736.5,-0.0029618182988860988
S1,2019-05-03,1,2019-05-03 11:00:00-04:00,7833.5,2019-05-03 16:00:00-04:00,7857.0,0.01167078136522492
S1,2019-05-07,-1,2019-05-07 11:00:00-04:00,7663.75,2019-05-07 16:00:00-04:00,7654.25,0.0034941618031199937
S1,2019-05-09,-1,2019-05-09 10:00:00-04:00,7525.5,2019-05-09 12:00:00-04:00,7530.75,-0.0018572160308553093
S1,2019-05-10,-1,2019-05-10 10:30:00-04:00,7510.0,2019-05-10 13:30:00-04:00,7548.0,-0.011911273632414307
S1,2019-05-13,-1,2019-05-13 10:30:00-04:00,7367.5,2019-05-13 11:00:00-04:00,7377.25,-0.003316911294876394
S1,2019-05-13,-1,2019-05-13 11:30:00-04:00,7352.75,2019-05-13 15:00:00-04:00,7372.25,-0.006396900354404475
S1,2019-05-13,-1,2019-05-13 15:30:00-04:00,7336.75,2019-05-13 16:00:00-04:00,7334.5,0.0004738444706966278
S1,2019-05-14,1,2019-05-14 10:30:00-04:00,7405.25,2019-05-14 11:00:00-04:00,7403.0,-0.0007019160312909412
S1,2019-05-14,1,2019-05-14 11:30:00-04:00,7427.0,2019-05-14 16:00:00-04:00,7412.75,-0.0035095801564547064
S1,2019-05-15,1,2019-05-15 10:30:00-04:00,7470.5,2019-05-15 16:00:00-04:00,7516.5,0.009992679717916196
S1,2019-05-16,1,2019-05-16 10:00:00-04:00,7579.75,2019-05-16 16:00:00-04:00,7592.5,0.0024446530460429257
S1,2019-05-23,-1,2019-05-23 12:30:00-04:00,7288.5,2019-05-23 13:30:00-04:00,7291.75,-0.0007497430481619194
S1,2019-05-23,-1,2019-05-23 14:00:00-04:00,7285.25,2019-05-23 15:30:00-04:00,7318.25,-0.0063259569688661945
S1,2019-05-28,1,2019-05-28 10:00:00-04:00,7358.25,2019-05-28 10:30:00-04:00,7336.25,-0.004467951355754898
S1,2019-06-03,-1,2019-06-03 10:00:00-04:00,7052.25,2019-06-03 11:00:00-04:00,7088.75,-0.007587247100516765
S1,2019-06-03,-1,2019-06-03 12:00:00-04:00,7059.5,2019-06-03 16:00:00-04:00,6980.25,0.01598923214471318
S1,2019-06-04,1,2019-06-04 10:30:00-04:00,7085.25,2019-06-04 16:00:00-04:00,7171.5,0.0205548145158832
S1,2019-06-06,1,2019-06-06 15:30:00-04:00,7282.5,2019-06-06 16:00:00-04:00,7281.5,-0.0003580508522129421
S1,2019-06-07,1,2019-06-07 10:00:00-04:00,7372.25,2019-06-07 16:00:00-04:00,7421.25,0.009881665562675815
S1,2019-06-10,1,2019-06-10 10:00:00-04:00,7511.75,2019-06-10 15:30:00-04:00,7514.75,0.0004190969943979676
S1,2019-06-25,-1,2019-06-25 10:30:00-04:00,7714.25,2019-06-25 16:00:00-04:00,7621.75,0.01807315551826477
S1,2019-06-26,1,2019-06-26 10:00:00-04:00,7705.75,2019-06-26 10:30:00-04:00,7688.75,-0.0033107290753562084
S1,2019-07-08,-1,2019-07-08 10:00:00-04:00,7779.5,2019-07-08 10:30:00-04:00,7794.5,-0.004517780994265762
S1,2019-07-09,1,2019-07-09 14:00:00-04:00,7843.75,2019-07-09 15:00:00-04:00,7845.25,0.0002094999836989988
S1,2019-07-10,1,2019-07-10 10:00:00-04:00,7944.5,2019-07-10 10:30:00-04:00,7911.25,-0.010970240177791584
S1,2019-07-10,1,2019-07-10 14:00:00-04:00,7928.75,2019-07-10 14:30:00-04:00,7907.0,-0.007259717764715019
S1,2019-07-12,1,2019-07-12 11:30:00-04:00,7946.5,2019-07-12 14:00:00-04:00,7949.25,0.0006549246951192538
S1,2019-07-16,-1,2019-07-16 12:30:00-04:00,7938.5,2019-07-16 13:00:00-04:00,7951.25,-0.004508839848403332
S1,2019-07-16,-1,2019-07-16 14:00:00-04:00,7937.0,2019-07-16 15:00:00-04:00,7948.5,-0.004091354677254875
S1,2019-07-18,-1,2019-07-18 12:00:00-04:00,7849.0,2019-07-18 12:30:00-04:00,7864.5,-0.007164138187043403
S1,2019-07-19,-1,2019-07-19 14:30:00-04:00,7882.25,2019-07-19 16:00:00-04:00,7853.25,0.01237401898727825
S1,2019-07-22,1,2019-07-22 10:00:00-04:00,7914.25,2019-07-22 16:00:00-04:00,7921.25,0.0025083469581726322
S1,2019-07-24,1,2019-07-24 15:00:00-04:00,8010.5,2019-07-24 16:00:00-04:00,8025.75,0.006120197609448378
S1,2019-07-25,-1,2019-07-25 10:00:00-04:00,7962.5,2019-07-25 16:00:00-04:00,7946.75,0.00611971054069955
S1,2019-07-26,1,2019-07-26 10:00:00-04:00,8026.0,2019-07-26 10:30:00-04:00,8011.75,-0.00555120497997832
S1,2019-07-26,1,2019-07-26 12:00:00-04:00,8031.25,2019-07-26 13:00:00-04:00,8027.25,-0.001757881576993135
S1,2019-07-26,1,2019-07-26 13:30:00-04:00,8031.0,2019-07-26 14:30:00-04:00,8029.0,-0.0010177209129960253
S1,2019-07-26,1,2019-07-26 15:00:00-04:00,8036.0,2019-07-26 16:00:00-04:00,8028.25,-0.0031456828219877148
S1,2019-07-29,-1,2019-07-29 10:00:00-04:00,7970.0,2019-07-29 13:00:00-04:00,7993.0,-0.008733868865269133
S1,2019-07-31,-1,2019-07-31 15:00:00-04:00,7866.75,2019-07-31 16:00:00-04:00,7859.25,0.0025787530379996182
S1,2019-08-01,1,2019-08-01 10:00:00-04:00,7928.5,2019-08-01 14:00:00-04:00,7868.0,-0.020648035611599697
S1,2019-08-01,-1,2019-08-01 14:30:00-04:00,7818.25,2019-08-01 15:00:00-04:00,7820.25,-0.0009270546601126394
S1,2019-08-02,-1,2019-08-02 10:00:00-04:00,7729.0,2019-08-02 16:00:00-04:00,7701.25,0.009374554872674612
S1,2019-08-05,-1,2019-08-05 10:30:00-04:00,7495.25,2019-08-05 16:00:00-04:00,7423.0,0.023490782396252012
S1,2019-08-08,1,2019-08-08 10:30:00-04:00,7637.75,2019-08-08 16:00:00-04:00,7732.25,0.0187023005362011
S1,2019-08-09,-1,2019-08-09 10:30:00-04:00,7646.0,2019-08-09 11:00:00-04:00,7657.75,-0.00219590402042646
S1,2019-08-09,-1,2019-08-09 11:30:00-04:00,7605.5,2019-08-09 13:00:00-04:00,7645.25,-0.00711472902618173
S1,2019-08-12,-1,2019-08-12 15:00:00-04:00,7544.5,2019-08-12 15:30:00-04:00,7563.0,-0.0034422227226404553
S1,2019-08-13,1,2019-08-13 10:00:00-04:00,7762.25,2019-08-13 16:00:00-04:00,7738.0,-0.004508468918188674
S1,2019-08-14,-1,2019-08-14 11:30:00-04:00,7549.75,2019-08-14 16:00:00-04:00,7501.75,0.007769066773059498
S1,2019-08-16,1,2019-08-16 11:00:00-04:00,7627.5,2019-08-16 11:30:00-04:00,7606.25,-0.0033957654490870052
S1,2019-08-16,1,2019-08-16 13:30:00-04:00,7624.25,2019-08-16 14:30:00-04:00,7613.25,-0.0018136474557623778
S1,2019-08-22,-1,2019-08-22 11:00:00-04:00,7660.0,2019-08-22 12:30:00-04:00,7700.25,-0.005687908585849921
S1,2019-08-23,-1,2019-08-23 11:30:00-04:00,7573.25,2019-08-23 16:00:00-04:00,7473.75,0.014167788164395118
S1,2019-08-29,1,2019-08-29 10:00:00-04:00,7715.75,2019-08-29 10:30:00-04:00,7707.25,-0.0014801189323309445
S1,2019-08-30,-1,2019-08-30 11:30:00-04:00,7661.0,2019-08-30 12:00:00-04:00,7675.75,-0.002409942219897679
S1,2019-09-05,1,2019-09-05 10:00:00-04:00,7843.5,2019-09-05 14:00:00-04:00,7851.5,0.0014003732193896066
S1,2019-09-05,1,2019-09-05 14:30:00-04:00,7853.5,2019-09-05 16:00:00-04:00,7865.5,0.0021729929266390445
S1,2019-09-09,-1,2019-09-09 14:30:00-04:00,7802.25,2019-09-09 15:30:00-04:00,7824.5,-0.004330047261974485
S1,2019-09-10,-1,2019-09-10 10:00:00-04:00,7762.25,2019-09-10 10:30:00-04:00,7782.0,-0.004043815675693506
S1,2019-09-10,-1,2019-09-10 11:00:00-04:00,7762.75,2019-09-10 12:00:00-04:00,7782.0,-0.003945186025066835
S1,2019-09-11,1,2019-09-11 10:30:00-04:00,7861.25,2019-09-11 11:30:00-04:00,7864.75,0.0005469239693274029
S1,2019-09-11,1,2019-09-11 12:00:00-04:00,7878.5,2019-09-11 14:00:00-04:00,7872.25,-0.00139217010374248
S1,2019-09-12,1,2019-09-12 10:30:00-04:00,7970.5,2019-09-12 11:00:00-04:00,7934.75,-0.007149074422406273
S1,2019-09-24,-1,2019-09-24 12:00:00-04:00,7790.5,2019-09-24 16:00:00-04:00,7732.0,0.016715224109721788
S1,2019-09-25,-1,2019-09-25 10:00:00-04:00,7697.75,2019-09-25 10:30:00-04:00,7713.5,-0.0045501462711429784
S1,2019-09-25,1,2019-09-25 14:00:00-04:00,7780.75,2019-09-25 16:00:00-04:00,7823.25,0.011513248898195112
S1,2019-09-26,-1,2019-09-26 10:00:00-04:00,7774.0,2019-09-26 14:00:00-04:00,7779.5,-0.0016529022221459856
S1,2019-09-27,-1,2019-09-27 10:00:00-04:00,7761.25,2019-09-27 11:00:00-04:00,7785.75,-0.00656892155710683
S1,2019-09-27,-1,2019-09-27 12:00:00-04:00,7757.75,2019-09-27 16:00:00-04:00,7698.75,0.01515404676045437
S1,2019-09-30,1,2019-09-30 11:30:00-04:00,7755.0,2019-09-30 15:00:00-04:00,7763.0,0.001910304587357341
S1,2019-10-01,1,2019-10-01 10:00:00-04:00,7834.5,2019-10-01 10:30:00-04:00,7782.75,-0.01340128443064289
S1,2019-10-01,-1,2019-10-01 11:00:00-04:00,7746.75,2019-10-01 11:30:00-04:00,7758.0,-0.0030631507270040895
S1,2019-10-01,-1,2019-10-01 12:00:00-04:00,7733.5,2019-10-01 15:00:00-04:00,7722.75,0.0025526256058367412
S1,2019-10-02,-1,2019-10-02 10:00:00-04:00,7606.25,2019-10-02 16:00:00-04:00,7566.0,0.010396944801048805
S1,2019-10-03,-1,2019-10-03 10:30:00-04:00,7540.5,2019-10-03 11:00:00-04:00,7551.0,-0.0028671134341319605
S1,2019-10-03,1,2019-10-03 11:30:00-04:00,7599.75,2019-10-03 12:00:00-04:00,7585.25,-0.0038865315440455464
S1,2019-10-03,1,2019-10-03 12:30:00-04:00,7616.25,2019-10-03 16:00:00-04:00,7652.25,0.008983622093613476
S1,2019-10-04,1,2019-10-04 10:00:00-04:00,7717.5,2019-10-04 10:30:00-04:00,7703.0,-0.0041758428825066736
S1,2019-10-04,1,2019-10-04 11:30:00-04:00,7722.0,2019-10-04 12:30:00-04:00,7734.75,0.003285909153447874
S1,2019-10-04,1,2019-10-04 14:30:00-04:00,7748.75,2019-10-04 16:00:00-04:00,7765.25,0.004312755763900334
S1,2019-10-08,-1,2019-10-08 10:00:00-04:00,7645.25,2019-10-08 11:00:00-04:00,7664.5,-0.0049725165133068395
S1,2019-10-08,-1,2019-10-08 11:30:00-04:00,7647.75,2019-10-08 12:00:00-04:00,7652.75,-0.0014295984975757163
S1,2019-10-10,1,2019-10-10 10:00:00-04:00,7756.75,2019-10-10 12:30:00-04:00,7747.75,-0.0022263910617111144
S1,2019-10-11,1,2019-10-11 10:00:00-04:00,7873.25,2019-10-11 12:00:00-04:00,7885.25,0.0024918822332201085
S1,2019-10-11,1,2019-10-11 14:30:00-04:00,7904.25,2019-10-11 16:00:00-04:00,7851.25,-0.011905659558718296
S1,2019-10-15,1,2019-10-15 10:30:00-04:00,7922.0,2019-10-15 16:00:00-04:00,7953.0,0.006772357408441325
S1,2019-10-18,-1,2019-10-18 12:00:00-04:00,7866.5,2019-10-18 14:00:00-04:00,7891.0,-0.005949268300214963
S1,2019-10-18,-1,2019-10-18 15:00:00-04:00,7895.75,2019-10-18 15:30:00-04:00,7898.5,-0.0008246510515149454
S1,2019-10-25,1,2019-10-25 11:00:00-04:00,8006.0,2019-10-25 16:00:00-04:00,8035.75,0.008189023117295538
S1,2019-10-28,1,2019-10-28 10:30:00-04:00,8102.25,2019-10-28 11:00:00-04:00,8100.75,-0.0006255893796104146
S1,2019-10-28,1,2019-10-28 12:30:00-04:00,8116.5,2019-10-28 13:00:00-04:00,8109.5,-0.0021548078631025394
S1,2019-10-28,1,2019-10-28 13:30:00-04:00,8115.25,2019-10-28 14:00:00-04:00,8112.0,-0.0011121588970851816
S1,2019-10-28,1,2019-10-28 14:30:00-04:00,8115.5,2019-10-28 16:00:00-04:00,8116.5,6.950993106782385e-05
S1,2019-10-29,-1,2019-10-29 15:00:00-04:00,8058.75,2019-10-29 15:30:00-04:00,8063.0,-0.0016790109992292958
S1,2019-10-31,-1,2019-10-31 10:30:00-04:00,8065.25,2019-10-31 11:00:00-04:00,8082.75,-0.005839804304459052
S1,2019-11-01,1,2019-11-01 10:30:00-04:00,8151.75,2019-11-01 11:00:00-04:00,8148.5,-0.0013619705938283898
S1,2019-11-06,-1,2019-11-06 10:30:00-05:00,8186.5,2019-11-06 11:30:00-05:00,8187.5,-0.0006216543715722954
S1,2019-11-06,-1,2019-11-06 12:00:00-05:00,8172.0,2019-11-06 13:00:00-05:00,8179.0,-0.002753040788391594
S1,2019-11-07,1,2019-11-07 11:00:00-05:00,8267.5,2019-11-07 11:30:00-05:00,8264.5,-0.0013102190993527748
S1,2019-11-07,1,2019-11-07 12:00:00-05:00,8277.0,2019-11-07 12:30:00-05:00,8268.75,-0.0031445258384466593
S1,2019-11-12,1,2019-11-12 10:00:00-05:00,8272.5,2019-11-12 12:00:00-05:00,8285.75,0.005921834143477284
S1,2019-11-12,1,2019-11-12 12:30:00-05:00,8284.5,2019-11-12 14:30:00-05:00,8263.0,-0.010540864775389566
S1,2019-11-18,-1,2019-11-18 10:00:00-05:00,8296.0,2019-11-18 11:00:00-05:00,8308.0,-0.006134415877311682
S1,2019-11-18,1,2019-11-18 14:30:00-05:00,8341.25,2019-11-18 15:30:00-05:00,8333.0,-0.004330175913396482
S1,2019-11-20,-1,2019-11-20 13:00:00-05:00,8279.75,2019-11-20 16:00:00-05:00,8293.0,-0.006727938967982219
S1,2019-11-21,-1,2019-11-21 10:30:00-05:00,8259.0,2019-11-21 11:00:00-05:00,8266.0,-0.003742492379198986
S1,2019-11-21,-1,2019-11-21 11:30:00-05:00,8265.0,2019-11-21 13:00:00-05:00,8270.5,-0.003018139015483053
S1,2019-11-22,-1,2019-11-22 11:30:00-05:00,8256.75,2019-11-22 12:00:00-05:00,8259.25,-0.0015676816400361773
S1,2019-11-25,1,2019-11-25 10:00:00-05:00,8351.0,2019-11-25 16:00:00-05:00,8376.75,0.01203079884504331
S1,2019-11-27,1,2019-11-27 12:00:00-05:00,8436.0,2019-11-27 16:00:00-05:00,8449.25,0.005943713037534548
S1,2019-12-02,-1,2019-12-02 10:00:00-05:00,8341.25,2019-12-02 16:00:00-05:00,8316.0,0.01165175519424546
S1,2019-12-06,1,2019-12-06 12:30:00-05:00,8397.5,2019-12-06 15:30:00-05:00,8399.75,0.0005714739403928203
S1,2019-12-09,1,2019-12-09 10:00:00-05:00,8419.5,2019-12-09 10:30:00-05:00,8415.0,-0.0018423114034715894
S1,2019-12-11,1,2019-12-11 15:00:00-05:00,8407.5,2019-12-11 16:00:00-05:00,8404.5,-0.0013199680349211317
S1,2019-12-12,1,2019-12-12 10:00:00-05:00,8463.25,2019-12-12 12:30:00-05:00,8411.75,-0.018015554749181824
S1,2019-12-12,1,2019-12-12 13:30:00-05:00,8440.25,2019-12-12 14:30:00-05:00,8426.25,-0.005085730766515443
S1,2019-12-12,1,2019-12-12 15:00:00-05:00,8445.5,2019-12-12 16:00:00-05:00,8467.0,0.007154502603742064
S1,2019-12-13,1,2019-12-13 10:30:00-05:00,8500.75,2019-12-13 11:00:00-05:00,8471.75,-0.010310750943526382
S1,2019-12-13,1,2019-12-13 12:30:00-05:00,8496.0,2019-12-13 15:30:00-05:00,8491.75,-0.001732899318239728
S1,2019-12-26,1,2019-12-26 11:30:00-05:00,8772.5,2019-12-26 16:00:00-05:00,8801.25,0.009536491713438938
S1,2019-12-30,-1,2019-12-30 10:00:00-05:00,8714.5,2019-12-30 16:00:00-05:00,8731.5,-0.006314108757610115
S1,2020-01-02,1,2020-01-02 13:00:00-05:00,8844.25,2020-01-02 13:30:00-05:00,8839.25,-0.001972269092556243
S1,2020-01-02,1,2020-01-02 14:30:00-05:00,8857.0,2020-01-02 16:00:00-05:00,8889.0,0.010718853763892627
S1,2020-01-06,1,2020-01-06 14:30:00-05:00,8840.75,2020-01-06 15:00:00-05:00,8840.25,-0.000418083566590166
S1,2020-01-06,1,2020-01-06 15:30:00-05:00,8843.5,2020-01-06 16:00:00-05:00,8863.5,0.006438486925488556
S1,2020-01-08,1,2020-01-08 11:30:00-05:00,8897.5,2020-01-08 16:00:00-05:00,8929.75,0.010273579725137545
S1,2020-01-13,1,2020-01-13 12:00:00-05:00,9057.25,2020-01-13 16:00:00-05:00,9085.25,0.008997604987654978
S1,2020-01-14,-1,2020-01-14 10:00:00-05:00,9041.0,2020-01-14 10:30:00-05:00,9068.0,-0.008670903595873676
S1,2020-01-15,1,2020-01-15 10:30:00-05:00,9080.5,2020-01-15 11:30:00-05:00,9076.0,-0.0016055489390173305
S1,2020-01-24,-1,2020-01-24 12:30:00-05:00,9176.25,2020-01-24 13:00:00-05:00,9198.0,-0.008493636449777686
S1,2020-01-24,-1,2020-01-24 13:30:00-05:00,9165.75,2020-01-24 16:00:00-05:00,9151.75,0.005001808131535749
S1,2020-01-28,1,2020-01-28 10:30:00-05:00,9050.5,2020-01-28 16:00:00-05:00,9098.25,0.012510101343752321
S1,2020-01-30,-1,2020-01-30 11:00:00-05:00,9027.5,2020-01-30 11:30:00-05:00,9066.5,-0.009730007428290187
S1,2020-01-31,-1,2020-01-31 10:30:00-05:00,9069.5,2020-01-31 16:00:00-05:00,8995.25,0.01814134627798855
S1,2020-02-03,1,2020-02-03 10:00:00-05:00,9126.5,2020-02-03 16:00:00-05:00,9131.5,0.0009442592687693714
S1,2020-02-04,1,2020-02-04 11:30:00-05:00,9304.75,2020-02-04 16:00:00-05:00,9340.75,0.007375700054311792
S1,2020-02-10,1,2020-02-10 10:00:00-05:00,9447.75,2020-02-10 12:30:00-05:00,9464.25,0.002821682121439183
S1,2020-02-10,1,2020-02-10 13:30:00-05:00,9472.5,2020-02-10 16:00:00-05:00,9525.0,0.009271241256157315
S1,2020-02-20,-1,2020-02-20 11:30:00-05:00,9605.25,2020-02-20 16:00:00-05:00,9634.0,-0.006410298369176585
S1,2020-02-21,-1,2020-02-21 10:00:00-05:00,9513.0,2020-02-21 16:00:00-05:00,9452.0,0.012268134472512064
S1,2020-02-25,-1,2020-02-25 10:30:00-05:00,9051.75,2020-02-25 16:00:00-05:00,8839.75,0.0306802954538918
S1,2020-02-26,1,2020-02-26 10:00:00-05:00,8955.0,2020-02-26 12:30:00-05:00,8922.5,-0.0049785363830258285
S1,2020-02-27,-1,2020-02-27 10:30:00-05:00,8584.0,2020-02-27 11:00:00-05:00,8667.0,-0.012849009083469606
S1,2020-02-27,-1,2020-02-27 15:00:00-05:00,8588.25,2020-02-27 16:00:00-05:00,8432.25,0.023818610868163063
S1,2020-03-02,1,2020-03-02 11:30:00-05:00,8657.25,2020-03-02 15:00:00-05:00,8610.75,-0.00569117724886423
S1,2020-03-02,1,2020-03-02 15:30:00-05:00,8704.0,2020-03-02 16:00:00-05:00,8876.25,0.02065686556995165
S1,2020-03-03,-1,2020-03-03 10:00:00-05:00,8780.25,2020-03-03 10:30:00-05:00,8899.75,-0.011327992799707505
S1,2020-03-03,-1,2020-03-03 11:30:00-05:00,8718.75,2020-03-03 12:00:00-05:00,8833.75,-0.01090407622924028
S1,2020-03-03,-1,2020-03-03 12:30:00-05:00,8776.75,2020-03-03 16:00:00-05:00,8595.5,0.017003764659852014
S1,2020-03-04,1,2020-03-04 13:30:00-05:00,8841.75,2020-03-04 14:00:00-05:00,8835.75,-0.000621345715920719
S1,2020-03-04,1,2020-03-04 14:30:00-05:00,8858.0,2020-03-04 15:00:00-05:00,8833.25,-0.002347306037922716
S1,2020-03-04,1,2020-03-04 15:30:00-05:00,8885.75,2020-03-04 16:00:00-05:00,8943.75,0.005269932183179432
S1,2020-03-11,-1,2020-03-11 13:00:00-04:00,8056.0,2020-03-11 16:00:00-04:00,7998.25,0.004231935734698724
S1,2020-03-17,1,2020-03-17 11:30:00-04:00,7329.5,2020-03-17 16:00:00-04:00,7453.75,0.00784614161896408
S1,2020-03-23,-1,2020-03-23 11:00:00-04:00,6921.75,2020-03-23 12:30:00-04:00,6916.5,0.0002697014815924731
S1,2020-03-23,-1,2020-03-23 15:30:00-04:00,6877.25,2020-03-23 16:00:00-04:00,6992.25,-0.006937321443184168
S1,2020-03-24,1,2020-03-24 12:30:00-04:00,7500.75,2020-03-24 13:00:00-04:00,7434.5,-0.003809043447416086
S1,2020-03-25,-1,2020-03-25 10:00:00-04:00,7472.25,2020-03-25 11:00:00-04:00,7507.5,-0.0019292075296169072
S1,2020-03-25,1,2020-03-25 13:30:00-04:00,7681.25,2020-03-25 16:00:00-04:00,7462.75,-0.011749409746347413
S1,2020-03-26,1,2020-03-26 10:00:00-04:00,7627.75,2020-03-26 16:00:00-04:00,7868.0,0.013122522028112229
S1,2020-03-30,1,2020-03-30 10:30:00-04:00,7745.25,2020-03-30 16:00:00-04:00,7867.0,0.0065586898322062045
S1,2020-03-31,1,2020-03-31 10:30:00-04:00,7957.5,2020-03-31 11:00:00-04:00,7935.25,-0.0012160712105936601
S1,2020-04-01,-1,2020-04-01 15:30:00-04:00,7436.25,2020-04-01 16:00:00-04:00,7466.5,-0.0016962105589941553
S1,2020-04-02,1,2020-04-02 11:00:00-04:00,7564.5,2020-04-02 11:30:00-04:00,7544.0,-0.001161569594049773
S1,2020-04-02,1,2020-04-02 12:00:00-04:00,7595.5,2020-04-02 13:30:00-04:00,7505.5,-0.004960585442824324
S1,2020-04-03,-1,2020-04-03 13:30:00-04:00,7471.0,2020-04-03 15:00:00-04:00,7493.25,-0.0012415644883704408
S1,2020-04-06,1,2020-04-06 12:30:00-04:00,7924.5,2020-04-06 16:00:00-04:00,8053.5,0.006886810214881056
S1,2020-04-14,1,2020-04-14 10:00:00-04:00,8589.75,2020-04-14 11:30:00-04:00,8564.5,-0.0016591692223003858
S1,2020-04-14,1,2020-04-14 12:00:00-04:00,8583.5,2020-04-14 16:00:00-04:00,8682.0,0.006237838133840874
S1,2020-04-16,1,2020-04-16 12:00:00-04:00,8773.5,2020-04-16 12:30:00-04:00,8672.75,-0.006991568030996405
S1,2020-04-21,-1,2020-04-21 10:00:00-04:00,8583.75,2020-04-21 16:00:00-04:00,8390.75,0.01607148526203416
S1,2020-04-23,1,2020-04-23 10:00:00-04:00,8722.75,2020-04-23 12:00:00-04:00,8728.5,0.00042438732515776484
S1,2020-04-24,-1,2020-04-24 10:00:00-04:00,8588.5,2020-04-24 10:30:00-04:00,8636.0,-0.004099655491975001
S1,2020-04-28,-1,2020-04-28 11:00:00-04:00,8699.5,2020-04-28 14:30:00-04:00,8753.0,-0.0060981104966758015
S1,2020-04-28,-1,2020-04-28 15:30:00-04:00,8724.5,2020-04-28 16:00:00-04:00,8666.5,0.006435333196952804
S1,2020-04-29,1,2020-04-29 10:30:00-04:00,8930.5,2020-04-29 11:00:00-04:00,8919.75,-0.001238767244773875
S1,2020-04-29,1,2020-04-29 12:30:00-04:00,8951.0,2020-04-29 16:00:00-04:00,8963.5,0.0012656969674863503
S1,2020-05-01,-1,2020-05-01 13:00:00-04:00,8699.0,2020-05-01 14:30:00-04:00,8730.25,-0.0033162403836921404
S1,2020-05-05,1,2020-05-05 10:00:00-04:00,8956.75,2020-05-05 10:30:00-04:00,8944.5,-0.0013777140514624462
S1,2020-05-05,1,2020-05-05 13:30:00-04:00,8987.25,2020-05-05 15:30:00-04:00,8948.75,-0.004159636655377001
S1,2020-05-11,1,2020-05-11 13:30:00-04:00,9307.0,2020-05-11 16:00:00-04:00,9286.75,-0.0022429264471744833
S1,2020-05-13,1,2020-05-13 10:30:00-04:00,9179.0,2020-05-13 11:00:00-04:00,9114.75,-0.008511390292444795
S1,2020-05-13,-1,2020-05-13 12:00:00-04:00,8995.5,2020-05-13 16:00:00-04:00,8990.75,0.0005237778641504489
S1,2020-05-14,-1,2020-05-14 10:00:00-04:00,8872.25,2020-05-14 11:00:00-04:00,8903.25,-0.004126604553306089
S1,2020-05-18,1,2020-05-18 11:00:00-04:00,9330.5,2020-05-18 12:00:00-04:00,9327.25,-0.0005093942447175106
S1,2020-05-18,1,2020-05-18 13:30:00-04:00,9361.0,2020-05-18 14:00:00-04:00,9345.0,-0.002133088399754576
S1,2020-05-19,1,2020-05-19 10:00:00-04:00,9371.5,2020-05-19 12:30:00-04:00,9381.0,0.0011470575914652428
S1,2020-05-20,1,2020-05-20 10:00:00-04:00,9461.0,2020-05-20 12:30:00-04:00,9464.0,0.00033764896582756004
S1,2020-05-21,-1,2020-05-21 11:00:00-04:00,9422.0,2020-05-21 12:30:00-04:00,9417.75,0.0004942335752300543
S1,2020-05-21,-1,2020-05-21 13:00:00-04:00,9400.25,2020-05-21 13:30:00-04:00,9409.0,-0.0013414911327672902
S1,2020-05-21,-1,2020-05-21 15:00:00-04:00,9384.5,2020-05-21 15:30:00-04:00,9398.75,-0.00211814389384309
S1,2020-05-27,-1,2020-05-27 10:00:00-04:00,9287.5,2020-05-27 13:00:00-04:00,9319.0,-0.0057413435386135464
S1,2020-05-28,1,2020-05-28 11:00:00-04:00,9491.5,2020-05-28 11:30:00-04:00,9487.5,-0.0008444440114672395
S1,2020-05-28,1,2020-05-28 12:00:00-04:00,9515.75,2020-05-28 15:30:00-04:00,9466.75,-0.008844439909577928
S1,2020-06-02,-1,2020-06-02 11:30:00-04:00,9528.75,2020-06-02 12:00:00-04:00,9535.75,-0.0013805832758247362
S1,2020-06-04,-1,2020-06-04 15:00:00-04:00,9595.5,2020-06-04 16:00:00-04:00,9627.5,-0.00789231802548615
S1,2020-06-05,1,2020-06-05 10:00:00-04:00,9756.75,2020-06-05 16:00:00-04:00,9816.0,0.01336964124409685
S1,2020-06-09,1,2020-06-09 11:00:00-04:00,9963.25,2020-06-09 11:30:00-04:00,9962.75,-0.00027679306307761963
S1,2020-06-09,1,2020-06-09 12:30:00-04:00,9966.75,2020-06-09 16:00:00-04:00,9964.0,-0.000775020576617335
S1,2020-06-10,1,2020-06-10 14:30:00-04:00,10142.25,2020-06-10 15:00:00-04:00,10096.75,-0.010324483654872643
S1,2020-06-10,1,2020-06-10 15:30:00-04:00,10150.75,2020-06-10 16:00:00-04:00,10089.75,-0.013784580879748879
S1,2020-06-11,-1,2020-06-11 12:30:00-04:00,9776.75,2020-06-11 16:00:00-04:00,9592.75,0.04551222942935342
S1,2020-06-12,-1,2020-06-12 14:00:00-04:00,9503.0,2020-06-12 14:30:00-04:00,9570.0,-0.008546415917044107
S1,2020-06-15,1,2020-06-15 14:30:00-04:00,9798.25,2020-06-15 15:30:00-04:00,9754.25,-0.00578639359903595
S1,2020-06-22,1,2020-06-22 10:30:00-04:00,10047.0,2020-06-22 11:00:00-04:00,10021.75,-0.0031711181651583593
S1,2020-06-22,1,2020-06-22 12:00:00-04:00,10057.25,2020-06-22 14:30:00-04:00,10097.25,0.004787168768556369
S1,2020-06-22,1,2020-06-22 15:00:00-04:00,10113.25,2020-06-22 15:30:00-04:00,10077.75,-0.004421270518730405
S1,2020-06-23,1,2020-06-23 11:30:00-04:00,10253.0,2020-06-23 12:30:00-04:00,10263.0,0.001107050264103378
S1,2020-06-23,1,2020-06-23 13:30:00-04:00,10283.75,2020-06-23 14:00:00-04:00,10284.0,-5.984055481639881e-05
S1,2020-06-24,-1,2020-06-24 10:00:00-04:00,10096.25,2020-06-24 16:00:00-04:00,9992.75,0.0122761580175674
S1,2020-06-25,-1,2020-06-25 10:00:00-04:00,9946.25,2020-06-25 10:30:00-04:00,9997.5,-0.005917752415106537
S1,2020-06-26,-1,2020-06-26 10:00:00-04:00,10019.0,2020-06-26 16:00:00-04:00,9841.25,0.020193741983033264
S1,2020-06-29,-1,2020-06-29 10:00:00-04:00,9792.0,2020-06-29 10:30:00-04:00,9840.5,-0.005358498061474716
S1,2020-06-30,1,2020-06-30 10:00:00-04:00,10029.25,2020-06-30 14:00:00-04:00,10068.5,0.004102755622226176
S1,2020-06-30,1,2020-06-30 14:30:00-04:00,10080.5,2020-06-30 16:00:00-04:00,10148.5,0.0071665017037587115
S1,2020-07-01,1,2020-07-01 10:30:00-04:00,10206.75,2020-07-01 11:00:00-04:00,10218.5,0.0011067535611441056
S1,2020-07-02,1,2020-07-02 10:00:00-04:00,10413.25,2020-07-02 10:30:00-04:00,10364.5,-0.004865872218878482
S1,2020-07-06,1,2020-07-06 10:00:00-04:00,10519.5,2020-07-06 12:30:00-04:00,10567.75,0.004763078304116534
S1,2020-07-06,1,2020-07-06 13:00:00-04:00,10584.25,2020-07-06 13:30:00-04:00,10573.75,-0.0011280974930802318
S1,2020-07-07,1,2020-07-07 10:30:00-04:00,10658.25,2020-07-07 12:00:00-04:00,10656.0,-0.00028363554963392146
S1,2020-07-08,1,2020-07-08 10:00:00-04:00,10627.5,2020-07-08 10:30:00-04:00,10603.0,-0.0023744702187722313
S1,2020-07-10,-1,2020-07-10 10:00:00-04:00,10674.25,2020-07-10 10:30:00-04:00,10716.0,-0.005728282156748536
S1,2020-07-13,1,2020-07-13 10:30:00-04:00,10999.0,2020-07-13 13:00:00-04:00,10966.25,-0.0044301246790872705
S1,2020-07-13,-1,2020-07-13 15:30:00-04:00,10703.5,2020-07-13 16:00:00-04:00,10598.5,0.013786283516264118
S1,2020-07-15,-1,2020-07-15 12:00:00-04:00,10573.75,2020-07-15 12:30:00-04:00,10614.5,-0.005050736744832694
S1,2020-07-17,-1,2020-07-17 10:30:00-04:00,10553.5,2020-07-17 11:00:00-04:00,10593.0,-0.005374007707825881
S1,2020-07-20,1,2020-07-20 10:30:00-04:00,10765.0,2020-07-20 16:00:00-04:00,10936.5,0.027675089687491078
S1,2020-07-21,-1,2020-07-21 12:00:00-04:00,10849.75,2020-07-21 13:30:00-04:00,10874.0,-0.0034712534492489476
S1,2020-07-21,-1,2020-07-21 15:30:00-04:00,10831.5,2020-07-21 16:00:00-04:00,10824.0,0.0009372384312972158
S1,2020-07-22,1,2020-07-22 10:00:00-04:00,10876.5,2020-07-22 10:30:00-04:00,10846.75,-0.004242977932154745
S1,2020-07-23,-1,2020-07-23 12:30:00-04:00,10715.25,2020-07-23 16:00:00-04:00,10572.0,0.02003064639524807
S1,2020-07-24,-1,2020-07-24 10:00:00-04:00,10382.0,2020-07-24 10:30:00-04:00,10447.0,-0.008190990372576368
S1,2020-07-27,1,2020-07-27 10:00:00-04:00,10620.0,2020-07-27 10:30:00-04:00,10583.25,-0.00502666940084099
S1,2020-07-27,1,2020-07-27 13:30:00-04:00,10613.25,2020-07-27 14:00:00-04:00,10610.25,-0.000502666940084099
S1,2020-07-27,1,2020-07-27 14:30:00-04:00,10645.75,2020-07-27 16:00:00-04:00,10660.5,0.0018766232429806363
S1,2020-07-28,-1,2020-07-28 10:00:00-04:00,10587.75,2020-07-28 10:30:00-04:00,10614.75,-0.003510344507730929
S1,2020-08-03,1,2020-08-03 10:00:00-04:00,11032.25,2020-08-03 10:30:00-04:00,11023.75,-0.0011537728221502333
S1,2020-08-06,1,2020-08-06 14:30:00-04:00,11228.75,2020-08-06 16:00:00-04:00,11254.25,0.0030609396632179098
S1,2020-08-07,-1,2020-08-07 13:00:00-04:00,11137.25,2020-08-07 16:00:00-04:00,11128.25,0.000994203560418187
S1,2020-08-10,-1,2020-08-10 10:00:00-04:00,11081.25,2020-08-10 13:00:00-04:00,11073.0,0.0010009046839915413
S1,2020-08-12,1,2020-08-12 10:00:00-04:00,11061.5,2020-08-12 16:00:00-04:00,11146.0,0.010728038797059036
S1,2020-08-13,1,2020-08-13 10:30:00-04:00,11225.75,2020-08-13 12:00:00-04:00,11232.5,0.0007939837994950298
S1,2020-08-13,1,2020-08-13 12:30:00-04:00,11245.75,2020-08-13 13:30:00-04:00,11206.0,-0.005359390646591451
S1,2020-08-14,-1,2020-08-14 10:30:00-04:00,11106.25,2020-08-14 11:00:00-04:00,11115.75,-0.0014119551153893536
S1,2020-08-19,-1,2020-08-19 10:00:00-04:00,11352.75,2020-08-19 10:30:00-04:00,11400.5,-0.007339485609788495
S1,2020-08-20,1,2020-08-20 10:00:00-04:00,11368.5,2020-08-20 10:30:00-04:00,11365.0,-0.0006278079986010798
S1,2020-08-20,1,2020-08-20 11:00:00-04:00,11393.75,2020-08-20 16:00:00-04:00,11474.0,0.011743702562067259
S1,2020-08-21,1,2020-08-21 11:00:00-04:00,11545.5,2020-08-21 12:00:00-04:00,11492.0,-0.008102621131457367
S1,2020-08-26,1,2020-08-26 11:30:00-04:00,11858.75,2020-08-26 16:00:00-04:00,11964.75,0.015578589822210009
S1,2020-08-27,-1,2020-08-27 13:00:00-04:00,11869.75,2020-08-27 13:30:00-04:00,11922.5,-0.007306554026175812
S1,2020-08-31,1,2020-08-31 11:00:00-04:00,12085.25,2020-08-31 11:30:00-04:00,12048.0,-0.005627704028266114
S1,2020-08-31,1,2020-08-31 12:30:00-04:00,12093.75,2020-08-31 16:00:00-04:00,12092.75,-0.00025917058024909733
S1,2020-09-01,1,2020-09-01 10:30:00-04:00,12270.0,2020-09-01 11:00:00-04:00,12222.25,-0.009119188860112858
S1,2020-09-02,-1,2020-09-02 10:00:00-04:00,12251.5,2020-09-02 10:30:00-04:00,12347.25,-0.020501775480896652
S1,2020-09-03,-1,2020-09-03 10:00:00-04:00,12176.0,2020-09-03 16:00:00-04:00,11772.75,0.0882829924104353
S1,2020-09-04,-1,2020-09-04 10:00:00-04:00,11541.5,2020-09-04 15:00:00-04:00,11684.25,-0.014066742193665315
S1,2020-09-09,1,2020-09-09 12:30:00-04:00,11405.5,2020-09-09 14:00:00-04:00,11386.0,-0.0016274544843951648
S1,2020-09-09,1,2020-09-09 15:00:00-04:00,11423.5,2020-09-09 16:00:00-04:00,11384.75,-0.003174540846104149
S1,2020-09-10,-1,2020-09-10 14:30:00-04:00,11144.0,2020-09-10 16:00:00-04:00,11157.5,-0.0010567909613486493
S1,2020-09-11,-1,2020-09-11 13:00:00-04:00,11019.25,2020-09-11 15:00:00-04:00,11044.75,-0.0019698993218209633
S1,2020-09-23,-1,2020-09-23 10:00:00-04:00,11081.5,2020-09-23 10:30:00-04:00,11073.5,0.0005381247102151648
S1,2020-09-23,-1,2020-09-23 11:30:00-04:00,11045.25,2020-09-23 13:00:00-04:00,11042.5,0.00014844819592142478
S1,2020-09-23,-1,2020-09-23 13:30:00-04:00,11006.25,2020-09-23 16:00:00-04:00,10820.75,0.013712902098241612
S1,2020-09-24,1,2020-09-24 12:00:00-04:00,10954.0,2020-09-24 14:30:00-04:00,10908.75,-0.0034104926468559644
S1,2020-09-25,1,2020-09-25 11:30:00-04:00,11014.0,2020-09-25 12:00:00-04:00,10966.75,-0.0036338364893782832
S1,2020-09-25,1,2020-09-25 14:00:00-04:00,11063.25,2020-09-25 16:00:00-04:00,11133.25,0.005242566185196793
S1,2020-09-30,1,2020-09-30 10:00:00-04:00,11417.75,2020-09-30 11:00:00-04:00,11437.5,0.0012914651524107404
S1,2020-09-30,1,2020-09-30 11:30:00-04:00,11470.25,2020-09-30 13:00:00-04:00,11460.25,-0.0007306973888639714
S1,2020-09-30,1,2020-09-30 14:00:00-04:00,11497.75,2020-09-30 15:00:00-04:00,11441.5,-0.003874395457232221
S1,2020-10-05,1,2020-10-05 10:30:00-04:00,11406.25,2020-10-05 11:00:00-04:00,11412.0,0.00038077307794771387
S1,2020-10-05,1,2020-10-05 11:30:00-04:00,11430.25,2020-10-05 14:00:00-04:00,11408.5,-0.0017134788507647126
S1,2020-10-05,1,2020-10-05 15:00:00-04:00,11463.0,2020-10-05 16:00:00-04:00,11488.75,0.0019038653897385694
S1,2020-10-09,1,2020-10-09 13:00:00-04:00,11687.0,2020-10-09 13:30:00-04:00,11682.75,-0.0004662159947238351
S1,2020-10-09,1,2020-10-09 14:00:00-04:00,11692.25,2020-10-09 14:30:00-04:00,11677.75,-0.001421958783907697
S1,2020-10-12,1,2020-10-12 11:30:00-04:00,12006.25,2020-10-12 16:00:00-04:00,12073.5,0.006032201492560653
S1,2020-10-14,-1,2020-10-14 12:00:00-04:00,11971.25,2020-10-14 15:30:00-04:00,12000.75,-0.003016540180218346
S1,2020-10-19,-1,2020-10-19 14:00:00-04:00,11743.0,2020-10-19 14:30:00-04:00,11747.0,-0.0004870916234626451
S1,2020-10-19,-1,2020-10-19 15:00:00-04:00,11653.0,2020-10-19 16:00:00-04:00,11629.75,0.002307276111138845
S1,2020-10-20,1,2020-10-20 13:30:00-04:00,11764.0,2020-10-20 14:00:00-04:00,11750.25,-0.0014522614599186874
S1,2020-10-21,1,2020-10-21 10:00:00-04:00,11773.5,2020-10-21 11:00:00-04:00,11702.0,-0.007270525150515691
S1,2020-10-22,-1,2020-10-22 10:30:00-04:00,11590.0,2020-10-22 11:30:00-04:00,11604.75,-0.0015971854524314789
S1,2020-10-22,-1,2020-10-22 12:00:00-04:00,11581.5,2020-10-22 13:00:00-04:00,11604.75,-0.002473061345700354
S1,2020-10-23,-1,2020-10-23 10:00:00-04:00,11614.5,2020-10-23 12:30:00-04:00,11583.5,0.0036029910432027238
S1,2020-10-26,-1,2020-10-26 11:30:00-04:00,11489.75,2020-10-26 16:00:00-04:00,11494.25,-0.0006824479245228732
S1,2020-10-28,-1,2020-10-28 10:00:00-04:00,11303.25,2020-10-28 16:00:00-04:00,11137.5,0.02359454515452168
S1,2020-10-29,1,2020-10-29 10:00:00-04:00,11261.25,2020-10-29 16:00:00-04:00,11324.75,0.006976413351060776
S1,2020-10-30,-1,2020-10-30 10:00:00-04:00,11165.5,2020-10-30 16:00:00-04:00,11055.25,0.012005706862416738
S1,2020-11-02,-1,2020-11-02 14:00:00-05:00,10948.25,2020-11-02 14:30:00-05:00,11000.0,-0.006705978468333063
S1,2020-11-03,1,2020-11-03 10:00:00-05:00,11199.0,2020-11-03 14:00:00-05:00,11224.75,0.0031819402199655504
S1,2020-11-03,1,2020-11-03 15:00:00-05:00,11273.75,2020-11-03 16:00:00-05:00,11257.0,-0.0022273581539758855
S1,2020-11-04,1,2020-11-04 10:30:00-05:00,11763.0,2020-11-04 15:30:00-05:00,11742.0,-0.0024344526096700524
S1,2020-11-06,-1,2020-11-06 10:00:00-05:00,11898.75,2020-11-06 10:30:00-05:00,11994.25,-0.0075169675881426095
S1,2020-11-09,-1,2020-11-09 15:30:00-05:00,11964.75,2020-11-09 16:00:00-05:00,11825.75,0.010998431921652785
S1,2020-11-10,-1,2020-11-10 10:30:00-05:00,11563.25,2020-11-10 11:30:00-05:00,11655.0,-0.007327857888033928
S1,2020-11-11,1,2020-11-11 10:00:00-05:00,11786.25,2020-11-11 11:00:00-05:00,11806.25,0.0014824772230906669
S1,2020-11-11,1,2020-11-11 11:30:00-05:00,11821.25,2020-11-11 16:00:00-05:00,11880.0,0.0044666846202212306
S1,2020-11-19,1,2020-11-19 15:00:00-05:00,11992.25,2020-11-19 15:30:00-05:00,11980.5,-0.0010956544359237306
S1,2020-11-23,-1,2020-11-23 11:30:00-05:00,11831.0,2020-11-23 12:00:00-05:00,11846.5,-0.0015281886369824995
S1,2020-11-24,1,2020-11-24 11:30:00-05:00,12015.0,2020-11-24 16:00:00-05:00,12075.25,0.005682721023792041
S1,2020-11-30,-1,2020-11-30 10:30:00-05:00,12207.75,2020-11-30 13:30:00-05:00,12220.75,-0.0019038782514633225
S1,2020-12-01,1,2020-12-01 11:30:00-05:00,12429.75,2020-12-01 15:30:00-05:00,12448.0,0.00240253281702091
S1,2020-12-03,1,2020-12-03 10:30:00-05:00,12517.5,2020-12-03 11:00:00-05:00,12480.5,-0.006888934440965716
S1,2020-12-04,1,2020-12-04 10:00:00-05:00,12506.5,2020-12-04 10:30:00-05:00,12476.0,-0.007050679979128646
S1,2020-12-04,1,2020-12-04 13:00:00-05:00,12528.75,2020-12-04 13:30:00-05:00,12516.25,-0.0029894883111505456
S1,2020-12-07,1,2020-12-07 10:00:00-05:00,12584.5,2020-12-07 13:00:00-05:00,12572.75,-0.0029450405140407305
S1,2020-12-08,-1,2020-12-08 10:30:00-05:00,12520.0,2020-12-08 11:00:00-05:00,12558.0,-0.009334800884301282
S1,2020-12-08,1,2020-12-08 14:30:00-05:00,12649.25,2020-12-08 15:00:00-05:00,12641.25,-0.0021078582641970637
S1,2020-12-09,-1,2020-12-09 12:30:00-05:00,12551.25,2020-12-09 16:00:00-05:00,12355.25,0.04741692493842467
S1,2020-12-10,1,2020-12-10 10:30:00-05:00,12389.75,2020-12-10 12:00:00-05:00,12381.75,-0.001532349986061501
S1,2020-12-11,-1,2020-12-11 12:30:00-05:00,12256.75,2020-12-11 13:30:00-05:00,12292.5,-0.006594720416011758
S1,2020-12-14,1,2020-12-14 10:00:00-05:00,12517.5,2020-12-14 13:30:00-05:00,12484.5,-0.006100817255845929
S1,2020-12-14,1,2020-12-14 14:00:00-05:00,12512.25,2020-12-14 16:00:00-05:00,12453.0,-0.010845897343726096
S1,2020-12-21,-1,2020-12-21 10:30:00-05:00,12506.0,2020-12-21 11:30:00-05:00,12544.5,-0.007200816168901199
S1,2020-12-21,1,2020-12-21 13:00:00-05:00,12648.75,2020-12-21 16:00:00-05:00,12684.75,0.00646697503066923
S1,2021-01-04,-1,2021-01-04 11:00:00-05:00,12762.0,2021-01-04 16:00:00-05:00,12688.0,0.014947418865758705
S1,2021-01-05,1,2021-01-05 10:00:00-05:00,12750.75,2021-01-05 11:00:00-05:00,12714.5,-0.006841475686022103
S1,2021-01-05,1,2021-01-05 14:30:00-05:00,12784.75,2021-01-05 15:30:00-05:00,12759.25,-0.004853749642110276
S1,2021-01-07,1,2021-01-07 10:00:00-05:00,12838.25,2021-01-07 16:00:00-05:00,12925.5,0.014632156991131514
S1,2021-01-11,-1,2021-01-11 15:30:00-05:00,12874.25,2021-01-11 16:00:00-05:00,12896.25,-0.0034967786959354034
S1,2021-01-12,-1,2021-01-12 12:30:00-05:00,12814.75,2021-01-12 13:00:00-05:00,12845.5,-0.004412811406239127
S1,2021-01-13,1,2021-01-13 11:00:00-05:00,12972.25,2021-01-13 12:30:00-05:00,12963.0,-0.0014040216304750676
S1,2021-01-13,1,2021-01-13 13:00:00-05:00,12972.75,2021-01-13 15:30:00-05:00,12963.75,-0.001368921089713191
S1,2021-01-15,-1,2021-01-15 10:30:00-05:00,12792.25,2021-01-15 11:30:00-05:00,12853.25,-0.008550226812400554
S1,2021-01-19,1,2021-01-19 13:30:00-05:00,12968.0,2021-01-19 16:00:00-05:00,12985.0,0.002223627238373296
S1,2021-01-20,1,2021-01-20 10:30:00-05:00,13230.25,2021-01-20 16:00:00-05:00,13285.5,0.00711242427374204
S1,2021-01-25,1,2021-01-25 10:00:00-05:00,13538.75,2021-01-25 10:30:00-05:00,13516.5,-0.0025695448050961564
S1,2021-01-27,-1,2021-01-27 10:00:00-05:00,13281.0,2021-01-27 10:30:00-05:00,13348.25,-0.008192838599261162
S1,2021-01-27,-1,2021-01-27 11:30:00-05:00,13286.75,2021-01-27 16:00:00-05:00,13119.75,0.02003028554598777
S1,2021-01-28,1,2021-01-28 10:00:00-05:00,13189.0,2021-01-28 16:00:00-05:00,13185.75,-0.00042681836579638914
S1,2021-01-29,-1,2021-01-29 10:00:00-05:00,13084.0,2021-01-29 10:30:00-05:00,13141.75,-0.006928133194365252
S1,2021-01-29,-1,2021-01-29 11:30:00-05:00,12994.0,2021-01-29 16:00:00-05:00,12913.75,0.009415155366701495
S1,2021-02-01,1,2021-02-01 11:30:00-05:00,13155.0,2021-02-01 16:00:00-05:00,13230.5,0.008366074876679962
S1,2021-02-02,1,2021-02-02 11:00:00-05:00,13414.75,2021-02-02 16:00:00-05:00,13448.5,0.0033837325005395343
S1,2021-02-03,-1,2021-02-03 10:30:00-05:00,13397.0,2021-02-03 11:00:00-05:00,13426.75,-0.0029901110406202382
S1,2021-02-10,-1,2021-02-10 10:30:00-05:00,13609.5,2021-02-10 12:00:00-05:00,13614.0,-0.0005658164068328164
S1,2021-02-19,-1,2021-02-19 14:30:00-05:00,13557.25,2021-02-19 15:00:00-05:00,13589.75,-0.004443883459870487
S1,2021-02-22,-1,2021-02-22 11:00:00-05:00,13300.25,2021-02-22 13:00:00-05:00,13337.5,-0.006325652537109747
S1,2021-02-22,-1,2021-02-22 15:30:00-05:00,13254.25,2021-02-22 16:00:00-05:00,13227.0,0.004411310321931797
S1,2021-02-23,-1,2021-02-23 10:00:00-05:00,12885.0,2021-02-23 10:30:00-05:00,13025.0,-0.021667067526709202
S1,2021-02-23,-1,2021-02-23 13:00:00-05:00,12901.0,2021-02-23 13:30:00-05:00,13043.25,-0.02201343272695855
S1,2021-02-24,-1,2021-02-24 10:00:00-05:00,13032.0,2021-02-24 10:30:00-05:00,13080.5,-0.00854961400617453
S1,2021-02-24,1,2021-02-24 14:00:00-05:00,13252.75,2021-02-24 14:30:00-05:00,13238.5,-0.0026039433521343747
S1,2021-02-24,1,2021-02-24 15:30:00-05:00,13273.75,2021-02-24 16:00:00-05:00,13295.25,0.0036021216371192183
S1,2021-02-25,-1,2021-02-25 11:00:00-05:00,13131.0,2021-02-25 16:00:00-05:00,12826.25,0.05063571034063731
S1,2021-02-26,-1,2021-02-26 10:30:00-05:00,12759.25,2021-02-26 11:00:00-05:00,12958.5,-0.02506494297795478
S1,2021-02-26,1,2021-02-26 12:00:00-05:00,13014.5,2021-02-26 13:00:00-05:00,12997.25,-0.00225584486801593
S1,2021-02-26,1,2021-02-26 13:30:00-05:00,13050.5,2021-02-26 14:00:00-05:00,12955.75,-0.011968510271973407
S1,2021-03-01,1,2021-03-01 11:00:00-05:00,13179.75,2021-03-01 16:00:00-05:00,13274.25,0.01153166866958963
S1,2021-03-02,-1,2021-03-02 10:00:00-05:00,13218.75,2021-03-02 16:00:00-05:00,13058.25,0.015903404368772925
S1,2021-03-03,-1,2021-03-03 10:00:00-05:00,12904.5,2021-03-03 11:30:00-05:00,12961.75,-0.005728672974068009
S1,2021-03-03,-1,2021-03-03 12:00:00-05:00,12893.0,2021-03-03 16:00:00-05:00,12680.75,0.02088990231061007
S1,2021-03-04,-1,2021-03-04 10:00:00-05:00,12589.25,2021-03-04 11:00:00-05:00,12723.0,-0.012495212374192058
S1,2021-03-04,-1,2021-03-04 13:00:00-05:00,12484.0,2021-03-04 16:00:00-05:00,12471.25,0.0011148144869167634
S1,2021-03-05,-1,2021-03-05 10:00:00-05:00,12423.25,2021-03-05 12:30:00-05:00,12451.5,-0.00271821491956004
S1,2021-03-08,-1,2021-03-08 10:00:00-05:00,12578.5,2021-03-08 10:30:00-05:00,12684.25,-0.009539197241890321
S1,2021-03-08,-1,2021-03-08 12:00:00-05:00,12508.25,2021-03-08 12:30:00-05:00,12561.5,-0.004836776066310586
S1,2021-03-08,-1,2021-03-08 13:00:00-05:00,12524.25,2021-03-08 13:30:00-05:00,12557.25,-0.0030229850414441157
S1,2021-03-08,-1,2021-03-08 14:00:00-05:00,12423.5,2021-03-08 16:00:00-05:00,12300.5,0.010949923594564242
S1,2021-03-09,1,2021-03-09 10:00:00-05:00,12704.75,2021-03-09 16:00:00-05:00,12787.0,0.006940764957040689
S1,2021-03-11,1,2021-03-11 11:30:00-05:00,13052.5,2021-03-11 13:00:00-05:00,13074.5,0.0014553558802620798
S1,2021-03-11,1,2021-03-11 13:30:00-05:00,13088.75,2021-03-11 14:00:00-05:00,13073.75,-0.0010786755347824827
S1,2021-03-22,1,2021-03-22 10:00:00-04:00,13008.25,2021-03-22 10:30:00-04:00,13018.75,0.0006600811988419288
S1,2021-03-22,1,2021-03-22 11:00:00-04:00,13056.75,2021-03-22 15:30:00-04:00,13099.0,0.0028095763848143634
S1,2021-03-29,-1,2021-03-29 10:00:00-04:00,12854.75,2021-03-29 11:00:00-04:00,12865.25,-0.0008101731652236646
S1,2021-03-31,1,2021-03-31 10:00:00-04:00,13052.0,2021-03-31 16:00:00-04:00,13084.5,0.002537285894933818
S1,2021-04-05,1,2021-04-05 10:30:00-04:00,13513.75,2021-04-05 16:00:00-04:00,13581.75,0.0056770601051980936
S1,2021-04-13,1,2021-04-13 10:00:00-04:00,13941.5,2021-04-13 10:30:00-04:00,13925.75,-0.0022900692792818494
S1,2021-04-13,1,2021-04-13 14:00:00-04:00,13935.5,2021-04-13 16:00:00-04:00,13975.5,0.005447589043140157
S1,2021-04-14,-1,2021-04-14 11:00:00-04:00,13916.0,2021-04-14 13:00:00-04:00,13912.5,0.00038436644428437434
S1,2021-04-14,-1,2021-04-14 13:30:00-04:00,13889.0,2021-04-14 16:00:00-04:00,13808.5,0.011146626884246858
S1,2021-04-15,1,2021-04-15 10:30:00-04:00,13989.0,2021-04-15 11:00:00-04:00,13982.25,-0.0011295226608907718
S1,2021-04-15,1,2021-04-15 13:00:00-04:00,14008.75,2021-04-15 15:00:00-04:00,14001.25,-0.001242474926979849
S1,2021-04-16,-1,2021-04-16 10:00:00-04:00,13964.0,2021-04-16 10:30:00-04:00,13997.75,-0.00510486816851639
S1,2021-04-19,-1,2021-04-19 12:00:00-04:00,13879.0,2021-04-19 16:00:00-04:00,13904.0,-0.003909297360496948
S1,2021-04-20,-1,2021-04-20 11:00:00-04:00,13805.0,2021-04-20 16:00:00-04:00,13799.5,0.0006763856540917269
S1,2021-04-21,1,2021-04-21 12:00:00-04:00,13872.75,2021-04-21 12:30:00-04:00,13852.25,-0.002984778604521533
S1,2021-04-22,-1,2021-04-22 14:00:00-04:00,13732.5,2021-04-22 16:00:00-04:00,13750.5,-0.0026867589911170383
S1,2021-04-23,1,2021-04-23 10:00:00-04:00,13828.5,2021-04-23 16:00:00-04:00,13925.0,0.013637102426144156
S1,2021-04-26,1,2021-04-26 15:00:00-04:00,14021.25,2021-04-26 15:30:00-04:00,13995.0,-0.004140309663052172
S1,2021-04-27,-1,2021-04-27 10:00:00-04:00,13955.75,2021-04-27 12:00:00-04:00,13964.25,-0.001402729807400467
S1,2021-05-03,-1,2021-05-03 11:30:00-04:00,13782.25,2021-05-03 12:00:00-04:00,13813.5,-0.004849103943535397
S1,2021-05-03,-1,2021-05-03 13:30:00-04:00,13780.5,2021-05-03 14:00:00-04:00,13794.75,-0.0022730174735322174
S1,2021-05-04,-1,2021-05-04 10:00:00-04:00,13543.5,2021-05-04 16:00:00-04:00,13543.25,-8.152047099189413e-05
S1,2021-05-06,-1,2021-05-06 10:00:00-04:00,13427.5,2021-05-06 11:00:00-04:00,13465.5,-0.006822788232633719
S1,2021-05-06,1,2021-05-06 12:30:00-04:00,13581.25,2021-05-06 13:00:00-04:00,13562.25,-0.003477421099213315
S1,2021-05-07,1,2021-05-07 10:30:00-04:00,13778.75,2021-05-07 11:00:00-04:00,13771.0,-0.001405793753428567
S1,2021-05-07,1,2021-05-07 11:30:00-04:00,13794.0,2021-05-07 12:00:00-04:00,13790.0,-0.0007855906269159639
S1,2021-05-10,-1,2021-05-10 10:00:00-04:00,13536.25,2021-05-10 16:00:00-04:00,13356.25,0.029241701620711012
S1,2021-05-12,-1,2021-05-12 11:00:00-04:00,13060.25,2021-05-12 11:30:00-04:00,13070.75,-0.0016151796499836242
S1,2021-05-12,-1,2021-05-12 12:00:00-04:00,13014.0,2021-05-12 13:00:00-04:00,13047.5,-0.004917324712172367
S1,2021-05-12,-1,2021-05-12 13:30:00-04:00,13031.75,2021-05-12 15:00:00-04:00,13035.25,-0.0006101789788827025
S1,2021-05-12,-1,2021-05-12 15:30:00-04:00,13002.75,2021-05-12 16:00:00-04:00,12998.5,0.0005025003355504609
S1,2021-05-13,1,2021-05-13 11:00:00-04:00,13200.25,2021-05-13 11:30:00-04:00,13096.75,-0.013172741902056154
S1,2021-05-14,1,2021-05-14 11:00:00-04:00,13326.5,2021-05-14 16:00:00-04:00,13384.5,0.007464790659060786
S1,2021-05-17,-1,2021-05-17 14:00:00-04:00,13207.75,2021-05-17 14:30:00-04:00,13229.0,-0.002483267650562541
S1,2021-05-20,1,2021-05-20 10:00:00-04:00,13384.5,2021-05-20 16:00:00-04:00,13486.5,0.01149750847509273
S1,2021-05-24,1,2021-05-24 10:00:00-04:00,13579.25,2021-05-24 16:00:00-04:00,13637.5,0.005840737826314793
S1,2021-06-01,-1,2021-06-01 11:00:00-04:00,13614.75,2021-06-01 11:30:00-04:00,13648.25,-0.004037618531161728
S1,2021-06-03,-1,2021-06-03 10:00:00-04:00,13497.0,2021-06-03 10:30:00-04:00,13514.75,-0.0028681693161536547
S1,2021-06-04,1,2021-06-04 10:00:00-04:00,13698.75,2021-06-04 16:00:00-04:00,13766.5,0.009684459486908317
S1,2021-06-10,1,2021-06-10 10:00:00-04:00,13944.25,2021-06-10 11:00:00-04:00,13866.75,-0.012669450793740798
S1,2021-06-10,1,2021-06-10 11:30:00-04:00,13905.5,2021-06-10 16:00:00-04:00,13959.75,0.008662180414889874
S1,2021-06-21,1,2021-06-21 12:00:00-04:00,14114.5,2021-06-21 15:30:00-04:00,14110.25,-0.0009377706153468605
S1,2021-06-22,1,2021-06-22 11:00:00-04:00,14170.0,2021-06-22 16:00:00-04:00,14257.75,0.01623862724867288
S1,2021-06-23,1,2021-06-23 10:00:00-04:00,14305.25,2021-06-23 11:00:00-04:00,14276.25,-0.006213396578546259
S1,2021-06-24,1,2021-06-24 10:30:00-04:00,14402.75,2021-06-24 11:00:00-04:00,14388.75,-0.0030524491210407335
S1,2021-06-24,1,2021-06-24 12:30:00-04:00,14405.5,2021-06-24 13:00:00-04:00,14369.75,-0.007553518163931306
S1,2021-06-28,1,2021-06-28 10:00:00-04:00,14451.75,2021-06-28 16:00:00-04:00,14511.25,0.01224301019064137
S1,2021-07-02,1,2021-07-02 13:00:00-04:00,14688.75,2021-07-02 16:00:00-04:00,14714.75,0.005998586100014783
S1,2021-07-06,-1,2021-07-06 12:30:00-04:00,14662.5,2021-07-06 13:00:00-04:00,14700.75,-0.010583087412231606
S1,2021-07-09,1,2021-07-09 11:00:00-04:00,14773.75,2021-07-09 16:00:00-04:00,14810.25,0.009105548158019892
S1,2021-07-13,1,2021-07-13 10:00:00-04:00,14914.0,2021-07-13 13:30:00-04:00,14905.75,-0.0024047798873415025
S1,2021-07-15,-1,2021-07-15 10:30:00-04:00,14804.75,2021-07-15 16:00:00-04:00,14790.5,0.0036258645001007186
S1,2021-07-16,-1,2021-07-16 10:30:00-04:00,14742.75,2021-07-16 11:00:00-04:00,14763.25,-0.005294224013350665
S1,2021-07-16,-1,2021-07-16 11:30:00-04:00,14710.25,2021-07-16 12:30:00-04:00,14758.75,-0.012270142713295072
S1,2021-07-16,-1,2021-07-16 14:30:00-04:00,14723.5,2021-07-16 16:00:00-04:00,14673.25,0.012332427701687432
S1,2021-07-19,-1,2021-07-19 10:00:00-04:00,14483.5,2021-07-19 10:30:00-04:00,14509.0,-0.00601762118663513
S1,2021-07-19,-1,2021-07-19 13:30:00-04:00,14460.5,2021-07-19 14:00:00-04:00,14464.0,-0.0009742815254552116
S1,2021-07-20,1,2021-07-20 11:00:00-04:00,14651.25,2021-07-20 16:00:00-04:00,14718.5,0.015871316402022276
S1,2021-07-21,1,2021-07-21 10:00:00-04:00,14755.75,2021-07-21 10:30:00-04:00,14752.75,-0.0007941541203815821
S1,2021-07-21,1,2021-07-21 11:00:00-04:00,14763.75,2021-07-21 11:30:00-04:00,14774.0,0.002011857104966675
S1,2021-07-21,1,2021-07-21 15:00:00-04:00,14787.75,2021-07-21 16:00:00-04:00,14828.0,0.008365090068019332
S1,2021-07-22,1,2021-07-22 10:00:00-04:00,14878.25,2021-07-22 11:30:00-04:00,14894.5,0.0031533097124311557
S1,2021-07-22,1,2021-07-22 14:30:00-04:00,14916.25,2021-07-22 16:00:00-04:00,14929.0,0.002441272035430572
S1,2021-07-23,1,2021-07-23 11:30:00-04:00,15057.75,2021-07-23 16:00:00-04:00,15098.75,0.007937067702726992
S1,2021-07-27,-1,2021-07-27 10:00:00-04:00,15042.75,2021-07-27 16:00:00-04:00,14950.25,0.018067202958490895
S1,2021-07-28,1,2021-07-28 10:30:00-04:00,15052.5,2021-07-28 11:00:00-04:00,15038.75,-0.002568255125215746
S1,2021-07-29,1,2021-07-29 10:00:00-04:00,15054.5,2021-07-29 11:30:00-04:00,15069.75,0.0026327809453227853
S1,2021-08-03,-1,2021-08-03 10:00:00-04:00,14904.75,2021-08-03 10:30:00-04:00,14933.5,-0.005333848342767871
S1,2021-08-10,-1,2021-08-10 11:00:00-04:00,15035.5,2021-08-10 12:30:00-04:00,15073.25,-0.00862706491133868
S1,2021-08-10,-1,2021-08-10 13:00:00-04:00,15055.25,2021-08-10 14:00:00-04:00,15054.25,5.601990202167974e-05
S1,2021-08-10,-1,2021-08-10 14:30:00-04:00,15043.0,2021-08-10 16:00:00-04:00,15046.25,-0.0008963184323468759
S1,2021-08-11,-1,2021-08-11 12:00:00-04:00,14982.75,2021-08-11 12:30:00-04:00,14997.75,-0.003509454028048417
S1,2021-08-16,-1,2021-08-16 10:00:00-04:00,15031.5,2021-08-16 13:00:00-04:00,15023.0,0.002055736998292412
S1,2021-08-17,-1,2021-08-17 10:00:00-04:00,14976.5,2021-08-17 10:30:00-04:00,15012.75,-0.009855497103282946
S1,2021-08-17,-1,2021-08-17 12:00:00-04:00,14939.75,2021-08-17 12:30:00-04:00,14974.0,-0.009322767530132517
S1,2021-08-17,-1,2021-08-17 13:00:00-04:00,14903.5,2021-08-17 15:00:00-04:00,14978.75,-0.02024372377971632
S1,2021-08-19,1,2021-08-19 11:30:00-04:00,14912.5,2021-08-19 14:30:00-04:00,14879.25,-0.008920187762346347
S1,2021-08-19,1,2021-08-19 15:00:00-04:00,14935.25,2021-08-19 16:00:00-04:00,14929.0,-0.001836509245188954
S1,2021-08-20,1,2021-08-20 10:00:00-04:00,15041.25,2021-08-20 12:00:00-04:00,15016.5,-0.0065532555824209925
S1,2021-08-20,1,2021-08-20 12:30:00-04:00,15055.0,2021-08-20 16:00:00-04:00,15083.5,0.007131484016164022
S1,2021-08-23,1,2021-08-23 10:00:00-04:00,15203.5,2021-08-23 16:00:00-04:00,15306.25,0.022847646951824504
S1,2021-08-27,1,2021-08-27 10:30:00-04:00,15390.0,2021-08-27 16:00:00-04:00,15424.5,0.006445150481619661
S1,2021-08-30,1,2021-08-30 10:00:00-04:00,15529.25,2021-08-30 16:00:00-04:00,15599.25,0.012347215414316761
S1,2021-08-31,-1,2021-08-31 10:00:00-04:00,15525.0,2021-08-31 10:30:00-04:00,15549.5,-0.00434395089131354
S1,2021-09-01,1,2021-09-01 10:00:00-04:00,15670.75,2021-09-01 10:30:00-04:00,15672.0,8.62153983264269e-05
S1,2021-09-08,-1,2021-09-08 11:00:00-04:00,15550.25,2021-09-08 12:30:00-04:00,15599.75,-0.009547948832138947
S1,2021-09-08,-1,2021-09-08 13:00:00-04:00,15576.75,2021-09-08 13:30:00-04:00,15601.25,-0.0047977255325673315
S1,2021-09-10,-1,2021-09-10 15:30:00-04:00,15482.25,2021-09-10 16:00:00-04:00,15445.25,0.0074103489279207495
S1,2021-09-13,-1,2021-09-13 10:30:00-04:00,15393.75,2021-09-13 11:00:00-04:00,15426.75,-0.006707612550840466
S1,2021-09-13,-1,2021-09-13 11:30:00-04:00,15385.0,2021-09-13 12:30:00-04:00,15421.0,-0.0073038447775818395
S1,2021-09-13,-1,2021-09-13 14:30:00-04:00,15363.0,2021-09-13 15:00:00-04:00,15381.5,-0.003825823454923821
S1,2021-09-20,-1,2021-09-20 11:00:00-04:00,14997.25,2021-09-20 11:30:00-04:00,15038.25,-0.010488118671149703
S1,2021-09-20,-1,2021-09-20 12:00:00-04:00,14957.25,2021-09-20 16:00:00-04:00,15004.5,-0.012058196316531393
S1,2021-09-22,1,2021-09-22 10:30:00-04:00,15118.25,2021-09-22 14:00:00-04:00,15135.0,0.0040636340990617735
S1,2021-09-22,1,2021-09-22 14:30:00-04:00,15200.75,2021-09-22 15:00:00-04:00,15123.5,-0.019810216232926146
S1,2021-09-22,1,2021-09-22 15:30:00-04:00,15192.75,2021-09-22 16:00:00-04:00,15161.75,-0.008063773915325706
S1,2021-09-23,1,2021-09-23 10:00:00-04:00,15275.25,2021-09-23 16:00:00-04:00,15299.5,0.005360966218550702
S1,2021-09-27,-1,2021-09-27 10:00:00-04:00,15123.25,2021-09-27 10:30:00-04:00,15191.0,-0.01694057048522473
S1,2021-09-28,-1,2021-09-28 10:00:00-04:00,14951.0,2021-09-28 16:00:00-04:00,14764.25,0.04876545085820315
S1,2021-09-29,1,2021-09-29 10:00:00-04:00,14883.0,2021-09-29 10:30:00-04:00,14857.75,-0.0038294152063509924
S1,2021-10-01,-1,2021-10-01 10:00:00-04:00,14629.75,2021-10-01 11:00:00-04:00,14620.75,0.0012299938381305142
S1,2021-10-04,-1,2021-10-04 10:00:00-04:00,14593.5,2021-10-04 16:00:00-04:00,14468.0,0.018211653302273787
S1,2021-10-05,1,2021-10-05 10:00:00-04:00,14581.0,2021-10-05 16:00:00-04:00,14658.5,0.01011690958190978
S1,2021-10-07,1,2021-10-07 10:00:00-04:00,14955.25,2021-10-07 11:00:00-04:00,14981.75,0.0029775867109052396
S1,2021-10-07,1,2021-10-07 12:00:00-04:00,14998.75,2021-10-07 12:30:00-04:00,14974.5,-0.002890860884374019
S1,2021-10-14,1,2021-10-14 12:30:00-04:00,15028.5,2021-10-14 13:30:00-04:00,15020.5,-0.0010208506428505972
S1,2021-10-14,1,2021-10-14 14:00:00-04:00,15034.75,2021-10-14 16:00:00-04:00,15037.0,0.00017500296734581668
S1,2021-10-18,1,2021-10-18 14:00:00-04:00,15247.25,2021-10-18 16:00:00-04:00,15286.25,0.003977239621266243
S1,2021-10-22,-1,2021-10-22 12:00:00-04:00,15315.25,2021-10-22 12:30:00-04:00,15329.5,-0.001957731051669949
S1,2021-10-25,1,2021-10-25 14:30:00-04:00,15522.0,2021-10-25 16:00:00-04:00,15501.25,-0.0034563747441245123
S1,2021-10-26,1,2021-10-26 10:30:00-04:00,15682.0,2021-10-26 11:30:00-04:00,15666.0,-0.0027289855938971135
S1,2021-10-27,1,2021-10-27 10:00:00-04:00,15642.25,2021-10-27 10:30:00-04:00,15615.5,-0.0045041475813435835
S1,2021-10-27,1,2021-10-27 11:30:00-04:00,15650.25,2021-10-27 15:30:00-04:00,15641.25,-0.0015969250515672705
S1,2021-10-28,1,2021-10-28 11:30:00-04:00,15739.25,2021-10-28 12:00:00-04:00,15722.75,-0.0028594586922179397
S1,2021-10-28,1,2021-10-28 12:30:00-04:00,15743.25,2021-10-28 13:00:00-04:00,15700.5,-0.0072108088760278475
S1,2021-10-28,1,2021-10-28 14:30:00-04:00,15746.0,2021-10-28 15:00:00-04:00,15741.0,-0.0009531528974059799
S1,2021-11-01,-1,2021-11-01 10:00:00-04:00,15805.0,2021-11-01 10:30:00-04:00,15820.25,-0.002992887452528246
S1,2021-11-02,1,2021-11-02 10:00:00-04:00,15956.0,2021-11-02 12:00:00-04:00,15939.5,-0.003454834157868824
S1,2021-11-03,1,2021-11-03 15:00:00-04:00,16083.0,2021-11-03 16:00:00-04:00,16129.75,0.009171996245624146
S1,2021-11-04,1,2021-11-04 10:00:00-04:00,16246.25,2021-11-04 16:00:00-04:00,16335.0,0.020399459480630603
S1,2021-11-09,-1,2021-11-09 10:00:00-05:00,16225.25,2021-11-09 16:00:00-05:00,16217.5,0.0014631849089840636
S1,2021-11-10,-1,2021-11-10 14:30:00-05:00,15937.75,2021-11-10 16:00:00-05:00,15978.0,-0.007935724173561627
S1,2021-11-12,1,2021-11-12 11:30:00-05:00,16182.0,2021-11-12 16:00:00-05:00,16189.75,0.0011738406043152044
S1,2021-11-15,-1,2021-11-15 12:00:00-05:00,16126.25,2021-11-15 13:00:00-05:00,16136.25,-0.0017826450727925036
S1,2021-11-16,1,2021-11-16 11:30:00-05:00,16298.0,2021-11-16 16:00:00-05:00,16305.0,0.0010348090922024957
S1,2021-11-17,1,2021-11-17 12:00:00-05:00,16389.25,2021-11-17 12:30:00-05:00,16310.0,-0.01296905129442002
S1,2021-11-18,1,2021-11-18 12:30:00-05:00,16486.5,2021-11-18 13:00:00-05:00,16438.75,-0.008193561052685946
S1,2021-11-19,1,2021-11-19 10:00:00-05:00,16613.0,2021-11-19 10:30:00-05:00,16548.25,-0.01055942913452006
S1,2021-11-22,1,2021-11-22 10:00:00-05:00,16721.5,2021-11-22 11:30:00-05:00,16612.75,-0.017477791943296815
S1,2021-11-23,-1,2021-11-23 10:30:00-05:00,16242.25,2021-11-23 15:00:00-05:00,16246.25,-0.0006889231236184921
S1,2021-11-29,1,2021-11-29 10:00:00-05:00,16297.5,2021-11-29 10:30:00-05:00,16262.75,-0.005799073663318478
S1,2021-11-29,1,2021-11-29 12:00:00-05:00,16353.75,2021-11-29 16:00:00-05:00,16390.75,0.005921589304092813
S1,2021-11-30,-1,2021-11-30 11:00:00-05:00,16144.5,2021-11-30 16:00:00-05:00,16148.75,-0.0006445310230630333
S1,2021-12-01,-1,2021-12-01 15:30:00-05:00,15978.25,2021-12-01 16:00:00-05:00,15874.75,0.012048020991955304
S1,2021-12-02,1,2021-12-02 10:00:00-05:00,15993.25,2021-12-02 10:30:00-05:00,15909.5,-0.009440856079470147
S1,2021-12-02,1,2021-12-02 11:30:00-05:00,15960.0,2021-12-02 12:00:00-05:00,15958.75,-0.0002234522148987017
S1,2021-12-02,1,2021-12-02 12:30:00-05:00,16049.5,2021-12-02 13:30:00-05:00,15946.25,-0.011619515174732488
S1,2021-12-02,1,2021-12-02 14:00:00-05:00,16008.75,2021-12-02 15:30:00-05:00,15991.0,-0.0020669329878129908
S1,2021-12-03,-1,2021-12-03 10:00:00-05:00,15846.25,2021-12-03 16:00:00-05:00,15716.0,0.015194106639838728
S1,2021-12-06,1,2021-12-06 13:30:00-05:00,15869.5,2021-12-06 15:00:00-05:00,15837.75,-0.0035247030402568444
S1,2021-12-07,1,2021-12-07 10:00:00-05:00,16228.5,2021-12-07 15:30:00-05:00,16265.5,0.0038854293862573917
S1,2021-12-09,-1,2021-12-09 15:30:00-05:00,16169.75,2021-12-09 16:00:00-05:00,16149.75,0.0016755961350899996
S1,2021-12-21,1,2021-12-21 14:00:00-05:00,15916.0,2021-12-21 16:00:00-05:00,15973.0,0.004832660252009817
S1,2021-12-22,1,2021-12-22 11:00:00-05:00,16095.0,2021-12-22 13:30:00-05:00,16076.5,-0.0015245914203667148
S1,2021-12-23,1,2021-12-23 10:30:00-05:00,16264.5,2021-12-23 12:30:00-05:00,16304.75,0.003142333702888696
S1,2021-12-23,1,2021-12-23 13:00:00-05:00,16319.0,2021-12-23 15:00:00-05:00,16336.75,0.0013523967835217172
S1,2021-12-27,1,2021-12-27 10:00:00-05:00,16436.0,2021-12-27 16:00:00-05:00,16560.5,0.009851566085604814
S1,2022-01-03,1,2022-01-03 15:30:00-05:00,16481.0,2022-01-03 16:00:00-05:00,16489.0,0.0006576055942526158
S1,2022-01-04,-1,2022-01-04 10:30:00-05:00,16404.25,2022-01-04 16:00:00-05:00,16272.75,0.013270294650568237
S1,2022-01-05,-1,2022-01-05 13:00:00-05:00,16052.0,2022-01-05 16:00:00-05:00,15763.75,0.02723047702455992
S1,2022-01-07,-1,2022-01-07 10:30:00-05:00,15658.75,2022-01-07 15:00:00-05:00,15637.5,0.0018315014806110604
S1,2022-01-07,-1,2022-01-07 15:30:00-05:00,15613.25,2022-01-07 16:00:00-05:00,15585.0,0.0024568922300880077
S1,2022-01-10,-1,2022-01-10 10:00:00-05:00,15259.25,2022-01-10 11:30:00-05:00,15322.25,-0.005946741541584128
S1,2022-01-10,-1,2022-01-10 12:30:00-05:00,15216.75,2022-01-10 13:00:00-05:00,15278.0,-0.005783497656128877
S1,2022-01-11,1,2022-01-11 11:30:00-05:00,15750.5,2022-01-11 16:00:00-05:00,15832.25,0.007632981157814913
S1,2022-01-13,-1,2022-01-13 11:00:00-05:00,15763.5,2022-01-13 11:30:00-05:00,15810.0,-0.004798475794291413
S1,2022-01-13,-1,2022-01-13 12:30:00-05:00,15631.5,2022-01-13 16:00:00-05:00,15498.0,0.013481431993485398
S1,2022-01-14,1,2022-01-14 10:00:00-05:00,15579.25,2022-01-14 10:30:00-05:00,15514.5,-0.006271797984297778
S1,2022-01-19,1,2022-01-19 10:00:00-05:00,15360.75,2022-01-19 10:30:00-05:00,15282.25,-0.0075539770623482775
S1,2022-01-20,1,2022-01-20 10:00:00-05:00,15277.25,2022-01-20 13:00:00-05:00,15245.25,-0.0031426648032044833
S1,2022-01-21,-1,2022-01-21 10:00:00-05:00,14650.5,2022-01-21 11:00:00-05:00,14763.5,-0.011152913171788953
S1,2022-01-21,-1,2022-01-21 13:30:00-05:00,14596.75,2022-01-21 16:00:00-05:00,14415.75,0.01767307779529634
S1,2022-01-24,-1,2022-01-24 10:00:00-05:00,14096.25,2022-01-24 14:00:00-05:00,14175.0,-0.00750422279850166
S1,2022-01-25,-1,2022-01-25 10:00:00-05:00,14097.25,2022-01-25 10:30:00-05:00,14209.0,-0.010865434359302328
S1,2022-01-25,-1,2022-01-25 12:00:00-05:00,14031.0,2022-01-25 12:30:00-05:00,14121.0,-0.008764783716503877
S1,2022-01-27,-1,2022-01-27 13:30:00-05:00,13990.75,2022-01-27 14:00:00-05:00,14071.0,-0.008115503671513698
S1,2022-01-27,-1,2022-01-27 14:30:00-05:00,14012.0,2022-01-27 15:30:00-05:00,13996.75,0.0014527753486043042
S1,2022-01-28,-1,2022-01-28 10:00:00-05:00,13900.0,2022-01-28 10:30:00-05:00,13974.25,-0.0077281445511998125
S1,2022-01-28,1,2022-01-28 11:30:00-05:00,14217.5,2022-01-28 14:30:00-05:00,14092.75,-0.01293176188234102
S1,2022-01-28,1,2022-01-28 15:00:00-05:00,14212.75,2022-01-28 16:00:00-05:00,14433.5,0.022669224016852785
S1,2022-01-31,1,2022-01-31 10:00:00-05:00,14629.75,2022-01-31 16:00:00-05:00,14898.5,0.02120897642568144
S1,2022-02-04,1,2022-02-04 13:00:00-05:00,14652.0,2022-02-04 16:00:00-05:00,14680.25,0.0017648626950928438
S1,2022-02-08,1,2022-02-08 11:30:00-05:00,14665.75,2022-02-08 14:30:00-05:00,14638.0,-0.0018681227035143798
S1,2022-02-11,-1,2022-02-11 11:30:00-05:00,14575.5,2022-02-11 12:30:00-05:00,14573.75,6.443312464853792e-05
S1,2022-02-11,-1,2022-02-11 13:00:00-05:00,14510.0,2022-02-11 16:00:00-05:00,14237.75,0.017493593342078045
S1,2022-02-14,1,2022-02-14 11:30:00-05:00,14358.75,2022-02-14 12:00:00-05:00,14340.25,-0.0011861329266191275
S1,2022-02-14,1,2022-02-14 12:30:00-05:00,14371.0,2022-02-14 13:00:00-05:00,14348.5,-0.0014326021061763486
S1,2022-02-16,-1,2022-02-16 10:00:00-05:00,14407.75,2022-02-16 11:00:00-05:00,14445.75,-0.0023442257490060192
S1,2022-02-17,-1,2022-02-17 10:30:00-05:00,14342.5,2022-02-17 11:30:00-05:00,14396.25,-0.003356692288060385
S1,2022-02-17,-1,2022-02-17 12:30:00-05:00,14343.5,2022-02-17 13:00:00-05:00,14348.25,-0.00033874876301526825
S1,2022-02-17,-1,2022-02-17 13:30:00-05:00,14304.5,2022-02-17 16:00:00-05:00,14166.25,0.008468719075381706
S1,2022-02-18,-1,2022-02-18 11:00:00-05:00,14049.5,2022-02-18 14:30:00-05:00,14083.25,-0.0021617671519703736
S1,2022-02-18,-1,2022-02-18 15:30:00-05:00,14013.75,2022-02-18 16:00:00-05:00,14005.0,0.000501279339587333
S1,2022-02-22,1,2022-02-22 10:30:00-05:00,14105.0,2022-02-22 11:00:00-05:00,13943.75,-0.011427128682226527
S1,2022-02-23,-1,2022-02-23 11:00:00-05:00,13778.75,2022-02-23 12:00:00-05:00,13811.0,-0.0023290790414252235
S1,2022-02-23,-1,2022-02-23 13:30:00-05:00,13673.75,2022-02-23 16:00:00-05:00,13506.75,0.011733617898089193
S1,2022-02-24,1,2022-02-24 14:30:00-05:00,13665.5,2022-02-24 16:00:00-05:00,13965.75,0.022309776426550427
S1,2022-02-25,-1,2022-02-25 10:00:00-05:00,13868.75,2022-02-25 10:30:00-05:00,13990.75,-0.008327721683138254
S1,2022-02-25,1,2022-02-25 11:30:00-05:00,14121.75,2022-02-25 13:00:00-05:00,14079.5,-0.0029172466995922193
S1,2022-03-01,-1,2022-03-01 13:30:00-05:00,13976.0,2022-03-01 14:00:00-05:00,14011.0,-0.0023737986937558382
S1,2022-03-02,1,2022-03-02 13:30:00-05:00,14239.75,2022-03-02 14:00:00-05:00,14233.25,-0.00048536494526446236
S1,2022-03-02,1,2022-03-02 14:30:00-05:00,14235.5,2022-03-02 15:00:00-05:00,14238.25,0.0001338937780039896
S1,2022-03-03,-1,2022-03-03 11:00:00-05:00,14052.75,2022-03-03 11:30:00-05:00,14102.25,-0.0033548500938265953
S1,2022-03-03,-1,2022-03-03 12:30:00-05:00,14055.75,2022-03-03 13:00:00-05:00,14140.25,-0.005691561601964523
S1,2022-03-04,-1,2022-03-04 11:00:00-05:00,13781.5,2022-03-04 12:00:00-05:00,13788.0,-0.0005099820584415417
S1,2022-03-07,-1,2022-03-07 10:00:00-05:00,13673.25,2022-03-07 16:00:00-05:00,13320.25,0.026777913767290825
S1,2022-03-08,1,2022-03-08 12:30:00-05:00,13513.5,2022-03-08 14:00:00-05:00,13354.5,-0.011355536676378045
S1,2022-03-10,-1,2022-03-10 11:30:00-05:00,13412.0,2022-03-10 12:00:00-05:00,13462.5,-0.00333908022186302
S1,2022-03-11,-1,2022-03-11 12:30:00-05:00,13421.25,2022-03-11 13:00:00-05:00,13448.75,-0.0019153316287532538
S1,2022-03-14,-1,2022-03-14 13:00:00-04:00,13079.0,2022-03-14 14:00:00-04:00,13070.0,0.0005663690798924809
S1,2022-03-14,-1,2022-03-14 14:30:00-04:00,13038.5,2022-03-14 15:00:00-04:00,13081.25,-0.002986309693978536
S1,2022-03-16,1,2022-03-16 10:00:00-04:00,13723.25,2022-03-16 13:00:00-04:00,13729.5,0.0003619008249741483
S1,2022-03-21,-1,2022-03-21 10:30:00-04:00,14232.5,2022-03-21 11:00:00-04:00,14345.0,-0.0065911267448104036
S1,2022-03-22,1,2022-03-22 10:00:00-04:00,14468.25,2022-03-22 16:00:00-04:00,14655.0,0.010810869177276212
S1,2022-03-24,1,2022-03-24 15:30:00-04:00,14725.25,2022-03-24 16:00:00-04:00,14766.5,0.002488984558955058
S1,2022-03-25,-1,2022-03-25 11:30:00-04:00,14598.0,2022-03-25 12:30:00-04:00,14653.25,-0.0032485527204340744
S1,2022-03-28,1,2022-03-28 10:00:00-04:00,14887.0,2022-03-28 10:30:00-04:00,14828.0,-0.00352684179721862
S1,2022-03-28,1,2022-03-28 15:00:00-04:00,14939.25,2022-03-28 16:00:00-04:00,14987.25,0.002789008785248197
S1,2022-04-01,-1,2022-04-01 13:00:00-04:00,14744.5,2022-04-01 14:00:00-04:00,14765.25,-0.0014108799087461576
S1,2022-04-04,1,2022-04-04 10:00:00-04:00,15047.5,2022-04-04 16:00:00-04:00,15164.75,0.007687599561874814
S1,2022-04-05,-1,2022-04-05 10:30:00-04:00,14965.25,2022-04-05 16:00:00-04:00,14831.5,0.009396428793135436
S1,2022-04-06,-1,2022-04-06 10:00:00-04:00,14506.5,2022-04-06 12:00:00-04:00,14496.5,0.0006469914004224201
S1,2022-04-06,-1,2022-04-06 12:30:00-04:00,14434.25,2022-04-06 13:30:00-04:00,14487.25,-0.0037595446240762257
S1,2022-04-06,-1,2022-04-06 14:30:00-04:00,14440.0,2022-04-06 15:00:00-04:00,14601.25,-0.011331092634425088
S1,2022-04-08,-1,2022-04-08 10:00:00-04:00,14323.25,2022-04-08 10:30:00-04:00,14406.5,-0.006215608048850483
S1,2022-04-08,-1,2022-04-08 14:30:00-04:00,14357.25,2022-04-08 15:00:00-04:00,14380.25,-0.0017573891804785592
S1,2022-04-11,-1,2022-04-11 11:00:00-04:00,14049.0,2022-04-11 11:30:00-04:00,14059.25,-0.0009430264518822368
S1,2022-04-11,-1,2022-04-11 12:30:00-04:00,14050.25,2022-04-11 13:00:00-04:00,14090.75,-0.003536349194558388
S1,2022-04-13,1,2022-04-13 10:30:00-04:00,14073.75,2022-04-13 16:00:00-04:00,14221.75,0.013009491314104695
S1,2022-04-14,-1,2022-04-14 10:00:00-04:00,14115.25,2022-04-14 16:00:00-04:00,13893.5,0.01945758053841644
S1,2022-04-18,1,2022-04-18 10:30:00-04:00,13980.0,2022-04-18 11:00:00-04:00,13940.0,-0.0034889918474861775
S1,2022-04-19,1,2022-04-19 10:00:00-04:00,14014.75,2022-04-19 16:00:00-04:00,14212.25,0.017738671567577358
S1,2022-04-20,-1,2022-04-20 10:00:00-04:00,14086.75,2022-04-20 11:00:00-04:00,14127.0,-0.003492844454785254
S1,2022-04-20,-1,2022-04-20 11:30:00-04:00,14042.5,2022-04-20 14:00:00-04:00,14079.25,-0.003194674806206025
S1,2022-04-20,-1,2022-04-20 14:30:00-04:00,14029.75,2022-04-20 16:00:00-04:00,14003.5,0.002172378868220097
S1,2022-04-21,-1,2022-04-21 14:30:00-04:00,13806.5,2022-04-21 16:00:00-04:00,13722.0,0.007111388260268856
S1,2022-04-22,-1,2022-04-22 10:30:00-04:00,13591.0,2022-04-22 11:30:00-04:00,13617.5,-0.002343012941936781
S1,2022-04-22,-1,2022-04-22 12:00:00-04:00,13513.75,2022-04-22 16:00:00-04:00,13356.75,0.013434707235876038
S1,2022-04-26,-1,2022-04-26 10:00:00-04:00,13267.75,2022-04-26 16:00:00-04:00,13009.0,0.0226400749321789
S1,2022-04-27,1,2022-04-27 10:00:00-04:00,13177.0,2022-04-27 10:30:00-04:00,12963.5,-0.01777308623355642
S1,2022-04-27,1,2022-04-27 12:30:00-04:00,13211.0,2022-04-27 14:00:00-04:00,13168.75,-0.003567060480947146
S1,2022-04-28,1,2022-04-28 13:30:00-04:00,13407.25,2022-04-28 16:00:00-04:00,13463.0,0.0045599731056966365
S1,2022-04-29,-1,2022-04-29 12:30:00-04:00,13117.0,2022-04-29 16:00:00-04:00,12855.25,0.018270754603812948
S1,2022-05-02,1,2022-05-02 10:30:00-04:00,12983.0,2022-05-02 11:00:00-04:00,12907.75,-0.004944393737503193
S1,2022-05-04,-1,2022-05-04 10:30:00-04:00,12962.25,2022-05-04 12:00:00-04:00,12959.5,0.00012536881010005247
S1,2022-05-04,1,2022-05-04 15:00:00-04:00,13337.5,2022-05-04 16:00:00-04:00,13533.0,0.01220778788349261
S1,2022-05-05,-1,2022-05-05 10:00:00-04:00,13174.75,2022-05-05 16:00:00-04:00,12858.75,0.01842669149881253
S1,2022-05-06,-1,2022-05-06 10:00:00-04:00,12550.5,2022-05-06 10:30:00-04:00,12714.0,-0.009157187712567929
S1,2022-05-09,-1,2022-05-09 11:00:00-04:00,12302.75,2022-05-09 12:00:00-04:00,12325.0,-0.0013144294790529824
S1,2022-05-09,-1,2022-05-09 13:00:00-04:00,12286.75,2022-05-09 13:30:00-04:00,12317.75,-0.0018144841721709647
S1,2022-05-09,-1,2022-05-09 14:00:00-04:00,12256.5,2022-05-09 15:00:00-04:00,12294.5,-0.0022145279266653503
S1,2022-05-11,-1,2022-05-11 13:30:00-04:00,12090.0,2022-05-11 14:30:00-04:00,12081.5,0.0004395129742126613
S1,2022-05-11,-1,2022-05-11 15:00:00-04:00,12046.25,2022-05-11 15:30:00-04:00,12016.5,0.001644629193828023
S1,2022-05-13,1,2022-05-13 10:00:00-04:00,12242.75,2022-05-13 14:30:00-04:00,12250.25,0.0003860765926318555
S1,2022-05-13,1,2022-05-13 15:00:00-04:00,12349.5,2022-05-13 16:00:00-04:00,12384.5,0.0019589812292801555
S1,2022-05-18,-1,2022-05-18 11:30:00-04:00,12146.75,2022-05-18 16:00:00-04:00,11940.75,0.010922610882946259
S1,2022-05-20,-1,2022-05-20 12:00:00-04:00,11734.0,2022-05-20 16:00:00-04:00,11835.5,-0.0058826975439072015
S1,2022-05-24,-1,2022-05-24 10:00:00-04:00,11678.25,2022-05-24 11:30:00-04:00,11659.5,0.00105586182163779
S1,2022-05-25,1,2022-05-25 10:30:00-04:00,11890.0,2022-05-25 11:00:00-04:00,11880.5,-0.0006544999630358211
S1,2022-05-25,1,2022-05-25 15:00:00-04:00,11969.0,2022-05-25 16:00:00-04:00,11949.5,-0.0012930365123390612
S1,2022-05-26,1,2022-05-26 10:00:00-04:00,12114.0,2022-05-26 16:00:00-04:00,12275.0,0.010889257627625581
S1,2022-05-27,1,2022-05-27 10:00:00-04:00,12519.5,2022-05-27 11:00:00-04:00,12533.0,0.000790230428927058
S1,2022-05-27,1,2022-05-27 12:00:00-04:00,12594.0,2022-05-27 13:00:00-04:00,12586.0,-0.0005423150002440595
S1,2022-05-27,1,2022-05-27 13:30:00-04:00,12590.25,2022-05-27 16:00:00-04:00,12682.25,0.005655570716830906
S1,2022-05-31,-1,2022-05-31 10:00:00-04:00,12552.5,2022-05-31 10:30:00-04:00,12567.0,-0.0009527379538493619
S1,2022-06-02,1,2022-06-02 12:30:00-04:00,12769.0,2022-06-02 16:00:00-04:00,12894.25,0.008418618374169955
S1,2022-06-10,-1,2022-06-10 10:00:00-04:00,11958.75,2022-06-10 13:30:00-04:00,11882.75,0.006302875026190354
S1,2022-06-13,-1,2022-06-13 15:30:00-04:00,11300.25,2022-06-13 16:00:00-04:00,11294.5,0.0003918334553469419
S1,2022-06-21,1,2022-06-21 10:00:00-04:00,11628.75,2022-06-21 12:30:00-04:00,11604.75,-0.0017684265650044066
S1,2022-06-21,1,2022-06-21 13:00:00-04:00,11629.25,2022-06-21 14:00:00-04:00,11603.25,-0.0019113297217724396
S1,2022-06-22,1,2022-06-22 10:30:00-04:00,11707.5,2022-06-22 11:30:00-04:00,11677.5,-0.0021991952068505
S1,2022-06-24,1,2022-06-24 10:00:00-04:00,11954.25,2022-06-24 16:00:00-04:00,12147.75,0.014211026891734707
S1,2022-06-27,-1,2022-06-27 10:00:00-04:00,12064.75,2022-06-27 11:00:00-04:00,12136.75,-0.0051515564931720196
S1,2022-06-28,-1,2022-06-28 11:30:00-04:00,11862.0,2022-06-28 16:00:00-04:00,11674.0,0.013385859593354728
S1,2022-06-30,-1,2022-06-30 10:00:00-04:00,11398.0,2022-06-30 11:00:00-04:00,11487.75,-0.00701679459545939
S1,2022-07-05,1,2022-07-05 15:00:00-04:00,11756.75,2022-07-05 16:00:00-04:00,11813.25,0.0044469433079030295
S1,2022-07-07,1,2022-07-07 10:00:00-04:00,12034.5,2022-07-07 16:00:00-04:00,12136.0,0.007437702343281697
S1,2022-07-11,-1,2022-07-11 10:00:00-04:00,11884.75,2022-07-11 13:30:00-04:00,11975.0,-0.007281505682378784
S1,2022-07-19,1,2022-07-19 11:00:00-04:00,12143.5,2022-07-19 16:00:00-04:00,12269.0,0.013850116040244173
S1,2022-07-20,1,2022-07-20 10:30:00-04:00,12390.5,2022-07-20 14:00:00-04:00,12378.5,-0.0014405286308254983
S1,2022-07-20,1,2022-07-20 14:30:00-04:00,12446.5,2022-07-20 16:00:00-04:00,12466.0,0.002118424457096321
S1,2022-07-21,1,2022-07-21 12:30:00-04:00,12606.25,2022-07-21 13:30:00-04:00,12581.0,-0.002823338675365494
S1,2022-07-22,-1,2022-07-22 11:30:00-04:00,12487.25,2022-07-22 15:30:00-04:00,12427.0,0.006725858587244217
S1,2022-07-25,-1,2022-07-25 10:30:00-04:00,12332.5,2022-07-25 11:00:00-04:00,12354.5,-0.0023711043358291646
S1,2022-07-26,-1,2022-07-26 10:30:00-04:00,12186.25,2022-07-26 11:00:00-04:00,12195.75,-0.0010951232480070382
S1,2022-07-26,-1,2022-07-26 11:30:00-04:00,12147.25,2022-07-26 16:00:00-04:00,12110.25,0.003872996852707818
S1,2022-07-27,1,2022-07-27 10:00:00-04:00,12386.0,2022-07-27 14:30:00-04:00,12456.25,0.0068837627492329065
S1,2022-07-27,1,2022-07-27 15:00:00-04:00,12580.75,2022-07-27 16:00:00-04:00,12615.5,0.003367596165092357
S1,2022-07-28,-1,2022-07-28 10:00:00-04:00,12490.0,2022-07-28 11:00:00-04:00,12576.25,-0.007252425989070045
S1,2022-07-29,1,2022-07-29 10:30:00-04:00,12916.5,2022-07-29 11:00:00-04:00,12863.25,-0.004413473334458471
S1,2022-08-01,1,2022-08-01 11:00:00-04:00,13089.25,2022-08-01 12:30:00-04:00,13033.75,-0.0048451865866241985
S1,2022-08-03,1,2022-08-03 10:00:00-04:00,13114.25,2022-08-03 16:00:00-04:00,13272.25,0.013749014500732444
S1,2022-08-08,1,2022-08-08 10:00:00-04:00,13392.5,2022-08-08 11:00:00-04:00,13326.75,-0.0055223725022369805
S1,2022-08-09,-1,2022-08-09 10:00:00-04:00,13002.0,2022-08-09 10:30:00-04:00,13025.75,-0.0021846380171535377
S1,2022-08-09,-1,2022-08-09 12:30:00-04:00,12966.75,2022-08-09 13:00:00-04:00,12984.25,-0.0016273324005327372
S1,2022-08-12,1,2022-08-12 13:30:00-04:00,13503.25,2022-08-12 14:00:00-04:00,13504.5,4.255854956686223e-05
S1,2022-08-12,1,2022-08-12 15:00:00-04:00,13542.5,2022-08-12 16:00:00-04:00,13579.5,0.0030854948435975115
S1,2022-08-16,-1,2022-08-16 11:00:00-04:00,13557.25,2022-08-16 11:30:00-04:00,13627.0,-0.006508004995331115
S1,2022-08-17,-1,2022-08-17 11:00:00-04:00,13430.0,2022-08-17 11:30:00-04:00,13462.75,-0.00382086353525277
S1,2022-08-17,-1,2022-08-17 12:00:00-04:00,13424.5,2022-08-17 12:30:00-04:00,13466.0,-0.00481885027953521
S1,2022-08-19,-1,2022-08-19 10:00:00-04:00,13308.5,2022-08-19 16:00:00-04:00,13263.25,0.005077980551729021
S1,2022-08-22,-1,2022-08-22 10:30:00-04:00,12980.5,2022-08-22 16:00:00-04:00,12916.25,0.006736957170823873
S1,2022-08-24,1,2022-08-24 11:30:00-04:00,12987.5,2022-08-24 13:00:00-04:00,12945.25,-0.004692564364659158
S1,2022-08-25,1,2022-08-25 10:30:00-04:00,13093.5,2022-08-25 11:30:00-04:00,13024.5,-0.0075624848292266105
S1,2022-08-26,-1,2022-08-26 10:30:00-04:00,12987.25,2022-08-26 16:00:00-04:00,12619.0,0.03734757033465453
S1,2022-08-30,-1,2022-08-30 10:30:00-04:00,12404.5,2022-08-30 16:00:00-04:00,12353.5,0.0043275993918849886
S1,2022-09-01,-1,2022-09-01 11:00:00-04:00,12053.25,2022-09-01 13:30:00-04:00,12117.75,-0.006562831455495448
S1,2022-09-02,-1,2022-09-02 13:30:00-04:00,12139.5,2022-09-02 16:00:00-04:00,12110.25,0.0031105079597765414
S1,2022-09-06,-1,2022-09-06 10:00:00-04:00,12046.0,2022-09-06 11:00:00-04:00,12103.5,-0.006747027274936194
S1,2022-09-06,-1,2022-09-06 13:30:00-04:00,11983.75,2022-09-06 14:00:00-04:00,12008.0,-0.002895719860487637
S1,2022-09-07,1,2022-09-07 12:00:00-04:00,12145.25,2022-09-07 12:30:00-04:00,12119.0,-0.003174423305816375
S1,2022-09-07,1,2022-09-07 13:00:00-04:00,12157.25,2022-09-07 13:30:00-04:00,12154.0,-0.00047028493419501856
S1,2022-09-07,1,2022-09-07 14:00:00-04:00,12211.0,2022-09-07 16:00:00-04:00,12262.0,0.005907954485824921
S1,2022-09-09,1,2022-09-09 10:00:00-04:00,12503.0,2022-09-09 16:00:00-04:00,12589.75,0.008547584114993989
S1,2022-09-12,1,2022-09-12 10:00:00-04:00,12736.5,2022-09-12 11:00:00-04:00,12703.5,-0.003080912250721567
S1,2022-09-13,-1,2022-09-13 10:00:00-04:00,12306.0,2022-09-13 13:30:00-04:00,12251.0,0.0053198277395313
S1,2022-09-13,-1,2022-09-13 14:00:00-04:00,12210.0,2022-09-13 16:00:00-04:00,12040.75,0.016523335928313808
S1,2022-09-19,1,2022-09-19 10:00:00-04:00,11914.75,2022-09-19 11:30:00-04:00,11903.5,-0.0009249040595789883
S1,2022-09-19,1,2022-09-19 13:00:00-04:00,11942.75,2022-09-19 13:30:00-04:00,11943.25,-1.9268834574562256e-05
S1,2022-09-19,1,2022-09-19 15:30:00-04:00,12010.0,2022-09-19 16:00:00-04:00,12027.0,0.0012524742473465466
S1,2022-09-22,-1,2022-09-22 11:00:00-04:00,11544.25,2022-09-22 12:00:00-04:00,11564.75,-0.0017322103326172192
S1,2022-09-23,-1,2022-09-23 10:00:00-04:00,11354.25,2022-09-23 10:30:00-04:00,11406.0,-0.004848704142584048
S1,2022-09-23,-1,2022-09-23 12:00:00-04:00,11361.25,2022-09-23 16:00:00-04:00,11373.75,-0.0012237205693188312
S1,2022-09-26,1,2022-09-26 10:00:00-04:00,11491.5,2022-09-26 11:30:00-04:00,11378.25,-0.010528129000168597
S1,2022-09-28,1,2022-09-28 10:30:00-04:00,11407.0,2022-09-28 11:00:00-04:00,11398.0,-0.0008997367371212723
S1,2022-09-28,1,2022-09-28 11:30:00-04:00,11429.75,2022-09-28 16:00:00-04:00,11553.75,0.011373595164122749
S1,2022-09-29,-1,2022-09-29 10:00:00-04:00,11256.25,2022-09-29 16:00:00-04:00,11231.75,0.0020620554229236246
S1,2022-09-30,1,2022-09-30 11:30:00-04:00,11329.5,2022-09-30 12:00:00-04:00,11246.25,-0.007129256815261355
S1,2022-10-03,1,2022-10-03 10:30:00-04:00,11205.5,2022-10-03 12:00:00-04:00,11176.25,-0.0025316123531554558
S1,2022-10-03,1,2022-10-03 13:00:00-04:00,11206.75,2022-10-03 16:00:00-04:00,11290.75,0.00702522428000639
S1,2022-10-04,1,2022-10-04 10:00:00-04:00,11616.5,2022-10-04 13:00:00-04:00,11601.0,-0.0013005877907886685
S1,2022-10-05,-1,2022-10-05 10:30:00-04:00,11386.0,2022-10-05 11:30:00-04:00,11427.0,-0.0030651105603611167
S1,2022-10-07,-1,2022-10-07 10:00:00-04:00,11225.75,2022-10-07 16:00:00-04:00,11099.5,0.010022878816733206
S1,2022-10-10,-1,2022-10-10 10:00:00-04:00,11015.0,2022-10-10 10:30:00-04:00,11040.75,-0.0024383550247383972
S1,2022-10-10,-1,2022-10-10 11:00:00-04:00,10951.75,2022-10-10 14:00:00-04:00,11035.5,-0.0077751320600148895
S1,2022-10-11,-1,2022-10-11 10:00:00-04:00,10823.5,2022-10-11 11:00:00-04:00,10847.25,-0.0022891925679140563
S1,2022-10-13,1,2022-10-13 12:00:00-04:00,11004.0,2022-10-13 12:30:00-04:00,10928.25,-0.007536873722508574
S1,2022-10-13,1,2022-10-13 13:00:00-04:00,10973.0,2022-10-13 16:00:00-04:00,11081.25,0.010591031701564335
S1,2022-10-14,-1,2022-10-14 10:30:00-04:00,10919.75,2022-10-14 16:00:00-04:00,10748.0,0.015127369674943051
S1,2022-10-17,1,2022-10-17 10:00:00-04:00,11074.0,2022-10-17 10:30:00-04:00,11090.5,0.0013255316394904044
S1,2022-10-20,1,2022-10-20 10:30:00-04:00,11312.0,2022-10-20 11:30:00-04:00,11264.75,-0.003923773947656321
S1,2022-10-21,1,2022-10-21 13:00:00-04:00,11232.75,2022-10-21 16:00:00-04:00,11354.0,0.010146316745526532
S1,2022-10-25,1,2022-10-25 10:00:00-04:00,11649.75,2022-10-25 13:00:00-04:00,11654.5,0.00034828045280093425
S1,2022-10-25,1,2022-10-25 14:30:00-04:00,11685.0,2022-10-25 15:00:00-04:00,11671.25,-0.0012625166414033866
S1,2022-10-25,1,2022-10-25 15:30:00-04:00,11713.0,2022-10-25 16:00:00-04:00,11712.5,-0.00010883764150029196
S1,2022-10-27,-1,2022-10-27 10:00:00-04:00,11292.0,2022-10-27 10:30:00-04:00,11431.75,-0.011456183840864791
S1,2022-10-28,1,2022-10-28 10:00:00-04:00,11320.5,2022-10-28 16:00:00-04:00,11584.5,0.024240328076987557
S1,2022-11-02,-1,2022-11-02 15:30:00-04:00,11019.75,2022-11-02 16:00:00-04:00,10938.5,0.0068177124238966245
S1,2022-11-03,-1,2022-11-03 10:00:00-04:00,10726.5,2022-11-03 10:30:00-04:00,10842.75,-0.009672384938279438
S1,2022-11-08,1,2022-11-08 11:30:00-05:00,11187.5,2022-11-08 12:00:00-05:00,11198.5,0.0009327936724850169
S1,2022-11-08,1,2022-11-08 12:30:00-05:00,11197.0,2022-11-08 13:30:00-05:00,11101.5,-0.008759160095286133
S1,2022-11-09,-1,2022-11-09 14:00:00-05:00,10878.5,2022-11-09 14:30:00-05:00,10899.0,-0.0019349988209816935
S1,2022-11-09,-1,2022-11-09 15:00:00-05:00,10845.5,2022-11-09 16:00:00-05:00,10831.0,0.0012520580606352136
S1,2022-11-10,1,2022-11-10 10:00:00-05:00,11451.0,2022-11-10 10:30:00-05:00,11425.5,-0.0022148804731211024
S1,2022-11-10,1,2022-11-10 11:00:00-05:00,11448.25,2022-11-10 11:30:00-05:00,11454.0,0.00042188199488021
S1,2022-11-10,1,2022-11-10 12:00:00-05:00,11494.25,2022-11-10 12:30:00-05:00,11471.0,-0.002025033575425008
S1,2022-11-10,1,2022-11-10 13:30:00-05:00,11472.0,2022-11-10 16:00:00-05:00,11628.75,0.013162718240262552
S1,2022-11-11,1,2022-11-11 10:30:00-05:00,11752.25,2022-11-11 11:30:00-05:00,11656.75,-0.005832097295045993
S1,2022-11-11,1,2022-11-11 13:00:00-05:00,11763.0,2022-11-11 16:00:00-05:00,11847.75,0.005089830366585594
S1,2022-11-16,-1,2022-11-16 10:30:00-05:00,11751.5,2022-11-16 11:30:00-05:00,11766.25,-0.0009449552639890857
S1,2022-11-23,1,2022-11-23 10:00:00-05:00,11832.75,2022-11-23 12:00:00-05:00,11785.5,-0.0033977849510668837
S1,2022-11-23,1,2022-11-23 15:00:00-05:00,11865.0,2022-11-23 16:00:00-05:00,11868.75,0.00021236155944168023
S1,2022-11-28,-1,2022-11-28 15:30:00-05:00,11581.25,2022-11-28 16:00:00-05:00,11611.25,-0.002288552889263872
S1,2022-11-29,-1,2022-11-29 11:30:00-05:00,11489.5,2022-11-29 13:00:00-05:00,11537.0,-0.003522786355145805
S1,2022-11-29,-1,2022-11-29 13:30:00-05:00,11480.0,2022-11-29 14:00:00-05:00,11520.25,-0.0029934557629218246
S1,2022-11-30,1,2022-11-30 14:00:00-05:00,11754.0,2022-11-30 16:00:00-05:00,12051.5,0.021672159490313384
S1,2022-12-01,1,2022-12-01 10:00:00-05:00,12113.25,2022-12-01 10:30:00-05:00,11963.75,-0.009492383924219583
S1,2022-12-01,-1,2022-12-01 10:30:00-05:00,11963.75,2022-12-01 11:00:00-05:00,12073.25,-0.006965293362031342
S1,2022-12-05,-1,2022-12-05 12:00:00-05:00,11847.75,2022-12-05 12:30:00-05:00,11858.75,-0.001200977091430251
S1,2022-12-05,-1,2022-12-05 13:00:00-05:00,11820.0,2022-12-05 13:30:00-05:00,11832.75,-0.0013798460199411393
S1,2022-12-05,-1,2022-12-05 14:00:00-05:00,11783.0,2022-12-05 16:00:00-05:00,11802.75,-0.002095321733984693
S1,2022-12-06,-1,2022-12-06 10:00:00-05:00,11665.0,2022-12-06 16:00:00-05:00,11562.5,0.010397603919107427
S1,2022-12-08,1,2022-12-08 10:30:00-05:00,11648.75,2022-12-08 11:30:00-05:00,11624.75,-0.0025378493583216345
S1,2022-12-08,1,2022-12-08 13:30:00-05:00,11652.75,2022-12-08 14:00:00-05:00,11649.25,-0.0004357923140552302
S1,2022-12-19,-1,2022-12-19 10:00:00-05:00,11269.25,2022-12-19 10:30:00-05:00,11301.25,-0.003362948798892778
S1,2022-12-19,-1,2022-12-19 11:00:00-05:00,11235.5,2022-12-19 16:00:00-05:00,11188.0,0.004800545232007248
S1,2022-12-21,1,2022-12-21 10:30:00-05:00,11292.5,2022-12-21 15:00:00-05:00,11340.75,0.0050369079227091185
S1,2022-12-22,-1,2022-12-22 10:00:00-05:00,11123.5,2022-12-22 16:00:00-05:00,11054.75,0.007126822871800683
S1,2022-12-23,-1,2022-12-23 10:00:00-05:00,10940.0,2022-12-23 10:30:00-05:00,11040.5,-0.010259846335525291
S1,2022-12-27,-1,2022-12-27 10:00:00-05:00,10930.0,2022-12-27 10:30:00-05:00,10986.5,-0.005823176920366436
S1,2022-12-27,-1,2022-12-27 13:30:00-05:00,10941.5,2022-12-27 15:30:00-05:00,10940.5,2.5428720176272643e-05
S1,2022-12-28,-1,2022-12-28 12:00:00-05:00,10794.25,2022-12-28 12:30:00-05:00,10798.25,-0.0006800333814665324
S1,2022-12-29,1,2022-12-29 10:00:00-05:00,10963.75,2022-12-29 16:00:00-05:00,11032.0,0.009486923767537294
S1,2023-01-03,-1,2023-01-03 10:30:00-05:00,10948.5,2023-01-03 11:00:00-05:00,10975.0,-0.0034012840744351474
S1,2023-01-03,-1,2023-01-03 11:30:00-05:00,10913.75,2023-01-03 14:00:00-05:00,10915.0,-0.00024963552839890986
S1,2023-01-03,-1,2023-01-03 14:30:00-05:00,10903.75,2023-01-03 15:00:00-05:00,10938.0,-0.004368621746980923
S1,2023-01-05,-1,2023-01-05 10:00:00-05:00,10868.5,2023-01-05 10:30:00-05:00,10872.5,-0.0006487378604432375
S1,2023-01-06,1,2023-01-06 11:00:00-05:00,10986.5,2023-01-06 16:00:00-05:00,11114.5,0.017039429113533684
S1,2023-01-09,1,2023-01-09 10:00:00-05:00,11310.75,2023-01-09 14:00:00-05:00,11282.75,-0.003303795130635763
S1,2023-01-11,1,2023-01-11 15:30:00-05:00,11442.25,2023-01-11 16:00:00-05:00,11476.5,0.003891205729801155
S1,2023-01-12,-1,2023-01-12 10:00:00-05:00,11357.75,2023-01-12 10:30:00-05:00,11466.0,-0.012018219049329837
S1,2023-01-18,-1,2023-01-18 12:30:00-05:00,11523.75,2023-01-18 14:30:00-05:00,11541.0,-0.0022835406678712875
S1,2023-01-18,-1,2023-01-18 15:00:00-05:00,11524.25,2023-01-18 15:30:00-05:00,11517.25,0.0007928960652330858
S1,2023-01-20,1,2023-01-20 11:30:00-05:00,11536.75,2023-01-20 16:00:00-05:00,11676.25,0.018676778082390266
S1,2023-01-23,1,2023-01-23 10:00:00-05:00,11801.0,2023-01-23 16:00:00-05:00,11931.5,0.016486689524097656
S1,2023-01-25,-1,2023-01-25 10:00:00-05:00,11624.5,2023-01-25 11:00:00-05:00,11667.0,-0.005331619018186397
S1,2023-01-27,1,2023-01-27 10:30:00-05:00,12167.25,2023-01-27 11:00:00-05:00,12115.75,-0.0066791557574181065
S1,2023-01-27,1,2023-01-27 12:30:00-05:00,12210.25,2023-01-27 16:00:00-05:00,12223.25,0.0015659264694425227
S1,2023-01-31,1,2023-01-31 10:30:00-05:00,12059.0,2023-01-31 15:30:00-05:00,12076.75,0.0020422146891336
S1,2023-02-01,1,2023-02-01 15:00:00-05:00,12340.5,2023-02-01 16:00:00-05:00,12420.75,0.009255145421184245
S1,2023-02-02,1,2023-02-02 11:00:00-05:00,12804.25,2023-02-02 15:00:00-05:00,12719.5,-0.009282484267126948
S1,2023-02-07,1,2023-02-07 13:00:00-05:00,12742.25,2023-02-07 13:30:00-05:00,12548.0,-0.017046033841334785
S1,2023-02-07,1,2023-02-07 14:30:00-05:00,12633.25,2023-02-07 16:00:00-05:00,12772.25,0.01208520091571556
S1,2023-02-08,-1,2023-02-08 11:00:00-05:00,12610.25,2023-02-08 16:00:00-05:00,12543.25,0.005813980129474591
S1,2023-02-13,1,2023-02-13 10:00:00-05:00,12461.0,2023-02-13 10:30:00-05:00,12459.5,-0.0002061492093411893
S1,2023-02-13,1,2023-02-13 11:00:00-05:00,12491.75,2023-02-13 15:00:00-05:00,12510.25,0.0016262882070249378
S1,2023-02-17,-1,2023-02-17 10:00:00-05:00,12329.0,2023-02-17 10:30:00-05:00,12352.5,-0.002134624582182301
S1,2023-02-17,-1,2023-02-17 11:30:00-05:00,12294.0,2023-02-17 12:30:00-05:00,12310.5,-0.001518444290418338
S1,2023-02-17,-1,2023-02-17 13:00:00-05:00,12283.0,2023-02-17 14:00:00-05:00,12308.25,-0.002288669655123292
S1,2023-02-21,-1,2023-02-21 14:30:00-05:00,12119.5,2023-02-21 15:00:00-05:00,12124.5,-0.0005401869189503148
S1,2023-03-01,-1,2023-03-01 10:30:00-05:00,11970.0,2023-03-01 11:00:00-05:00,12008.0,-0.005152053801799063
S1,2023-03-01,-1,2023-03-01 11:30:00-05:00,11954.5,2023-03-01 12:00:00-05:00,12008.5,-0.007279353436090289
S1,2023-03-01,-1,2023-03-01 14:30:00-05:00,11949.75,2023-03-01 16:00:00-05:00,11965.25,-0.0021605386910770264
S1,2023-03-02,1,2023-03-02 15:30:00-05:00,12050.5,2023-03-02 16:00:00-05:00,12065.75,0.0020545465802037917
S1,2023-03-03,1,2023-03-03 10:00:00-05:00,12190.25,2023-03-03 11:00:00-05:00,12186.0,-0.0006778629869890298
S1,2023-03-03,1,2023-03-03 12:00:00-05:00,12223.0,2023-03-03 16:00:00-05:00,12312.5,0.01203206801905528
S1,2023-03-06,1,2023-03-06 10:30:00-05:00,12434.25,2023-03-06 13:00:00-05:00,12397.25,-0.004538401400400544
S1,2023-03-07,-1,2023-03-07 10:30:00-05:00,12238.25,2023-03-07 12:30:00-05:00,12279.75,-0.005424880951440351
S1,2023-03-07,-1,2023-03-07 13:30:00-05:00,12232.25,2023-03-07 16:00:00-05:00,12169.0,0.008024971821657324
S1,2023-03-09,1,2023-03-09 10:00:00-05:00,12326.75,2023-03-09 11:00:00-05:00,12301.5,-0.00337571536091415
S1,2023-03-09,-1,2023-03-09 14:00:00-05:00,12115.5,2023-03-09 16:00:00-05:00,12006.25,0.014087119871507126
S1,2023-03-10,-1,2023-03-10 10:00:00-05:00,11909.75,2023-03-10 11:00:00-05:00,12013.5,-0.013985861361847611
S1,2023-03-10,-1,2023-03-10 12:30:00-05:00,11945.75,2023-03-10 16:00:00-05:00,11841.25,0.013885484366427652
S1,2023-03-13,1,2023-03-13 10:00:00-04:00,11889.0,2023-03-13 10:30:00-04:00,11862.25,-0.003669318951897633
S1,2023-03-13,1,2023-03-13 11:00:00-04:00,11947.5,2023-03-13 16:00:00-04:00,11930.25,-0.0024017360412420872
S1,2023-03-20,-1,2023-03-20 10:00:00-04:00,12564.5,2023-03-20 10:30:00-04:00,12606.5,-0.0058704420397438575
S1,2023-03-23,1,2023-03-23 10:30:00-04:00,12932.25,2023-03-23 13:30:00-04:00,12921.25,-0.0014594451771485848
S1,2023-03-27,-1,2023-03-27 12:00:00-04:00,12782.0,2023-03-27 14:00:00-04:00,12806.0,-0.003187349175730996
S1,2023-03-28,-1,2023-03-28 10:00:00-04:00,12692.25,2023-03-28 11:30:00-04:00,12704.25,-0.0016377368687753152
S1,2023-03-28,-1,2023-03-28 12:30:00-04:00,12678.0,2023-03-28 14:30:00-04:00,12667.5,0.0012523870172987703
S1,2023-03-31,1,2023-03-31 10:00:00-04:00,13141.25,2023-03-31 16:00:00-04:00,13301.5,0.02055062866688244
S1,2023-04-05,-1,2023-04-05 10:30:00-04:00,13089.5,2023-04-05 16:00:00-04:00,13079.5,0.0011576512714023834
S1,2023-04-06,1,2023-04-06 14:00:00-04:00,13171.25,2023-04-06 16:00:00-04:00,13171.25,-0.00010167693233495894
S1,2023-04-10,-1,2023-04-10 10:00:00-04:00,12987.0,2023-04-10 11:00:00-04:00,13018.75,-0.004754898161842771
S1,2023-04-11,-1,2023-04-11 10:00:00-04:00,13107.0,2023-04-11 13:00:00-04:00,13097.75,0.0012365449766408771
S1,2023-04-12,-1,2023-04-12 11:00:00-04:00,13009.5,2023-04-12 11:30:00-04:00,13026.0,-0.002588988998998432
S1,2023-04-12,-1,2023-04-12 15:00:00-04:00,13002.0,2023-04-12 16:00:00-04:00,12958.5,0.006416190127952635
S1,2023-04-13,1,2023-04-13 10:00:00-04:00,13067.25,2023-04-13 16:00:00-04:00,13209.75,0.02254974080378762
S1,2023-04-21,-1,2023-04-21 10:00:00-04:00,12996.0,2023-04-21 10:30:00-04:00,13062.75,-0.011611517280059267
S1,2023-04-24,-1,2023-04-24 11:30:00-04:00,12998.25,2023-04-24 13:00:00-04:00,13013.0,-0.0031409634030470077
S1,2023-04-25,-1,2023-04-25 12:30:00-04:00,12908.5,2023-04-25 13:00:00-04:00,12906.5,0.00025515656077659414
S1,2023-04-25,-1,2023-04-25 13:30:00-04:00,12883.25,2023-04-25 16:00:00-04:00,12808.5,0.015105268397974372
S1,2023-04-27,1,2023-04-27 11:30:00-04:00,13136.25,2023-04-27 16:00:00-04:00,13231.25,0.016369892073280434
S1,2023-04-28,1,2023-04-28 10:30:00-04:00,13291.25,2023-04-28 11:00:00-04:00,13209.5,-0.010880493238550783
S1,2023-05-02,-1,2023-05-02 10:30:00-04:00,13211.0,2023-05-02 16:00:00-04:00,13184.75,0.003357595540794426
S1,2023-05-03,1,2023-05-03 10:00:00-04:00,13232.5,2023-05-03 10:30:00-04:00,13195.0,-0.005077269935858558
S1,2023-05-04,-1,2023-05-04 10:00:00-04:00,13041.75,2023-05-04 11:00:00-04:00,13044.25,-0.00048241896450637985
S1,2023-05-05,1,2023-05-05 10:00:00-04:00,13190.75,2023-05-05 16:00:00-04:00,13324.0,0.01952087712355127
S1,2023-05-08,-1,2023-05-08 10:00:00-04:00,13270.5,2023-05-08 10:30:00-04:00,13271.25,-0.00018997806189167236
S1,2023-05-12,-1,2023-05-12 11:00:00-04:00,13398.75,2023-05-12 12:00:00-04:00,13405.25,-0.0008918913746590272
S1,2023-05-12,-1,2023-05-12 12:30:00-04:00,13355.0,2023-05-12 16:00:00-04:00,13397.5,-0.0053205933729659205
S1,2023-05-16,1,2023-05-16 11:00:00-04:00,13519.0,2023-05-16 13:30:00-04:00,13529.0,0.001311254267027935
S1,2023-05-16,1,2023-05-16 14:00:00-04:00,13544.75,2023-05-16 14:30:00-04:00,13523.25,-0.0031540981017698973
S1,2023-05-17,1,2023-05-17 13:00:00-04:00,13606.0,2023-05-17 16:00:00-04:00,13644.75,0.005347279301272916
S1,2023-05-18,1,2023-05-18 10:00:00-04:00,13712.5,2023-05-18 16:00:00-04:00,13889.75,0.03054744034554178
S1,2023-05-22,1,2023-05-22 10:00:00-04:00,13929.25,2023-05-22 10:30:00-04:00,13903.5,-0.0040607657632959855
S1,2023-05-23,-1,2023-05-23 14:30:00-04:00,13732.25,2023-05-23 16:00:00-04:00,13725.5,0.0009882913810046218
S1,2023-05-24,-1,2023-05-24 10:30:00-04:00,13591.0,2023-05-24 11:30:00-04:00,13614.75,-0.0037792842830972027
S1,2023-05-24,-1,2023-05-24 12:30:00-04:00,13583.0,2023-05-24 13:00:00-04:00,13603.0,-0.003200822403031304
S1,2023-05-26,1,2023-05-26 10:00:00-04:00,14118.75,2023-05-26 16:00:00-04:00,14333.0,0.030482756145180492
S1,2023-06-01,1,2023-06-01 11:30:00-04:00,14382.25,2023-06-01 16:00:00-04:00,14473.25,0.011030039431823195
S1,2023-06-05,1,2023-06-05 11:00:00-04:00,14665.0,2023-06-05 13:30:00-04:00,14653.0,-0.0015487185492490882
S1,2023-06-07,-1,2023-06-07 11:00:00-04:00,14474.25,2023-06-07 16:00:00-04:00,14331.75,0.01698640138203366
S1,2023-06-08,1,2023-06-08 10:30:00-04:00,14413.75,2023-06-08 16:00:00-04:00,14499.75,0.009298783505188602
S1,2023-06-09,1,2023-06-09 10:00:00-04:00,14654.0,2023-06-09 11:00:00-04:00,14589.5,-0.00725618682373365
S1,2023-06-12,1,2023-06-12 15:00:00-04:00,14749.5,2023-06-12 16:00:00-04:00,14802.5,0.005832693276739634
S1,2023-06-20,-1,2023-06-20 10:30:00-04:00,15142.0,2023-06-20 11:00:00-04:00,15150.0,-0.0009018073272565475
S1,2023-06-21,-1,2023-06-21 10:00:00-04:00,15127.25,2023-06-21 14:30:00-04:00,15133.0,-0.0006703436796471032
S1,2023-06-21,-1,2023-06-21 15:30:00-04:00,15096.25,2023-06-21 16:00:00-04:00,15045.25,0.005182272292656451
S1,2023-06-22,1,2023-06-22 10:30:00-04:00,15134.75,2023-06-22 11:00:00-04:00,15082.0,-0.005563845341928784
S1,2023-06-22,1,2023-06-22 12:00:00-04:00,15158.75,2023-06-22 12:30:00-04:00,15126.0,-0.003483903158030174
S1,2023-06-22,1,2023-06-22 14:00:00-04:00,15153.5,2023-06-22 16:00:00-04:00,15213.5,0.006161828719799636
S1,2023-06-26,1,2023-06-26 10:00:00-04:00,15137.0,2023-06-26 11:00:00-04:00,15081.0,-0.006230973997109541
S1,2023-06-26,-1,2023-06-26 12:30:00-04:00,14916.0,2023-06-26 16:00:00-04:00,14857.25,0.006368220120393892
S1,2023-06-27,1,2023-06-27 12:00:00-04:00,15009.75,2023-06-27 16:00:00-04:00,15108.25,0.011850192446751505
S1,2023-06-28,1,2023-06-28 11:00:00-04:00,15178.0,2023-06-28 11:30:00-04:00,15145.0,-0.0037827982332299184
S1,2023-06-30,1,2023-06-30 10:00:00-04:00,15319.25,2023-06-30 12:00:00-04:00,15313.0,-0.0008103123201946356
S1,2023-06-30,1,2023-06-30 13:00:00-04:00,15356.25,2023-06-30 13:30:00-04:00,15345.0,-0.0013891068346193751
S1,2023-06-30,1,2023-06-30 14:00:00-04:00,15355.5,2023-06-30 15:00:00-04:00,15347.25,-0.0010418301259645312
S1,2023-06-30,1,2023-06-30 15:30:00-04:00,15355.75,2023-06-30 16:00:00-04:00,15331.0,-0.0029518520235661725
S1,2023-07-07,1,2023-07-07 13:00:00-04:00,15333.75,2023-07-07 14:00:00-04:00,15330.0,-0.0004881646671422055
S1,2023-07-13,1,2023-07-13 13:30:00-04:00,15660.5,2023-07-13 14:00:00-04:00,15660.5,-9.397236897398876e-05
S1,2023-07-13,1,2023-07-13 14:30:00-04:00,15668.75,2023-07-13 16:00:00-04:00,15706.0,0.00457332195673412
S1,2023-07-14,1,2023-07-14 10:00:00-04:00,15808.0,2023-07-14 12:30:00-04:00,15774.5,-0.00430168627555091
S1,2023-07-17,1,2023-07-17 11:30:00-04:00,15780.5,2023-07-17 12:30:00-04:00,15773.5,-0.0009979003852633366
S1,2023-07-17,1,2023-07-17 14:00:00-04:00,15819.5,2023-07-17 16:00:00-04:00,15844.25,0.003090272160815494
S1,2023-07-18,1,2023-07-18 13:30:00-04:00,15936.25,2023-07-18 16:00:00-04:00,15973.0,0.004867583578588288
S1,2023-07-20,-1,2023-07-20 10:30:00-04:00,15754.5,2023-07-20 16:00:00-04:00,15588.0,0.02832272554856942
S1,2023-07-25,1,2023-07-25 10:00:00-04:00,15663.0,2023-07-25 10:30:00-04:00,15629.25,-0.0045862003731039986
S1,2023-07-25,1,2023-07-25 11:30:00-04:00,15649.25,2023-07-25 16:00:00-04:00,15668.75,0.0024925002027739117
S1,2023-07-26,-1,2023-07-26 11:00:00-04:00,15538.0,2023-07-26 12:00:00-04:00,15586.0,-0.006391244756824839
S1,2023-07-26,-1,2023-07-26 12:30:00-04:00,15558.0,2023-07-26 13:30:00-04:00,15562.5,-0.0006882878968888287
S1,2023-07-28,1,2023-07-28 10:00:00-04:00,15788.75,2023-07-28 16:00:00-04:00,15849.75,0.008075902938357572
S1,2023-08-02,-1,2023-08-02 10:00:00-04:00,15601.75,2023-08-02 16:00:00-04:00,15468.25,0.016726611278714356
S1,2023-08-04,1,2023-08-04 12:30:00-04:00,15591.25,2023-08-04 13:30:00-04:00,15551.25,-0.00477145212477712
S1,2023-08-08,-1,2023-08-08 10:00:00-04:00,15294.0,2023-08-08 14:30:00-04:00,15312.25,-0.0023186428708264943
S1,2023-08-09,-1,2023-08-09 10:00:00-04:00,15279.5,2023-08-09 14:30:00-04:00,15291.75,-0.0015679987194458884
S1,2023-08-10,1,2023-08-10 10:00:00-04:00,15422.25,2023-08-10 11:00:00-04:00,15331.75,-0.01263946487056795
S1,2023-08-14,1,2023-08-14 11:00:00-04:00,15230.0,2023-08-14 16:00:00-04:00,15272.5,0.0058301395553417385
S1,2023-08-15,-1,2023-08-15 10:30:00-04:00,15136.75,2023-08-15 11:30:00-04:00,15171.5,-0.004707289450423795
S1,2023-08-15,-1,2023-08-15 15:30:00-04:00,15089.0,2023-08-15 16:00:00-04:00,15105.25,-0.002254194948090268
S1,2023-08-16,-1,2023-08-16 15:30:00-04:00,14966.0,2023-08-16 16:00:00-04:00,14939.0,0.0034128342021979086
S1,2023-08-17,-1,2023-08-17 14:30:00-04:00,14859.0,2023-08-17 16:00:00-04:00,14772.25,0.010962514442993608
S1,2023-08-21,1,2023-08-21 10:00:00-04:00,14913.25,2023-08-21 10:30:00-04:00,14830.75,-0.01306606442966546
S1,2023-08-21,1,2023-08-21 13:00:00-04:00,14901.5,2023-08-21 16:00:00-04:00,14987.0,0.013301489013983757
S1,2023-08-23,1,2023-08-23 10:00:00-04:00,15093.5,2023-08-23 16:00:00-04:00,15198.0,0.015582545592246484
S1,2023-08-24,-1,2023-08-24 10:30:00-04:00,15073.0,2023-08-24 16:00:00-04:00,14859.25,0.027444815772315074
S1,2023-08-25,-1,2023-08-25 11:00:00-04:00,14760.25,2023-08-25 11:30:00-04:00,14860.75,-0.011722143309949074
S1,2023-08-29,1,2023-08-29 10:00:00-04:00,15157.5,2023-08-29 16:00:00-04:00,15413.5,0.02897267258738241
S1,2023-08-31,1,2023-08-31 10:00:00-04:00,15566.75,2023-08-31 11:00:00-04:00,15582.25,0.0014872505851134996
S1,2023-09-06,-1,2023-09-06 10:30:00-04:00,15386.75,2023-09-06 12:00:00-04:00,15373.0,0.0014194925459075588
S1,2023-09-06,-1,2023-09-06 12:30:00-04:00,15338.75,2023-09-06 14:30:00-04:00,15370.25,-0.0035214334311937513
S1,2023-09-08,1,2023-09-08 10:30:00-04:00,15376.0,2023-09-08 11:00:00-04:00,15298.0,-0.009063357937644753
S1,2023-09-20,-1,2023-09-20 15:30:00-04:00,15252.5,2023-09-20 16:00:00-04:00,15152.25,0.011723213082111895
S1,2023-09-21,-1,2023-09-21 10:00:00-04:00,14933.75,2023-09-21 10:30:00-04:00,14966.75,-0.004044974007528921
S1,2023-09-26,-1,2023-09-26 10:00:00-04:00,14770.0,2023-09-26 11:00:00-04:00,14768.5,9.811109026603024e-05
S1,2023-09-26,-1,2023-09-26 11:30:00-04:00,14728.75,2023-09-26 12:30:00-04:00,14766.75,-0.00506907299707823
S1,2023-09-26,-1,2023-09-26 13:30:00-04:00,14739.75,2023-09-26 16:00:00-04:00,14708.75,0.003957147307396553
S1,2023-09-27,-1,2023-09-27 13:30:00-04:00,14618.5,2023-09-27 14:30:00-04:00,14673.75,-0.00852181518791754
S1,2023-09-28,1,2023-09-28 11:30:00-04:00,14826.75,2023-09-28 16:00:00-04:00,14858.5,0.004851169862004674
S1,2023-10-02,1,2023-10-02 10:00:00-04:00,14921.25,2023-10-02 12:00:00-04:00,14919.0,-0.00044186798240521596
S1,2023-10-03,-1,2023-10-03 10:30:00-04:00,14777.0,2023-10-03 16:00:00-04:00,14719.5,0.007995522298631649
S1,2023-10-04,1,2023-10-04 10:00:00-04:00,14803.0,2023-10-04 10:30:00-04:00,14739.0,-0.008517034526207537
S1,2023-10-04,1,2023-10-04 11:30:00-04:00,14839.0,2023-10-04 14:00:00-04:00,14820.25,-0.0025649756488192585
S1,2023-10-04,1,2023-10-04 14:30:00-04:00,14842.25,2023-10-04 16:00:00-04:00,14919.75,0.010095481079327081
S1,2023-10-05,-1,2023-10-05 10:00:00-04:00,14837.0,2023-10-05 14:00:00-04:00,14855.75,-0.002361894029571325
S1,2023-10-06,1,2023-10-06 12:00:00-04:00,15047.75,2023-10-06 16:00:00-04:00,15113.25,0.007942048271822802
S1,2023-10-10,1,2023-10-10 10:30:00-04:00,15290.0,2023-10-10 13:30:00-04:00,15290.0,-8.430002830190875e-05
S1,2023-10-13,-1,2023-10-13 11:00:00-04:00,15201.0,2023-10-13 16:00:00-04:00,15121.5,0.010532044142871403
S1,2023-10-16,1,2023-10-16 10:00:00-04:00,15227.25,2023-10-16 12:00:00-04:00,15270.5,0.005346432499815114
S1,2023-10-16,1,2023-10-16 15:00:00-04:00,15317.5,2023-10-16 16:00:00-04:00,15293.5,-0.003113510691068802
S1,2023-10-17,-1,2023-10-17 10:00:00-04:00,15079.5,2023-10-17 10:30:00-04:00,15183.25,-0.014234217798004954
S1,2023-10-19,-1,2023-10-19 15:00:00-04:00,14892.75,2023-10-19 15:30:00-04:00,14896.0,-0.0004978735708729594
S1,2023-10-20,-1,2023-10-20 10:30:00-04:00,14765.25,2023-10-20 13:00:00-04:00,14773.25,-0.0010721895148007097
S1,2023-10-20,-1,2023-10-20 14:30:00-04:00,14707.5,2023-10-20 16:00:00-04:00,14661.25,0.005575385476963691
S1,2023-10-23,1,2023-10-23 12:30:00-04:00,14783.5,2023-10-23 14:30:00-04:00,14781.75,-0.0002995461390418855
S1,2023-10-24,1,2023-10-24 10:00:00-04:00,14826.75,2023-10-24 11:00:00-04:00,14846.25,0.0024286451933695527
S1,2023-10-25,-1,2023-10-25 10:00:00-04:00,14651.75,2023-10-25 16:00:00-04:00,14476.25,0.023498001765298523
S1,2023-10-26,-1,2023-10-26 10:00:00-04:00,14330.5,2023-10-26 11:00:00-04:00,14353.0,-0.0026770729832180182
S1,2023-10-26,-1,2023-10-26 11:30:00-04:00,14257.75,2023-10-26 15:00:00-04:00,14318.0,-0.007023718364572005
S1,2023-10-26,-1,2023-10-26 15:30:00-04:00,14264.5,2023-10-26 16:00:00-04:00,14194.5,0.007973647487649366
S1,2023-10-30,1,2023-10-30 10:00:00-04:00,14451.0,2023-10-30 10:30:00-04:00,14341.75,-0.01315612901282506
S1,2023-10-31,-1,2023-10-31 10:00:00-04:00,14340.75,2023-10-31 10:30:00-04:00,14396.75,-0.006519761610123937
S1,2023-11-01,1,2023-11-01 10:30:00-04:00,14631.0,2023-11-01 11:30:00-04:00,14591.0,-0.0047012518966338375
S1,2023-11-01,1,2023-11-01 15:00:00-04:00,14659.0,2023-11-01 16:00:00-04:00,14742.75,0.009575556010321682
S1,2023-11-03,1,2023-11-03 10:00:00-04:00,15126.0,2023-11-03 10:30:00-04:00,15075.25,-0.004909530852337774
S1,2023-11-03,1,2023-11-03 12:00:00-04:00,15143.75,2023-11-03 16:00:00-04:00,15174.5,0.0028599208848569552
S1,2023-11-07,1,2023-11-07 10:30:00-05:00,15338.0,2023-11-07 12:30:00-05:00,15346.0,0.0006791677323565381
S1,2023-11-07,1,2023-11-07 13:00:00-05:00,15372.75,2023-11-07 15:00:00-05:00,15387.0,0.0012646571568018295
S1,2023-11-09,-1,2023-11-09 15:00:00-05:00,15261.75,2023-11-09 16:00:00-05:00,15258.75,0.00022178714391476935
S1,2023-11-10,1,2023-11-10 10:00:00-05:00,15375.25,2023-11-10 10:30:00-05:00,15334.0,-0.0043571780575313015
S1,2023-11-10,1,2023-11-10 11:30:00-05:00,15436.25,2023-11-10 16:00:00-05:00,15597.25,0.016624709136175978
S1,2023-11-14,1,2023-11-14 10:00:00-05:00,15862.0,2023-11-14 11:30:00-05:00,15870.5,0.0007187536060351805
S1,2023-11-20,1,2023-11-20 10:00:00-05:00,15996.0,2023-11-20 16:00:00-05:00,16088.5,0.012020834502088181
S1,2023-11-21,-1,2023-11-21 10:30:00-05:00,15927.0,2023-11-21 12:00:00-05:00,15961.0,-0.004488377407521787
S1,2023-11-29,1,2023-11-29 10:00:00-05:00,16194.75,2023-11-29 10:30:00-05:00,16108.75,-0.011703486287957556
S1,2023-11-30,-1,2023-11-30 10:00:00-05:00,15976.25,2023-11-30 16:00:00-05:00,15981.0,-0.0007503097258522443
S1,2023-12-01,-1,2023-12-01 10:30:00-05:00,15880.75,2023-12-01 11:00:00-05:00,15915.5,-0.0048112670436113785
S1,2023-12-04,-1,2023-12-04 10:30:00-05:00,15752.75,2023-12-04 12:00:00-05:00,15826.5,-0.010793973891117092
S1,2023-12-05,1,2023-12-05 11:00:00-05:00,15951.5,2023-12-05 11:30:00-05:00,15877.5,-0.012482326072741795
S1,2023-12-06,-1,2023-12-06 15:30:00-05:00,15827.0,2023-12-06 16:00:00-05:00,15815.0,0.0018784799265418113
S1,2023-12-07,1,2023-12-07 10:30:00-05:00,15992.5,2023-12-07 11:30:00-05:00,15970.0,-0.0055688476665082505
S1,2023-12-07,1,2023-12-07 12:00:00-05:00,16026.5,2023-12-07 16:00:00-05:00,16035.25,0.0019161626379383227
S1,2023-12-08,1,2023-12-08 10:30:00-05:00,16098.0,2023-12-08 11:30:00-05:00,16054.25,-0.008647538345915822
S1,2023-12-08,1,2023-12-08 15:00:00-05:00,16113.5,2023-12-08 15:30:00-05:00,16108.5,-0.0011173785503149657
S1,2023-12-11,1,2023-12-11 10:00:00-05:00,16160.75,2023-12-11 10:30:00-05:00,16146.25,-0.0029176485188784312
S1,2023-12-11,1,2023-12-11 11:00:00-05:00,16177.0,2023-12-11 11:30:00-05:00,16152.0,-0.004926521269581613
S1,2023-12-11,1,2023-12-11 12:30:00-05:00,16188.0,2023-12-11 16:00:00-05:00,16234.0,0.008657284949458952
S1,2023-12-18,1,2023-12-18 13:30:00-05:00,16948.75,2023-12-18 16:00:00-05:00,16938.25,-0.001970935565291754
S1,2023-12-20,-1,2023-12-20 15:00:00-05:00,16842.25,2023-12-20 16:00:00-05:00,16764.25,0.01471321299880157
S1,2023-12-29,-1,2023-12-29 11:30:00-05:00,16943.5,2023-12-29 14:00:00-05:00,17023.75,-0.012083601197383486
S1,2024-01-02,-1,2024-01-02 10:00:00-05:00,16763.5,2024-01-02 16:00:00-05:00,16721.0,0.006191471434609806
S1,2024-01-05,1,2024-01-05 10:30:00-05:00,16538.75,2024-01-05 12:30:00-05:00,16457.0,-0.010546835364295315
S1,2024-01-08,1,2024-01-08 10:00:00-05:00,16628.5,2024-01-08 16:00:00-05:00,16801.25,0.024159907805650273
S1,2024-01-10,1,2024-01-10 13:00:00-05:00,16911.0,2024-01-10 13:30:00-05:00,16905.0,-0.0007958607412592097
S1,2024-01-10,1,2024-01-10 14:00:00-05:00,16924.5,2024-01-10 16:00:00-05:00,16941.5,0.0019159610437721717
S1,2024-01-11,-1,2024-01-11 11:00:00-05:00,16855.5,2024-01-11 13:30:00-05:00,16886.0,-0.0036261104667126972
S1,2024-01-17,-1,2024-01-17 10:00:00-05:00,16707.5,2024-01-17 11:00:00-05:00,16769.75,-0.00858963071742734
S1,2024-01-18,1,2024-01-18 11:30:00-05:00,17086.0,2024-01-18 12:30:00-05:00,17026.0,-0.008258451394830259
S1,2024-01-18,1,2024-01-18 14:30:00-05:00,17093.25,2024-01-18 16:00:00-05:00,17109.0,0.0020391238011926564
S1,2024-01-19,1,2024-01-19 12:30:00-05:00,17288.25,2024-01-19 16:00:00-05:00,17442.5,0.018713386411416302
S1,2024-01-24,1,2024-01-24 13:00:00-05:00,17784.75,2024-01-24 13:30:00-05:00,17758.5,-0.003332474140113529
S1,2024-01-29,1,2024-01-29 15:30:00-05:00,17704.0,2024-01-29 16:00:00-05:00,17708.0,0.0004492185267347177
S1,2024-01-30,-1,2024-01-30 12:30:00-05:00,17587.25,2024-01-30 13:30:00-05:00,17597.0,-0.0016773800006797891
S1,2024-01-30,-1,2024-01-30 14:00:00-05:00,17571.0,2024-01-30 14:30:00-05:00,17583.75,-0.0021566314294454436
S1,2024-01-31,-1,2024-01-31 10:00:00-05:00,17370.0,2024-01-31 12:30:00-05:00,17357.25,0.0018034534654285885
S1,2024-01-31,-1,2024-01-31 15:30:00-05:00,17297.75,2024-01-31 16:00:00-05:00,17238.75,0.008754263696767938
S1,2024-02-01,1,2024-02-01 10:30:00-05:00,17368.25,2024-02-01 11:00:00-05:00,17273.25,-0.011426825015459127
S1,2024-02-01,1,2024-02-01 13:00:00-05:00,17383.5,2024-02-01 16:00:00-05:00,17440.25,0.006683051706169307
S1,2024-02-02,1,2024-02-02 10:00:00-05:00,17590.5,2024-02-02 16:00:00-05:00,17729.75,0.015703622895464755
S1,2024-02-05,-1,2024-02-05 10:30:00-05:00,17626.25,2024-02-05 12:30:00-05:00,17687.5,-0.006490276341596512
S1,2024-02-06,-1,2024-02-06 10:00:00-05:00,17654.25,2024-02-06 11:00:00-05:00,17638.0,0.0016138771139952127
S1,2024-02-06,-1,2024-02-06 12:00:00-05:00,17587.25,2024-02-06 14:00:00-05:00,17631.0,-0.004633389133728192
S1,2024-02-06,-1,2024-02-06 14:30:00-05:00,17594.5,2024-02-06 15:00:00-05:00,17635.75,-0.004373086373406383
S1,2024-02-07,1,2024-02-07 10:30:00-05:00,17865.0,2024-02-07 11:00:00-05:00,17833.5,-0.0034137060536411027
S1,2024-02-07,1,2024-02-07 12:00:00-05:00,17844.25,2024-02-07 12:30:00-05:00,17818.75,-0.0027785979506381067
S1,2024-02-07,1,2024-02-07 14:00:00-05:00,17852.0,2024-02-07 14:30:00-05:00,17841.25,-0.001217290530755742
S1,2024-02-09,1,2024-02-09 10:00:00-05:00,17940.25,2024-02-09 16:00:00-05:00,18039.0,0.011872955556839497
S1,2024-02-12,1,2024-02-12 11:30:00-05:00,18094.0,2024-02-12 12:00:00-05:00,18100.25,0.0006452988468021808
S1,2024-02-15,-1,2024-02-15 10:00:00-05:00,17816.25,2024-02-15 10:30:00-05:00,17819.0,-0.00035708532278124806
S1,2024-02-16,-1,2024-02-16 10:00:00-05:00,17772.0,2024-02-16 11:30:00-05:00,17862.5,-0.00945524270489973
S1,2024-02-16,-1,2024-02-16 13:30:00-05:00,17832.5,2024-02-16 14:00:00-05:00,17875.5,-0.004533335543445077
S1,2024-02-16,-1,2024-02-16 15:00:00-05:00,17791.0,2024-02-16 16:00:00-05:00,17747.0,0.004481525994377133
S1,2024-02-20,-1,2024-02-20 10:00:00-05:00,17562.5,2024-02-20 15:30:00-05:00,17586.75,-0.0026135110608450445
S1,2024-02-21,-1,2024-02-21 14:30:00-05:00,17411.25,2024-02-21 15:30:00-05:00,17421.0,-0.0011050756375832152
S1,2024-02-22,1,2024-02-22 12:30:00-05:00,17988.5,2024-02-22 16:00:00-05:00,18044.75,0.006608400555779949
S1,2024-03-01,1,2024-03-01 10:30:00-05:00,18180.0,2024-03-01 16:00:00-05:00,18335.0,0.015428121250835746
S1,2024-03-05,-1,2024-03-05 10:00:00-05:00,18039.5,2024-03-05 16:00:00-05:00,17931.75,0.010313332682655383
S1,2024-03-07,1,2024-03-07 11:00:00-05:00,18250.75,2024-03-07 16:00:00-05:00,18309.25,0.005534540893800094
S1,2024-03-08,1,2024-03-08 10:00:00-05:00,18387.5,2024-03-08 11:30:00-05:00,18199.0,-0.017123453680429133
S1,2024-03-08,-1,2024-03-08 11:30:00-05:00,18199.0,2024-03-08 16:00:00-05:00,18040.5,0.014273314758719662
S1,2024-03-11,-1,2024-03-11 10:00:00-04:00,17899.75,2024-03-11 10:30:00-04:00,17929.0,-0.002666504636247048
S1,2024-03-18,1,2024-03-18 10:30:00-04:00,18372.25,2024-03-18 11:30:00-04:00,18319.75,-0.004714436022170529
S1,2024-03-19,-1,2024-03-19 10:00:00-04:00,18090.25,2024-03-19 11:00:00-04:00,18115.75,-0.002342046803987599
S1,2024-03-20,1,2024-03-20 15:00:00-04:00,18419.0,2024-03-20 16:00:00-04:00,18484.5,0.005774692734706848
S1,2024-04-01,1,2024-04-01 10:00:00-04:00,18584.5,2024-04-01 10:30:00-04:00,18535.75,-0.006053794527802103
S1,2024-04-02,-1,2024-04-02 11:00:00-04:00,18216.0,2024-04-02 11:30:00-04:00,18268.0,-0.006562238981624624
S1,2024-04-02,-1,2024-04-02 12:00:00-04:00,18233.0,2024-04-02 12:30:00-04:00,18253.75,-0.0026746566465389466
S1,2024-04-03,1,2024-04-03 10:30:00-04:00,18409.5,2024-04-03 15:00:00-04:00,18397.75,-0.0017934595723742568
S1,2024-04-04,-1,2024-04-04 15:00:00-04:00,18226.0,2024-04-04 16:00:00-04:00,18075.0,0.021655719889746367
S1,2024-04-05,1,2024-04-05 10:00:00-04:00,18206.5,2024-04-05 16:00:00-04:00,18293.25,0.01273366635819686
S1,2024-04-09,-1,2024-04-09 11:00:00-04:00,18216.75,2024-04-09 12:00:00-04:00,18261.25,-0.006772201688599814
S1,2024-04-11,1,2024-04-11 13:30:00-04:00,18412.75,2024-04-11 16:00:00-04:00,18482.25,0.01084446587091627
S1,2024-04-12,-1,2024-04-12 11:00:00-04:00,18198.25,2024-04-12 11:30:00-04:00,18262.75,-0.008657590622070591
S1,2024-04-12,-1,2024-04-12 12:30:00-04:00,18201.75,2024-04-12 16:00:00-04:00,18181.0,0.0026536676236231698
S1,2024-04-15,-1,2024-04-15 13:30:00-04:00,17951.0,2024-04-15 16:00:00-04:00,17876.25,0.008704644078781954
S1,2024-04-17,-1,2024-04-17 11:30:00-04:00,17767.25,2024-04-17 16:00:00-04:00,17654.25,0.012315231055547236
S1,2024-04-18,-1,2024-04-18 10:00:00-04:00,17610.0,2024-04-18 10:30:00-04:00,17652.0,-0.004662552798881116
S1,2024-04-19,-1,2024-04-19 10:30:00-04:00,17376.5,2024-04-19 16:00:00-04:00,17181.75,0.021326471058640165
S1,2024-04-23,1,2024-04-23 10:00:00-04:00,17501.25,2024-04-23 16:00:00-04:00,17607.0,0.01018081754247912
S1,2024-04-26,1,2024-04-26 10:00:00-04:00,17786.25,2024-04-26 14:30:00-04:00,17850.75,0.006190057593538446
S1,2024-04-26,1,2024-04-26 15:30:00-04:00,17888.0,2024-04-26 16:00:00-04:00,17839.25,-0.004806397660865147
S1,2024-04-30,-1,2024-04-30 13:00:00-04:00,17704.5,2024-04-30 13:30:00-04:00,17697.75,0.0005329434064030802
S1,2024-05-01,1,2024-05-01 15:00:00-04:00,17751.0,2024-05-01 15:30:00-04:00,17717.75,-0.002915643799092855
S1,2024-05-10,1,2024-05-10 10:00:00-04:00,18328.75,2024-05-10 10:30:00-04:00,18232.0,-0.010104219371629348
S1,2024-05-14,1,2024-05-14 10:30:00-04:00,18364.5,2024-05-14 11:00:00-04:00,18339.0,-0.002887899998924448
S1,2024-05-14,1,2024-05-14 11:30:00-04:00,18358.5,2024-05-14 12:00:00-04:00,18320.25,-0.0042905942841163225
S1,2024-05-14,1,2024-05-14 14:30:00-04:00,18378.5,2024-05-14 16:00:00-04:00,18411.25,0.00352048761773647
S1,2024-05-15,1,2024-05-15 11:00:00-04:00,18571.75,2024-05-15 16:00:00-04:00,18692.75,0.013002873508813136
S1,2024-05-16,1,2024-05-16 11:00:00-04:00,18748.0,2024-05-16 11:30:00-04:00,18745.0,-0.000393812264079845
S1,2024-05-17,-1,2024-05-17 14:30:00-04:00,18571.0,2024-05-17 15:00:00-04:00,18617.75,-0.0051871295967624055
S1,2024-05-20,1,2024-05-20 10:00:00-04:00,18749.75,2024-05-20 16:00:00-04:00,18766.25,0.0017113761571004517
S1,2024-05-22,-1,2024-05-22 14:30:00-04:00,18692.25,2024-05-22 15:00:00-04:00,18730.0,-0.006013831874575493
S1,2024-05-23,-1,2024-05-23 14:00:00-04:00,18716.5,2024-05-23 16:00:00-04:00,18696.75,0.0030087369848421338
S1,2024-05-24,1,2024-05-24 10:30:00-04:00,18833.25,2024-05-24 16:00:00-04:00,18874.25,0.007894480685573803
S1,2024-05-30,-1,2024-05-30 11:00:00-04:00,18658.25,2024-05-30 13:30:00-04:00,18717.0,-0.01092959257295905
S1,2024-05-30,-1,2024-05-30 15:00:00-04:00,18670.5,2024-05-30 16:00:00-04:00,18604.0,0.012077659019698445
S1,2024-05-31,-1,2024-05-31 10:00:00-04:00,18543.5,2024-05-31 16:00:00-04:00,18598.5,-0.008778840201428557
S1,2024-06-03,-1,2024-06-03 12:30:00-04:00,18503.0,2024-06-03 13:30:00-04:00,18530.25,-0.00437373100782514
S1,2024-06-05,1,2024-06-05 11:30:00-04:00,18964.75,2024-06-05 16:00:00-04:00,19077.5,0.01769162737924026
S1,2024-06-12,1,2024-06-12 10:00:00-04:00,19491.0,2024-06-12 12:30:00-04:00,19501.25,0.0012967552989553957
S1,2024-06-12,1,2024-06-12 13:00:00-04:00,19509.75,2024-06-12 14:30:00-04:00,19526.5,0.002184008924556456
S1,2024-06-14,1,2024-06-14 10:00:00-04:00,19638.75,2024-06-14 10:30:00-04:00,19624.25,-0.0019980303869039494
S1,2024-06-17,1,2024-06-17 12:30:00-04:00,19817.5,2024-06-17 16:00:00-04:00,19925.0,0.014239605733004897
S1,2024-06-24,-1,2024-06-24 14:30:00-04:00,19781.25,2024-06-24 15:00:00-04:00,19820.5,-0.005027182164867635
S1,2024-06-25,1,2024-06-25 11:30:00-04:00,19932.5,2024-06-25 12:30:00-04:00,19921.25,-0.0015151896623233807
S1,2024-06-25,1,2024-06-25 14:30:00-04:00,19964.0,2024-06-25 15:00:00-04:00,19949.5,-0.0019255535292026296
S1,2024-06-25,1,2024-06-25 15:30:00-04:00,19979.0,2024-06-25 16:00:00-04:00,19966.75,-0.0016414554675169958
S1,2024-06-27,1,2024-06-27 10:00:00-04:00,20059.75,2024-06-27 11:00:00-04:00,20030.5,-0.004869744581172188
S1,2024-06-28,1,2024-06-28 10:00:00-04:00,20148.25,2024-06-28 11:30:00-04:00,20101.0,-0.00796213640625645
S1,2024-07-01,-1,2024-07-01 10:00:00-04:00,19887.75,2024-07-01 10:30:00-04:00,19936.0,-0.007263110339849941
S1,2024-07-02,1,2024-07-02 11:00:00-04:00,20111.25,2024-07-02 12:00:00-04:00,20094.75,-0.002573838367616872
S1,2024-07-02,1,2024-07-02 13:00:00-04:00,20127.25,2024-07-02 16:00:00-04:00,20256.5,0.019173230738479305
S1,2024-07-05,1,2024-07-05 10:00:00-04:00,20514.5,2024-07-05 16:00:00-04:00,20621.75,0.018977674935237634
S1,2024-07-10,1,2024-07-10 13:00:00-04:00,20847.5,2024-07-10 16:00:00-04:00,20894.5,0.008436693909946343
S1,2024-07-11,-1,2024-07-11 10:30:00-04:00,20691.5,2024-07-11 16:00:00-04:00,20429.75,0.04606372777901005
S1,2024-07-12,1,2024-07-12 10:00:00-04:00,20543.0,2024-07-12 16:00:00-04:00,20540.5,-0.0003551876536234691
S1,2024-07-15,1,2024-07-15 10:30:00-04:00,20681.25,2024-07-15 12:30:00-04:00,20663.75,-0.001977430452549063
S1,2024-07-16,-1,2024-07-16 10:30:00-04:00,20523.75,2024-07-16 11:00:00-04:00,20541.75,-0.0020290531717761617
S1,2024-07-16,-1,2024-07-16 12:30:00-04:00,20487.25,2024-07-16 13:00:00-04:00,20545.0,-0.006330645895941624
S1,2024-07-17,-1,2024-07-17 10:00:00-04:00,20209.0,2024-07-17 16:00:00-04:00,19992.0,0.02478385916525084
S1,2024-07-18,-1,2024-07-18 11:30:00-04:00,19822.0,2024-07-18 13:00:00-04:00,19913.5,-0.007801428565019998
S1,2024-07-18,-1,2024-07-18 14:30:00-04:00,19849.5,2024-07-18 16:00:00-04:00,19891.25,-0.003594154081445527
S1,2024-07-19,-1,2024-07-19 11:30:00-04:00,19746.25,2024-07-19 12:00:00-04:00,19817.75,-0.006172464740242006
S1,2024-07-19,-1,2024-07-19 13:00:00-04:00,19729.25,2024-07-19 14:00:00-04:00,19720.75,0.0006620982939359937
S1,2024-07-19,-1,2024-07-19 14:30:00-04:00,19696.25,2024-07-19 15:30:00-04:00,19767.5,-0.0061511067307602
S1,2024-07-24,-1,2024-07-24 10:00:00-04:00,19511.5,2024-07-24 16:00:00-04:00,19204.5,0.024904741375005857
S1,2024-07-25,-1,2024-07-25 10:00:00-04:00,19032.0,2024-07-25 11:00:00-04:00,19214.25,-0.012546544347014599
S1,2024-07-29,1,2024-07-29 10:00:00-04:00,19358.25,2024-07-29 10:30:00-04:00,19292.5,-0.0045531172523021295
S1,2024-07-30,-1,2024-07-30 11:00:00-04:00,19106.75,2024-07-30 16:00:00-04:00,18938.75,0.011422019693805383
S1,2024-07-31,1,2024-07-31 15:00:00-04:00,19554.25,2024-07-31 15:30:00-04:00,19437.0,-0.008312721990090588
S1,2024-08-01,1,2024-08-01 10:00:00-04:00,19641.25,2024-08-01 10:30:00-04:00,19446.75,-0.011876434389935617
S1,2024-08-01,-1,2024-08-01 11:00:00-04:00,19342.25,2024-08-01 16:00:00-04:00,19027.25,0.019114824619909182
S1,2024-08-02,-1,2024-08-02 10:00:00-04:00,18576.75,2024-08-02 12:00:00-04:00,18593.5,-0.0010717731959065256
S1,2024-08-02,-1,2024-08-02 13:30:00-04:00,18483.25,2024-08-02 14:30:00-04:00,18552.0,-0.004256470692314488
S1,2024-08-06,1,2024-08-06 11:00:00-04:00,18301.75,2024-08-06 11:30:00-04:00,18184.75,-0.006927133761171602
S1,2024-08-06,1,2024-08-06 12:00:00-04:00,18342.0,2024-08-06 16:00:00-04:00,18172.0,-0.010045079318216995
S1,2024-08-08,1,2024-08-08 10:30:00-04:00,18382.0,2024-08-08 13:00:00-04:00,18407.5,0.0014737185520538058
S1,2024-08-08,1,2024-08-08 13:30:00-04:00,18495.25,2024-08-08 16:00:00-04:00,18519.25,0.001384402276171757
S1,2024-08-13,1,2024-08-13 13:00:00-04:00,19073.75,2024-08-13 16:00:00-04:00,19101.25,0.0013853454039421205
S1,2024-08-15,1,2024-08-15 10:00:00-04:00,19461.25,2024-08-15 11:00:00-04:00,19481.5,0.001035574830615464
S1,2024-08-15,1,2024-08-15 12:00:00-04:00,19526.0,2024-08-15 13:00:00-04:00,19538.0,0.0005974470176627677
S1,2024-08-15,1,2024-08-15 14:00:00-04:00,19584.0,2024-08-15 14:30:00-04:00,19581.75,-0.0001593192047100714
S1,2024-08-15,1,2024-08-15 15:30:00-04:00,19581.25,2024-08-15 16:00:00-04:00,19587.25,0.00027880860824262496
S1,2024-08-22,-1,2024-08-22 12:00:00-04:00,19711.0,2024-08-22 12:30:00-04:00,19814.25,-0.006036653003737156
S1,2024-08-22,-1,2024-08-22 13:00:00-04:00,19707.5,2024-08-22 13:30:00-04:00,19708.75,-0.00011608948084109916
S1,2024-08-22,-1,2024-08-22 14:00:00-04:00,19608.0,2024-08-22 16:00:00-04:00,19585.5,0.0012624731041469535
S1,2024-08-23,1,2024-08-23 10:30:00-04:00,19882.75,2024-08-23 11:00:00-04:00,19720.0,-0.010151824411109692
S1,2024-08-26,-1,2024-08-26 10:30:00-04:00,19616.75,2024-08-26 13:00:00-04:00,19620.25,-0.00032371302620818514
S1,2024-08-26,-1,2024-08-26 13:30:00-04:00,19595.75,2024-08-26 15:00:00-04:00,19615.5,-0.00156143930288654
S1,2024-08-26,-1,2024-08-26 15:30:00-04:00,19586.75,2024-08-26 16:00:00-04:00,19593.25,-0.0005522163388257276
S1,2024-08-28,-1,2024-08-28 10:00:00-04:00,19558.0,2024-08-28 10:30:00-04:00,19580.25,-0.0017744064523119976
S1,2024-08-28,-1,2024-08-28 11:00:00-04:00,19454.5,2024-08-28 16:00:00-04:00,19421.25,0.0025073134652234745
S1,2024-08-29,1,2024-08-29 10:00:00-04:00,19643.75,2024-08-29 13:30:00-04:00,19616.75,-0.0023551546021549916
S1,2024-09-03,-1,2024-09-03 10:00:00-04:00,19366.5,2024-09-03 16:00:00-04:00,19012.25,0.02943172823648212
S1,2024-09-05,1,2024-09-05 10:00:00-04:00,19051.0,2024-09-05 11:00:00-04:00,18983.5,-0.005207649214915061
S1,2024-09-06,-1,2024-09-06 10:00:00-04:00,18745.75,2024-09-06 16:00:00-04:00,18458.25,0.025680815650757954
S1,2024-09-11,-1,2024-09-11 10:30:00-04:00,18655.25,2024-09-11 12:00:00-04:00,18789.0,-0.010237195264163732
S1,2024-09-11,1,2024-09-11 14:30:00-04:00,19119.75,2024-09-11 16:00:00-04:00,19254.5,0.010199138776192863
S1,2024-09-12,1,2024-09-12 14:00:00-04:00,19466.25,2024-09-12 16:00:00-04:00,19451.5,-0.001054147039501614
S1,2024-10-01,-1,2024-10-01 10:00:00-04:00,20044.5,2024-10-01 16:00:00-04:00,19978.25,0.005801654329190736
S1,2024-10-07,-1,2024-10-07 15:00:00-04:00,19969.5,2024-10-07 16:00:00-04:00,19999.0,-0.0034635903192510296
S1,2024-10-08,1,2024-10-08 11:00:00-04:00,20240.0,2024-10-08 13:30:00-04:00,20197.0,-0.004661801106155638
S1,2024-10-08,1,2024-10-08 14:00:00-04:00,20232.0,2024-10-08 16:00:00-04:00,20300.0,0.007165854271747809
S1,2024-10-09,1,2024-10-09 12:00:00-04:00,20446.0,2024-10-09 16:00:00-04:00,20458.25,0.0013385964113934818
S1,2024-10-14,1,2024-10-14 10:00:00-04:00,20671.5,2024-10-14 10:30:00-04:00,20641.75,-0.003645184192449936
S1,2024-10-15,-1,2024-10-15 10:30:00-04:00,20515.5,2024-10-15 16:00:00-04:00,20343.5,0.01995281159983575
S1,2024-10-16,-1,2024-10-16 10:00:00-04:00,20224.25,2024-10-16 10:30:00-04:00,20331.75,-0.011499077058615654
S1,2024-10-23,-1,2024-10-23 11:30:00-04:00,20309.5,2024-10-23 12:00:00-04:00,20358.0,-0.006130887369738604
S1,2024-10-23,-1,2024-10-23 12:30:00-04:00,20259.25,2024-10-23 16:00:00-04:00,20218.25,0.005010522165116321
S1,2024-10-25,1,2024-10-25 10:00:00-04:00,20649.25,2024-10-25 13:30:00-04:00,20564.5,-0.009449577184277568
S1,2024-10-29,1,2024-10-29 11:00:00-04:00,20599.5,2024-10-29 11:30:00-04:00,20597.75,-0.00033481850967834637
S1,2024-10-29,1,2024-10-29 12:00:00-04:00,20622.0,2024-10-29 16:00:00-04:00,20695.0,0.009676254929704212
S1,2024-10-31,-1,2024-10-31 10:00:00-04:00,20166.0,2024-10-31 16:00:00-04:00,20011.25,0.01950212541217298
S1,2024-11-01,1,2024-11-01 10:00:00-04:00,20171.5,2024-11-01 14:00:00-04:00,20157.75,-0.001392005987363327
S1,2024-11-05,1,2024-11-05 10:00:00-05:00,20292.0,2024-11-05 16:00:00-05:00,20341.25,0.004959906363129341
S1,2024-11-06,1,2024-11-06 10:30:00-05:00,20795.0,2024-11-06 11:00:00-05:00,20724.25,-0.006668307740928149
S1,2024-11-06,1,2024-11-06 12:00:00-05:00,20798.25,2024-11-06 16:00:00-05:00,20893.75,0.008836673544796394
S1,2024-11-07,1,2024-11-07 10:00:00-05:00,21109.0,2024-11-07 16:00:00-05:00,21221.75,0.008423590811187853
S1,2024-11-12,-1,2024-11-12 13:00:00-05:00,21066.5,2024-11-12 13:30:00-05:00,21121.5,-0.003984689867095608
S1,2024-11-15,-1,2024-11-15 10:00:00-05:00,20690.25,2024-11-15 16:00:00-05:00,20491.75,0.015323537539806633
S1,2024-11-18,1,2024-11-18 10:30:00-05:00,20652.75,2024-11-18 12:00:00-05:00,20662.5,0.0006119043985476267
S1,2024-11-19,1,2024-11-19 14:00:00-05:00,20784.75,2024-11-19 14:30:00-05:00,20746.5,-0.0026781437873312657
S1,2024-11-20,-1,2024-11-20 10:00:00-05:00,20614.0,2024-11-20 12:00:00-05:00,20688.5,-0.005138512579565409
S1,2024-11-20,-1,2024-11-20 13:00:00-05:00,20608.0,2024-11-20 13:30:00-05:00,20627.5,-0.0013827890994843792
S1,2024-11-20,-1,2024-11-20 14:00:00-05:00,20589.0,2024-11-20 15:30:00-05:00,20655.25,-0.004575154057553254
S1,2024-11-21,-1,2024-11-21 10:00:00-05:00,20667.0,2024-11-21 11:00:00-05:00,20708.5,-0.003391312302057389
S1,2024-11-27,-1,2024-11-27 10:00:00-05:00,20860.5,2024-11-27 16:00:00-05:00,20816.25,0.004650478291075082
S1,2024-12-02,1,2024-12-02 10:00:00-05:00,21152.25,2024-12-02 16:00:00-05:00,21217.0,0.007583866783750025
S1,2024-12-06,1,2024-12-06 10:00:00-05:00,21607.5,2024-12-06 16:00:00-05:00,21658.5,0.005008773904800017
S1,2024-12-09,-1,2024-12-09 13:00:00-05:00,21488.0,2024-12-09 13:30:00-05:00,21520.25,-0.0032864656801922117
S1,2024-12-09,-1,2024-12-09 14:30:00-05:00,21488.5,2024-12-09 16:00:00-05:00,21485.5,0.00022407720546765083
S1,2024-12-10,-1,2024-12-10 15:30:00-05:00,21372.0,2024-12-10 16:00:00-05:00,21408.0,-0.005463481992634635
S1,2024-12-11,1,2024-12-11 10:00:00-05:00,21696.0,2024-12-11 10:30:00-05:00,21691.25,-0.0008020757858182698
S1,2024-12-11,1,2024-12-11 11:00:00-05:00,21696.5,2024-12-11 16:00:00-05:00,21791.75,0.013781120319968454
S1,2024-12-13,1,2024-12-13 10:00:00-05:00,21880.5,2024-12-13 10:30:00-05:00,21803.25,-0.008977196574057739
S1,2024-12-16,1,2024-12-16 10:00:00-05:00,21971.5,2024-12-16 16:00:00-05:00,22111.5,0.01576063718532697
S1,2024-12-23,-1,2024-12-23 10:30:00-05:00,21541.75,2024-12-23 11:00:00-05:00,21559.5,-0.0019829652099379973
S1,2024-12-23,1,2024-12-23 14:00:00-05:00,21745.0,2024-12-23 15:00:00-05:00,21708.0,-0.0040463209013599675
S1,2024-12-27,-1,2024-12-27 10:00:00-05:00,21695.25,2024-12-27 16:00:00-05:00,21703.0,-0.0008906700190796864
S1,2024-12-30,-1,2024-12-30 10:00:00-05:00,21288.0,2024-12-30 11:00:00-05:00,21371.5,-0.007995825393092647
S1,2024-12-31,-1,2024-12-31 11:30:00-05:00,21299.25,2024-12-31 12:00:00-05:00,21329.75,-0.0028165168447376247
S1,2024-12-31,-1,2024-12-31 12:30:00-05:00,21262.0,2024-12-31 13:00:00-05:00,21313.25,-0.0046866840296434075
S1,2024-12-31,-1,2024-12-31 13:30:00-05:00,21219.75,2024-12-31 15:30:00-05:00,21309.0,-0.008111568512844359
S1,2025-01-02,-1,2025-01-02 13:00:00-05:00,21076.5,2025-01-02 14:30:00-05:00,21112.5,-0.003325769377474997
S1,2025-01-02,-1,2025-01-02 15:00:00-05:00,21063.25,2025-01-02 15:30:00-05:00,21156.0,-0.008461481273303735
S1,2025-01-03,1,2025-01-03 10:00:00-05:00,21382.75,2025-01-03 10:30:00-05:00,21334.0,-0.004493951067014329
S1,2025-01-03,1,2025-01-03 11:00:00-05:00,21376.5,2025-01-03 16:00:00-05:00,21508.25,0.011893082621795498
S1,2025-01-06,1,2025-01-06 10:00:00-05:00,21818.25,2025-01-06 12:30:00-05:00,21827.25,0.0007066959784682866
S1,2025-01-07,-1,2025-01-07 10:30:00-05:00,21577.0,2025-01-07 16:00:00-05:00,21359.0,0.01797250444176028
S1,2025-01-08,-1,2025-01-08 12:30:00-05:00,21190.75,2025-01-08 13:00:00-05:00,21268.0,-0.006101129288455178
S1,2025-01-10,-1,2025-01-10 10:00:00-05:00,21053.0,2025-01-10 13:30:00-05:00,21109.5,-0.004583047045395774
S1,2025-01-10,-1,2025-01-10 15:30:00-05:00,21010.5,2025-01-10 16:00:00-05:00,21015.5,-0.0004603060351270864
S1,2025-01-15,1,2025-01-15 10:00:00-05:00,21328.0,2025-01-15 11:00:00-05:00,21319.75,-0.0007555258174412438
S1,2025-01-15,1,2025-01-15 14:30:00-05:00,21417.25,2025-01-15 16:00:00-05:00,21395.75,-0.0018678277153408528
S1,2025-01-22,1,2025-01-22 10:00:00-05:00,22013.75,2025-01-22 10:30:00-05:00,22012.75,-0.00012545145236725976
S1,2025-01-22,1,2025-01-22 11:30:00-05:00,22052.0,2025-01-22 13:30:00-05:00,22017.0,-0.0025627939555025927
S1,2025-01-24,-1,2025-01-24 14:00:00-05:00,21868.25,2025-01-24 16:00:00-05:00,21908.5,-0.0030665738168602977
S1,2025-01-28,1,2025-01-28 10:30:00-05:00,21467.25,2025-01-28 16:00:00-05:00,21575.5,0.007043404281008798
S1,2025-01-29,-1,2025-01-29 14:30:00-05:00,21399.5,2025-01-29 15:00:00-05:00,21538.5,-0.008864877048795235
S1,2025-01-31,1,2025-01-31 10:00:00-05:00,21867.25,2025-01-31 13:30:00-05:00,21815.0,-0.003539568227044706
S1,2025-02-04,1,2025-02-04 10:00:00-05:00,21561.0,2025-02-04 16:00:00-05:00,21668.25,0.007585994102802398
S1,2025-02-07,-1,2025-02-07 10:30:00-05:00,21744.25,2025-02-07 16:00:00-05:00,21588.25,0.011922435016757684
S1,2025-02-13,1,2025-02-13 11:00:00-05:00,22038.0,2025-02-13 12:00:00-05:00,21962.5,-0.00603994233991397
S1,2025-02-13,1,2025-02-13 15:00:00-05:00,22057.5,2025-02-13 16:00:00-05:00,22109.75,0.004079436465646812
S1,2025-02-20,-1,2025-02-20 10:00:00-05:00,22011.0,2025-02-20 14:30:00-05:00,22094.25,-0.01006816540209877
S1,2025-02-21,-1,2025-02-21 10:30:00-05:00,22005.25,2025-02-21 16:00:00-05:00,21682.5,0.03764578640848492
S1,2025-02-24,-1,2025-02-24 10:00:00-05:00,21567.0,2025-02-24 11:30:00-05:00,21593.0,-0.0025134643893859002
S1,2025-02-25,-1,2025-02-25 10:00:00-05:00,21259.75,2025-02-25 15:30:00-05:00,21226.5,0.003007891209848165
S1,2025-02-26,1,2025-02-26 11:30:00-05:00,21365.75,2025-02-26 12:00:00-05:00,21349.75,-0.0015786413680184094
S1,2025-02-26,1,2025-02-26 12:30:00-05:00,21377.5,2025-02-26 13:00:00-05:00,21249.5,-0.012134332903425088
S1,2025-02-27,-1,2025-02-27 10:00:00-05:00,21006.75,2025-02-27 10:30:00-05:00,21126.5,-0.011403104511264696
S1,2025-02-27,-1,2025-02-27 11:00:00-05:00,21020.0,2025-02-27 13:30:00-05:00,21096.25,-0.007286631098484495
S1,2025-02-27,-1,2025-02-27 14:30:00-05:00,20898.0,2025-02-27 16:00:00-05:00,20608.25,0.02734852451249375
S1,2025-02-28,1,2025-02-28 10:30:00-05:00,20756.25,2025-02-28 11:00:00-05:00,20760.0,0.00024691598195338536
S1,2025-03-03,-1,2025-03-03 13:30:00-05:00,20685.25,2025-03-03 16:00:00-05:00,20473.0,0.01599791455230898
S1,2025-03-04,-1,2025-03-04 10:00:00-05:00,20230.5,2025-03-04 11:00:00-05:00,20197.5,0.0024693857167218045
S1,2025-03-04,-1,2025-03-04 11:30:00-05:00,20142.5,2025-03-04 12:00:00-05:00,20298.0,-0.011964078084892464
S1,2025-03-05,1,2025-03-05 13:00:00-05:00,20570.25,2025-03-05 13:30:00-05:00,20505.25,-0.005019649441588553
S1,2025-03-05,1,2025-03-05 14:00:00-05:00,20590.25,2025-03-05 16:00:00-05:00,20658.0,0.005115080039337386
S1,2025-03-06,-1,2025-03-06 12:30:00-05:00,20156.5,2025-03-06 15:30:00-05:00,20105.75,0.0036197536982577683
S1,2025-03-07,-1,2025-03-07 11:30:00-05:00,19873.25,2025-03-07 13:00:00-05:00,19945.5,-0.005231480275002832
S1,2025-03-10,-1,2025-03-10 10:30:00-04:00,19668.5,2025-03-10 16:00:00-04:00,19463.5,0.014564568650550261
S1,2025-03-11,-1,2025-03-11 13:30:00-04:00,19208.75,2025-03-11 14:00:00-04:00,19326.0,-0.007549365378342379
S1,2025-03-13,-1,2025-03-13 10:00:00-04:00,19367.5,2025-03-13 10:30:00-04:00,19476.5,-0.006652269688263523
S1,2025-03-13,-1,2025-03-13 11:30:00-04:00,19354.5,2025-03-13 15:00:00-04:00,19362.25,-0.0005152099530773571
S1,2025-03-13,-1,2025-03-13 15:30:00-04:00,19260.75,2025-03-13 16:00:00-04:00,19251.5,0.0005152099530773571
S1,2025-03-14,1,2025-03-14 11:30:00-04:00,19645.25,2025-03-14 14:00:00-04:00,19630.0,-0.000983097360758745
S1,2025-03-26,-1,2025-03-26 10:00:00-04:00,20316.5,2025-03-26 16:00:00-04:00,20112.5,0.010470865125102764
S1,2025-03-28,-1,2025-03-28 10:30:00-04:00,19638.75,2025-03-28 16:00:00-04:00,19461.5,0.010148576359022003
S1,2025-03-31,-1,2025-03-31 10:30:00-04:00,19060.25,2025-03-31 11:00:00-04:00,19139.5,-0.004662623140811053
S1,2025-04-01,1,2025-04-01 12:00:00-04:00,19592.75,2025-04-01 12:30:00-04:00,19555.0,-0.0022140125023379195
S1,2025-04-02,1,2025-04-02 12:30:00-04:00,19768.5,2025-04-02 14:00:00-04:00,19744.75,-0.0014392159230990807
S1,2025-04-03,-1,2025-04-03 11:00:00-04:00,18766.0,2025-04-03 11:30:00-04:00,18821.25,-0.0035417988585717854
S1,2025-04-04,-1,2025-04-04 10:30:00-04:00,17916.0,2025-04-04 16:00:00-04:00,17534.75,0.0197591647841987
S1,2025-04-07,1,2025-04-07 14:00:00-04:00,17784.75,2025-04-07 14:30:00-04:00,17601.5,-0.008854350406075394
S1,2025-04-08,1,2025-04-08 10:30:00-04:00,18284.0,2025-04-08 11:00:00-04:00,18120.75,-0.007322115964098579
S1,2025-04-08,-1,2025-04-08 15:30:00-04:00,17269.25,2025-04-08 16:00:00-04:00,17239.5,0.0012947644082857244
S1,2025-04-09,1,2025-04-09 10:00:00-04:00,17446.25,2025-04-09 11:00:00-04:00,17224.5,-0.010724961557230354
S1,2025-04-09,1,2025-04-09 11:30:00-04:00,17398.75,2025-04-09 12:00:00-04:00,17320.25,-0.003820014397350587
S1,2025-04-09,1,2025-04-09 12:30:00-04:00,17456.25,2025-04-09 16:00:00-04:00,19269.5,0.08736625987631469
S1,2025-04-10,-1,2025-04-10 10:00:00-04:00,18661.25,2025-04-10 10:30:00-04:00,18643.75,0.00042667365199090584
S1,2025-04-10,-1,2025-04-10 11:00:00-04:00,18586.25,2025-04-10 14:00:00-04:00,18459.25,0.0032159730485881713
S1,2025-04-21,-1,2025-04-21 10:00:00-04:00,17994.25,2025-04-21 14:30:00-04:00,17752.75,0.006208611466398166
S1,2025-04-21,-1,2025-04-21 15:00:00-04:00,17708.0,2025-04-21 15:30:00-04:00,17778.0,-0.0018245452180588588
S1,2025-04-22,1,2025-04-22 11:00:00-04:00,18340.25,2025-04-22 13:30:00-04:00,18257.75,-0.002126200667739894
S1,2025-04-24,1,2025-04-24 10:00:00-04:00,19052.5,2025-04-24 14:00:00-04:00,19265.75,0.005086587143999824
S1,2025-04-24,1,2025-04-24 15:00:00-04:00,19292.25,2025-04-24 15:30:00-04:00,19239.25,-0.0012866073364234847
S1,2025-04-28,-1,2025-04-28 11:30:00-04:00,19319.5,2025-04-28 12:00:00-04:00,19347.0,-0.0007594241136768042
S1,2025-04-30,-1,2025-04-30 10:00:00-04:00,19120.5,2025-04-30 10:30:00-04:00,19309.25,-0.005260281019341484
S1,2025-05-08,1,2025-05-08 13:00:00-04:00,20331.0,2025-05-08 13:30:00-04:00,20301.75,-0.002052104263282293
S1,2025-05-13,1,2025-05-13 10:00:00-04:00,21125.0,2025-05-13 16:00:00-04:00,21270.75,0.010055034829849213
S1,2025-05-21,-1,2025-05-21 15:30:00-04:00,21097.0,2025-05-21 16:00:00-04:00,21149.0,-0.004006402272128707
S1,2025-05-22,1,2025-05-22 10:00:00-04:00,21286.5,2025-05-22 10:30:00-04:00,21233.75,-0.0037807196078398744
S1,2025-05-22,1,2025-05-22 14:00:00-04:00,21292.25,2025-05-22 16:00:00-04:00,21183.5,-0.007738108356233015
S1,2025-05-27,1,2025-05-27 10:30:00-04:00,21369.75,2025-05-27 11:00:00-04:00,21355.5,-0.001065383578918659
S1,2025-05-27,1,2025-05-27 11:30:00-04:00,21390.25,2025-05-27 16:00:00-04:00,21466.5,0.00536243068055725
S1,2025-05-30,-1,2025-05-30 10:00:00-04:00,21257.5,2025-05-30 10:30:00-04:00,21384.5,-0.00859549936674987
S1,2025-05-30,-1,2025-05-30 12:30:00-04:00,21175.25,2025-05-30 14:30:00-04:00,21280.25,-0.0071152568143545885
S1,2025-06-02,1,2025-06-02 14:30:00-04:00,21508.5,2025-06-02 16:00:00-04:00,21534.25,0.001685033999822927
S1,2025-06-03,1,2025-06-03 11:00:00-04:00,21661.0,2025-06-03 12:00:00-04:00,21684.5,0.0022346878480507125
S1,2025-06-03,1,2025-06-03 12:30:00-04:00,21709.75,2025-06-03 16:00:00-04:00,21704.5,-0.0005893682236617263
S1,2025-06-05,1,2025-06-05 11:30:00-04:00,21919.5,2025-06-05 12:00:00-04:00,21920.25,0.0
S1,2025-06-05,-1,2025-06-05 15:30:00-04:00,21575.5,2025-06-05 16:00:00-04:00,21586.75,-0.0012579553042456721
S1,2025-06-16,1,2025-06-16 10:00:00-04:00,21928.0,2025-06-16 16:00:00-04:00,21948.5,0.0020637882166230537
S1,2025-06-23,1,2025-06-23 10:30:00-04:00,21985.0,2025-06-23 12:00:00-04:00,21938.75,-0.005916342046980896
S1,2025-06-23,1,2025-06-23 13:30:00-04:00,22019.0,2025-06-23 16:00:00-04:00,22072.75,0.006671619755106118
S1,2025-06-24,1,2025-06-24 11:30:00-04:00,22373.0,2025-06-24 12:00:00-04:00,22362.5,-0.0013896480749131322
S1,2025-06-24,1,2025-06-24 12:30:00-04:00,22391.25,2025-06-24 13:00:00-04:00,22400.0,0.0009881941866048938
S1,2025-06-24,1,2025-06-24 14:00:00-04:00,22417.5,2025-06-24 15:30:00-04:00,22421.5,0.0004014538883082382
S1,2025-06-26,1,2025-06-26 14:30:00-04:00,22673.5,2025-06-26 15:00:00-04:00,22667.0,-0.0008179446086414359
S1,2025-06-27,1,2025-06-27 10:00:00-04:00,22764.5,2025-06-27 11:00:00-04:00,22760.25,-0.0005584030885106733
S1,2025-06-27,1,2025-06-27 11:30:00-04:00,22792.25,2025-06-27 13:00:00-04:00,22794.75,0.00019544108097873568
S1,2025-07-01,-1,2025-07-01 11:00:00-04:00,22687.5,2025-07-01 14:00:00-04:00,22742.5,-0.006317773016397113
S1,2025-07-02,1,2025-07-02 10:30:00-04:00,22790.5,2025-07-02 16:00:00-04:00,22844.5,0.005621159285205373
S1,2025-07-07,-1,2025-07-07 14:30:00-04:00,22786.25,2025-07-07 15:00:00-04:00,22877.25,-0.010190748636679013
S1,2025-07-09,1,2025-07-09 10:00:00-04:00,23086.0,2025-07-09 11:00:00-04:00,22947.0,-0.014799654164133048
S1,2025-07-10,-1,2025-07-10 10:00:00-04:00,22960.75,2025-07-10 11:30:00-04:00,22997.25,-0.003923369020634838
S1,2025-07-14,1,2025-07-14 13:00:00-04:00,23034.5,2025-07-14 14:30:00-04:00,23049.25,0.0014783869186015225
S1,2025-07-14,1,2025-07-14 15:00:00-04:00,23051.5,2025-07-14 15:30:00-04:00,23042.0,-0.0010823904225475433
S1,2025-07-16,-1,2025-07-16 10:00:00-04:00,22968.5,2025-07-16 10:30:00-04:00,23005.0,-0.005071238856763296
S1,2025-07-16,-1,2025-07-16 11:00:00-04:00,22989.75,2025-07-16 12:00:00-04:00,22990.0,-0.0001361406404500214
S1,2025-07-17,1,2025-07-17 10:30:00-04:00,23154.0,2025-07-17 16:00:00-04:00,23257.75,0.017048249255029888
S1,2025-07-18,-1,2025-07-18 10:30:00-04:00,23194.0,2025-07-18 11:00:00-04:00,23205.0,-0.0018307086941825375
S1,2025-07-21,1,2025-07-21 10:00:00-04:00,23376.0,2025-07-21 16:00:00-04:00,23344.75,-0.00538162552976383
S1,2025-07-22,-1,2025-07-22 10:00:00-04:00,23142.0,2025-07-22 16:00:00-04:00,23221.25,-0.013205374370513312
S1,2025-07-25,1,2025-07-25 12:30:00-04:00,23464.0,2025-07-25 13:00:00-04:00,23450.25,-0.0024828767123287673
S1,2025-07-31,-1,2025-07-31 14:00:00-04:00,23389.75,2025-07-31 14:30:00-04:00,23418.0,-0.004884776131973176
S1,2025-07-31,-1,2025-07-31 15:30:00-04:00,23378.0,2025-07-31 16:00:00-04:00,23354.25,0.0038741327943235533
S1,2025-08-01,-1,2025-08-01 10:00:00-04:00,22880.0,2025-08-01 12:30:00-04:00,23008.5,-0.022393069842988632
S1,2025-08-01,-1,2025-08-01 13:00:00-04:00,22879.0,2025-08-01 16:00:00-04:00,22880.5,-0.0003898213318895506
S1,2025-08-04,1,2025-08-04 10:00:00-04:00,23246.75,2025-08-04 16:00:00-04:00,23296.75,0.006276596053350406
S1,2025-08-05,-1,2025-08-05 11:00:00-04:00,23181.0,2025-08-05 12:30:00-04:00,23197.25,-0.001726429522317615
S1,2025-08-05,-1,2025-08-05 13:00:00-04:00,23180.0,2025-08-05 13:30:00-04:00,23210.75,-0.0031989723501767574
S1,2025-08-05,-1,2025-08-05 14:30:00-04:00,23178.75,2025-08-05 16:00:00-04:00,23133.5,0.004519183161360817
S1,2025-08-06,1,2025-08-06 11:00:00-04:00,23282.5,2025-08-06 16:00:00-04:00,23424.75,0.014060271387958507
S1,2025-08-08,1,2025-08-08 10:00:00-04:00,23643.75,2025-08-08 13:30:00-04:00,23661.25,0.001564723396900429
S1,2025-08-08,1,2025-08-08 14:00:00-04:00,23700.5,2025-08-08 16:00:00-04:00,23714.5,0.0012377662691898917
S1,2025-08-12,1,2025-08-12 11:30:00-04:00,23833.25,2025-08-12 16:00:00-04:00,23934.5,0.009203837960160529
S1,2025-08-15,-1,2025-08-15 10:00:00-04:00,23801.0,2025-08-15 10:30:00-04:00,23855.5,-0.004770332656459811
S1,2025-08-15,-1,2025-08-15 11:00:00-04:00,23800.25,2025-08-15 11:30:00-04:00,23802.25,-0.00023743737204098606
S1,2025-08-15,-1,2025-08-15 12:00:00-04:00,23787.75,2025-08-15 13:00:00-04:00,23818.5,-0.002719737170651295
S1,2025-08-19,-1,2025-08-19 10:00:00-04:00,23678.25,2025-08-19 16:00:00-04:00,23470.25,0.017784997265270504
S1,2025-08-20,-1,2025-08-20 10:00:00-04:00,23174.0,2025-08-20 15:30:00-04:00,23320.0,-0.011847132354113698
S1,2025-08-22,1,2025-08-22 10:30:00-04:00,23554.5,2025-08-22 16:00:00-04:00,23565.0,0.0009304245713124367
S1,2025-08-28,1,2025-08-28 12:30:00-04:00,23754.5,2025-08-28 13:00:00-04:00,23732.25,-0.0025283043540778516
S1,2025-08-28,1,2025-08-28 14:00:00-04:00,23766.25,2025-08-28 16:00:00-04:00,23766.75,-2.7481569066063603e-05
S1,2025-08-29,-1,2025-08-29 10:00:00-04:00,23519.75,2025-08-29 16:00:00-04:00,23473.5,0.005142806977725956
S1,2025-09-04,1,2025-09-04 15:00:00-04:00,23620.0,2025-09-04 16:00:00-04:00,23666.5,0.004934302103130227
S1,2025-09-15,1,2025-09-15 10:00:00-04:00,24260.5,2025-09-15 11:00:00-04:00,24262.0,0.000103191472398994
S1,2025-09-15,1,2025-09-15 11:30:00-04:00,24253.25,2025-09-15 13:30:00-04:00,24253.75,-3.439715746633133e-05
S1,2025-09-15,1,2025-09-15 14:00:00-04:00,24286.5,2025-09-15 14:30:00-04:00,24264.5,-0.0031301413294361514
S1,2025-09-22,1,2025-09-22 10:00:00-04:00,24872.5,2025-09-22 16:00:00-04:00,24998.75,0.01656719047118098
S1,2025-09-23,-1,2025-09-23 10:00:00-04:00,24940.5,2025-09-23 10:30:00-04:00,24953.25,-0.0017689051973721803
S1,2025-09-23,-1,2025-09-23 13:30:00-04:00,24868.75,2025-09-23 16:00:00-04:00,24831.5,0.004782595533635895
S1,2025-09-24,-1,2025-09-24 12:00:00-04:00,24679.75,2025-09-24 13:30:00-04:00,24732.0,-0.006500284317914842
S1,2025-09-24,-1,2025-09-24 14:00:00-04:00,24709.5,2025-09-24 15:00:00-04:00,24739.75,-0.003802053091610568
S1,2025-09-25,-1,2025-09-25 10:00:00-04:00,24452.5,2025-09-25 10:30:00-04:00,24619.75,-0.020371581603126417
S1,2025-09-29,1,2025-09-29 10:00:00-04:00,24942.0,2025-09-29 11:00:00-04:00,24929.25,-0.001932890513365996
S1,2025-10-01,1,2025-10-01 14:30:00-04:00,25012.5,2025-10-01 16:00:00-04:00,25011.75,-0.00024229697532609135
S1,2025-10-03,-1,2025-10-03 14:00:00-04:00,24973.5,2025-10-03 14:30:00-04:00,25037.75,-0.010344758987009369
S1,2025-10-07,-1,2025-10-07 11:30:00-04:00,25074.75,2025-10-07 16:00:00-04:00,25045.25,0.004556801521575464
S1,2025-10-08,1,2025-10-08 10:00:00-04:00,25174.25,2025-10-08 16:00:00-04:00,25330.0,0.02376566314801084
S1,2025-10-09,-1,2025-10-09 10:30:00-04:00,25252.25,2025-10-09 11:00:00-04:00,25251.5,0.0
S1,2025-10-09,-1,2025-10-09 11:30:00-04:00,25227.5,2025-10-09 12:00:00-04:00,25263.25,-0.0050147634075243174
S1,2025-10-09,-1,2025-10-09 13:00:00-04:00,25204.25,2025-10-09 14:00:00-04:00,25215.5,-0.0016486893394600498
S1,2025-10-09,-1,2025-10-09 14:30:00-04:00,25213.25,2025-10-09 15:00:00-04:00,25235.25,-0.003125640206059678
S1,2025-10-10,-1,2025-10-10 11:00:00-04:00,25193.0,2025-10-10 16:00:00-04:00,24402.25,0.1082018020637324
S1,2025-10-13,1,2025-10-13 10:00:00-04:00,24887.25,2025-10-13 10:30:00-04:00,24825.5,-0.004542028036775813
S1,2025-10-14,-1,2025-10-14 10:00:00-04:00,24575.0,2025-10-14 10:30:00-04:00,24721.0,-0.009506222712049102
S1,2025-10-15,1,2025-10-15 10:30:00-04:00,25102.0,2025-10-15 11:30:00-04:00,25053.5,-0.003120704743894895
S1,2025-10-16,-1,2025-10-16 14:30:00-04:00,24697.5,2025-10-16 15:00:00-04:00,24797.0,-0.006318224675323827
S1,2025-10-16,-1,2025-10-16 15:30:00-04:00,24736.0,2025-10-16 16:00:00-04:00,24830.75,-0.006018857421380803
S1,2025-10-17,1,2025-10-17 10:30:00-04:00,24909.0,2025-10-17 11:00:00-04:00,24764.5,-0.009247428108234928
S1,2025-10-17,1,2025-10-17 14:30:00-04:00,25016.25,2025-10-17 16:00:00-04:00,24989.0,-0.0017826367437561307
S1,2025-10-20,1,2025-10-20 10:00:00-04:00,25222.5,2025-10-20 16:00:00-04:00,25300.25,0.004806350550658714
S1,2025-10-21,-1,2025-10-21 10:00:00-04:00,25235.0,2025-10-21 10:30:00-04:00,25220.75,0.0008117230933355101
S1,2025-10-22,-1,2025-10-22 10:30:00-04:00,25125.25,2025-10-22 16:00:00-04:00,25040.5,0.005069435746052164
S1,2025-10-23,1,2025-10-23 10:00:00-04:00,25160.75,2025-10-23 13:30:00-04:00,25207.25,0.0027319856177221115
S1,2025-10-23,1,2025-10-23 14:00:00-04:00,25279.5,2025-10-23 16:00:00-04:00,25253.0,-0.0016272482641077057
S1,2025-10-30,-1,2025-10-30 10:30:00-04:00,26019.5,2025-10-30 11:30:00-04:00,26058.0,-0.002145898977758655
S1,2025-10-30,-1,2025-10-30 12:00:00-04:00,25991.75,2025-10-30 12:30:00-04:00,26083.0,-0.005029877858695446
S1,2025-11-05,1,2025-11-05 10:00:00-05:00,25680.5,2025-11-05 16:00:00-05:00,25741.0,0.0043175720082147834
S1,2025-11-06,-1,2025-11-06 10:00:00-05:00,25513.25,2025-11-06 16:00:00-05:00,25258.25,0.01839576895751379
S1,2025-11-07,-1,2025-11-07 10:00:00-05:00,25018.0,2025-11-07 14:30:00-05:00,24951.25,0.004342438247690304
S1,2025-11-10,1,2025-11-10 10:00:00-05:00,25637.25,2025-11-10 11:00:00-05:00,25523.75,-0.007663300576700727
S1,2025-11-10,1,2025-11-10 15:00:00-05:00,25702.25,2025-11-10 16:00:00-05:00,25713.0,0.000670748409339232
S1,2025-11-13,-1,2025-11-13 10:00:00-05:00,25382.0,2025-11-13 10:30:00-05:00,25384.0,-0.00017114602480373974
S1,2025-11-13,-1,2025-11-13 11:00:00-05:00,25257.75,2025-11-13 16:00:00-05:00,25100.0,0.009770882143340777
S1,2025-11-14,1,2025-11-14 11:30:00-05:00,25241.25,2025-11-14 12:00:00-05:00,25247.75,0.00034327655119977923
S1,2025-11-14,1,2025-11-14 12:30:00-05:00,25264.0,2025-11-14 13:00:00-05:00,25204.0,-0.003626791388762885
S1,2025-11-17,-1,2025-11-17 15:00:00-05:00,24756.25,2025-11-17 16:00:00-05:00,24888.25,-0.0085322560300243
S1,2025-11-18,-1,2025-11-18 10:00:00-05:00,24521.75,2025-11-18 11:30:00-05:00,24647.25,-0.00837137283591044
S1,2025-11-18,-1,2025-11-18 12:30:00-05:00,24536.0,2025-11-18 13:00:00-05:00,24753.5,-0.01447169997178181
S1,2025-11-19,1,2025-11-19 10:00:00-05:00,24894.0,2025-11-19 11:00:00-05:00,24768.75,-0.008413727806802825
S1,2025-11-20,-1,2025-11-20 12:30:00-05:00,24448.75,2025-11-20 16:00:00-05:00,24138.25,0.020421246675727547
S1,2025-11-21,1,2025-11-21 14:00:00-05:00,24477.5,2025-11-21 15:30:00-05:00,24388.75,-0.00570307272400559
S1,2025-11-24,1,2025-11-24 10:00:00-05:00,24683.0,2025-11-24 16:00:00-05:00,24935.25,0.015603348222805227
S1,2025-12-05,1,2025-12-05 10:30:00-05:00,25836.75,2025-12-05 11:00:00-05:00,25743.0,-0.005752097387281194
S1,2025-12-11,-1,2025-12-11 10:00:00-05:00,25414.75,2025-12-11 10:30:00-05:00,25599.5,-0.01394343216883732
S1,2025-12-11,-1,2025-12-11 11:30:00-05:00,25467.0,2025-12-11 12:00:00-05:00,25501.25,-0.0026308362582711923
S1,2025-12-12,-1,2025-12-12 10:30:00-05:00,25319.5,2025-12-12 16:00:00-05:00,25209.5,0.008162732743521294
S1,2025-12-15,-1,2025-12-15 10:30:00-05:00,25068.75,2025-12-15 11:00:00-05:00,25154.25,-0.00698413239540533
S1,2025-12-31,-1,2025-12-31 10:00:00-05:00,25606.25,2025-12-31 10:30:00-05:00,25602.25,0.00038522921922993494
S1,2025-12-31,-1,2025-12-31 11:00:00-05:00,25554.25,2025-12-31 11:30:00-05:00,25596.5,-0.005096878900580679
S1,2025-12-31,-1,2025-12-31 15:00:00-05:00,25535.75,2025-12-31 16:00:00-05:00,25455.25,0.009452932379565328
S1,2026-01-02,-1,2026-01-02 12:00:00-05:00,25341.25,2026-01-02 12:30:00-05:00,25388.25,-0.005870265909903782
S1,2026-01-02,-1,2026-01-02 13:00:00-05:00,25323.5,2026-01-02 14:30:00-05:00,25410.75,-0.010818500525058278
S1,2026-01-06,1,2026-01-06 10:00:00-05:00,25753.0,2026-01-06 11:00:00-05:00,25687.0,-0.007648260539269104
S1,2026-01-06,1,2026-01-06 13:00:00-05:00,25759.75,2026-01-06 16:00:00-05:00,25813.5,0.006072776158520786
S1,2026-01-07,1,2026-01-07 12:00:00-05:00,25969.75,2026-01-07 14:30:00-05:00,25899.5,-0.00758817196241306
S1,2026-01-08,-1,2026-01-08 10:00:00-05:00,25603.75,2026-01-08 10:30:00-05:00,25696.75,-0.009986692571759603
S1,2026-01-08,-1,2026-01-08 11:30:00-05:00,25624.5,2026-01-08 12:00:00-05:00,25670.75,-0.005006661875975481
S1,2026-01-08,-1,2026-01-08 12:30:00-05:00,25636.0,2026-01-08 13:00:00-05:00,25681.0,-0.004873505975018687
S1,2026-01-08,-1,2026-01-08 13:30:00-05:00,25658.5,2026-01-08 15:30:00-05:00,25676.0,-0.0019440761539692027
S1,2026-01-09,1,2026-01-09 10:30:00-05:00,25854.25,2026-01-09 11:00:00-05:00,25811.75,-0.004588243352375993
S1,2026-01-09,1,2026-01-09 11:30:00-05:00,25864.5,2026-01-09 16:00:00-05:00,25933.25,0.00721388550200156
S1,2026-01-13,-1,2026-01-13 10:30:00-05:00,25841.75,2026-01-13 11:00:00-05:00,25894.5,-0.005256259180633837
S1,2026-01-14,-1,2026-01-14 10:00:00-05:00,25586.25,2026-01-14 16:00:00-05:00,25636.5,-0.006841775385094552
S1,2026-01-21,1,2026-01-21 10:00:00-05:00,25323.5,2026-01-21 12:00:00-05:00,25229.75,-0.009058422516706813
S1,2026-01-21,1,2026-01-21 14:30:00-05:00,25430.25,2026-01-21 16:00:00-05:00,25471.5,0.0038821810785886336
S1,2026-01-23,1,2026-01-23 11:00:00-05:00,25826.5,2026-01-23 11:30:00-05:00,25791.25,-0.003098684153999876
S1,2026-01-23,1,2026-01-23 12:30:00-05:00,25798.5,2026-01-23 13:00:00-05:00,25693.75,-0.009080866062416305
S1,2026-01-26,1,2026-01-26 11:00:00-05:00,25881.0,2026-01-26 15:00:00-05:00,25879.0,-0.0002363444264555747
S1,2026-01-29,-1,2026-01-29 10:00:00-05:00,25864.5,2026-01-29 16:00:00-05:00,25991.5,-0.010990334716109844
S1,2026-01-30,-1,2026-01-30 13:00:00-05:00,25677.75,2026-01-30 14:00:00-05:00,25741.25,-0.00558661791868934
S1,2026-01-30,-1,2026-01-30 15:30:00-05:00,25595.75,2026-01-30 16:00:00-05:00,25675.5,-0.0069995757580465666
S1,2026-02-02,1,2026-02-02 10:30:00-05:00,25865.5,2026-02-02 15:00:00-05:00,25847.25,-0.0016263755962528925
S1,2026-02-02,1,2026-02-02 15:30:00-05:00,25864.0,2026-02-02 16:00:00-05:00,25856.5,-0.0007061894036361244
S1,2026-02-03,-1,2026-02-03 10:00:00-05:00,25632.75,2026-02-03 16:00:00-05:00,25445.5,0.015340859230605967
S1,2026-02-04,-1,2026-02-04 10:00:00-05:00,25194.25,2026-02-04 10:30:00-05:00,25248.0,-0.004180410736292433
S1,2026-02-04,-1,2026-02-04 11:00:00-05:00,25152.25,2026-02-04 16:00:00-05:00,24994.5,0.012042651111888292
S1,2026-02-05,-1,2026-02-05 10:30:00-05:00,24578.5,2026-02-05 11:00:00-05:00,24635.0,-0.004223639582736741
S1,2026-02-06,1,2026-02-06 11:30:00-05:00,25006.75,2026-02-06 16:00:00-05:00,25146.75,0.009933659788102374
S1,2026-02-09,1,2026-02-09 11:30:00-05:00,25355.75,2026-02-09 13:30:00-05:00,25342.5,-0.00086125249202625
S1,2026-02-09,1,2026-02-09 14:00:00-05:00,25370.0,2026-02-09 15:30:00-05:00,25364.0,-0.00041524673722694196
S1,2026-02-12,-1,2026-02-12 11:00:00-05:00,25011.0,2026-02-12 16:00:00-05:00,24763.5,0.017472850763027615
S1,2026-02-17,-1,2026-02-17 10:00:00-05:00,24483.75,2026-02-17 10:30:00-05:00,24526.0,-0.002881322405131768
S1,2026-02-18,1,2026-02-18 10:00:00-05:00,24941.0,2026-02-18 13:30:00-05:00,25063.25,0.008414201213658401
S1,2026-02-20,1,2026-02-20 11:00:00-05:00,25118.25,2026-02-20 11:30:00-05:00,24977.5,-0.009652080699933447
S1,2026-02-20,1,2026-02-20 12:00:00-05:00,25098.5,2026-02-20 12:30:00-05:00,24926.75,-0.011766670817940068
S1,2026-02-23,-1,2026-02-23 11:00:00-05:00,24743.25,2026-02-23 11:30:00-05:00,24777.75,-0.002364797461276016
S1,2026-02-23,-1,2026-02-23 12:00:00-05:00,24735.0,2026-02-23 12:30:00-05:00,24742.5,-0.0005534632356177909
S1,2026-02-23,-1,2026-02-23 14:30:00-05:00,24714.25,2026-02-23 16:00:00-05:00,24768.0,-0.0036562116777175283
S1,2026-02-24,1,2026-02-24 10:30:00-05:00,25011.25,2026-02-24 11:00:00-05:00,24976.5,-0.002391507084334265
S1,2026-02-24,1,2026-02-24 12:30:00-05:00,25060.25,2026-02-24 13:00:00-05:00,25046.0,-0.0010104959511271544
S1,2026-02-25,1,2026-02-25 10:00:00-05:00,25343.0,2026-02-25 11:00:00-05:00,25295.25,-0.0032491259100121527
S1,2026-02-25,1,2026-02-25 15:00:00-05:00,25368.5,2026-02-25 15:30:00-05:00,25366.75,-0.00016748071701093572
S1,2026-02-26,-1,2026-02-26 10:00:00-05:00,25193.5,2026-02-26 16:00:00-05:00,25083.25,0.0075241135555749955
S1,2026-03-04,1,2026-03-04 10:30:00-05:00,25139.25,2026-03-04 16:00:00-05:00,25120.0,-0.0016289413523666897
S1,2026-03-09,1,2026-03-09 15:30:00-04:00,24952.0,2026-03-09 16:00:00-04:00,24992.25,0.0032083255909927675
S1,2026-03-12,-1,2026-03-12 10:00:00-04:00,24658.75,2026-03-12 11:00:00-04:00,24620.5,0.002891652339771243
S1,2026-03-23,1,2026-03-23 10:00:00-04:00,24600.5,2026-03-23 11:00:00-04:00,24611.0,0.0007315308566326612
S1,2026-03-26,-1,2026-03-26 13:00:00-04:00,23998.5,2026-03-26 16:00:00-04:00,23786.75,0.017573061258075492
S1,2026-03-27,-1,2026-03-27 10:00:00-04:00,23481.0,2026-03-27 11:30:00-04:00,23557.25,-0.005581308363681137
S1,2026-03-27,-1,2026-03-27 12:30:00-04:00,23481.75,2026-03-27 16:00:00-04:00,23308.75,0.012485459294078908
S1,2026-03-30,-1,2026-03-30 14:30:00-04:00,23154.75,2026-03-30 16:00:00-04:00,23135.5,0.0012606317761682051
S1,2026-03-31,1,2026-03-31 10:00:00-04:00,23569.0,2026-03-31 11:00:00-04:00,23409.25,-0.011083108614366375
S1,2026-03-31,1,2026-03-31 11:30:00-04:00,23492.0,2026-03-31 12:00:00-04:00,23446.25,-0.0032109940845360526
S1,2026-03-31,1,2026-03-31 12:30:00-04:00,23550.25,2026-03-31 16:00:00-04:00,23909.75,0.02477299199628621
S1,2026-04-01,1,2026-04-01 10:30:00-04:00,24186.75,2026-04-01 14:30:00-04:00,24154.0,-0.0018237142613991074
S1,2026-04-06,1,2026-04-06 10:00:00-04:00,24411.0,2026-04-06 11:00:00-04:00,24306.25,-0.0056970506453710035
S1,2026-04-07,-1,2026-04-07 10:00:00-04:00,24121.25,2026-04-07 12:30:00-04:00,24189.5,-0.003823889298732982
S1,2026-04-14,1,2026-04-14 10:30:00-04:00,25803.75,2026-04-14 16:00:00-04:00,26000.75,0.009644666762790507
S1,2026-04-15,1,2026-04-15 11:30:00-04:00,26191.75,2026-04-15 13:00:00-04:00,26144.25,-0.002318268926804526
S1,2026-04-15,1,2026-04-15 14:30:00-04:00,26247.5,2026-04-15 16:00:00-04:00,26364.25,0.005573454829208809
S1,2026-04-17,1,2026-04-17 11:30:00-04:00,26842.75,2026-04-17 12:00:00-04:00,26804.75,-0.002112535247472855
S1,2026-04-20,-1,2026-04-20 11:00:00-04:00,26638.25,2026-04-20 11:30:00-04:00,26700.25,-0.004187070185861388
S1,2026-04-22,1,2026-04-22 10:30:00-04:00,26989.5,2026-04-22 11:00:00-04:00,26972.25,-0.0014784684266027034
S1,2026-04-22,1,2026-04-22 14:00:00-04:00,27029.75,2026-04-22 14:30:00-04:00,26999.75,-0.002525716895446285
S1,2026-04-22,1,2026-04-22 15:30:00-04:00,27045.25,2026-04-22 16:00:00-04:00,27080.0,0.002792662583582884
S1,2026-04-24,1,2026-04-24 11:30:00-04:00,27326.0,2026-04-24 16:00:00-04:00,27434.0,0.00802415960776524
S1,2026-04-28,-1,2026-04-28 11:30:00-04:00,27046.0,2026-04-28 12:00:00-04:00,27053.5,-0.0005933062239419771
S1,2026-04-29,1,2026-04-29 11:00:00-04:00,27303.0,2026-04-29 11:30:00-04:00,27275.25,-0.0022025101627210493
S1,2026-04-30,-1,2026-04-30 10:00:00-04:00,27247.25,2026-04-30 11:00:00-04:00,27359.25,-0.008626145078395412
S1,2026-05-01,1,2026-05-01 10:00:00-04:00,27873.5,2026-05-01 16:00:00-04:00,27837.25,-0.0028324353434414757
S1,2026-05-04,-1,2026-05-04 13:00:00-04:00,27705.25,2026-05-04 13:30:00-04:00,27793.25,-0.006752665020967007
S1,2026-05-05,1,2026-05-05 10:00:00-04:00,28085.0,2026-05-05 16:00:00-04:00,28135.75,0.003965091618345725
S1,2026-05-06,1,2026-05-06 10:00:00-04:00,28468.25,2026-05-06 10:30:00-04:00,28420.25,-0.003848885018883978
S1,2026-05-06,1,2026-05-06 11:00:00-04:00,28537.5,2026-05-06 16:00:00-04:00,28710.25,0.013579655861498343
S1,2026-05-07,1,2026-05-07 10:30:00-04:00,28874.25,2026-05-07 11:30:00-04:00,28854.5,-0.0014460128724511432
S1,2026-05-08,1,2026-05-08 10:00:00-04:00,29106.5,2026-05-08 16:00:00-04:00,29339.75,0.016450280276235397
S1,2026-05-12,-1,2026-05-12 10:00:00-04:00,29129.0,2026-05-12 16:00:00-04:00,29174.25,-0.003080624198973325
S1,2026-05-13,1,2026-05-13 12:30:00-04:00,29436.5,2026-05-13 16:00:00-04:00,29476.0,0.0024808952663442478
S1,2026-05-14,1,2026-05-14 10:30:00-04:00,29622.25,2026-05-14 16:00:00-04:00,29686.75,0.0042245528508780385
S1,2026-05-15,-1,2026-05-15 10:00:00-04:00,29144.0,2026-05-15 10:30:00-04:00,29292.25,-0.010587022240492992
S1,2026-05-18,-1,2026-05-18 11:00:00-04:00,29082.25,2026-05-18 16:00:00-04:00,29098.75,-0.0010604773685796022
S1,2026-05-19,-1,2026-05-19 10:30:00-04:00,28711.5,2026-05-19 11:00:00-04:00,28803.75,-0.006072195417970596
S1,2026-05-20,1,2026-05-20 10:30:00-04:00,29208.75,2026-05-20 12:30:00-04:00,29236.25,0.0016726751269543316
S1,2026-05-20,1,2026-05-20 13:30:00-04:00,29295.25,2026-05-20 16:00:00-04:00,29396.25,0.006268623606623242
S1,2026-05-26,1,2026-05-26 10:00:00-04:00,30007.0,2026-05-26 11:30:00-04:00,29999.0,-0.0005213286861711372
S1,2026-05-27,-1,2026-05-27 10:30:00-04:00,29916.75,2026-05-27 11:30:00-04:00,29952.0,-0.0020581709409079074
S1,2026-05-28,1,2026-05-28 11:30:00-04:00,30262.5,2026-05-28 16:00:00-04:00,30306.25,0.0026592628785339772
S1,2026-05-29,1,2026-05-29 10:00:00-04:00,30518.0,2026-05-29 10:30:00-04:00,30405.25,-0.0069339082227778456
S1,2026-06-01,1,2026-06-01 13:00:00-04:00,30581.25,2026-06-01 16:00:00-04:00,30571.25,-0.0007612194312053185
S1,2026-06-03,-1,2026-06-03 10:00:00-04:00,30562.0,2026-06-03 10:30:00-04:00,30722.75,-0.012001864525724848
S1,2026-06-05,-1,2026-06-05 10:00:00-04:00,29774.25,2026-06-05 16:00:00-04:00,29015.75,0.057353079482941334
S1,2026-06-08,1,2026-06-08 11:00:00-04:00,29676.5,2026-06-08 11:30:00-04:00,29630.25,-0.0020468273486579616
S1,2026-06-09,-1,2026-06-09 11:00:00-04:00,29242.0,2026-06-09 16:00:00-04:00,29115.25,0.005286625217766528
S1,2026-06-10,-1,2026-06-10 15:00:00-04:00,28608.25,2026-06-10 16:00:00-04:00,28526.0,0.003470520555019636
S1,2026-06-11,1,2026-06-11 10:00:00-04:00,28899.5,2026-06-11 11:00:00-04:00,28649.5,-0.010574939271415644
S1,2026-06-11,1,2026-06-11 13:30:00-04:00,29086.75,2026-06-11 16:00:00-04:00,29456.75,0.015572467900180366
S1,2026-06-12,1,2026-06-12 11:30:00-04:00,29745.5,2026-06-12 12:00:00-04:00,29440.25,-0.010966054673201978
S1,2026-06-22,-1,2026-06-22 11:00:00-04:00,30639.75,2026-06-22 12:30:00-04:00,30589.5,0.0016924795033033864
S1,2026-06-24,1,2026-06-24 11:00:00-04:00,29891.25,2026-06-24 11:30:00-04:00,29800.75,-0.0030439760712590983
S1,2026-06-24,-1,2026-06-24 14:00:00-04:00,29389.25,2026-06-24 14:30:00-04:00,29540.0,-0.005053834244337024
S1,2026-06-24,-1,2026-06-24 15:00:00-04:00,29346.0,2026-06-24 15:30:00-04:00,29384.0,-0.0012926473727264663
S1,2026-06-25,-1,2026-06-25 10:00:00-04:00,29316.75,2026-06-25 10:30:00-04:00,29586.0,-0.00887774249972572
S1,2026-06-29,1,2026-06-29 13:30:00-04:00,30012.25,2026-06-29 16:00:00-04:00,30046.25,0.0011076406990056177
S1,2026-06-30,1,2026-06-30 10:00:00-04:00,30366.75,2026-06-30 16:00:00-04:00,30513.5,0.00449465944100676
S1,2026-07-02,-1,2026-07-02 11:00:00-04:00,29840.25,2026-07-02 16:00:00-04:00,29538.25,0.00896584186554221
S1,2026-07-07,-1,2026-07-07 10:30:00-04:00,29303.5,2026-07-07 12:00:00-04:00,29388.0,-0.0029893430806926325
S1,2026-07-13,-1,2026-07-13 14:30:00-04:00,29475.0,2026-07-13 15:00:00-04:00,29493.5,-0.0007761715009302955
S1,2026-07-13,-1,2026-07-13 15:30:00-04:00,29419.75,2026-07-13 16:00:00-04:00,29467.0,-0.001935388677644373
S1,2026-07-15,-1,2026-07-15 11:00:00-04:00,29632.0,2026-07-15 11:30:00-04:00,29640.75,-0.00041789224983712853
S1,2026-07-15,-1,2026-07-15 12:00:00-04:00,29580.25,2026-07-15 13:30:00-04:00,29604.75,-0.00111071361140921
S1,2026-07-16,-1,2026-07-16 15:00:00-04:00,29210.0,2026-07-16 16:00:00-04:00,29217.0,-0.0003474340155447497
S1,2026-07-23,-1,2026-07-23 11:00:00-04:00,28597.25,2026-07-23 12:00:00-04:00,28588.5,0.0004060675603367709
S1,2026-07-24,-1,2026-07-24 10:00:00-04:00,28323.0,2026-07-24 11:00:00-04:00,28449.0,-0.006445175330779289
S1,2026-07-24,-1,2026-07-24 14:30:00-04:00,28337.75,2026-07-24 16:00:00-04:00,28283.25,0.002733161136326523
S1,2026-07-27,-1,2026-07-27 10:30:00-04:00,28086.5,2026-07-27 12:30:00-04:00,28154.25,-0.003642961713364554
S1,2026-07-27,-1,2026-07-27 13:00:00-04:00,28047.0,2026-07-27 15:00:00-04:00,28188.75,-0.007578424002254729
S1,2026-07-28,-1,2026-07-28 10:00:00-04:00,27665.5,2026-07-28 11:30:00-04:00,27965.75,-0.017279624146232738
S1,2026-07-29,-1,2026-07-29 10:00:00-04:00,27735.25,2026-07-29 14:30:00-04:00,27777.0,-0.0024364362248336445
S1,2026-07-29,-1,2026-07-29 15:30:00-04:00,27711.25,2026-07-29 16:00:00-04:00,27335.0,0.02152663064529491
S1,2026-07-30,1,2026-07-30 10:00:00-04:00,28150.5,2026-07-30 11:30:00-04:00,28010.5,-0.008566431476545754
S1,2026-07-30,1,2026-07-30 12:00:00-04:00,28078.75,2026-07-30 16:00:00-04:00,28229.0,0.009098980502618757
S1,2026-08-03,1,2026-08-03 10:00:00-04:00,28623.75,2026-08-03 16:00:00-04:00,28901.25,0.012745129382190636
S1,2026-08-04,1,2026-08-04 10:00:00-04:00,29465.25,2026-08-04 16:00:00-04:00,29877.75,0.017795486080518307
S1,2026-08-13,1,2026-08-13 10:00:00-04:00,30175.75,2026-08-13 12:00:00-04:00,30117.25,-0.0024512149080352314
S1,2026-08-13,1,2026-08-13 12:30:00-04:00,30186.75,2026-08-13 16:00:00-04:00,30194.75,0.00029993768916886804
S1,2026-08-24,-1,2026-08-24 10:00:00-04:00,29022.25,2026-08-24 11:30:00-04:00,29122.0,-0.005676194313946997
S1,2026-08-27,1,2026-08-27 12:30:00-04:00,29603.5,2026-08-27 14:00:00-04:00,29612.0,0.0006584658242163452
S1,2026-08-28,1,2026-08-28 11:00:00-04:00,29796.5,2026-08-28 11:30:00-04:00,29783.25,-0.0011488797539516362
S1,2026-08-28,-1,2026-08-28 12:30:00-04:00,29488.5,2026-08-28 14:00:00-04:00,29515.75,-0.0022977595079032723
S1,2026-08-28,-1,2026-08-28 14:30:00-04:00,29483.25,2026-08-28 16:00:00-04:00,29496.5,-0.0011488797539516362
S1,2026-09-03,1,2026-09-03 10:00:00-04:00,29331.75,2026-09-03 16:00:00-04:00,29530.75,0.017190873829021392
S1,2026-09-04,1,2026-09-04 10:00:00-04:00,29690.5,2026-09-04 10:30:00-04:00,29596.25,-0.007350005040474698
S1,2026-09-21,1,2026-09-21 10:00:00-04:00,30416.5,2026-09-21 16:00:00-04:00,30784.25,0.03038848628470922
S1,2026-09-22,1,2026-09-22 10:00:00-04:00,30929.75,2026-09-22 12:00:00-04:00,30911.25,-0.0015658516216334633
S1,2026-09-22,1,2026-09-22 13:00:00-04:00,30941.25,2026-09-22 16:00:00-04:00,31029.25,0.007097171635715308
S1,2026-09-23,-1,2026-09-23 10:00:00-04:00,30846.75,2026-09-23 16:00:00-04:00,30770.25,0.006013252420338732
S1,2026-09-28,-1,2026-09-28 10:30:00-04:00,30547.75,2026-09-28 12:30:00-04:00,30683.5,-0.01195576347478217
