strategy,date,side,entry_time,entry,exit_time,exit,ret,r1,r12,vix_prev
S2,2018-09-04,-1,2018-09-04 15:30:00-04:00,7629.0,2018-09-04 16:00:00-04:00,7628.25,0.0,-0.0043205027494108705,-0.0003930946375340083,12.86
S2,2018-09-05,-1,2018-09-05 15:30:00-04:00,7527.75,2018-09-05 16:00:00-04:00,7528.5,-0.00019926272790674504,-0.009307508275161358,-0.0007300723435321732,13.16
S2,2018-09-10,1,2018-09-10 15:30:00-04:00,7454.5,2018-09-10 16:00:00-04:00,7455.0,-3.3536789858474753e-05,0.0008068040474669136,0.00016771207191501603,14.88
S2,2018-09-24,1,2018-09-24 15:30:00-04:00,7574.0,2018-09-24 16:00:00-04:00,7579.25,0.0005941378399788751,0.0030643173566931026,0.0007597780126848974,11.68
S2,2018-09-26,1,2018-09-26 15:30:00-04:00,7647.0,2018-09-26 16:00:00-04:00,7593.25,-0.007126977899829998,0.0028981688842049103,0.00029432925632799645,12.42
S2,2018-10-04,-1,2018-10-04 15:30:00-04:00,7493.25,2018-10-04 16:00:00-04:00,7514.0,-0.002869248990758349,-0.009428422288920824,-0.0015657272303284397,11.61
S2,2018-10-05,-1,2018-10-05 15:30:00-04:00,7427.5,2018-10-05 16:00:00-04:00,7420.75,0.0008078088185796029,-0.004657971785999471,-0.0006391280947255495,14.22
S2,2018-10-08,-1,2018-10-08 15:30:00-04:00,7371.5,2018-10-08 16:00:00-04:00,7376.5,-0.00078003120124805,-0.0008085436108210553,-0.00027125080527579115,14.82
S2,2018-10-10,-1,2018-10-10 15:30:00-04:00,7168.25,2018-10-10 16:00:00-04:00,7071.5,0.013392390053360305,-0.01859301578716066,-0.0033370411568409697,15.95
S2,2018-10-11,1,2018-10-11 15:30:00-04:00,7040.5,2018-10-11 16:00:00-04:00,6984.25,-0.008096015907961081,0.008944354097433438,0.010767739851405222,22.96
S2,2018-10-12,1,2018-10-12 15:30:00-04:00,7155.0,2018-10-12 16:00:00-04:00,7176.75,0.0029350104821802936,0.023588789061101734,0.004668632406627404,24.98
S2,2018-10-15,-1,2018-10-15 15:30:00-04:00,7116.0,2018-10-15 16:00:00-04:00,7084.75,0.004286115795390669,-0.009753718605218231,-0.004511593746721276,21.31
S2,2018-10-16,1,2018-10-16 15:30:00-04:00,7273.5,2018-10-16 16:00:00-04:00,7291.0,0.00230288031896611,0.014926426479410004,0.0019630127079244275,21.3
S2,2018-10-18,-1,2018-10-18 15:30:00-04:00,7135.25,2018-10-18 16:00:00-04:00,7131.75,0.0003854104621421815,-0.008599719053003052,-0.0008051529790660261,17.4
S2,2018-10-19,1,2018-10-19 15:30:00-04:00,7142.5,2018-10-19 16:00:00-04:00,7119.25,-0.00336016800840042,0.011918533319311475,0.0029487134482395483,20.06
S2,2018-10-23,-1,2018-10-23 15:30:00-04:00,7145.5,2018-10-23 16:00:00-04:00,7132.25,0.0017493527394863901,-0.02001886594696578,-6.997166147715284e-05,19.64
S2,2018-10-24,-1,2018-10-24 15:30:00-04:00,6875.75,2018-10-24 16:00:00-04:00,6798.25,0.011162418645238701,-0.0058536927337095035,-0.009008684371734299,20.71
S2,2018-10-25,1,2018-10-25 15:30:00-04:00,7063.5,2018-10-25 16:00:00-04:00,7030.5,-0.0047780845190061585,0.022616114441216473,0.0007792575800509294,25.23
S2,2018-10-30,1,2018-10-30 15:30:00-04:00,6795.75,2018-10-30 16:00:00-04:00,6817.75,0.0031269543464665416,0.008729244827458071,0.00302571860816947,24.7
S2,2018-11-05,-1,2018-11-05 15:30:00-05:00,6935.0,2018-11-05 16:00:00-05:00,6943.0,-0.001261715933669791,-0.008685665063527415,-0.0017633510868000357,19.51
S2,2018-11-06,1,2018-11-06 15:30:00-05:00,6974.75,2018-11-06 16:00:00-05:00,6995.5,0.0028674862898311767,0.011162321762926641,0.002731651211271613,19.96
S2,2018-11-07,1,2018-11-07 15:30:00-05:00,7191.25,2018-11-07 16:00:00-05:00,7210.25,0.00253780636189814,0.013222786076763526,0.0020204131396523994,19.91
S2,2018-11-08,-1,2018-11-08 15:30:00-05:00,7142.25,2018-11-08 16:00:00-05:00,7168.25,-0.003745318352059925,-0.0022190631392808857,-0.0011188811188811432,16.36
S2,2018-11-15,-1,2018-11-15 15:30:00-05:00,6862.5,2018-11-15 16:00:00-05:00,6903.5,-0.006083788706739526,-0.0032069003649231043,-0.0052906218292506635,21.25
S2,2018-11-19,-1,2018-11-19 15:30:00-05:00,6676.5,2018-11-19 16:00:00-05:00,6652.75,0.003444918744851344,-0.012283762174734703,-0.0006361799266522139,18.14
S2,2018-11-27,-1,2018-11-27 15:30:00-05:00,6689.5,2018-11-27 16:00:00-05:00,6706.75,-0.0026907840645788174,-0.0027672861897460876,-0.0009707287933093944,18.9
S2,2018-11-28,1,2018-11-28 15:30:00-05:00,6893.5,2018-11-28 16:00:00-05:00,6919.75,0.0036991368680641184,0.005926864725835923,0.0033112582781456013,19.02
S2,2018-11-29,-1,2018-11-29 15:30:00-05:00,6927.75,2018-11-29 16:00:00-05:00,6898.75,0.004077803038504565,-0.00364897575779477,-0.001908878083918597,18.49
S2,2018-12-03,1,2018-12-03 15:30:00-05:00,7057.75,2018-12-03 16:00:00-05:00,7065.75,0.0010272395593496511,0.014171642327890144,0.0017743080198722172,18.07
S2,2018-12-04,-1,2018-12-04 15:30:00-05:00,6818.25,2018-12-04 16:00:00-05:00,6801.0,0.0024199758002419977,-0.0054134380638998225,-0.006447852537248222,16.44
S2,2018-12-11,1,2018-12-11 15:30:00-05:00,6740.5,2018-12-11 16:00:00-05:00,6706.25,-0.00519249313849121,0.012939416604338172,0.0026402885723848524,22.64
S2,2018-12-13,1,2018-12-13 15:30:00-05:00,6754.5,2018-12-13 16:00:00-05:00,6767.5,0.0018136057443186024,0.00302963127170619,0.00037024695471887803,21.46
S2,2018-12-14,-1,2018-12-14 15:30:00-05:00,6613.75,2018-12-14 16:00:00-05:00,6595.25,0.0026838026838026836,-0.011488732914665678,-0.0007177123862047718,20.65
S2,2018-12-17,-1,2018-12-17 15:30:00-05:00,6426.0,2018-12-17 16:00:00-05:00,6457.5,-0.005018674136321195,-0.009438611121640572,-0.0068776322398670375,21.63
S2,2018-12-26,1,2018-12-26 15:30:00-05:00,6188.0,2018-12-26 16:00:00-05:00,6277.5,0.014342275371687137,0.016711910417373632,0.0038937335226121306,36.07
S2,2019-01-02,-1,2019-01-02 15:30:00-05:00,6349.75,2019-01-02 16:00:00-05:00,6373.25,-0.0038190479940155126,-0.013158413111137413,-0.003570167523245349,25.42
S2,2019-01-03,-1,2019-01-03 15:30:00-05:00,6175.5,2019-01-03 16:00:00-05:00,6158.75,0.002590883329285078,-0.018985603891264247,-0.0006068943194691423,23.22
S2,2019-01-07,1,2019-01-07 15:30:00-05:00,6515.5,2019-01-07 16:00:00-05:00,6500.5,-0.002417312562351316,0.0012819516743065584,0.00450971322849214,21.38
S2,2019-01-08,1,2019-01-08 15:30:00-05:00,6566.75,2019-01-08 16:00:00-05:00,6564.5,-0.00045684699432748315,0.0063456657180216425,0.0014106523313888175,21.4
S2,2019-01-09,1,2019-01-09 15:30:00-05:00,6627.5,2019-01-09 16:00:00-05:00,6615.0,-0.001999245567710298,0.006398050118059162,0.000754973387188107,20.47
S2,2019-01-14,-1,2019-01-14 15:30:00-05:00,6568.25,2019-01-14 16:00:00-05:00,6552.25,0.002321775206485746,-0.012097383940722795,-0.00034241363567188987,18.19
S2,2019-01-15,1,2019-01-15 15:30:00-05:00,6669.5,2019-01-15 16:00:00-05:00,6681.75,0.0017242671864457606,0.014079133122209875,0.001501670608551997,19.07
S2,2019-01-16,1,2019-01-16 15:30:00-05:00,6699.0,2019-01-16 16:00:00-05:00,6680.25,-0.002910882221227049,0.006061286339656524,0.0008217233780301036,18.6
S2,2019-01-17,1,2019-01-17 15:30:00-05:00,6722.75,2019-01-17 16:00:00-05:00,6730.25,0.0010040534007660557,0.0012724074697803012,0.0008187874502214587,19.04
S2,2019-01-23,1,2019-01-23 15:30:00-05:00,6662.75,2019-01-23 16:00:00-05:00,6669.0,0.0008254849724212976,0.007050969508307414,0.004220204227740387,20.8
S2,2019-01-24,1,2019-01-24 15:30:00-05:00,6702.25,2019-01-24 16:00:00-05:00,6708.0,0.0007460181282405162,0.002774029089818608,0.0011204063340304327,19.52
S2,2019-02-05,1,2019-02-05 15:30:00-05:00,7031.75,2019-02-05 16:00:00-05:00,7025.25,-0.0010310377928680627,0.005960074680453786,0.0013171947312211607,15.73
S2,2019-02-11,1,2019-02-11 15:30:00-05:00,6916.25,2019-02-11 16:00:00-05:00,6915.75,-0.0001807337791433219,0.001408755960121466,0.001411713603127529,15.72
S2,2019-02-12,1,2019-02-12 15:30:00-05:00,7026.75,2019-02-12 16:00:00-05:00,7018.75,-0.001245241398939766,0.00968803094386006,0.0017463824934065286,15.97
S2,2019-02-20,1,2019-02-20 15:30:00-05:00,7067.25,2019-02-20 16:00:00-05:00,7071.75,0.0005306165764618487,0.002934002615857745,0.00010614208887638199,14.88
S2,2019-02-22,1,2019-02-22 15:30:00-05:00,7083.0,2019-02-22 16:00:00-05:00,7095.5,0.0016589015953691938,0.004863329783457493,0.0025122960970949126,14.46
S2,2019-02-27,-1,2019-02-27 15:30:00-05:00,7117.5,2019-02-27 16:00:00-05:00,7122.75,-0.0008429926238145416,-0.005365785228308884,-0.000245803778355258,15.17
S2,2019-02-28,-1,2019-02-28 15:30:00-05:00,7111.5,2019-02-28 16:00:00-05:00,7104.5,0.0008788581874428741,-0.0016145449440173598,-0.00021087407303277406,14.7
S2,2019-03-04,1,2019-03-04 15:30:00-05:00,7133.25,2019-03-04 16:00:00-05:00,7155.0,0.002943959625696562,0.00716232268884065,0.0001752725488133322,13.57
S2,2019-03-05,-1,2019-03-05 15:30:00-05:00,7173.25,2019-03-05 16:00:00-05:00,7160.0,0.0017425852995504132,-0.002585604472396974,-0.0007313505607020598,14.63
S2,2019-03-06,-1,2019-03-06 15:30:00-05:00,7113.5,2019-03-06 16:00:00-05:00,7117.5,-0.0006677444296056794,-0.000628491620111693,-0.001649007087221932,14.74
S2,2019-03-07,-1,2019-03-07 15:30:00-05:00,7010.75,2019-03-07 16:00:00-05:00,7030.5,-0.002924080875797882,-0.009413417632595733,-0.00017826583000568608,15.74
S2,2019-03-08,-1,2019-03-08 15:30:00-05:00,6986.0,2019-03-08 16:00:00-05:00,7019.0,-0.00483109075293444,-0.009565464760685538,-0.0021068418797314248,16.59
S2,2019-03-20,-1,2019-03-20 15:30:00-04:00,7430.5,2019-03-20 16:00:00-04:00,7413.25,0.002220577350111029,-0.0021673608994547955,-0.0017800167926113053,13.56
S2,2019-03-21,1,2019-03-21 15:30:00-04:00,7525.0,2019-03-21 16:00:00-04:00,7526.75,0.000132890365448505,0.0029676592587597472,3.322369513947265e-05,13.91
S2,2019-03-22,-1,2019-03-22 15:30:00-04:00,7386.75,2019-03-22 16:00:00-04:00,7358.25,0.003756726571225505,-0.010329823629056323,-0.0035409570701109283,13.63
S2,2019-03-28,1,2019-03-28 15:30:00-04:00,7342.25,2019-03-28 16:00:00-04:00,7346.75,0.0005107426197691443,0.0024539040932483047,0.0009884454139541532,15.15
S2,2019-04-05,1,2019-04-05 15:30:00-04:00,7604.0,2019-04-05 16:00:00-04:00,7604.0,-9.863229879011047e-05,0.003767100654285871,0.0009543554809623433,13.58
S2,2019-04-09,-1,2019-04-09 15:30:00-04:00,7590.25,2019-04-09 16:00:00-04:00,7595.25,-0.0007575508053094431,-0.0023281741867785533,-0.00029634507737896776,13.18
S2,2019-04-10,1,2019-04-10 15:30:00-04:00,7633.0,2019-04-10 16:00:00-04:00,7636.75,0.00039303026333027647,0.001843257298969725,0.001640312315464909,14.28
S2,2019-04-11,-1,2019-04-11 15:30:00-04:00,7605.25,2019-04-11 16:00:00-04:00,7617.0,-0.001643601459518096,-0.0022260778472518172,-0.0002629157355067413,13.3
S2,2019-04-12,1,2019-04-12 15:30:00-04:00,7645.5,2019-04-12 16:00:00-04:00,7650.25,0.0005231835720358381,0.0039057371668635987,0.0002616687927257111,13.02
S2,2019-04-18,-1,2019-04-18 15:30:00-04:00,7708.75,2019-04-18 16:00:00-04:00,7710.5,-0.00032430679422733907,-0.0021749715955201587,-0.0003565986967938306,12.6
S2,2019-04-22,-1,2019-04-22 15:30:00-04:00,7723.75,2019-04-22 16:00:00-04:00,7733.0,-0.0012947078815342288,-0.0017184358990985915,-0.00022652988576421507,12.09
S2,2019-04-24,-1,2019-04-24 15:30:00-04:00,7820.25,2019-04-24 16:00:00-04:00,7804.0,0.0019820338224481315,-0.0005428708286763229,-0.0006389572218139516,12.28
S2,2019-04-29,-1,2019-04-29 15:30:00-04:00,7857.0,2019-04-29 16:00:00-04:00,7854.75,0.00019091256204658267,-9.564496588665428e-05,-0.000985409580724128,12.73
S2,2019-04-30,-1,2019-04-30 15:30:00-04:00,7785.75,2019-04-30 16:00:00-04:00,7795.75,-0.0013807276113412324,-0.0077660014640822395,-0.0005776636713735739,13.11
S2,2019-05-02,1,2019-05-02 15:30:00-04:00,7735.0,2019-05-02 16:00:00-04:00,7736.5,9.696186166774402e-05,0.001770766258853751,0.0016185944126121399,14.8
S2,2019-05-06,-1,2019-05-06 15:30:00-04:00,7807.0,2019-05-06 16:00:00-04:00,7808.5,-0.0002882028948379659,-0.01345933562428403,-0.000927792174552855,12.87
S2,2019-05-07,-1,2019-05-07 15:30:00-04:00,7604.5,2019-05-07 16:00:00-04:00,7654.25,-0.00664080478663949,-0.012678491387590474,-0.0011820719093744714,15.44
S2,2019-05-13,-1,2019-05-13 15:30:00-04:00,7336.75,2019-05-13 16:00:00-04:00,7334.5,0.00020445019933894434,-0.027465298335635824,-0.004815191590369583,16.04
S2,2019-05-14,1,2019-05-14 15:30:00-04:00,7440.0,2019-05-14 16:00:00-04:00,7412.75,-0.0037634408602150535,0.003817574476787877,0.0004706356943557921,20.55
S2,2019-05-17,-1,2019-05-17 15:30:00-04:00,7533.25,2019-05-17 16:00:00-04:00,7514.25,0.002422593170278432,-0.00615739216331912,-0.004854849895967517,15.29
S2,2019-05-21,1,2019-05-21 15:30:00-04:00,7467.75,2019-05-21 16:00:00-04:00,7463.25,-0.0007030229988952496,0.007681115284404294,3.347952726917569e-05,16.31
S2,2019-05-22,-1,2019-05-22 15:30:00-04:00,7448.5,2019-05-22 16:00:00-04:00,7430.5,0.0023159025307108814,-0.0018088634308109919,-0.0009054022333254697,14.95
S2,2019-05-30,1,2019-05-30 15:30:00-04:00,7243.0,2019-05-30 16:00:00-04:00,7251.75,0.001104514703851995,0.0052600615980897825,0.0007253635453006169,17.9
S2,2019-05-31,-1,2019-05-31 15:30:00-04:00,7144.5,2019-05-31 16:00:00-04:00,7131.25,0.0017495975925537128,-0.013996621505153906,-0.001327928431646641,17.3
S2,2019-06-03,-1,2019-06-03 15:30:00-04:00,6957.75,2019-06-03 16:00:00-04:00,6980.25,-0.003341597499191549,-0.011042944785276121,-0.0024731182795698636,18.71
S2,2019-06-04,1,2019-06-04 15:30:00-04:00,7153.75,2019-06-04 16:00:00-04:00,7171.5,0.0023763760265594967,0.008667311342716921,0.001960852971042426,18.86
S2,2019-06-05,1,2019-06-05 15:30:00-04:00,7211.75,2019-06-05 16:00:00-04:00,7226.0,0.0018719450896107048,0.0053336122150178245,0.0007979738403358638,16.97
S2,2019-06-07,1,2019-06-07 15:30:00-04:00,7431.75,2019-06-07 16:00:00-04:00,7421.25,-0.0015137753557372085,0.012463091396003545,0.0016173051652683679,15.93
S2,2019-06-11,1,2019-06-11 15:30:00-04:00,7518.0,2019-06-11 16:00:00-04:00,7517.5,-0.00016626762436818302,0.008093255620316375,0.000598902012976188,15.94
S2,2019-06-12,-1,2019-06-12 15:30:00-04:00,7471.0,2019-06-12 16:00:00-04:00,7475.25,-0.000669254450542096,-0.0021283671433321993,-0.0010362694300518616,15.99
S2,2019-06-24,-1,2019-06-24 15:30:00-04:00,7754.25,2019-06-24 16:00:00-04:00,7753.0,6.448076861076183e-05,-0.002123893805309751,-0.0007410032539708622,15.4
S2,2019-06-25,-1,2019-06-25 15:30:00-04:00,7624.0,2019-06-25 16:00:00-04:00,7621.75,0.00019674711437565586,-0.0034502773120083097,-0.0001967019637412193,15.26
S2,2019-06-26,1,2019-06-26 15:30:00-04:00,7656.25,2019-06-26 16:00:00-04:00,7655.5,-0.0001959183673469388,0.011053891822744077,0.0004246700640271328,16.28
S2,2019-06-27,1,2019-06-27 15:30:00-04:00,7688.75,2019-06-27 16:00:00-04:00,7684.0,-0.0007153308405137376,0.004865782770557159,0.00013007284079091797,16.21
S2,2019-06-28,-1,2019-06-28 15:30:00-04:00,7671.75,2019-06-28 16:00:00-04:00,7693.75,-0.002965425098575944,-0.0016267568974492885,-0.0004885675200312356,15.82
S2,2019-07-01,1,2019-07-01 15:30:00-04:00,7786.25,2019-07-01 16:00:00-04:00,7793.25,0.0008026970621287527,0.016896831844029236,0.0029627721241787253,15.08
S2,2019-07-05,-1,2019-07-05 15:30:00-04:00,7870.5,2019-07-05 16:00:00-04:00,7868.5,0.0001588209135378947,-0.010078280987544819,-0.0010470871938063064,12.57
S2,2019-07-09,-1,2019-07-09 15:30:00-04:00,7834.75,2019-07-09 16:00:00-04:00,7850.25,-0.0020740929831838924,-0.0016323656499055428,-0.0013065230553519491,13.96
S2,2019-07-10,1,2019-07-10 15:30:00-04:00,7917.25,2019-07-10 16:00:00-04:00,7927.25,0.0011683349647920679,0.012037833190025715,0.00022109219544552694,14.09
S2,2019-07-15,1,2019-07-15 15:30:00-04:00,7984.5,2019-07-15 16:00:00-04:00,7988.0,0.00034441730853528713,0.0006277069863787066,9.393787575140422e-05,12.39
S2,2019-07-18,-1,2019-07-18 15:30:00-04:00,7912.0,2019-07-18 16:00:00-04:00,7920.75,-0.0012007077856420628,-0.0025286847678350766,-0.0011677081360853547,13.97
S2,2019-07-22,1,2019-07-22 15:30:00-04:00,7920.5,2019-07-22 16:00:00-04:00,7921.25,0.0,0.007767484799287017,9.469696969688357e-05,14.45
S2,2019-07-23,1,2019-07-23 15:30:00-04:00,7959.75,2019-07-23 16:00:00-04:00,7970.0,0.001193504821131317,0.0014202303929304883,3.140999466033634e-05,13.53
S2,2019-07-26,1,2019-07-26 15:30:00-04:00,8036.25,2019-07-26 16:00:00-04:00,8028.25,-0.0010888163011354799,0.010035549123855736,6.222194568028527e-05,12.74
S2,2019-07-29,-1,2019-07-29 15:30:00-04:00,8000.0,2019-07-29 16:00:00-04:00,8002.25,-0.000375,-0.007224488524896433,-0.00037487113804635097,12.16
S2,2019-07-30,-1,2019-07-30 15:30:00-04:00,7965.75,2019-07-30 16:00:00-04:00,7967.0,-0.00025107491447760725,-0.005342247492892582,-0.0014102604280923359,12.83
S2,2019-07-31,1,2019-07-31 15:30:00-04:00,7908.5,2019-07-31 16:00:00-04:00,7859.25,-0.006322311437061389,0.0016317308899209682,0.005243421888903033,13.94
S2,2019-08-01,1,2019-08-01 15:30:00-04:00,7827.25,2019-08-01 16:00:00-04:00,7813.5,-0.0018525024753265834,0.008906702293475899,0.0008631437613886295,16.12
S2,2019-08-08,1,2019-08-08 15:30:00-04:00,7704.5,2019-08-08 16:00:00-04:00,7732.25,0.0035044454539554805,0.007970631035851383,0.000259647528480178,19.49
S2,2019-08-15,1,2019-08-15 15:30:00-04:00,7491.5,2019-08-15 16:00:00-04:00,7493.75,0.00020022692384702662,0.0019995334421967215,0.0014370216890018384,22.1
S2,2019-08-16,1,2019-08-16 15:30:00-04:00,7612.5,2019-08-16 16:00:00-04:00,7612.5,-9.852216748768474e-05,0.01024186822351969,9.852863899095787e-05,21.18
S2,2019-08-19,1,2019-08-19 15:30:00-04:00,7733.5,2019-08-19 16:00:00-04:00,7728.0,-0.0008081722376672917,0.01418719211822661,0.00022633944449834686,18.47
S2,2019-08-21,1,2019-08-21 15:30:00-04:00,7735.25,2019-08-21 16:00:00-04:00,7740.75,0.0006140719433761029,0.010782461398136656,0.0009057971014492239,17.5
S2,2019-08-23,-1,2019-08-23 15:30:00-04:00,7482.5,2019-08-23 16:00:00-04:00,7473.75,0.0010691613765452723,-0.007744904241874351,-0.0013680347013680372,16.68
S2,2019-08-28,-1,2019-08-28 15:30:00-04:00,7590.5,2019-08-28 16:00:00-04:00,7593.5,-0.0004940386008826823,-0.0027077898490902585,-0.0008555727401362567,20.31
S2,2019-08-30,1,2019-08-30 15:30:00-04:00,7674.5,2019-08-30 16:00:00-04:00,7691.25,0.0020848263730536194,0.0026596607310822584,0.0004888859917866473,17.88
S2,2019-09-04,1,2019-09-04 15:30:00-04:00,7720.25,2019-09-04 16:00:00-04:00,7723.5,0.00032382371037207344,0.009554453820139974,0.0012644684369225168,19.66
S2,2019-09-05,1,2019-09-05 15:30:00-04:00,7869.25,2019-09-05 16:00:00-04:00,7865.5,-0.0005718461098579915,0.015472259985757741,0.0008585055643879347,17.33
S2,2019-09-10,-1,2019-09-10 15:30:00-04:00,7771.5,2019-09-10 16:00:00-04:00,7818.75,-0.006176413819725922,-0.009601275917065388,-0.00016081824322156102,15.27
S2,2019-09-11,1,2019-09-11 15:30:00-04:00,7873.5,2019-09-11 16:00:00-04:00,7889.75,0.0019686289451959103,0.0036450839328536766,0.0006672597864769703,15.2
S2,2019-09-13,-1,2019-09-13 15:30:00-04:00,7890.0,2019-09-13 16:00:00-04:00,7894.5,-0.0006653992395437262,-0.0015781831955052894,-0.0012341772151899244,14.22
S2,2019-09-23,1,2019-09-23 15:30:00-04:00,7858.0,2019-09-23 16:00:00-04:00,7840.0,-0.002386103334181726,0.00019147917663953073,0.000604845127813336,15.32
S2,2019-10-01,1,2019-10-01 15:30:00-04:00,7722.75,2019-10-01 16:00:00-04:00,7701.25,-0.002881098054449516,0.008625406327443574,3.2371888252225034e-05,16.24
S2,2019-10-02,-1,2019-10-02 15:30:00-04:00,7573.25,2019-10-02 16:00:00-04:00,7566.0,0.0008582840920344633,-0.012303197532868015,-6.601531555316953e-05,18.56
S2,2019-10-08,-1,2019-10-08 15:30:00-04:00,7668.5,2019-10-08 16:00:00-04:00,7616.5,0.006683184455890982,-0.011923226056611114,-0.0007166824119620996,17.86
S2,2019-10-09,1,2019-10-09 15:30:00-04:00,7725.25,2019-10-09 16:00:00-04:00,7700.75,-0.0032685026374550986,0.007483752379702002,0.0004208617954610805,20.28
S2,2019-10-10,1,2019-10-10 15:30:00-04:00,7753.75,2019-10-10 16:00:00-04:00,7754.25,-3.224246332419796e-05,0.007239554588838848,0.0019382349140715238,18.64
S2,2019-10-11,1,2019-10-11 15:30:00-04:00,7908.25,2019-10-11 16:00:00-04:00,7851.25,-0.007302500553219739,0.01531418254505601,0.00012647021626399635,17.57
S2,2019-10-14,1,2019-10-14 15:30:00-04:00,7866.75,2019-10-14 16:00:00-04:00,7854.0,-0.0017160835160644483,0.0006368412673141144,0.00022251184080857023,15.58
S2,2019-10-15,1,2019-10-15 15:30:00-04:00,7963.25,2019-10-15 16:00:00-04:00,7953.0,-0.0013813455561485575,0.005220269926152321,0.00015699572971605846,14.57
S2,2019-10-16,-1,2019-10-16 15:30:00-04:00,7923.5,2019-10-16 16:00:00-04:00,7933.75,-0.0013882753833533161,-0.004055073557148292,-0.0010716086737266872,13.54
S2,2019-10-22,1,2019-10-22 15:30:00-04:00,7904.75,2019-10-22 16:00:00-04:00,7884.75,-0.002625003953319207,0.002988737179890455,0.00015815277558117735,14.0
S2,2019-10-24,1,2019-10-24 15:30:00-04:00,7964.5,2019-10-24 16:00:00-04:00,7973.0,0.0009730679892020843,0.00446414437232856,0.0005339028296849069,14.01
S2,2019-10-28,1,2019-10-28 15:30:00-04:00,8124.75,2019-10-28 16:00:00-04:00,8116.5,-0.0011077263915812794,0.006999968889027208,0.0008314855875830585,12.65
S2,2019-11-06,-1,2019-11-06 15:30:00-05:00,8193.5,2019-11-06 16:00:00-05:00,8201.75,-0.0010984316836516752,-0.001917224589166211,-0.0002745325321050762,13.1
S2,2019-11-11,-1,2019-11-11 15:30:00-05:00,8245.75,2019-11-11 16:00:00-05:00,8249.0,-0.0004850983840160083,-0.003994432003873394,-0.00021217907914283796,12.07
S2,2019-11-12,1,2019-11-12 15:30:00-05:00,8261.0,2019-11-12 16:00:00-05:00,8271.5,0.0011802445224549085,0.002818523457388755,0.0009996970614964962,12.69
S2,2019-11-18,-1,2019-11-18 15:30:00-05:00,8333.0,2019-11-18 16:00:00-05:00,8333.5,-0.00015000600024000962,-0.0027047332832457194,-0.0008393033781960435,12.05
S2,2019-11-20,-1,2019-11-20 15:30:00-05:00,8267.25,2019-11-20 16:00:00-05:00,8293.0,-0.0032054189724515405,-0.0014081975071907893,-0.0010270972419418323,12.86
S2,2019-11-21,-1,2019-11-21 15:30:00-05:00,8278.5,2019-11-21 16:00:00-05:00,8272.5,0.0006341728574017031,-0.002411672494875172,-0.0006036095853202417,12.78
S2,2019-11-22,1,2019-11-22 15:30:00-05:00,8276.75,2019-11-22 16:00:00-05:00,8277.75,3.0205092578608746e-05,0.0015714717437291803,0.0008162031438936346,13.13
S2,2019-11-25,1,2019-11-25 15:30:00-05:00,8371.5,2019-11-25 16:00:00-05:00,8376.75,0.0005375380756136893,0.008818821539669619,0.000806957769210026,12.34
S2,2019-11-27,1,2019-11-27 15:30:00-05:00,8445.0,2019-11-27 16:00:00-05:00,8449.25,0.00041444641799881585,0.002830076263107717,0.00044426015874887703,11.54
S2,2019-12-02,-1,2019-12-02 15:30:00-05:00,8315.75,2019-12-02 16:00:00-05:00,8316.0,-0.0001202537353816553,-0.00964677945978032,-0.001770548870149713,12.62
S2,2019-12-05,1,2019-12-05 15:30:00-05:00,8312.5,2019-12-05 16:00:00-05:00,8312.5,-9.022556390977444e-05,0.0010544709568571786,0.0014155347408366659,14.8
S2,2019-12-09,1,2019-12-09 15:30:00-05:00,8383.0,2019-12-09 16:00:00-05:00,8365.0,-0.002236669450077538,0.002321497663620997,0.00014913353416656783,13.62
S2,2019-12-10,-1,2019-12-10 15:30:00-05:00,8362.5,2019-12-10 16:00:00-05:00,8359.0,0.00032884902840059794,-0.00026897788404067757,-0.0010452441391668454,15.86
S2,2019-12-12,1,2019-12-12 15:30:00-05:00,8457.75,2019-12-12 16:00:00-05:00,8467.0,0.0010049954184032396,0.0069903028139686185,0.0014800781481261183,14.99
S2,2019-12-23,-1,2019-12-23 15:30:00-05:00,8727.0,2019-12-23 16:00:00-05:00,8721.75,0.0005156411137848057,-0.0007729302645138603,-0.0002863852454321192,12.51
S2,2019-12-27,-1,2019-12-27 15:30:00-05:00,8796.0,2019-12-27 16:00:00-05:00,8792.5,0.0003126421100500227,-0.002243999431898902,-0.0012489710181952107,12.65
S2,2019-12-31,1,2019-12-31 15:30:00-05:00,8738.5,2019-12-31 16:00:00-05:00,8747.5,0.0009440979573153287,0.0005726392945084591,0.0007730630475863975,14.82
S2,2020-01-02,1,2020-01-02 15:30:00-05:00,8865.75,2020-01-02 16:00:00-05:00,8889.0,0.0025378563573301752,0.011488996856244604,0.00036671368124108206,13.78
S2,2020-01-03,-1,2020-01-03 15:30:00-05:00,8828.0,2020-01-03 16:00:00-05:00,8809.75,0.0019823289533303125,-0.007143660704241217,-0.0014139071911319911,12.47
S2,2020-01-08,1,2020-01-08 15:30:00-05:00,8970.25,2020-01-08 16:00:00-05:00,8929.75,-0.0045985340430868705,0.00313117066290558,0.0022906307614951604,13.79
S2,2020-01-14,-1,2020-01-14 15:30:00-05:00,9044.75,2020-01-14 16:00:00-05:00,9050.5,-0.0007186489399928135,-0.004843014776698462,-0.001765906958777097,12.32
S2,2020-01-16,1,2020-01-16 15:30:00-05:00,9109.75,2020-01-16 16:00:00-05:00,9138.0,0.003018743653777546,0.006268813344011415,0.0004942203673705681,12.42
S2,2020-01-17,1,2020-01-17 15:30:00-05:00,9161.0,2020-01-17 16:00:00-05:00,9182.5,0.0022650365680602553,0.0021886627270737424,0.00019106367879473396,12.32
S2,2020-01-24,1,2020-01-24 15:30:00-05:00,9160.75,2020-01-24 16:00:00-05:00,9151.75,-0.0010643233359713996,0.004497426171769181,0.0006280892432890539,12.98
S2,2020-01-27,-1,2020-01-27 15:30:00-05:00,8977.0,2020-01-27 16:00:00-05:00,8961.0,0.0016987857858972932,-0.018329827628595585,-5.569324162513212e-05,14.56
S2,2020-01-28,1,2020-01-28 15:30:00-05:00,9118.5,2020-01-28 16:00:00-05:00,9098.25,-0.0023030103635466362,0.006388795893315535,0.0007957195774455084,18.23
S2,2020-01-31,-1,2020-01-31 15:30:00-05:00,8992.0,2020-01-31 16:00:00-05:00,8995.25,-0.00044483985765124553,-0.001585695929135822,-0.0035183953900709275,15.49
S2,2020-02-03,1,2020-02-03 15:30:00-05:00,9143.75,2020-02-03 16:00:00-05:00,9131.5,-0.0014217361585782639,0.014563241710902952,0.0019724406213188495,18.84
S2,2020-02-04,1,2020-02-04 15:30:00-05:00,9355.75,2020-02-04 16:00:00-05:00,9340.75,-0.001683456697752719,0.014701856212013364,0.0008557522597207878,17.97
S2,2020-02-07,-1,2020-02-07 15:30:00-05:00,9403.0,2020-02-07 16:00:00-05:00,9411.0,-0.0009305540784855897,-0.005686025600338485,-0.0014336917562723928,14.96
S2,2020-02-10,1,2020-02-10 15:30:00-05:00,9508.75,2020-02-10 16:00:00-05:00,9525.0,0.0016300775601419746,0.0039315694400170464,0.0017119228844584278,15.47
S2,2020-02-12,1,2020-02-12 15:30:00-05:00,9608.5,2020-02-12 16:00:00-05:00,9620.0,0.001118801061560077,0.0060367454068241955,0.00015613208774634124,15.18
S2,2020-02-13,-1,2020-02-13 15:30:00-05:00,9615.25,2020-02-13 16:00:00-05:00,9604.75,0.0010140141961987469,-0.0050675675675675436,-0.001946181591717,13.74
S2,2020-02-18,-1,2020-02-18 15:30:00-05:00,9643.0,2020-02-18 16:00:00-05:00,9635.5,0.0006999896297832625,-0.0007528947505062167,-0.0002332754464632325,13.68
S2,2020-02-21,-1,2020-02-21 15:30:00-05:00,9426.0,2020-02-21 16:00:00-05:00,9452.0,-0.0028378951835349034,-0.012611583973427432,-0.001879599724678327,15.56
S2,2020-02-24,-1,2020-02-24 15:30:00-05:00,9143.0,2020-02-24 16:00:00-05:00,9084.25,0.006343650880454993,-0.028406686415573423,-0.0025638927529116895,17.08
S2,2020-02-26,1,2020-02-26 15:30:00-05:00,8895.25,2020-02-26 16:00:00-05:00,8880.0,-0.0017987127961552514,0.01303769902994989,0.0036668265026937874,27.85
S2,2020-02-27,-1,2020-02-27 15:30:00-05:00,8560.5,2020-02-27 16:00:00-05:00,8432.25,0.014893989837042229,-0.02359234234234231,-0.0032021425244527224,27.56
S2,2020-02-28,-1,2020-02-28 15:30:00-05:00,8256.25,2020-02-28 16:00:00-05:00,8475.75,-0.02667676003028009,-0.02944054078093039,-0.008378629988888608,39.16
S2,2020-03-02,1,2020-03-02 15:30:00-05:00,8704.0,2020-03-02 16:00:00-05:00,8876.25,0.01970358455882353,0.004601362711264434,0.010712419439122156,40.11
S2,2020-03-04,1,2020-03-04 15:30:00-05:00,8885.75,2020-03-04 16:00:00-05:00,8943.75,0.0064429001491151565,0.011546739573032427,0.005886681383370229,36.82
S2,2020-03-05,-1,2020-03-05 15:30:00-05:00,8624.75,2020-03-05 16:00:00-05:00,8672.25,-0.005594365054059538,-0.022837176799440972,-0.006736914838486818,31.99
S2,2020-03-10,1,2020-03-10 15:30:00-04:00,8236.75,2020-03-10 16:00:00-04:00,8366.5,0.015661516981819286,0.03211168184539748,0.005339924325643786,54.46
S2,2020-03-11,-1,2020-03-11 15:30:00-04:00,7952.0,2020-03-11 16:00:00-04:00,7998.25,-0.0059104627766599594,-0.02232116177613097,-0.0031334210691232878,47.3
S2,2020-03-13,1,2020-03-13 15:30:00-04:00,7556.5,2020-03-13 16:00:00-04:00,7941.75,0.05088334546416992,0.03474278630948291,0.007501750408428709,75.47
S2,2020-03-24,1,2020-03-24 15:30:00-04:00,7485.0,2020-03-24 16:00:00-04:00,7533.5,0.0063794255177020715,0.0491615717401408,0.002544870077685557,61.59
S2,2020-03-25,-1,2020-03-25 15:30:00-04:00,7660.5,2020-03-25 16:00:00-04:00,7462.75,0.025716337053717123,-0.0080971659919028,-0.0027660266840221492,61.67
S2,2020-03-26,1,2020-03-26 15:30:00-04:00,7768.0,2020-03-26 16:00:00-04:00,7868.0,0.012776776519052523,0.022109812066597456,0.0007085802628188365,63.95
S2,2020-03-31,-1,2020-03-31 15:30:00-04:00,7759.5,2020-03-31 16:00:00-04:00,7795.75,-0.004768348476061602,-0.005592983348163161,-0.0126614493860151,57.08
S2,2020-04-01,-1,2020-04-01 15:30:00-04:00,7436.25,2020-04-01 16:00:00-04:00,7466.5,-0.004168767860144563,-0.02632844819292568,-0.003985131107464568,53.54
S2,2020-04-02,1,2020-04-02 15:30:00-04:00,7555.0,2020-04-02 16:00:00-04:00,7617.5,0.008173395102581072,0.0006026920243755729,0.0015909844216108748,57.06
S2,2020-04-06,1,2020-04-06 15:30:00-04:00,7977.75,2020-04-06 16:00:00-04:00,8053.5,0.00940114693992667,0.04484662984895871,0.00298573134703628,46.8
S2,2020-04-09,1,2020-04-09 15:30:00-04:00,8201.25,2020-04-09 16:00:00-04:00,8226.0,0.0029263831732967535,0.011506499041125107,0.002750947548600058,43.35
S2,2020-04-15,-1,2020-04-15 15:30:00-04:00,8603.5,2020-04-15 16:00:00-04:00,8582.0,0.002411809147439995,-0.018774475927205714,-0.005030501026337841,37.76
S2,2020-04-16,1,2020-04-16 15:30:00-04:00,8709.0,2020-04-16 16:00:00-04:00,8743.25,0.0038465954759444258,0.007078769517594896,0.00086196988851861,40.84
S2,2020-04-17,1,2020-04-17 15:30:00-04:00,8759.75,2020-04-17 16:00:00-04:00,8815.75,0.006307257627215388,0.009121322162811252,0.003954154727793702,40.11
S2,2020-04-27,1,2020-04-27 15:30:00-04:00,8825.0,2020-04-27 16:00:00-04:00,8824.25,-0.00016997167138810198,0.010859960664709511,2.8329414430983135e-05,35.93
S2,2020-04-28,1,2020-04-28 15:30:00-04:00,8724.5,2020-04-28 16:00:00-04:00,8666.5,-0.006733910252736546,0.0006799444712015656,0.0002579609619077772,33.29
S2,2020-04-29,1,2020-04-29 15:30:00-04:00,9006.75,2020-04-29 16:00:00-04:00,8963.5,-0.004885224970161268,0.026279351525990924,0.0030627018598952116,33.57
S2,2020-04-30,1,2020-04-30 15:30:00-04:00,8970.0,2020-04-30 16:00:00-04:00,8982.0,0.001254180602006689,0.003681597590227126,0.005407980273481217,31.23
S2,2020-05-01,-1,2020-05-01 15:30:00-04:00,8722.0,2020-05-01 16:00:00-04:00,8712.0,0.001060536574180234,-0.017089735025606734,-0.0004297747980058775,34.15
S2,2020-05-04,1,2020-05-04 15:30:00-04:00,8799.5,2020-05-04 16:00:00-04:00,8818.0,0.002017160065912836,0.000660009182736454,0.002649270738377396,37.19
S2,2020-05-06,1,2020-05-06 15:30:00-04:00,9022.75,2020-05-06 16:00:00-04:00,8971.75,-0.005735501925687845,0.007652417659425259,0.0006099420555047974,33.61
S2,2020-05-08,1,2020-05-08 15:30:00-04:00,9193.5,2020-05-08 16:00:00-04:00,9209.5,0.001658780660249089,0.005664943350566443,0.0009798851356868088,31.44
S2,2020-05-11,-1,2020-05-11 15:30:00-04:00,9315.75,2020-05-11 16:00:00-04:00,9286.75,0.0030324987252770847,-0.0005429176393940693,-0.0007508715473317773,27.98
S2,2020-05-12,-1,2020-05-12 15:30:00-04:00,9214.25,2020-05-12 16:00:00-04:00,9102.0,0.012100822096209675,-0.0018036449780601815,-0.006362386434098033,27.57
S2,2020-05-13,1,2020-05-13 15:30:00-04:00,8916.75,2020-05-13 16:00:00-04:00,8990.75,0.008214876496481342,0.0012085255987694943,0.0016569310267355863,33.04
S2,2020-05-18,1,2020-05-18 15:30:00-04:00,9332.25,2020-05-18 16:00:00-04:00,9320.0,-0.0013930188325430631,0.012573802755302843,0.0007774590493552225,31.89
S2,2020-05-19,1,2020-05-19 15:30:00-04:00,9375.25,2020-05-19 16:00:00-04:00,9291.25,-0.009039758939761607,0.0055525751072962315,0.0025930282292556672,29.3
S2,2020-05-20,1,2020-05-20 15:30:00-04:00,9479.0,2020-05-20 16:00:00-04:00,9480.0,2.6374090093891754e-05,0.01826987757298526,0.00036938339357805994,30.53
S2,2020-05-28,-1,2020-05-28 15:30:00-04:00,9466.75,2020-05-28 16:00:00-04:00,9415.25,0.00536086830221565,-0.0004769728125496586,-0.005959100097130743,27.62
S2,2020-05-29,1,2020-05-29 15:30:00-04:00,9512.75,2020-05-29 16:00:00-04:00,9543.0,0.003101101153714751,0.004513953426621642,0.001658331139773539,28.59
S2,2020-06-01,1,2020-06-01 15:30:00-04:00,9596.0,2020-06-01 16:00:00-04:00,9593.5,-0.000338682784493539,0.0007597191658808011,0.0002084690553745272,27.51
S2,2020-06-02,-1,2020-06-02 15:30:00-04:00,9600.5,2020-06-02 16:00:00-04:00,9655.0,-0.005754908598510494,-0.000990253817689024,-0.0005725290168114849,28.23
S2,2020-06-03,1,2020-06-03 15:30:00-04:00,9712.5,2020-06-03 16:00:00-04:00,9696.75,-0.0016988416988416987,0.0043759709994821705,0.001366120218579292,26.84
S2,2020-06-04,1,2020-06-04 15:30:00-04:00,9601.25,2020-06-04 16:00:00-04:00,9627.5,0.0026559041791433405,0.002810219919044954,0.0005992392267208935,25.66
S2,2020-06-05,1,2020-06-05 15:30:00-04:00,9840.75,2020-06-05 16:00:00-04:00,9816.0,-0.002591265909610548,0.013477018956115305,0.0018579791295494363,25.81
S2,2020-06-08,-1,2020-06-08 15:30:00-04:00,9860.5,2020-06-08 16:00:00-04:00,9896.5,-0.0037269915318695807,-0.0031326405867970752,-0.0011142907792438539,24.52
S2,2020-06-10,1,2020-06-10 15:30:00-04:00,10150.75,2020-06-10 16:00:00-04:00,10089.75,-0.006083294337856809,0.009459052589321448,0.005447702060221937,27.57
S2,2020-06-11,-1,2020-06-11 15:30:00-04:00,9613.5,2020-06-11 16:00:00-04:00,9592.75,0.0020804077599209446,-0.015337347307911475,-0.003136909237031138,27.57
S2,2020-06-15,-1,2020-06-15 15:30:00-04:00,9754.25,2020-06-15 16:00:00-04:00,9777.25,-0.002434836097085886,-0.0064958592132504656,-0.0026073619631902245,36.09
S2,2020-06-26,-1,2020-06-26 15:30:00-04:00,9878.0,2020-06-26 16:00:00-04:00,9841.25,0.0036444624417898363,-0.0067165658768711944,-2.5306205081454536e-05,32.22
S2,2020-06-30,1,2020-06-30 15:30:00-04:00,10104.5,2020-06-30 16:00:00-04:00,10148.5,0.004280271166312039,0.007888852599050367,0.00042077124894812634,31.78
S2,2020-07-01,1,2020-07-01 15:30:00-04:00,10288.75,2020-07-01 16:00:00-04:00,10265.0,-0.0023812416474304457,0.0001478050943488629,0.0024844115354638596,30.43
S2,2020-07-06,1,2020-07-06 15:30:00-04:00,10566.25,2020-07-06 16:00:00-04:00,10591.5,0.002318703418904531,0.017827338477540478,0.0012081013857634382,27.68
S2,2020-07-08,1,2020-07-08 15:30:00-04:00,10631.25,2020-07-08 16:00:00-04:00,10654.25,0.0020928865373309818,0.010507048280124609,0.0027826251002216473,29.43
S2,2020-07-14,-1,2020-07-14 15:30:00-04:00,10601.25,2020-07-14 16:00:00-04:00,10673.0,-0.006838816177337578,-0.011723357078831875,-0.0008953184270669157,32.19
S2,2020-07-15,1,2020-07-15 15:30:00-04:00,10680.75,2020-07-15 16:00:00-04:00,10687.75,0.0005851648994686703,0.003232455729410555,0.0022050716648291946,29.52
S2,2020-07-20,1,2020-07-20 15:30:00-04:00,10927.0,2020-07-20 16:00:00-04:00,10936.5,0.0008007687379884689,0.004844664989064329,0.0033054815903039714,25.68
S2,2020-07-22,1,2020-07-22 15:30:00-04:00,10823.75,2020-07-22 16:00:00-04:00,10859.75,0.0032567271047465067,0.0048041389504804854,0.0005777942128131208,24.84
S2,2020-07-23,-1,2020-07-23 15:30:00-04:00,10561.5,2020-07-23 16:00:00-04:00,10572.0,-0.0010651896037494673,-0.0014503096295954698,-0.002102329097179556,24.32
S2,2020-07-24,-1,2020-07-24 15:30:00-04:00,10445.75,2020-07-24 16:00:00-04:00,10469.75,-0.0023693846779790826,-0.017995648883844084,-0.0029349304445346336,26.08
S2,2020-07-27,1,2020-07-27 15:30:00-04:00,10673.0,2020-07-27 16:00:00-04:00,10660.5,-0.0012414503888316312,0.014326989660689238,0.00437574987649092,25.84
S2,2020-07-28,-1,2020-07-28 15:30:00-04:00,10557.25,2020-07-28 16:00:00-04:00,10525.25,0.0029600511496838664,-0.006824257774025622,-0.003985943064694908,24.74
S2,2020-07-29,1,2020-07-29 15:30:00-04:00,10653.0,2020-07-29 16:00:00-04:00,10650.25,-0.00032854594949779405,0.007125721479299685,0.0014336075205640952,25.44
S2,2020-07-31,1,2020-07-31 15:30:00-04:00,10838.5,2020-07-31 16:00:00-04:00,10897.75,0.005397425843059463,0.011209715086408112,0.0035879629629629317,24.76
S2,2020-08-04,1,2020-08-04 15:30:00-04:00,11035.5,2020-08-04 16:00:00-04:00,11084.5,0.0043722531829097,0.0019476842939645245,0.0007935428286400814,24.28
S2,2020-08-06,1,2020-08-06 15:30:00-04:00,11257.0,2020-08-06 16:00:00-04:00,11254.25,-0.00031091765123922896,0.0006074924063448339,0.0006222637064692282,22.99
S2,2020-08-10,-1,2020-08-10 15:30:00-04:00,11052.25,2020-08-10 16:00:00-04:00,11078.25,-0.002420321653961863,-0.0042459506211668385,-0.002661974372856868,22.21
S2,2020-08-11,-1,2020-08-11 15:30:00-04:00,10947.5,2020-08-11 16:00:00-04:00,10868.75,0.007124914364010047,-0.006408954482883145,-0.005179699213957889,22.13
S2,2020-08-12,1,2020-08-12 15:30:00-04:00,11156.5,2020-08-12 16:00:00-04:00,11146.0,-0.0010083807645767042,0.017734330074755666,6.72299038613211e-05,24.03
S2,2020-08-13,1,2020-08-13 15:30:00-04:00,11187.5,2020-08-13 16:00:00-04:00,11170.0,-0.0016312849162011171,0.006212991207608098,0.003250829522015941,22.28
S2,2020-08-17,1,2020-08-17 15:30:00-04:00,11292.75,2020-08-17 16:00:00-04:00,11284.25,-0.0008191096057204843,0.009319205179327383,4.427815537200175e-05,22.05
S2,2020-08-18,1,2020-08-18 15:30:00-04:00,11401.0,2020-08-18 16:00:00-04:00,11394.0,-0.0006797649329006228,0.0050734430733101465,0.0003729133305547805,21.35
S2,2020-08-19,-1,2020-08-19 15:30:00-04:00,11341.75,2020-08-19 16:00:00-04:00,11319.0,0.0019397359314038839,-0.003598385114972791,-0.002682026028842821,21.51
S2,2020-08-20,1,2020-08-20 15:30:00-04:00,11464.0,2020-08-20 16:00:00-04:00,11474.0,0.0008068736915561759,0.004351091085784908,0.00010904649742649042,22.54
S2,2020-08-21,1,2020-08-21 15:30:00-04:00,11559.5,2020-08-21 16:00:00-04:00,11554.5,-0.0004974263592715948,0.0018084364650514662,0.0004110863497694961,22.72
S2,2020-08-24,1,2020-08-24 15:30:00-04:00,11592.5,2020-08-24 16:00:00-04:00,11626.25,0.0028466681043778307,0.008784456272447949,0.0018797398612881988,22.54
S2,2020-08-26,1,2020-08-26 15:30:00-04:00,11951.0,2020-08-26 16:00:00-04:00,11964.75,0.0010877750815831311,0.006039137022257224,0.005489882630095533,22.03
S2,2020-08-27,1,2020-08-27 15:30:00-04:00,11975.5,2020-08-27 16:00:00-04:00,11927.75,-0.004049935284539267,0.001107419712070845,0.0011495694339938023,23.27
S2,2020-08-28,1,2020-08-28 15:30:00-04:00,11982.0,2020-08-28 16:00:00-04:00,11991.25,0.0007093974294775496,0.006539372471757066,0.0015045449796260435,24.47
S2,2020-09-03,-1,2020-09-03 15:30:00-04:00,11661.75,2020-09-03 16:00:00-04:00,11772.75,-0.009582609814135957,-0.018774803086158642,-0.005055029434348657,26.57
S2,2020-09-09,1,2020-09-09 15:30:00-04:00,11462.75,2020-09-09 16:00:00-04:00,11384.75,-0.006870079169483762,0.017414283778289796,0.003326257741208316,31.46
S2,2020-09-21,1,2020-09-21 15:30:00-04:00,10869.75,2020-09-21 16:00:00-04:00,10963.75,0.008578854159479288,0.004438660500569291,0.0049231480411418005,25.83
S2,2020-09-22,1,2020-09-22 15:30:00-04:00,11152.25,2020-09-22 16:00:00-04:00,11164.75,0.0010535990495191554,0.00385360848249916,0.004051499054650298,27.78
S2,2020-09-25,1,2020-09-25 15:30:00-04:00,11144.0,2020-09-25 16:00:00-04:00,11133.25,-0.0010319454414931802,0.002344073171852701,0.003398681041661966,28.51
S2,2020-09-28,1,2020-09-28 15:30:00-04:00,11346.25,2020-09-28 16:00:00-04:00,11359.5,0.0011016855789357718,0.012619854939033948,0.0009042588385788086,26.38
S2,2020-09-29,-1,2020-09-29 15:30:00-04:00,11323.25,2020-09-29 16:00:00-04:00,11309.75,0.0011260018104342834,-0.001122408556714638,-0.0019391802556192328,26.19
S2,2020-10-02,-1,2020-10-02 15:30:00-04:00,11284.5,2020-10-02 16:00:00-04:00,11244.25,0.0035003766228011877,-0.014301144955713996,-0.0015263798252406202,26.7
S2,2020-10-05,1,2020-10-05 15:30:00-04:00,11488.0,2020-10-05 16:00:00-04:00,11488.75,0.0,0.010827756408831268,0.0021591206490447767,27.63
S2,2020-10-06,-1,2020-10-06 15:30:00-04:00,11325.75,2020-10-06 16:00:00-04:00,11275.75,0.004348497891971834,-0.003633989772603652,-0.001564772777361445,27.96
S2,2020-10-09,1,2020-10-09 15:30:00-04:00,11698.5,2020-10-09 16:00:00-04:00,11711.5,0.0010471427960849682,0.008343084991115246,0.002184481613946465,26.36
S2,2020-10-13,1,2020-10-13 15:30:00-04:00,12132.25,2020-10-13 16:00:00-04:00,12074.0,-0.0048630715654557075,0.0016151074667660748,0.004491730661754012,25.07
S2,2020-10-14,1,2020-10-14 15:30:00-04:00,12000.75,2020-10-14 16:00:00-04:00,11977.5,-0.001999875007812012,0.004783004803710522,0.0020875083500333513,26.07
S2,2020-10-22,1,2020-10-22 15:30:00-04:00,11664.25,2020-10-22 16:00:00-04:00,11654.25,-0.0009216194783205093,0.0019952799828362178,0.001094279706475465,28.65
S2,2020-10-27,1,2020-10-27 15:30:00-04:00,11589.0,2020-10-27 16:00:00-04:00,11586.25,-0.0003020105272240918,0.00498075124518782,0.002465291293629157,32.46
S2,2020-10-29,1,2020-10-29 15:30:00-04:00,11418.0,2020-10-29 16:00:00-04:00,11324.75,-0.008232615169031354,0.011088664421997851,0.0009424037871481605,40.28
S2,2020-11-02,1,2020-11-02 15:30:00-05:00,11036.0,2020-11-02 16:00:00-05:00,11068.75,0.002899601304820587,0.010945026118812429,0.002361543177638037,38.02
S2,2020-11-03,1,2020-11-03 15:30:00-05:00,11294.0,2020-11-03 16:00:00-05:00,11257.0,-0.0033424827341951477,0.011744776962168357,0.0017739539215468891,37.13
S2,2020-11-06,-1,2020-11-06 15:30:00-05:00,12058.5,2020-11-06 16:00:00-05:00,12080.0,-0.0018451714558195462,-0.013902125719968517,-0.00026945238983544506,27.58
S2,2020-11-11,1,2020-11-11 15:30:00-05:00,11850.5,2020-11-11 16:00:00-05:00,11880.0,0.002426057972237458,0.014285714285714235,0.0005699208443272763,24.8
S2,2020-11-13,1,2020-11-13 15:30:00-05:00,11915.5,2020-11-13 16:00:00-05:00,11932.5,0.0013637698795686292,0.004905381118511576,0.0010922534027895114,25.35
S2,2020-11-16,1,2020-11-16 15:30:00-05:00,11974.0,2020-11-16 16:00:00-05:00,12013.5,0.0032361783865040923,0.002849360988895766,0.001149665551839485,23.1
S2,2020-11-17,-1,2020-11-17 15:30:00-05:00,11976.25,2020-11-17 16:00:00-05:00,11977.0,-0.0001252478864419163,-0.004099554667665539,-0.0029345654345653838,22.45
S2,2020-11-20,-1,2020-11-20 15:30:00-05:00,11943.5,2020-11-20 16:00:00-05:00,11904.5,0.003202578808556956,-0.0013562858633281438,-0.0030051337701907377,23.11
S2,2020-11-23,1,2020-11-23 15:30:00-05:00,11922.5,2020-11-23 16:00:00-05:00,11904.25,-0.0015936254980079682,0.005775127052795259,0.0003356267830172399,23.7
S2,2020-11-24,1,2020-11-24 15:30:00-05:00,12078.5,2020-11-24 16:00:00-05:00,12075.25,-0.0003311669495384361,0.001554066824873468,0.00043484562980133923,22.66
S2,2020-11-25,1,2020-11-25 15:30:00-05:00,12164.25,2020-11-25 16:00:00-05:00,12153.5,-0.0009453932630453994,0.004119997515579454,0.0013170892327956096,21.64
S2,2020-11-30,-1,2020-11-30 15:30:00-05:00,12252.75,2020-11-30 16:00:00-05:00,12274.0,-0.0017955152924853605,-0.0016702992279958861,-0.0030715404487297038,20.84
S2,2020-12-02,-1,2020-12-02 15:30:00-05:00,12436.5,2020-12-02 16:00:00-05:00,12457.25,-0.0017287822136453183,-0.006003895504106294,-0.0018058871922467246,20.77
S2,2020-12-03,1,2020-12-03 15:30:00-05:00,12506.5,2020-12-03 16:00:00-05:00,12472.5,-0.002778555151321313,0.0030504324790785464,0.0002399376162198763,21.17
S2,2020-12-07,1,2020-12-07 15:30:00-05:00,12584.75,2020-12-07 16:00:00-05:00,12597.25,0.0009336697193031248,0.0044496767499402345,0.0002384405984858784,20.79
S2,2020-12-09,-1,2020-12-09 15:30:00-05:00,12309.25,2020-12-09 16:00:00-05:00,12355.25,-0.003797956821089831,-7.913270554715801e-05,-0.005212647742196208,20.68
S2,2020-12-10,1,2020-12-10 15:30:00-05:00,12401.25,2020-12-10 16:00:00-05:00,12398.0,-0.0003225481302288076,0.001598510754537541,0.003093846682708845,22.27
S2,2020-12-23,-1,2020-12-23 15:30:00-05:00,12694.75,2020-12-23 16:00:00-05:00,12650.0,0.003465999724295477,-0.0018877571085853528,-0.0004920969234100125,24.23
S2,2020-12-29,1,2020-12-29 15:30:00-05:00,12858.5,2020-12-29 16:00:00-05:00,12846.75,-0.0009721196095967648,0.0020259082497322556,0.001148418491484282,21.7
S2,2021-01-06,-1,2021-01-06 15:30:00-05:00,12655.5,2021-01-06 16:00:00-05:00,12618.5,0.002864367271146932,-0.012273775554078825,-0.0021879681463375933,25.34
S2,2021-01-07,1,2021-01-07 15:30:00-05:00,12947.0,2021-01-07 16:00:00-05:00,12925.5,-0.001718544836641693,0.01739509450410104,0.002244973002264228,25.07
S2,2021-01-08,1,2021-01-08 15:30:00-05:00,13056.0,2021-01-08 16:00:00-05:00,13092.0,0.0026999080882352945,0.007195079494023426,0.0009967032124511555,22.37
S2,2021-01-11,-1,2021-01-11 15:30:00-05:00,12874.25,2021-01-11 16:00:00-05:00,12896.25,-0.001767093228731771,-0.010177971280171061,-0.0051580248821574415,21.56
S2,2021-01-19,1,2021-01-19 15:30:00-05:00,12988.75,2021-01-19 16:00:00-05:00,12985.0,-0.0003464536618227312,0.006680339876941055,0.0002502791575218488,24.34
S2,2021-01-20,1,2021-01-20 15:30:00-05:00,13310.5,2021-01-20 16:00:00-05:00,13285.5,-0.0019345629390330943,0.013804389680400542,5.6349668476007864e-05,23.24
S2,2021-01-22,-1,2021-01-22 15:30:00-05:00,13386.75,2021-01-22 16:00:00-05:00,13355.25,0.002297047453638859,-0.001044990576424265,-7.46923608387906e-05,21.32
S2,2021-01-26,1,2021-01-26 15:30:00-05:00,13503.5,2021-01-26 16:00:00-05:00,13484.75,-0.0014440700559114304,0.000259749897955297,0.0005557099194219983,23.19
S2,2021-01-27,-1,2021-01-27 15:30:00-05:00,13072.75,2021-01-27 16:00:00-05:00,13119.75,-0.0036526362089078428,-0.01514673983574033,-0.003506164370510101,23.02
S2,2021-02-04,1,2021-02-04 15:30:00-05:00,13515.75,2021-02-04 16:00:00-05:00,13550.5,0.0025155836709024656,0.0036411166090934977,0.0007033780657104138,22.91
S2,2021-02-05,-1,2021-02-05 15:30:00-05:00,13570.5,2021-02-05 16:00:00-05:00,13596.5,-0.0019711875023027893,-0.000867126674292451,-0.0017470300489168533,21.77
S2,2021-02-08,1,2021-02-08 15:30:00-05:00,13646.0,2021-02-08 16:00:00-05:00,13684.75,0.002784698812838927,0.004927738756297595,0.0005315541543706725,20.87
S2,2021-02-11,1,2021-02-11 15:30:00-05:00,13703.75,2021-02-11 16:00:00-05:00,13725.75,0.0015506704369241996,0.002728937728937675,0.0010592059607728022,21.99
S2,2021-02-19,1,2021-02-19 15:30:00-05:00,13596.0,2021-02-19 16:00:00-05:00,13578.25,-0.0013606943218593705,0.002474748400579374,0.0004598969830758026,22.49
S2,2021-02-22,-1,2021-02-22 15:30:00-05:00,13254.25,2021-02-22 16:00:00-05:00,13227.0,0.001999358696267235,-0.01106549076648311,-0.0057760108018903855,22.05
S2,2021-02-25,-1,2021-02-25 15:30:00-05:00,12826.5,2021-02-25 16:00:00-05:00,12826.25,-3.89817955015008e-05,-0.0056787198435531705,-0.006236563304991227,21.34
S2,2021-03-02,-1,2021-03-02 15:30:00-05:00,13112.5,2021-03-02 16:00:00-05:00,13058.25,0.0040800762631077216,-0.004162193720925855,-0.004120227087170303,23.35
S2,2021-03-03,-1,2021-03-03 15:30:00-05:00,12717.25,2021-03-03 16:00:00-05:00,12680.75,0.0028111423460260667,-0.01173587578733748,-0.0035065036828083596,24.1
S2,2021-03-04,-1,2021-03-04 15:30:00-05:00,12461.0,2021-03-04 16:00:00-05:00,12471.25,-0.0008827541930824172,-0.0071959466119906335,-0.004016224748736197,26.67
S2,2021-03-05,-1,2021-03-05 15:30:00-05:00,12656.0,2021-03-05 16:00:00-05:00,12661.5,-0.0004938369152970923,-0.003808760148341195,-0.0010064531407257826,28.57
S2,2021-03-08,-1,2021-03-08 15:30:00-05:00,12341.75,2021-03-08 16:00:00-05:00,12300.5,0.003281544351489862,-0.006614540141373415,-0.0063201964494182805,24.66
S2,2021-03-09,1,2021-03-09 15:30:00-05:00,12849.25,2021-03-09 16:00:00-05:00,12787.0,-0.004903009903301749,0.0328645177025324,0.0010322932491917403,25.47
S2,2021-03-11,1,2021-03-11 15:30:00-05:00,13084.75,2021-03-11 16:00:00-05:00,13046.5,-0.0029805689829763655,0.016722539159756078,0.0017800405772689931,22.56
S2,2021-03-12,-1,2021-03-12 15:30:00-05:00,12908.5,2021-03-12 16:00:00-05:00,12937.25,-0.0022853158771352212,-0.012053041045491097,-9.682604233229863e-05,21.91
S2,2021-03-24,-1,2021-03-24 15:30:00-04:00,12861.75,2021-03-24 16:00:00-04:00,12790.0,0.005520244134740607,-0.003767781622452948,-0.0004857104000310919,20.3
S2,2021-03-25,-1,2021-03-25 15:30:00-04:00,12774.5,2021-03-25 16:00:00-04:00,12772.5,9.785118791342127e-05,-7.818608287724071e-05,-0.0002738975623116646,21.2
S2,2021-03-26,1,2021-03-26 15:30:00-04:00,12846.25,2021-03-26 16:00:00-04:00,12962.0,0.008952028802179624,0.002818555490311292,0.004339073158337037,19.81
S2,2021-03-31,1,2021-03-31 15:30:00-04:00,13127.0,2021-03-31 16:00:00-04:00,13084.5,-0.003294736040222442,0.012136251720594737,0.0006670351241637729,19.61
S2,2021-04-13,1,2021-04-13 15:30:00-04:00,13992.0,2021-04-13 16:00:00-04:00,13975.5,-0.0012328473413379074,0.009375905010136076,0.0016106517770857476,16.91
S2,2021-04-16,-1,2021-04-16 15:30:00-04:00,14029.25,2021-04-16 16:00:00-04:00,14031.25,-0.00019601903166598358,-0.0037278824200913663,-7.127583749111377e-05,16.57
S2,2021-04-19,-1,2021-04-19 15:30:00-04:00,13862.75,2021-04-19 16:00:00-04:00,13904.0,-0.003029701898973869,-0.0025657015590200283,-0.0016383702716814552,16.25
S2,2021-04-20,1,2021-04-20 15:30:00-04:00,13786.0,2021-04-20 16:00:00-04:00,13799.5,0.0009248512984186857,5.3941311852767626e-05,0.003074180521701164,17.29
S2,2021-04-21,1,2021-04-21 15:30:00-04:00,13872.5,2021-04-21 16:00:00-04:00,13918.75,0.003279870246891332,0.00016304938584732476,0.0012269495868066915,18.68
S2,2021-04-22,-1,2021-04-22 15:30:00-04:00,13735.75,2021-04-22 16:00:00-04:00,13750.5,-0.00112844220373842,-0.002658284687920953,-0.0018529956763434496,17.5
S2,2021-04-23,1,2021-04-23 15:30:00-04:00,13964.5,2021-04-23 16:00:00-04:00,13925.0,-0.002882308711375273,0.005636158685138781,0.0002686102107694044,18.71
S2,2021-05-04,-1,2021-05-04 15:30:00-04:00,13471.0,2021-05-04 16:00:00-04:00,13543.25,-0.005419048326033702,-0.017929009100467685,-0.0005564210994880581,18.31
S2,2021-05-07,1,2021-05-07 15:30:00-04:00,13730.0,2021-05-07 16:00:00-04:00,13706.5,-0.001766205389657684,0.009322252050159907,0.0007470981614097205,18.39
S2,2021-05-12,-1,2021-05-12 15:30:00-04:00,13002.75,2021-05-12 16:00:00-04:00,12998.5,0.00026917382861317796,-0.013957583932853734,-0.0025123700663572945,21.84
S2,2021-05-13,1,2021-05-13 15:30:00-04:00,13136.5,2021-05-13 16:00:00-04:00,13097.5,-0.003025920146157652,0.012347578566757722,0.000990589400693409,27.59
S2,2021-05-17,-1,2021-05-17 15:30:00-04:00,13253.75,2021-05-17 16:00:00-04:00,13305.75,-0.003980005658775819,-0.007340580522245843,-0.0003959649288205469,18.81
S2,2021-05-18,1,2021-05-18 15:30:00-04:00,13293.5,2021-05-18 16:00:00-04:00,13213.25,-0.006093203445292812,0.0016158427747401394,0.001827568015675629,19.72
S2,2021-05-20,1,2021-05-20 15:30:00-04:00,13522.25,2021-05-20 16:00:00-04:00,13486.5,-0.0026992549316866643,0.011658667472884687,0.0012402354596274812,22.18
S2,2021-05-21,1,2021-05-21 15:30:00-04:00,13447.25,2021-05-21 16:00:00-04:00,13409.0,-0.0029002212348249643,0.00417083750417091,0.00039055961613576606,20.67
S2,2021-05-25,1,2021-05-25 15:30:00-04:00,13651.0,2021-05-25 16:00:00-04:00,13656.25,0.00032964617976705005,0.00106324472960595,0.0005130460275579729,18.4
S2,2021-05-27,-1,2021-05-27 15:30:00-04:00,13657.25,2021-05-27 16:00:00-04:00,13652.25,0.00031119002727489066,-0.0033754812341488805,-0.0005671527104410545,17.36
S2,2021-06-02,1,2021-06-02 15:30:00-04:00,13640.5,2021-06-02 16:00:00-04:00,13674.25,0.0024192661559327006,0.0020511317852172084,0.00027499220855409234,17.9
S2,2021-06-22,1,2021-06-22 15:30:00-04:00,14274.5,2021-06-22 16:00:00-04:00,14257.75,-0.001225962380468668,0.001008617486242036,0.0025811662657371226,17.89
S2,2021-06-23,1,2021-06-23 15:30:00-04:00,14291.75,2021-06-23 16:00:00-04:00,14263.0,-0.0020641279059597324,0.0033490557766828744,0.0007702541838807697,16.66
S2,2021-06-25,-1,2021-06-25 15:30:00-04:00,14341.75,2021-06-25 16:00:00-04:00,14338.75,0.00015688462007774505,-0.000905655119563864,-0.0007141861761427171,15.97
S2,2021-06-28,1,2021-06-28 15:30:00-04:00,14510.25,2021-06-28 16:00:00-04:00,14511.25,1.722920004824176e-05,0.007828436927905136,0.00046539688011715263,15.62
S2,2021-06-29,1,2021-06-29 15:30:00-04:00,14556.0,2021-06-29 16:00:00-04:00,14564.0,0.0004980763946139049,0.00017228012748726762,0.0005671077504725286,15.76
S2,2021-07-02,1,2021-07-02 15:30:00-04:00,14705.5,2021-07-02 16:00:00-04:00,14714.75,0.0005780150283907381,0.007234795758794377,0.0010721396844846076,15.48
S2,2021-07-06,1,2021-07-06 15:30:00-04:00,14774.25,2021-07-06 16:00:00-04:00,14776.5,0.00010152799634499214,0.0026334120525324245,0.0019327275193272708,15.07
S2,2021-07-08,-1,2021-07-08 15:30:00-04:00,14693.5,2021-07-08 16:00:00-04:00,14722.75,-0.0020417191275053596,-0.011062507389079324,-0.0010537945100704826,16.2
S2,2021-07-09,-1,2021-07-09 15:30:00-04:00,14815.0,2021-07-09 16:00:00-04:00,14810.25,0.00026999662504218695,-0.0007471430269481161,-0.0003879695696911156,19.0
S2,2021-07-12,1,2021-07-12 15:30:00-04:00,14862.5,2021-07-12 16:00:00-04:00,14868.5,0.0003532380151387721,0.0012491348896879195,0.0007238326095007075,16.18
S2,2021-07-15,-1,2021-07-15 15:30:00-04:00,14769.75,2021-07-15 16:00:00-04:00,14790.5,-0.0014556779904873135,-0.00010070831514985557,-0.0005582811706986712,16.33
S2,2021-07-19,-1,2021-07-19 15:30:00-04:00,14463.5,2021-07-19 16:00:00-04:00,14553.5,-0.006274414906488748,-0.012931695432163992,-0.0015187601394498484,18.45
S2,2021-07-20,1,2021-07-20 15:30:00-04:00,14775.25,2021-07-20 16:00:00-04:00,14718.5,-0.003891643119405763,0.0022159617961314826,0.0015760841934007175,22.5
S2,2021-07-21,1,2021-07-21 15:30:00-04:00,14793.5,2021-07-21 16:00:00-04:00,14828.0,0.0022814073748605806,0.0025478139756089924,0.0003888353535865807,19.73
S2,2021-07-22,1,2021-07-22 15:30:00-04:00,14927.75,2021-07-22 16:00:00-04:00,14929.0,3.349466597444357e-05,0.003371998920960406,0.00033505327347049807,17.91
S2,2021-07-26,1,2021-07-26 15:30:00-04:00,15122.5,2021-07-26 16:00:00-04:00,15117.0,-0.0004132914531327492,4.9672986174309486e-05,0.00026457651222022704,17.2
S2,2021-07-27,-1,2021-07-27 15:30:00-04:00,14911.0,2021-07-27 16:00:00-04:00,14950.25,-0.002682583327744618,-0.004911688827148208,-0.0005697146399906705,17.58
S2,2021-07-28,1,2021-07-28 15:30:00-04:00,15029.5,2021-07-28 16:00:00-04:00,15006.0,-0.0016134934628563825,0.0019063226367452835,0.001399183809444482,19.36
S2,2021-07-30,-1,2021-07-30 15:30:00-04:00,14949.0,2021-07-30 16:00:00-04:00,14954.75,-0.0004348116930898388,-0.005803029547230665,-0.00033435870001341517,17.7
S2,2021-08-11,1,2021-08-11 15:30:00-04:00,15020.25,2021-08-11 16:00:00-04:00,15021.75,4.99325910021471e-05,0.0007476946082911606,0.0004662470443268507,16.79
S2,2021-08-13,1,2021-08-13 15:30:00-04:00,15110.75,2021-08-13 16:00:00-04:00,15126.25,0.0009761262677233096,0.001525578310256126,0.00021512137810053567,15.59
S2,2021-08-17,-1,2021-08-17 15:30:00-04:00,14975.25,2021-08-17 16:00:00-04:00,15000.5,-0.001736198060132552,-0.01040703052728953,-0.0002670405233994311,16.12
S2,2021-08-20,1,2021-08-20 15:30:00-04:00,15082.5,2021-08-20 16:00:00-04:00,15083.5,1.6575501408917624e-05,0.007502176970995977,0.001111793306008746,21.67
S2,2021-08-24,1,2021-08-24 15:30:00-04:00,15369.5,2021-08-24 16:00:00-04:00,15356.0,-0.0009271609356192459,0.00171498570845241,0.0005207824756696677,17.15
S2,2021-08-25,1,2021-08-25 15:30:00-04:00,15365.75,2021-08-25 16:00:00-04:00,15362.5,-0.0002603192164391585,0.001367543631153989,0.00019527436047650504,17.22
S2,2021-08-26,-1,2021-08-26 15:30:00-04:00,15287.5,2021-08-26 16:00:00-04:00,15273.75,0.0008503679476696648,-0.001790073230268474,-0.0004086569896691872,16.79
S2,2021-08-27,1,2021-08-27 15:30:00-04:00,15437.75,2021-08-27 16:00:00-04:00,15424.5,-0.0009068679049731988,0.002176937556264802,0.0002753749959503171,18.84
S2,2021-08-31,-1,2021-08-31 15:30:00-04:00,15571.25,2021-08-31 16:00:00-04:00,15584.5,-0.0008990928795054989,-0.004743817811753814,-0.0017469068530033827,16.19
S2,2021-09-03,1,2021-09-03 15:30:00-04:00,15654.5,2021-09-03 16:00:00-04:00,15652.5,-0.00017566833817752084,0.002274911887215625,3.1940718027367865e-05,16.41
S2,2021-09-07,-1,2021-09-07 15:30:00-04:00,15679.5,2021-09-07 16:00:00-04:00,15673.25,0.0003507764915973086,-0.0006229036895064599,-0.0006532823454429293,16.41
S2,2021-09-13,1,2021-09-13 15:30:00-04:00,15424.0,2021-09-13 16:00:00-04:00,15437.5,0.0008266338174273859,6.474482446061636e-05,0.0027954752307892683,20.95
S2,2021-09-20,1,2021-09-20 15:30:00-04:00,14875.25,2021-09-20 16:00:00-04:00,15004.5,0.0086385102771382,0.002089413637569537,0.002493555506882572,20.81
S2,2021-09-21,1,2021-09-21 15:30:00-04:00,15083.25,2021-09-21 16:00:00-04:00,15018.5,-0.004342565428538279,0.004182078709720427,0.0011615365469177519,25.71
S2,2021-09-22,1,2021-09-22 15:30:00-04:00,15192.75,2021-09-22 16:00:00-04:00,15161.75,-0.0020898125750769283,0.003861903652162324,0.004695068524855683,24.36
S2,2021-09-28,-1,2021-09-28 15:30:00-04:00,14803.0,2021-09-28 16:00:00-04:00,14764.25,0.002567047220158076,-0.01600934564062062,-0.0029132916828048527,18.76
S2,2021-10-01,-1,2021-10-01 15:30:00-04:00,14780.25,2021-10-01 16:00:00-04:00,14770.5,0.0006089206880803776,-0.003134422431562256,-3.382778275795584e-05,23.14
S2,2021-10-04,-1,2021-10-04 15:30:00-04:00,14407.75,2021-10-04 16:00:00-04:00,14468.0,-0.004233832485988444,-0.01198334518127353,-0.002854770061247791,21.15
S2,2021-10-07,1,2021-10-07 15:30:00-04:00,14934.75,2021-10-07 16:00:00-04:00,14886.5,-0.0032809387502301677,0.013623424156161024,0.000519202103606009,21.0
S2,2021-10-12,-1,2021-10-12 15:30:00-04:00,14667.75,2021-10-12 16:00:00-04:00,14650.0,0.0011590053007448314,-0.00265310634534599,-0.0001704158145875434,20.0
S2,2021-10-15,1,2021-10-15 15:30:00-04:00,15119.0,2021-10-15 16:00:00-04:00,15135.25,0.0010252000793703287,0.002743233357717534,0.00024809381254020657,16.86
S2,2021-10-18,1,2021-10-18 15:30:00-04:00,15280.0,2021-10-18 16:00:00-04:00,15286.25,0.0003599476439790576,0.00016517731785081757,0.000949823136381589,16.3
S2,2021-10-19,1,2021-10-19 15:30:00-04:00,15393.5,2021-10-19 16:00:00-04:00,15400.0,0.00037353428395101826,0.002387766783874312,0.0011381373569199216,16.31
S2,2021-10-22,-1,2021-10-22 15:30:00-04:00,15335.5,2021-10-22 16:00:00-04:00,15342.0,-0.00047275928401421536,-0.0032794300576727275,-0.0007330542297229181,15.01
S2,2021-10-29,-1,2021-10-29 15:30:00-04:00,15785.25,2021-10-29 16:00:00-04:00,15840.25,-0.0035317780839707958,-0.0049804904355550406,-7.91803252727652e-05,16.53
S2,2021-11-02,1,2021-11-02 15:30:00-04:00,15954.25,2021-11-02 16:00:00-04:00,15962.0,0.00043875456383095417,0.0039009044435704965,0.0002978149785259898,16.41
S2,2021-11-03,1,2021-11-03 15:30:00-04:00,16099.75,2021-11-03 16:00:00-04:00,16129.75,0.0018167983974906442,0.0005481769201853837,0.0010725777618876275,16.03
S2,2021-11-04,1,2021-11-04 15:30:00-04:00,16330.5,2021-11-04 16:00:00-04:00,16335.0,0.00022963167080003677,0.007207179280521947,7.654974968240857e-05,15.1
S2,2021-11-08,-1,2021-11-08 15:30:00-05:00,16353.25,2021-11-08 16:00:00-05:00,16329.25,0.0014217357406020208,-0.000825624952220827,-0.0008859019398197443,16.48
S2,2021-11-09,-1,2021-11-09 15:30:00-05:00,16196.25,2021-11-09 16:00:00-05:00,16217.5,-0.0013583391217102724,-0.00632300932375951,-0.0013719535693915708,17.22
S2,2021-11-15,1,2021-11-15 15:30:00-05:00,16192.75,2021-11-15 16:00:00-05:00,16188.25,-0.0003242191721603804,0.002424373446161976,0.0011128284389489984,16.29
S2,2021-11-17,-1,2021-11-17 15:30:00-05:00,16314.5,2021-11-17 16:00:00-05:00,16312.75,6.129516687609183e-05,-0.0012572830420116698,-0.0017285952486576495,16.37
S2,2021-11-18,1,2021-11-18 15:30:00-05:00,16475.25,2021-11-18 16:00:00-05:00,16481.0,0.000303485531327294,0.005134020934544958,0.001717612366809007,17.11
S2,2021-11-29,1,2021-11-29 15:30:00-05:00,16412.75,2021-11-29 16:00:00-05:00,16390.75,-0.0013861175001142405,0.015847539501979035,0.0006401560761479796,28.62
S2,2021-12-08,-1,2021-12-08 15:30:00-05:00,16367.5,2021-12-08 16:00:00-05:00,16389.0,-0.0013594012524820527,-0.00223631406427105,-1.527370478981993e-05,21.89
S2,2021-12-09,-1,2021-12-09 15:30:00-05:00,16169.75,2021-12-09 16:00:00-05:00,16149.75,0.00119049459639141,-0.00257794862407712,-0.0021598938566447234,19.9
S2,2021-12-10,1,2021-12-10 15:30:00-05:00,16272.75,2021-12-10 16:00:00-05:00,16325.5,0.003195526263231476,0.004257031842598291,0.0021710343978074143,21.58
S2,2021-12-20,1,2021-12-20 15:30:00-05:00,15615.75,2021-12-20 16:00:00-05:00,15624.75,0.0005283127611546035,0.0033540891000127804,0.0012984098486792384,21.57
S2,2021-12-22,1,2021-12-22 15:30:00-05:00,16120.25,2021-12-22 16:00:00-05:00,16168.5,0.002946604426110017,0.0021129405872408746,0.0003412969283276279,21.01
S2,2021-12-28,1,2021-12-28 15:30:00-05:00,16497.75,2021-12-28 16:00:00-05:00,16494.75,-0.0002273037232349866,0.0009208659158841392,0.0002425124287619429,17.68
S2,2022-01-05,-1,2022-01-05 15:30:00-05:00,15834.0,2022-01-05 16:00:00-05:00,15763.75,0.004389288872047493,-0.003687145688344051,-0.004103967168262668,16.91
S2,2022-01-06,-1,2022-01-06 15:30:00-05:00,15803.25,2022-01-06 16:00:00-05:00,15758.0,0.0028158764811035703,-0.0028705098723337263,-0.00094827177469059,19.73
S2,2022-01-14,1,2022-01-14 15:30:00-05:00,15562.5,2022-01-14 16:00:00-05:00,15592.25,0.0018634538152610442,0.0053555297457736906,0.004210356509114277,20.31
S2,2022-01-18,-1,2022-01-18 15:30:00-05:00,15245.5,2022-01-18 16:00:00-05:00,15214.5,0.0019841920566724606,-0.016626849877342864,-0.0040503021394741046,19.19
S2,2022-01-21,-1,2022-01-21 15:30:00-05:00,14464.25,2022-01-21 16:00:00-05:00,14415.75,0.003301242719117825,-0.012487150536728442,-0.0032561505065122898,25.59
S2,2022-01-25,-1,2022-01-25 15:30:00-05:00,14218.0,2022-01-25 16:00:00-05:00,14151.0,0.004659586439724294,-0.02758573128049513,-0.011935164434252354,29.9
S2,2022-02-02,1,2022-02-02 15:30:00-05:00,15108.75,2022-02-02 16:00:00-05:00,15113.75,0.00028129395218002813,0.006953940566320815,0.0008612123219609025,21.96
S2,2022-02-04,1,2022-02-04 15:30:00-05:00,14776.75,2022-02-04 16:00:00-05:00,14680.25,-0.0065812847886037185,0.004964575683922057,0.00140618382041513,24.35
S2,2022-02-09,1,2022-02-09 15:30:00-05:00,15006.0,2022-02-09 16:00:00-05:00,15043.25,0.002432360389177662,0.009841517629891161,0.0010840741173134827,21.44
S2,2022-02-10,-1,2022-02-10 15:30:00-05:00,14722.25,2022-02-10 16:00:00-05:00,14703.0,0.001256601402638863,-0.00889103086101739,-0.0004073734596190537,19.96
S2,2022-02-11,-1,2022-02-11 15:30:00-05:00,14259.25,2022-02-11 16:00:00-05:00,14237.75,0.0014551957501271104,-0.004352853159219183,-0.0004030703445375705,23.91
S2,2022-02-14,1,2022-02-14 15:30:00-05:00,14244.25,2022-02-14 16:00:00-05:00,14255.75,0.0007546904891447426,0.0035293497919264283,0.0008959156785244282,27.36
S2,2022-02-15,1,2022-02-15 15:30:00-05:00,14582.75,2022-02-15 16:00:00-05:00,14609.0,0.0017486413742263977,0.01723865808533409,0.0013733905579398353,28.33
S2,2022-02-17,-1,2022-02-17 15:30:00-05:00,14197.0,2022-02-17 16:00:00-05:00,14166.25,0.0021131224906670424,-0.013560250659178874,-0.00284450063211128,24.29
S2,2022-02-22,1,2022-02-22 15:30:00-05:00,13961.5,2022-02-22 16:00:00-05:00,13865.0,-0.00696558392722845,0.0012138521956444048,0.0025670945157525438,27.75
S2,2022-03-01,-1,2022-03-01 15:30:00-05:00,13980.0,2022-03-01 16:00:00-05:00,14004.75,-0.0018240343347639485,-0.0023710416776436816,-0.0014284949020587634,30.15
S2,2022-03-02,1,2022-03-02 15:30:00-05:00,14263.0,2022-03-02 16:00:00-05:00,14237.25,-0.0018579541470938792,0.0050518574055231635,0.001720626448486584,33.32
S2,2022-03-07,-1,2022-03-07 15:30:00-05:00,13413.75,2022-03-07 16:00:00-05:00,13320.25,0.006914546640574038,-0.011547844944429397,-0.0004284649776452598,31.98
S2,2022-03-08,-1,2022-03-08 15:30:00-05:00,13350.0,2022-03-08 16:00:00-05:00,13254.5,0.0070973782771535585,-0.005198851372909652,-0.00532747187243876,36.45
S2,2022-03-09,1,2022-03-09 15:30:00-05:00,13771.25,2022-03-09 16:00:00-05:00,13741.75,-0.002196605246437324,0.02367120600550754,0.0035709730901669623,35.13
S2,2022-03-10,-1,2022-03-10 15:30:00-05:00,13583.25,2022-03-10 16:00:00-05:00,13591.25,-0.0006441757311394548,-0.011879855185838784,-0.0025332256406490616,32.45
S2,2022-03-14,-1,2022-03-14 15:30:00-04:00,13075.0,2022-03-14 16:00:00-04:00,13048.5,0.0019694072657743785,-0.0019172571944136019,-0.0004968754180442181,30.75
S2,2022-03-16,1,2022-03-16 15:30:00-04:00,13851.5,2022-03-16 16:00:00-04:00,13959.0,0.007706746561744215,0.019767031415460545,0.008225809386886107,29.83
S2,2022-03-23,-1,2022-03-23 15:30:00-04:00,14501.0,2022-03-23 16:00:00-04:00,14444.0,0.0038790428246327836,-0.011088365745479334,-1.7239893112641624e-05,22.94
S2,2022-03-24,1,2022-03-24 15:30:00-04:00,14725.25,2022-03-24 16:00:00-04:00,14766.5,0.0027503777524999578,0.0026135419551371886,0.0038346172199876793,23.57
S2,2022-03-25,-1,2022-03-25 15:30:00-04:00,14646.0,2022-03-25 16:00:00-04:00,14755.25,-0.007510583094360235,-0.003132089526969861,-0.006293042032771368,21.67
S2,2022-03-28,1,2022-03-28 15:30:00-04:00,14946.75,2022-03-28 16:00:00-04:00,14987.25,0.002659441015605399,0.00896291150607409,0.0004852987934467201,20.81
S2,2022-03-29,1,2022-03-29 15:30:00-04:00,15256.75,2022-03-29 16:00:00-04:00,15241.5,-0.0010487161420354924,0.011009357954261167,0.0023486901535683113,19.63
S2,2022-03-30,-1,2022-03-30 15:30:00-04:00,15035.25,2022-03-30 16:00:00-04:00,15080.75,-0.003076104487787034,-0.0035265557851917873,-0.003050145047658548,18.9
S2,2022-03-31,-1,2022-03-31 15:30:00-04:00,14988.25,2022-03-31 16:00:00-04:00,14870.0,0.007839474254832952,-0.003580723770369554,-0.0025122701938274927,19.33
S2,2022-04-01,-1,2022-04-01 15:30:00-04:00,14778.0,2022-04-01 16:00:00-04:00,14859.75,-0.005582622817701989,-0.0021015467383994624,-0.0024638023558000155,20.56
S2,2022-04-04,1,2022-04-04 15:30:00-04:00,15141.75,2022-04-04 16:00:00-04:00,15164.75,0.0014694470586292866,0.012718921919951498,0.0007931524505104814,19.63
S2,2022-04-05,-1,2022-04-05 15:30:00-04:00,14822.25,2022-04-05 16:00:00-04:00,14831.5,-0.0006746614043077131,-0.0062480423350204095,-0.003177538668459934,18.57
S2,2022-04-06,-1,2022-04-06 15:30:00-04:00,14490.75,2022-04-06 16:00:00-04:00,14505.5,-0.001069647878819247,-0.02196338873343895,-0.007550852681323161,21.03
S2,2022-04-07,1,2022-04-07 15:30:00-04:00,14576.0,2022-04-07 16:00:00-04:00,14542.75,-0.002332601536772777,0.0037571955465167672,0.0006693670190855983,22.1
S2,2022-04-11,-1,2022-04-11 15:30:00-04:00,14044.0,2022-04-11 16:00:00-04:00,14000.5,0.0030440045571062373,-0.01372395152149275,-0.003565157239397654,21.16
S2,2022-04-13,1,2022-04-13 15:30:00-04:00,14244.5,2022-04-13 16:00:00-04:00,14221.75,-0.0016497595563199831,0.005200208008320439,0.002816058574018232,24.26
S2,2022-04-14,-1,2022-04-14 15:30:00-04:00,13932.25,2022-04-14 16:00:00-04:00,13893.5,0.0027274847924778837,-0.0075412660185982805,-0.0006634867123336274,21.82
S2,2022-04-18,-1,2022-04-18 15:30:00-04:00,13892.0,2022-04-18 16:00:00-04:00,13917.0,-0.0018535847970054707,-0.001925360780220986,-0.0028353012956250367,22.7
S2,2022-04-19,1,2022-04-19 15:30:00-04:00,14217.75,2022-04-19 16:00:00-04:00,14212.25,-0.00043959135587557806,0.007059711144643321,0.004255694861380999,22.17
S2,2022-04-21,1,2022-04-21 15:30:00-04:00,13762.75,2022-04-21 16:00:00-04:00,13722.0,-0.003015385733229187,0.01438925982790007,0.000290718802238521,20.32
S2,2022-04-26,-1,2022-04-26 15:30:00-04:00,13075.75,2022-04-26 16:00:00-04:00,13009.0,0.005047511615012523,-0.019400254974779707,-0.009037171763101037,27.02
S2,2022-04-28,1,2022-04-28 15:30:00-04:00,13503.5,2022-04-28 16:00:00-04:00,13463.0,-0.003054763579812641,0.010287076739669665,0.0006298629121896937,31.6
S2,2022-04-29,-1,2022-04-29 15:30:00-04:00,12937.0,2022-04-29 16:00:00-04:00,12855.25,0.0062611115405426295,-0.002896828344351232,-0.0039458741554866394,29.99
S2,2022-05-02,1,2022-05-02 15:30:00-04:00,12968.5,2022-05-02 16:00:00-04:00,13070.25,0.007788101939314493,0.005659166488399592,0.015623164571831216,33.4
S2,2022-05-05,-1,2022-05-05 15:30:00-04:00,12722.25,2022-05-05 16:00:00-04:00,12858.75,-0.01078818605199552,-0.02654622035025489,-0.007605600842466531,25.42
S2,2022-05-06,-1,2022-05-06 15:30:00-04:00,12611.0,2022-05-06 16:00:00-04:00,12693.25,-0.006581555784632463,-0.023991445513755205,-0.0014845605700712916,31.2
S2,2022-05-09,-1,2022-05-09 15:30:00-04:00,12236.25,2022-05-09 16:00:00-04:00,12196.75,0.003166819899887629,-0.019006164693833316,-0.004737890926837185,30.19
S2,2022-05-13,1,2022-05-13 15:30:00-04:00,12422.0,2022-05-13 16:00:00-04:00,12384.5,-0.003079214297214619,0.024711248744559766,0.005951898939185352,31.77
S2,2022-05-16,-1,2022-05-16 15:30:00-04:00,12280.5,2022-05-16 16:00:00-04:00,12247.5,0.002626114571882252,-0.01061811134886348,-0.00653237875662338,28.87
S2,2022-05-17,1,2022-05-17 15:30:00-04:00,12562.75,2022-05-17 16:00:00-04:00,12563.25,-1.99001014905176e-05,0.01618697693406812,0.0037551933525088455,27.47
S2,2022-05-18,-1,2022-05-18 15:30:00-04:00,11914.75,2022-05-18 16:00:00-04:00,11940.75,-0.0022451163473845444,-0.020993771516128357,-0.0011107850945215603,26.1
S2,2022-05-19,-1,2022-05-19 15:30:00-04:00,11892.5,2022-05-19 16:00:00-04:00,11876.25,0.0013033424427159976,-0.0039151644578439004,-0.009989594172736704,30.96
S2,2022-05-20,1,2022-05-20 15:30:00-04:00,11676.0,2022-05-20 16:00:00-04:00,11835.5,0.013596265844467284,0.010019997894958443,0.007550588945937742,29.35
S2,2022-05-25,1,2022-05-25 15:30:00-04:00,11991.0,2022-05-25 16:00:00-04:00,11949.5,-0.0035234759402885496,0.002100706601311453,0.001796269607535983,29.45
S2,2022-05-27,1,2022-05-27 15:30:00-04:00,12653.5,2022-05-27 16:00:00-04:00,12682.25,0.002212826490694274,0.020000000000000018,0.002992350679719369,27.5
S2,2022-06-01,1,2022-06-01 15:30:00-04:00,12622.25,2022-06-01 16:00:00-04:00,12550.0,-0.0057834379765889605,0.012692512998952132,0.0008920783443024938,26.19
S2,2022-06-03,-1,2022-06-03 15:30:00-04:00,12551.75,2022-06-03 16:00:00-04:00,12554.0,-0.00023901049654430657,-0.015568955154429354,-0.002047306698469531,24.72
S2,2022-06-08,1,2022-06-08 15:30:00-04:00,12636.5,2022-06-08 16:00:00-04:00,12619.0,-0.0014442290191113046,0.00379577547889709,0.0015654413950263457,24.02
S2,2022-06-13,-1,2022-06-13 15:30:00-04:00,11300.25,2022-06-13 16:00:00-04:00,11294.5,0.00044246808698922594,-0.029758384725859566,-0.005390420452795364,27.75
S2,2022-06-14,1,2022-06-14 15:30:00-04:00,11274.5,2022-06-14 16:00:00-04:00,11318.5,0.0038360902922524283,0.007171632210367873,0.0003770989995786067,34.02
S2,2022-06-23,1,2022-06-23 15:30:00-04:00,11693.25,2022-06-23 16:00:00-04:00,11733.25,0.003356637376264084,0.007613609326671433,0.0021426122728831487,28.95
S2,2022-06-27,-1,2022-06-27 15:30:00-04:00,12046.5,2022-06-27 16:00:00-04:00,12044.75,8.301166313867098e-05,-0.006832541005535986,-0.0002697319279608701,27.23
S2,2022-06-29,1,2022-06-29 15:30:00-04:00,11719.75,2022-06-29 16:00:00-04:00,11688.5,-0.0027304336696601893,0.0012206612986123133,0.0050815840819915525,28.36
S2,2022-07-06,1,2022-07-06 15:30:00-04:00,11956.0,2022-07-06 16:00:00-04:00,11885.75,-0.005938440950150552,0.0032802150128035112,0.0014868487183783419,27.54
S2,2022-07-07,1,2022-07-07 15:30:00-04:00,12142.0,2022-07-07 16:00:00-04:00,12136.0,-0.0005559215944654917,0.012536020023978356,0.0006386748526927555,26.73
S2,2022-07-08,-1,2022-07-08 15:30:00-04:00,12157.25,2022-07-08 16:00:00-04:00,12155.5,8.225544428221844e-05,-0.01069133157547797,-0.0017449499096732213,26.08
S2,2022-07-11,-1,2022-07-11 15:30:00-04:00,11898.5,2022-07-11 16:00:00-04:00,11891.0,0.0005672983989578518,-0.02229443461807412,-0.00067194422862904,24.64
S2,2022-07-12,-1,2022-07-12 15:30:00-04:00,11751.5,2022-07-12 16:00:00-04:00,11778.25,-0.0023401267923243837,-0.0029223782692793243,-0.0065939639868121125,26.17
S2,2022-07-13,-1,2022-07-13 15:30:00-04:00,11790.75,2022-07-13 16:00:00-04:00,11755.5,0.0029260225176515487,-0.008384097807399238,-0.004117485588800429,27.29
S2,2022-07-19,1,2022-07-19 15:30:00-04:00,12260.25,2022-07-19 16:00:00-04:00,12269.0,0.0006525152423482392,0.013395481649449925,0.0005304390403133574,25.3
S2,2022-07-20,1,2022-07-20 15:30:00-04:00,12497.25,2022-07-20 16:00:00-04:00,12466.0,-0.002560563323931265,0.0013448528812454175,0.0034527059579252395,24.5
S2,2022-07-21,1,2022-07-21 15:30:00-04:00,12611.0,2022-07-21 16:00:00-04:00,12645.0,0.0026365871064943304,0.0024867639980747924,0.0006149451508599135,23.88
S2,2022-07-25,-1,2022-07-25 15:30:00-04:00,12278.75,2022-07-25 16:00:00-04:00,12355.5,-0.006311717397943602,-0.002978046964605463,-0.0010982753010088109,23.03
S2,2022-07-26,-1,2022-07-26 15:30:00-04:00,12099.25,2022-07-26 16:00:00-04:00,12110.25,-0.0009711345744570944,-0.009732507790052969,-0.000475020136723181,23.36
S2,2022-07-27,1,2022-07-27 15:30:00-04:00,12685.75,2022-07-27 16:00:00-04:00,12615.5,-0.005596831090002562,0.02272868025020136,0.008406200317965018,24.69
S2,2022-07-29,1,2022-07-29 15:30:00-04:00,12991.0,2022-07-29 16:00:00-04:00,12972.0,-0.0015202832730351781,0.009930330683936894,0.002488617948915861,22.33
S2,2022-08-04,1,2022-08-04 15:30:00-04:00,13332.5,2022-08-04 16:00:00-04:00,13330.75,-0.00018751171948246765,0.002448718190208865,0.0012955556807299207,21.95
S2,2022-08-08,1,2022-08-08 15:30:00-04:00,13160.25,2022-08-08 16:00:00-04:00,13181.75,0.0015767177675196139,0.01255079860126651,0.0010078728178601892,21.15
S2,2022-08-10,1,2022-08-10 15:30:00-04:00,13379.0,2022-08-10 16:00:00-04:00,13393.5,0.0010277300246655206,0.021965162676488736,0.0029611859737241897,21.77
S2,2022-08-12,1,2022-08-12 15:30:00-04:00,13562.25,2022-08-12 16:00:00-04:00,13579.5,0.0012166122877841066,0.008072085601652068,0.0014768867227883398,20.2
S2,2022-08-15,1,2022-08-15 15:30:00-04:00,13701.5,2022-08-15 16:00:00-04:00,13685.25,-0.0012407400649563916,0.0027983357266467834,0.0015716661488696104,19.53
S2,2022-08-17,-1,2022-08-17 15:30:00-04:00,13521.0,2022-08-17 16:00:00-04:00,13496.25,0.0017750166407810072,-0.008770484299185255,-0.0018640533008508209,19.69
S2,2022-08-24,1,2022-08-24 15:30:00-04:00,12953.0,2022-08-24 16:00:00-04:00,12934.25,-0.00150544275457423,0.00036823132679564274,0.0010819792491836289,24.11
S2,2022-08-25,1,2022-08-25 15:30:00-04:00,13087.75,2022-08-25 16:00:00-04:00,13159.0,0.005386716586120609,0.008465894814156272,0.0016646894493130837,22.82
S2,2022-08-26,-1,2022-08-26 15:30:00-04:00,12683.5,2022-08-26 16:00:00-04:00,12619.0,0.005026215161430205,-0.0018048483927349812,-0.0017904574520413163,21.78
S2,2022-08-31,1,2022-08-31 15:30:00-04:00,12336.0,2022-08-31 16:00:00-04:00,12281.5,-0.004478761348897535,0.008277006516371976,0.0031103250594621823,26.21
S2,2022-09-02,1,2022-09-02 15:30:00-04:00,12111.25,2022-09-02 16:00:00-04:00,12110.25,-0.00014449375580555268,0.0018925133798661786,0.000433678210767674,25.56
S2,2022-09-07,1,2022-09-07 15:30:00-04:00,12303.0,2022-09-07 16:00:00-04:00,12262.0,-0.003393481264732179,0.004720610560026595,0.002526127080489715,26.91
S2,2022-09-09,1,2022-09-09 15:30:00-04:00,12594.5,2022-09-09 16:00:00-04:00,12589.75,-0.0004366985588947557,0.014298752662001757,0.0012720876150345006,23.61
S2,2022-09-12,1,2022-09-12 15:30:00-04:00,12715.25,2022-09-12 16:00:00-04:00,12742.5,0.002084111598277659,0.011656307710637526,0.0001966568338249708,22.79
S2,2022-09-13,-1,2022-09-13 15:30:00-04:00,12074.25,2022-09-13 16:00:00-04:00,12040.75,0.0027123837919539517,-0.03417696684324112,-0.004924179990110411,23.87
S2,2022-09-19,1,2022-09-19 15:30:00-04:00,12010.0,2022-09-19 16:00:00-04:00,12027.0,0.001353039134054954,0.008016243998392625,0.005378369328645549,26.3
S2,2022-10-03,1,2022-10-03 15:30:00-04:00,11344.25,2022-10-03 16:00:00-04:00,11290.75,-0.0047821583621658545,0.005439586591418966,0.00015428697377117828,31.62
S2,2022-10-06,1,2022-10-06 15:30:00-04:00,11582.75,2022-10-06 16:00:00-04:00,11542.25,-0.0035613304267121367,8.593649293175964e-05,0.0023147647376959846,28.55
S2,2022-10-07,-1,2022-10-07 15:30:00-04:00,11072.0,2022-10-07 16:00:00-04:00,11099.5,-0.0025514812138728326,-0.027442656327839043,-0.003330857695856726,30.52
S2,2022-10-11,-1,2022-10-11 15:30:00-04:00,10813.5,2022-10-11 16:00:00-04:00,10844.0,-0.0028899061358487075,-0.014320515447487692,-0.00041595415260897717,32.45
S2,2022-10-12,1,2022-10-12 15:30:00-04:00,10862.0,2022-10-12 16:00:00-04:00,10837.25,-0.002347633953231449,0.004334194024345317,0.0004375158311649141,33.63
S2,2022-10-13,-1,2022-10-13 15:30:00-04:00,11091.25,2022-10-13 16:00:00-04:00,11081.25,0.0008339907584807843,-0.020507970195390857,-0.0013730080129648048,33.57
S2,2022-10-14,-1,2022-10-14 15:30:00-04:00,10788.75,2022-10-14 16:00:00-04:00,10748.0,0.003707565751361372,-0.002774957698815528,-0.0011110853915418106,31.94
S2,2022-10-17,1,2022-10-17 15:30:00-04:00,11120.25,2022-10-17 16:00:00-04:00,11111.25,-0.0008767788493963714,0.03028470413100104,0.0006298504105275438,32.02
S2,2022-10-18,1,2022-10-18 15:30:00-04:00,11152.75,2022-10-18 16:00:00-04:00,11202.75,0.004415951222792584,0.017662279221509758,0.001167044459905231,31.37
S2,2022-10-21,1,2022-10-21 15:30:00-04:00,11362.25,2022-10-21 16:00:00-04:00,11354.0,-0.0007920966357895663,0.006132894410498135,0.005197505197505281,29.98
S2,2022-10-24,1,2022-10-24 15:30:00-04:00,11502.0,2022-10-24 16:00:00-04:00,11479.5,-0.0020213875847678664,0.0007266161705126173,0.0019818799546997834,29.69
S2,2022-10-25,1,2022-10-25 15:30:00-04:00,11713.0,2022-10-25 16:00:00-04:00,11712.5,-0.0001067190301374541,0.01478722940894639,0.0035986633536115864,29.85
S2,2022-10-26,-1,2022-10-26 15:30:00-04:00,11467.75,2022-10-26 16:00:00-04:00,11453.0,0.001220814893941706,-0.019615795090715094,-0.001045318931161443,28.46
S2,2022-10-28,1,2022-10-28 15:30:00-04:00,11584.25,2022-10-28 16:00:00-04:00,11584.5,-4.316205192394847e-05,0.007161921708185082,0.0007342936742760209,27.39
S2,2022-10-31,-1,2022-10-31 15:30:00-04:00,11453.0,2022-10-31 16:00:00-04:00,11448.25,0.00034925347070636516,-0.013962622469679276,-0.0013515280987052014,25.75
S2,2022-11-02,-1,2022-11-02 15:30:00-04:00,11019.75,2022-11-02 16:00:00-04:00,10938.5,0.007305065904398921,-0.004435127978817288,-0.012522401433691766,25.81
S2,2022-11-03,-1,2022-11-03 15:30:00-04:00,10795.0,2022-11-03 16:00:00-04:00,10724.75,0.0064381658175081055,-0.019449650317685196,-0.0013645720100839975,25.86
S2,2022-11-04,1,2022-11-04 15:30:00-04:00,10836.5,2022-11-04 16:00:00-04:00,10892.75,0.005121579845891201,0.011165761439660526,0.002567483172576601,25.3
S2,2022-11-08,1,2022-11-08 15:30:00-05:00,11112.5,2022-11-08 16:00:00-05:00,11094.25,-0.0017097862767154106,0.004017431567479246,0.008165302002767216,24.35
S2,2022-11-10,1,2022-11-10 15:30:00-05:00,11577.0,2022-11-10 16:00:00-05:00,11628.75,0.004405286343612335,0.05722001661896403,0.004490238611713604,26.09
S2,2022-11-14,-1,2022-11-14 15:30:00-05:00,11824.75,2022-11-14 16:00:00-05:00,11742.25,0.006913465400959851,-0.00869363381232724,-0.002509648438323797,22.52
S2,2022-11-15,1,2022-11-15 15:30:00-05:00,11930.25,2022-11-15 16:00:00-05:00,11905.5,-0.0021374237756962345,0.024611978113223687,0.00081795302013421,23.73
S2,2022-11-16,-1,2022-11-16 15:30:00-05:00,11727.5,2022-11-16 16:00:00-05:00,11740.5,-0.00117245789810275,-0.010331359455713729,-0.0033781630441710453,24.54
S2,2022-11-17,-1,2022-11-17 15:30:00-05:00,11638.75,2022-11-17 16:00:00-05:00,11712.25,-0.006379551068628504,-0.012904050083045848,-0.0037874735197825915,24.11
S2,2022-11-18,1,2022-11-18 15:30:00-05:00,11708.75,2022-11-18 16:00:00-05:00,11707.5,-0.00017081242660403544,0.0035006083374244934,0.0035140347118063353,23.93
S2,2022-11-21,-1,2022-11-21 15:30:00-05:00,11586.0,2022-11-21 16:00:00-05:00,11587.25,-0.00017262213015708613,-0.0038436899423446302,-0.00028043834670810064,23.12
S2,2022-11-23,1,2022-11-23 15:30:00-05:00,11871.5,2022-11-23 16:00:00-05:00,11868.75,-0.0002948237375226383,0.006871317037888014,0.000505667692048295,21.29
S2,2022-11-28,-1,2022-11-28 15:30:00-05:00,11581.25,2022-11-28 16:00:00-05:00,11611.25,-0.0026551538046411228,-0.0024816001018092004,-0.0027984070605963085,20.5
S2,2022-11-30,1,2022-11-30 15:30:00-05:00,11972.5,2022-11-30 16:00:00-05:00,12051.5,0.006535811234078095,0.003579641601943795,0.006261424999474796,21.89
S2,2022-12-05,-1,2022-12-05 15:30:00-05:00,11759.5,2022-12-05 16:00:00-05:00,11802.75,-0.003741655682639568,-0.006721464988034498,-0.0008072396652080149,19.06
S2,2022-12-06,-1,2022-12-06 15:30:00-05:00,11510.5,2022-12-06 16:00:00-05:00,11562.5,-0.004582772251422614,-0.011713371883671164,-0.0020374986452801336,20.75
S2,2022-12-07,-1,2022-12-07 15:30:00-05:00,11494.75,2022-12-07 16:00:00-05:00,11508.0,-0.0012179473237782467,-0.007870270270270319,-0.00045652173913046656,22.17
S2,2022-12-08,1,2022-12-08 15:30:00-05:00,11657.25,2022-12-08 16:00:00-05:00,11645.25,-0.001093739947243132,0.008081334723670563,0.0026448768949576262,22.68
S2,2022-12-09,-1,2022-12-09 15:30:00-05:00,11643.5,2022-12-09 16:00:00-05:00,11571.0,0.006162236440932709,-0.002790837465919571,-0.001329502080027467,22.29
S2,2022-12-12,1,2022-12-12 15:30:00-05:00,11681.0,2022-12-12 16:00:00-05:00,11715.5,0.002889307422309734,0.0020957566329617983,0.003177670424047152,22.83
S2,2022-12-13,1,2022-12-13 15:30:00-05:00,11831.75,2022-12-13 16:00:00-05:00,11840.5,0.0006761468083757686,0.035657889121249564,0.0003382163316210107,25.0
S2,2022-12-19,-1,2022-12-19 15:30:00-05:00,11150.75,2022-12-19 16:00:00-05:00,11188.0,-0.0034078425218034662,-0.007508367095296786,-0.00111977067096658,22.62
S2,2022-12-23,-1,2022-12-23 15:30:00-05:00,11053.5,2022-12-23 16:00:00-05:00,11080.0,-0.002465282489709142,-0.010470612180284444,-0.001625869388492407,21.97
S2,2022-12-29,1,2022-12-29 15:30:00-05:00,11047.25,2022-12-29 16:00:00-05:00,11032.0,-0.0014483242435900337,0.017919732596736404,0.0015639165911152109,22.14
S2,2023-01-05,-1,2023-01-05 15:30:00-05:00,10836.25,2023-01-05 16:00:00-05:00,10820.0,0.0014303841273503287,-0.011685801977946997,-0.003860915128812037,22.01
S2,2023-01-06,-1,2023-01-06 15:30:00-05:00,11133.0,2023-01-06 16:00:00-05:00,11114.5,0.0015943591125482798,-0.000508317929759694,-0.00047133815145661284,22.46
S2,2023-01-11,1,2023-01-11 15:30:00-05:00,11442.25,2023-01-11 16:00:00-05:00,11476.5,0.0029277458541807776,0.004496721601984666,0.0018386779030317157,20.58
S2,2023-01-12,-1,2023-01-12 15:30:00-05:00,11517.0,2023-01-12 16:00:00-05:00,11532.25,-0.0013892506729182947,-0.010369014943580335,-0.001755336439484223,21.09
S2,2023-01-17,1,2023-01-17 15:30:00-05:00,11628.0,2023-01-17 16:00:00-05:00,11627.5,-0.00010749914000687995,0.0006245961662718624,0.0001290183851199167,18.35
S2,2023-01-19,-1,2023-01-19 15:30:00-05:00,11418.5,2023-01-19 16:00:00-05:00,11360.5,0.005013793405438543,-0.0072520580164641135,-0.0006564120517252858,20.34
S2,2023-01-20,1,2023-01-20 15:30:00-05:00,11656.0,2023-01-20 16:00:00-05:00,11676.25,0.0016729581331503087,0.0077901500814223645,0.002580367702397668,20.52
S2,2023-01-23,1,2023-01-23 15:30:00-05:00,11904.25,2023-01-23 16:00:00-05:00,11931.5,0.002226095722116051,0.010684080933518914,0.0010301692420897623,19.85
S2,2023-01-24,-1,2023-01-24 15:30:00-05:00,11905.0,2023-01-24 16:00:00-05:00,11905.75,-0.000125997480050399,-0.003960105602816122,-0.0010907870448061407,19.81
S2,2023-01-26,1,2023-01-26 15:30:00-05:00,12078.75,2023-01-26 16:00:00-05:00,12105.0,0.002111145606954362,0.008735922534470086,0.0018870272063702398,19.08
S2,2023-01-27,1,2023-01-27 15:30:00-05:00,12292.25,2023-01-27 16:00:00-05:00,12223.25,-0.00567430698204153,0.0014869888475836923,0.0014460579645205751,18.73
S2,2023-01-30,-1,2023-01-30 15:30:00-05:00,11972.0,2023-01-30 16:00:00-05:00,11971.0,2.0882058135649853e-05,-0.008467469780950254,-0.0023541176225495564,18.51
S2,2023-02-02,1,2023-02-02 15:30:00-05:00,12782.75,2023-02-02 16:00:00-05:00,12855.25,0.005613033189258963,0.0203087575226939,0.004913522012578664,17.87
S2,2023-02-06,-1,2023-02-06 15:30:00-05:00,12485.5,2023-02-06 16:00:00-05:00,12513.25,-0.002282647871530976,-0.005861618281912118,-0.0036309951320724343,18.33
S2,2023-02-08,-1,2023-02-08 15:30:00-05:00,12533.5,2023-02-08 16:00:00-05:00,12543.25,-0.0008377548170901983,-0.0057546634304840305,-0.002645871048600479,18.66
S2,2023-02-10,-1,2023-02-10 15:30:00-05:00,12311.0,2023-02-10 16:00:00-05:00,12346.0,-0.0029039070749736005,-0.006457583133838929,-0.0010953569037911448,20.71
S2,2023-02-13,1,2023-02-13 15:30:00-05:00,12526.75,2023-02-13 16:00:00-05:00,12544.75,0.0013770531063524059,0.00931475781629687,0.0013389288569145563,20.53
S2,2023-02-14,1,2023-02-14 15:30:00-05:00,12629.5,2023-02-14 16:00:00-05:00,12630.75,3.958984916267469e-05,0.0032483708324200222,0.0007329925908317048,20.34
S2,2023-02-16,-1,2023-02-16 15:30:00-05:00,12513.75,2023-02-16 16:00:00-05:00,12481.5,0.0025172310458495654,-0.013330453902936967,-0.010986188227390392,18.23
S2,2023-02-17,-1,2023-02-17 15:30:00-05:00,12359.5,2023-02-17 16:00:00-05:00,12392.0,-0.002690238278247502,-0.012178023474742616,-0.002501866311563017,20.17
S2,2023-02-21,-1,2023-02-21 15:30:00-05:00,12110.25,2023-02-21 16:00:00-05:00,12098.0,0.0009496088024607255,-0.013214170432537142,-0.0011341141537446475,20.02
S2,2023-02-22,1,2023-02-22 15:30:00-05:00,12073.0,2023-02-22 16:00:00-05:00,12103.0,0.0024227615340014913,0.0020251281203504945,0.000849740932642451,22.87
S2,2023-02-23,1,2023-02-23 15:30:00-05:00,12241.75,2023-02-23 16:00:00-05:00,12206.25,-0.002961177936161088,0.01065851441791299,0.004245283018867951,22.29
S2,2023-02-24,-1,2023-02-24 15:30:00-05:00,11976.5,2023-02-24 16:00:00-05:00,11998.0,-0.001857804867866238,-0.0188223246287762,-0.0024571047809428537,21.14
S2,2023-03-01,-1,2023-03-01 15:30:00-05:00,11945.5,2023-03-01 16:00:00-05:00,11965.25,-0.0017161274119961492,-0.0010568195946786263,-0.00041838378344460914,20.7
S2,2023-03-03,1,2023-03-03 15:30:00-05:00,12307.0,2023-03-03 16:00:00-05:00,12312.5,0.00038595921020557404,0.010277023807057084,0.00024381819290075768,19.59
S2,2023-03-07,1,2023-03-07 15:30:00-05:00,12153.75,2023-03-07 16:00:00-05:00,12169.0,0.001193047413349789,0.000811441322649431,0.0005968920448697901,18.61
S2,2023-03-10,-1,2023-03-10 15:30:00-05:00,11864.25,2023-03-10 16:00:00-05:00,11841.25,0.001875381924689719,-0.008099947943779329,-0.0013467730056185845,22.61
S2,2023-03-20,-1,2023-03-20 15:30:00-04:00,12661.0,2023-03-20 16:00:00-04:00,12693.0,-0.002586683516309928,-0.0045947872930365286,-5.923234876004102e-05,25.51
S2,2023-03-21,1,2023-03-21 15:30:00-04:00,12859.5,2023-03-21 16:00:00-04:00,12877.25,0.0013219798592480267,0.009611596943197132,0.001538161993769549,24.15
S2,2023-03-22,1,2023-03-22 15:30:00-04:00,12951.0,2023-03-22 16:00:00-04:00,12699.0,-0.019515867500579105,0.0004465239084432415,0.00224427805831251,21.38
S2,2023-03-29,1,2023-03-29 15:30:00-04:00,12980.0,2023-03-29 16:00:00-04:00,12969.0,-0.0009052388289676425,0.014372668368348718,0.00243266724587321,19.97
S2,2023-03-30,1,2023-03-30 15:30:00-04:00,13080.75,2023-03-30 16:00:00-04:00,13085.25,0.0002866808095866063,0.008501040943789118,0.0010905960011480254,19.12
S2,2023-03-31,1,2023-03-31 15:30:00-04:00,13297.5,2023-03-31 16:00:00-04:00,13301.5,0.000244406843391615,0.004222311381135269,0.003774297037176799,19.02
S2,2023-04-05,-1,2023-04-05 15:30:00-04:00,13055.0,2023-04-05 16:00:00-04:00,13079.5,-0.0019341248563768672,-0.0065035731841041056,-0.0016059650129051084,19.0
S2,2023-04-10,-1,2023-04-10 15:30:00-04:00,13137.5,2023-04-10 16:00:00-04:00,13164.5,-0.0021122740247383445,-0.013988801366612846,-0.001501073552604093,18.4
S2,2023-04-11,-1,2023-04-11 15:30:00-04:00,13123.75,2023-04-11 16:00:00-04:00,13076.5,0.003543194589960949,-0.004405788294276292,-0.00022854095644386785,18.97
S2,2023-04-12,-1,2023-04-12 15:30:00-04:00,12950.75,2023-04-12 16:00:00-04:00,12958.5,-0.0006563326448275196,-0.0008603219515925797,-0.0039224734656206905,19.1
S2,2023-04-13,1,2023-04-13 15:30:00-04:00,13219.25,2023-04-13 16:00:00-04:00,13209.75,-0.0007753843826238251,0.008392175020256909,0.0009654154125731118,19.09
S2,2023-04-18,1,2023-04-18 15:30:00-04:00,13173.0,2023-04-18 16:00:00-04:00,13189.25,0.001176649206710696,0.004738617839948445,0.0010449122273727962,16.95
S2,2023-04-19,-1,2023-04-19 15:30:00-04:00,13202.25,2023-04-19 16:00:00-04:00,13182.75,0.001420212463784582,-0.007164925981386405,-0.00035965094928924746,16.83
S2,2023-04-20,-1,2023-04-20 15:30:00-04:00,13026.25,2023-04-20 16:00:00-04:00,13077.0,-0.003953555320986469,-0.005082399347632327,-0.004870222884317932,16.46
S2,2023-04-21,-1,2023-04-21 15:30:00-04:00,13075.5,2023-04-21 16:00:00-04:00,13088.25,-0.001032465297694161,-0.00621319874588977,-0.0008596481173706039,17.17
S2,2023-04-26,1,2023-04-26 15:30:00-04:00,12891.0,2023-04-26 16:00:00-04:00,12882.5,-0.0007175548832518812,0.011886637779599418,0.00025218234723567434,18.76
S2,2023-04-27,1,2023-04-27 15:30:00-04:00,13240.25,2023-04-27 16:00:00-04:00,13231.25,-0.000736390929174298,0.010945080535610385,0.00033998186763373184,18.84
S2,2023-05-01,-1,2023-05-01 15:30:00-04:00,13308.0,2023-05-01 16:00:00-04:00,13304.0,0.0002442140066125639,-0.0009944647715545152,-0.0005820393909239385,15.78
S2,2023-05-02,-1,2023-05-02 15:30:00-04:00,13201.0,2023-05-02 16:00:00-04:00,13184.75,0.0011741534732217257,-0.001165063138905631,-0.0003407671046155025,16.08
S2,2023-05-08,-1,2023-05-08 15:30:00-04:00,13343.25,2023-05-08 16:00:00-04:00,13354.5,-0.0008993311224776573,-0.004034073851696185,-0.0014032593036091834,17.19
S2,2023-05-09,-1,2023-05-09 15:30:00-04:00,13263.5,2023-05-09 16:00:00-04:00,13266.25,-0.0002638820824066046,-0.003369650679546199,-0.0008851390798320091,16.98
S2,2023-05-10,1,2023-05-10 15:30:00-04:00,13430.75,2023-05-10 16:00:00-04:00,13410.5,-0.0015635761219589376,0.008272872891736505,0.002687670312441659,17.71
S2,2023-05-11,-1,2023-05-11 15:30:00-04:00,13453.75,2023-05-11 16:00:00-04:00,13447.25,0.00042739013286258474,-0.0018455687707393809,-0.0007241667440348598,16.94
S2,2023-05-16,1,2023-05-16 15:30:00-04:00,13536.75,2023-05-16 16:00:00-04:00,13482.25,-0.0040814818918869,0.0010206353919239852,5.540780141854995e-05,17.12
S2,2023-05-18,1,2023-05-18 15:30:00-04:00,13846.5,2023-05-18 16:00:00-04:00,13889.75,0.003069367710251688,0.005001923816852605,0.002298268155413563,16.87
S2,2023-05-23,-1,2023-05-23 15:30:00-04:00,13739.0,2023-05-23 16:00:00-04:00,13725.5,0.0009280151393842346,-0.0029845379359942914,-0.0002001273537706183,17.21
S2,2023-05-25,1,2023-05-25 15:30:00-04:00,14010.75,2023-05-25 16:00:00-04:00,13978.25,-0.0023731777385222062,0.01637032832213281,0.004480848852006503,20.03
S2,2023-05-26,1,2023-05-26 15:30:00-04:00,14347.0,2023-05-26 16:00:00-04:00,14333.0,-0.0010280894960618945,0.010033444816053505,0.0007149458559296828,19.14
S2,2023-05-31,-1,2023-05-31 15:30:00-04:00,14319.5,2023-05-31 16:00:00-04:00,14301.75,0.0011871922902335975,-0.0014760019448496475,-0.0006106923506421502,17.46
S2,2023-06-08,1,2023-06-08 15:30:00-04:00,14489.0,2023-06-08 16:00:00-04:00,14499.75,0.0006901787562978812,0.0032619882428872593,0.00031068765534381093,13.94
S2,2023-06-12,1,2023-06-12 15:30:00-04:00,14769.75,2023-06-12 16:00:00-04:00,14802.5,0.00216659049746949,0.00398447428983606,0.00138990118141602,13.83
S2,2023-06-20,1,2023-06-20 15:30:00-04:00,15251.75,2023-06-20 16:00:00-04:00,15253.5,6.55662464963037e-05,0.0008546165729874655,0.0002459298608037397,13.54
S2,2023-06-21,-1,2023-06-21 15:30:00-04:00,15096.25,2023-06-21 16:00:00-04:00,15045.25,0.00332864121884574,-0.008244009571573785,-0.0021647167691188907,13.88
S2,2023-06-27,1,2023-06-27 15:30:00-04:00,15138.75,2023-06-27 16:00:00-04:00,15108.25,-0.00206423912145983,0.006831681502296849,0.002151462994836484,14.25
S2,2023-06-28,-1,2023-06-28 15:30:00-04:00,15104.5,2023-06-28 16:00:00-04:00,15139.5,-0.0023668443179185013,-0.0011252130458524467,-0.001190259708055752,13.74
S2,2023-06-30,1,2023-06-30 15:30:00-04:00,15355.75,2023-06-30 16:00:00-04:00,15331.0,-0.0016606157302639076,0.013953950308708496,0.0006027334777720661,13.54
S2,2023-07-05,1,2023-07-05 15:30:00-04:00,15385.75,2023-07-05 16:00:00-04:00,15359.75,-0.0017386217766439725,0.0010581493781336437,0.0007317073170731714,13.57
S2,2023-07-06,-1,2023-07-06 15:30:00-04:00,15236.75,2023-07-06 16:00:00-04:00,15235.75,1.640769849213251e-05,-0.013134979410472147,-0.000737789582411108,14.18
S2,2023-07-10,-1,2023-07-10 15:30:00-04:00,15169.75,2023-07-10 16:00:00-04:00,15190.0,-0.0013843339540862572,-0.004495085044374569,-0.0012344866181650538,14.83
S2,2023-07-13,1,2023-07-13 15:30:00-04:00,15718.0,2023-07-13 16:00:00-04:00,15706.0,-0.0008111719048224965,0.009982688045043542,0.002279611031404505,13.54
S2,2023-07-17,1,2023-07-17 15:30:00-04:00,15868.5,2023-07-17 16:00:00-04:00,15844.25,-0.0015754482150171724,0.0023721581863338503,0.002732931029035379,13.34
S2,2023-07-19,1,2023-07-19 15:30:00-04:00,15981.75,2023-07-19 16:00:00-04:00,15957.0,-0.0015955699469707633,0.0018312151756088024,0.001864969909729286,13.3
S2,2023-07-20,-1,2023-07-20 15:30:00-04:00,15552.75,2023-07-20 16:00:00-04:00,15588.0,-0.0023147031875391812,-0.006016168452716686,-0.0034441881327694768,13.76
S2,2023-07-24,-1,2023-07-24 15:30:00-04:00,15527.5,2023-07-24 16:00:00-04:00,15563.75,-0.002382869103203993,-0.0020273531777956766,-0.0023611423431526557,13.6
S2,2023-07-25,1,2023-07-25 15:30:00-04:00,15702.0,2023-07-25 16:00:00-04:00,15668.75,-0.002165329257419437,0.006376997831499587,0.0008764521218109778,13.91
S2,2023-07-26,-1,2023-07-26 15:30:00-04:00,15575.75,2023-07-26 16:00:00-04:00,15612.75,-0.002423639311108614,-0.002696449940167489,-0.00361438075742071,13.86
S2,2023-07-27,1,2023-07-27 15:30:00-04:00,15571.75,2023-07-27 16:00:00-04:00,15566.0,-0.0004174225761394834,0.016540968119005406,0.0014309371834655416,13.19
S2,2023-07-31,-1,2023-07-31 15:30:00-04:00,15829.25,2023-07-31 16:00:00-04:00,15863.0,-0.002179509452437734,-0.001372261392135532,-0.0014036747890544543,13.33
S2,2023-08-02,-1,2023-08-02 15:30:00-04:00,15435.0,2023-08-02 16:00:00-04:00,15468.25,-0.0022027858762552637,-0.013640602525803347,-0.003630964868397646,13.93
S2,2023-08-03,-1,2023-08-03 15:30:00-04:00,15440.75,2023-08-03 16:00:00-04:00,15430.25,0.0006314460113660283,-0.0020202673217719624,-0.002229366246102593,16.09
S2,2023-08-04,1,2023-08-04 15:30:00-04:00,15378.0,2023-08-04 16:00:00-04:00,15358.0,-0.0013493302119911561,0.0011827416924548029,0.00026017952387147325,15.92
S2,2023-08-08,-1,2023-08-08 15:30:00-04:00,15333.0,2023-08-08 16:00:00-04:00,15350.25,-0.0011739385638818236,-0.012430181125496431,-0.00014672079033595242,15.77
S2,2023-08-09,-1,2023-08-09 15:30:00-04:00,15249.25,2023-08-09 16:00:00-04:00,15180.25,0.004475629949013886,-0.004625331834986368,-0.0015223690026027192,15.99
S2,2023-08-11,-1,2023-08-11 15:30:00-04:00,15116.5,2023-08-11 16:00:00-04:00,15101.0,0.0009757549697350577,-0.008585243906450435,-0.0008262277744728319,15.85
S2,2023-08-14,1,2023-08-14 15:30:00-04:00,15224.0,2023-08-14 16:00:00-04:00,15272.5,0.0031364950078822907,0.0010264220912521438,0.000575090371344178,14.84
S2,2023-08-15,-1,2023-08-15 15:30:00-04:00,15089.0,2023-08-15 16:00:00-04:00,15105.25,-0.0011266485519252436,-0.005958422000327368,-0.0047818487616660965,14.82
S2,2023-08-16,-1,2023-08-16 15:30:00-04:00,14966.0,2023-08-16 16:00:00-04:00,14939.0,0.0017539756782039288,-0.0002482580559739489,-0.004407337801653144,16.46
S2,2023-08-17,-1,2023-08-17 15:30:00-04:00,14795.0,2023-08-17 16:00:00-04:00,14772.25,0.001486988847583643,-0.0006861235691812961,-0.0011983122362869691,16.78
S2,2023-08-21,1,2023-08-21 15:30:00-04:00,14990.0,2023-08-21 16:00:00-04:00,14987.0,-0.0002501667778519013,0.011067609023575953,0.0006675456017088965,17.3
S2,2023-08-23,1,2023-08-23 15:30:00-04:00,15227.0,2023-08-23 16:00:00-04:00,15198.0,-0.0019537663361134825,0.00894035861700182,0.0014797763893457105,16.97
S2,2023-08-25,1,2023-08-25 15:30:00-04:00,15013.0,2023-08-25 16:00:00-04:00,14977.5,-0.002414574035835609,0.006023184211854549,0.0012170723574524978,17.2
S2,2023-08-29,1,2023-08-29 15:30:00-04:00,15426.25,2023-08-29 16:00:00-04:00,15413.5,-0.0008751316749047889,0.004390251983896976,0.0014606358634792205,15.08
S2,2023-08-31,1,2023-08-31 15:30:00-04:00,15571.0,2023-08-31 16:00:00-04:00,15532.25,-0.0025367670669834952,0.00416075345116762,0.0011251486803613986,13.88
S2,2023-09-01,1,2023-09-01 15:30:00-04:00,15513.0,2023-09-01 16:00:00-04:00,15520.0,0.0004028879004705731,0.0017544142027072773,0.0013878578575348133,13.57
S2,2023-09-05,-1,2023-09-05 15:30:00-04:00,15550.75,2023-09-05 16:00:00-04:00,15533.75,0.0010449656768966127,-0.003704896907216537,-0.002213631478481304,13.09
S2,2023-09-06,-1,2023-09-06 15:30:00-04:00,15360.25,2023-09-06 16:00:00-04:00,15398.0,-0.0025064696212626744,-0.0032831737346101786,-0.0008293626916885399,14.01
S2,2023-09-07,-1,2023-09-07 15:30:00-04:00,15285.0,2023-09-07 16:00:00-04:00,15276.75,0.0004906771344455348,-0.01332965320171453,-0.00034337290297259404,14.45
S2,2023-09-11,1,2023-09-11 15:30:00-04:00,15492.25,2023-09-11 16:00:00-04:00,15475.25,-0.0011457341574012813,0.004543894346283883,0.000985364908086428,13.84
S2,2023-09-18,1,2023-09-18 15:30:00-04:00,15405.25,2023-09-18 16:00:00-04:00,15413.25,0.0004706187825578942,0.0035003174706542683,0.0006820506991018771,13.79
S2,2023-09-21,-1,2023-09-21 15:30:00-04:00,14895.75,2023-09-21 16:00:00-04:00,14861.75,0.0022321803198899017,-0.014436799815208956,-0.0019096117122852085,15.14
S2,2023-09-22,1,2023-09-22 15:30:00-04:00,14952.0,2023-09-22 16:00:00-04:00,14866.75,-0.005751738897806313,0.005921240769088509,0.004096502862515283,17.54
S2,2023-09-25,1,2023-09-25 15:30:00-04:00,14890.75,2023-09-25 16:00:00-04:00,14936.75,0.0030387992545707907,0.0006221938217834122,0.0010756302521008898,17.2
S2,2023-09-26,-1,2023-09-26 15:30:00-04:00,14674.75,2023-09-26 16:00:00-04:00,14708.75,-0.0023680130836981894,-0.01099636801847792,-0.0022267172069146968,16.9
S2,2023-09-27,1,2023-09-27 15:30:00-04:00,14765.5,2023-09-27 16:00:00-04:00,14743.75,-0.0015238224238935357,0.0037732642134784555,0.0017809892122939708,18.94
S2,2023-09-28,1,2023-09-28 15:30:00-04:00,14909.75,2023-09-28 16:00:00-04:00,14858.5,-0.0034876506983685172,3.3912674862301984e-05,0.004446390676053458,18.22
S2,2023-10-02,1,2023-10-02 15:30:00-04:00,14918.75,2023-10-02 16:00:00-04:00,14988.0,0.004591537494763301,0.0035646427790763102,0.0017289711782182415,17.52
S2,2023-10-03,-1,2023-10-03 15:30:00-04:00,14664.5,2023-10-03 16:00:00-04:00,14719.5,-0.0038016979781104027,-0.00253536162263146,-0.002296230779697872,17.61
S2,2023-10-04,1,2023-10-04 15:30:00-04:00,14918.0,2023-10-04 16:00:00-04:00,14919.75,6.703311435849309e-05,0.005587825673426305,0.003194297338645846,19.78
S2,2023-10-05,-1,2023-10-05 15:30:00-04:00,14882.5,2023-10-05 16:00:00-04:00,14866.0,0.001058289937846464,-0.005563095896378933,-0.0011242365259412912,18.58
S2,2023-10-09,-1,2023-10-09 15:30:00-04:00,15192.5,2023-10-09 16:00:00-04:00,15190.75,6.582195162086556e-05,-0.003887317420144587,-0.00034543450726232106,17.45
S2,2023-10-10,1,2023-10-10 15:30:00-04:00,15287.5,2023-10-10 16:00:00-04:00,15270.25,-0.0011774325429272283,0.0032750193374257996,0.0007036721869477791,17.7
S2,2023-10-11,1,2023-10-11 15:30:00-04:00,15340.75,2023-10-11 16:00:00-04:00,15377.0,0.002314098072128155,0.003929208755586888,0.0009950898027764055,17.03
S2,2023-10-12,1,2023-10-12 15:30:00-04:00,15301.5,2023-10-12 16:00:00-04:00,15315.25,0.0008495899094859981,0.0005690316706770115,0.0015380839401128998,16.09
S2,2023-10-16,1,2023-10-16 15:30:00-04:00,15332.0,2023-10-16 16:00:00-04:00,15293.5,-0.00256000521784503,0.00700988658532542,0.0010119640263110963,19.32
S2,2023-10-18,-1,2023-10-18 15:30:00-04:00,15027.5,2023-10-18 16:00:00-04:00,15023.5,0.00021627017135252038,-0.005019355685322524,-0.002224214055704943,17.88
S2,2023-10-19,1,2023-10-19 15:30:00-04:00,14896.0,2023-10-19 16:00:00-04:00,14885.75,-0.000738453276047261,0.002296402303058498,0.000218230653013185,19.22
S2,2023-10-20,-1,2023-10-20 15:30:00-04:00,14696.5,2023-10-20 16:00:00-04:00,14661.25,0.002347497703534855,-0.0032413549871521674,-0.0007139336041748212,21.4
S2,2023-10-23,-1,2023-10-23 15:30:00-04:00,14737.0,2023-10-23 16:00:00-04:00,14706.25,0.002035692474723485,-0.0016881234546849422,-0.002824954327085738,21.71
S2,2023-10-24,1,2023-10-24 15:30:00-04:00,14851.5,2023-10-24 16:00:00-04:00,14846.25,-0.00040399959600040397,0.00824479388015309,0.0016523909084777966,20.37
S2,2023-10-26,-1,2023-10-26 15:30:00-04:00,14264.5,2023-10-26 16:00:00-04:00,14194.5,0.0048547092432261905,-0.01006821518003631,-0.003736555384830309,20.19
S2,2023-10-27,1,2023-10-27 15:30:00-04:00,14256.5,2023-10-27 16:00:00-04:00,14266.0,0.0006137551292392944,0.009352213885659877,0.002126388303107074,20.68
S2,2023-10-30,1,2023-10-30 15:30:00-04:00,14448.25,2023-10-30 16:00:00-04:00,14418.75,-0.0020936791652968354,0.01295037151268752,0.0007792747549613122,21.27
S2,2023-11-01,1,2023-11-01 15:30:00-04:00,14730.75,2023-11-01 16:00:00-04:00,14742.75,0.000763708568810142,0.003968390903758001,0.004928796793723933,18.14
S2,2023-11-07,1,2023-11-07 15:30:00-05:00,15397.0,2023-11-07 16:00:00-05:00,15375.25,-0.0014613236344742481,0.004201197997866668,0.0006824164039904712,14.89
S2,2023-11-08,1,2023-11-08 15:30:00-05:00,15369.5,2023-11-08 16:00:00-05:00,15383.75,0.0008783629916392856,0.0009593339945692669,0.0009931941776026854,14.81
S2,2023-11-10,1,2023-11-10 15:30:00-05:00,15589.75,2023-11-10 16:00:00-05:00,15597.25,0.0004329767956509886,0.0077496518391086955,0.0013649136892814884,15.29
S2,2023-11-14,1,2023-11-14 15:30:00-05:00,15909.75,2023-11-14 16:00:00-05:00,15878.75,-0.0019956316095476045,0.02024408676496603,0.001290160168664789,14.76
S2,2023-11-16,-1,2023-11-16 15:30:00-05:00,15876.0,2023-11-16 16:00:00-05:00,15897.25,-0.0013857394809775763,-7.866335231743182e-05,-0.0001889317484058406,14.18
S2,2023-11-17,-1,2023-11-17 15:30:00-05:00,15908.25,2023-11-17 16:00:00-05:00,15897.5,0.000628604654817469,-0.0014939690827029395,-0.00010999198629813023,14.32
S2,2023-11-20,1,2023-11-20 15:30:00-05:00,16105.75,2023-11-20 16:00:00-05:00,16088.5,-0.0011176132747621192,0.006211668501336698,0.0007145298083195417,13.8
S2,2023-11-22,1,2023-11-22 15:30:00-05:00,16056.5,2023-11-22 16:00:00-05:00,16048.0,-0.0005760906797870022,0.0048785064264940114,6.228395253971009e-05,13.35
S2,2023-11-28,-1,2023-11-28 15:30:00-05:00,16005.75,2023-11-28 16:00:00-05:00,16048.0,-0.002686534526654484,-0.0024988286740590393,-0.0009674650854334388,12.69
S2,2023-11-30,-1,2023-11-30 15:30:00-05:00,15883.75,2023-11-30 16:00:00-05:00,15981.0,-0.00616982765404895,-0.003057531511294176,-0.0025432110394197904,12.98
S2,2023-12-05,-1,2023-12-05 15:30:00-05:00,15895.25,2023-12-05 16:00:00-05:00,15912.0,-0.0011009578333149841,-0.0010553674096243082,-0.00023586759965410486,13.08
S2,2023-12-07,1,2023-12-07 15:30:00-05:00,16040.5,2023-12-07 16:00:00-05:00,16035.25,-0.0003740531778934572,0.005817262092949749,0.0010297375729397817,12.97
S2,2023-12-08,-1,2023-12-08 15:30:00-05:00,16108.5,2023-12-08 16:00:00-05:00,16098.75,0.0005587112394077661,-0.0027439547247470886,-0.0003102988177614563,13.06
S2,2023-12-18,1,2023-12-18 15:30:00-05:00,16970.0,2023-12-18 16:00:00-05:00,16938.25,-0.0019151443724219211,0.00189950434808428,0.0005158893933141506,12.28
S2,2023-12-20,-1,2023-12-20 15:30:00-05:00,16792.75,2023-12-20 16:00:00-05:00,16764.25,0.0016524988462282828,-0.0002643792961635194,-0.002909436370923446,12.53
S2,2023-12-21,1,2023-12-21 15:30:00-05:00,16939.5,2023-12-21 16:00:00-05:00,16950.5,0.0006050946013754834,0.007709858776861367,0.003212910867633978,13.67
S2,2023-12-22,1,2023-12-22 15:30:00-05:00,16990.0,2023-12-22 16:00:00-05:00,16980.25,-0.0006180105944673338,0.0042476623108462785,0.00016188850297282897,13.65
S2,2023-12-26,1,2023-12-26 15:30:00-05:00,17100.5,2023-12-26 16:00:00-05:00,17084.5,-0.0009795035232887928,0.003577685840903344,0.0015813980730372545,13.03
S2,2023-12-27,1,2023-12-27 15:30:00-05:00,17083.5,2023-12-27 16:00:00-05:00,17116.75,0.0019024204641905932,0.0018145102285698211,0.0002634776117218518,12.99
S2,2024-01-02,-1,2024-01-02 15:30:00-05:00,16645.75,2024-01-02 16:00:00-05:00,16721.0,-0.0045657299911388794,-0.015012632939655712,-0.0005553887721404527,12.45
S2,2024-01-03,-1,2024-01-03 15:30:00-05:00,16558.25,2024-01-03 16:00:00-05:00,16540.75,0.0010115803300469555,-0.006414090066383604,-0.0019438835478134964,13.2
S2,2024-01-04,-1,2024-01-04 15:30:00-05:00,16485.0,2024-01-04 16:00:00-05:00,16443.75,0.002456778889899909,-0.004836540060154437,-0.00013647115909509733,14.04
S2,2024-01-09,-1,2024-01-09 15:30:00-05:00,16826.0,2024-01-09 16:00:00-05:00,16831.75,-0.0003863069059788423,-0.00572874042109961,-0.00014855750661080247,13.08
S2,2024-01-12,1,2024-01-12 15:30:00-05:00,16954.25,2024-01-12 16:00:00-05:00,16972.25,0.0010174440037158824,0.0012083345613156382,0.00016223231667744642,12.44
S2,2024-01-17,-1,2024-01-17 15:30:00-05:00,16805.25,2024-01-17 16:00:00-05:00,16868.75,-0.003823210008777019,-0.015381895332390427,-0.001411296312802679,13.84
S2,2024-01-18,1,2024-01-18 15:30:00-05:00,17108.75,2024-01-18 16:00:00-05:00,17109.0,-2.9224811865273614e-05,0.009425713227121157,0.000482442033858721,14.79
S2,2024-01-19,1,2024-01-19 15:30:00-05:00,17430.5,2024-01-19 16:00:00-05:00,17442.5,0.0006454203838099882,0.0058156525805130865,7.171954787987822e-05,14.13
S2,2024-01-22,1,2024-01-22 15:30:00-05:00,17485.25,2024-01-22 16:00:00-05:00,17460.75,-0.0014440742911882873,0.0056041278486456125,0.0008872606542831285,13.3
S2,2024-01-23,1,2024-01-23 15:30:00-05:00,17509.75,2024-01-23 16:00:00-05:00,17529.5,0.0010851097245820186,0.0007445270105808088,0.0008574123295892466,13.19
S2,2024-01-26,-1,2024-01-26 15:30:00-05:00,17539.25,2024-01-26 16:00:00-05:00,17529.25,0.0005273885713471215,-0.005060097516725204,-0.0012954105454959786,13.45
S2,2024-01-29,1,2024-01-29 15:30:00-05:00,17704.0,2024-01-29 16:00:00-05:00,17708.0,0.00018357433348395843,0.0016543776830155732,0.004439464427550277,13.26
S2,2024-01-31,-1,2024-01-31 15:30:00-05:00,17297.75,2024-01-31 16:00:00-05:00,17238.75,0.0033674899914728795,-0.012184545389919643,-0.0046177084082572595,13.31
S2,2024-02-01,1,2024-02-01 15:30:00-05:00,17438.25,2024-02-01 16:00:00-05:00,17440.25,7.168150473814747e-05,0.0037560728011021283,0.00028680825434146406,14.35
S2,2024-02-02,1,2024-02-02 15:30:00-05:00,17766.25,2024-02-02 16:00:00-05:00,17729.75,-0.002096672060789418,0.008815813993491961,0.00019704156169519926,13.88
S2,2024-02-05,-1,2024-02-05 15:30:00-05:00,17714.75,2024-02-05 16:00:00-05:00,17697.25,0.0009455397338376212,-0.0014382605507692325,-0.0011558901058625892,13.85
S2,2024-02-07,1,2024-02-07 15:30:00-05:00,17856.25,2024-02-07 16:00:00-05:00,17841.25,-0.0008820441022051102,0.0047560405962037144,9.80172510360866e-05,13.06
S2,2024-02-08,1,2024-02-08 15:30:00-05:00,17870.25,2024-02-08 16:00:00-05:00,17865.5,-0.0003077740938151397,0.0005464863728719127,0.0004198622851705469,12.83
S2,2024-02-12,1,2024-02-12 15:30:00-05:00,17973.75,2024-02-12 16:00:00-05:00,17963.5,-0.0006120036163850059,8.315316813578555e-05,0.0012533946104031912,12.93
S2,2024-02-13,-1,2024-02-13 15:30:00-05:00,17574.0,2024-02-13 16:00:00-05:00,17680.5,-0.006102765448958689,-0.0160881788070254,-0.000270212614662535,13.93
S2,2024-02-14,1,2024-02-14 15:30:00-05:00,17837.0,2024-02-14 16:00:00-05:00,17869.25,0.0017659920390200145,0.006150844150335066,0.0022476329615372936,15.85
S2,2024-02-15,-1,2024-02-15 15:30:00-05:00,17896.0,2024-02-15 16:00:00-05:00,17914.0,-0.0010477201609298166,-0.002938008030555328,-0.0006282459373428972,14.38
S2,2024-02-16,-1,2024-02-16 15:30:00-05:00,17788.25,2024-02-16 16:00:00-05:00,17747.0,0.0022767838320239485,-0.007912805626884012,-0.00015457470876723,14.01
S2,2024-02-22,1,2024-02-22 15:30:00-05:00,18059.0,2024-02-22 16:00:00-05:00,18044.75,-0.0008306107757904646,0.02193932827735634,0.0004709010830725724,15.34
S2,2024-02-26,-1,2024-02-26 15:30:00-05:00,18014.5,2024-02-26 16:00:00-05:00,17977.5,0.0020122678953065584,-5.559725349568723e-05,-0.00012488552160516697,13.75
S2,2024-02-29,1,2024-02-29 15:30:00-05:00,18049.75,2024-02-29 16:00:00-05:00,18067.0,0.0009141400850427292,0.007590344635133306,0.0006930102981330677,13.84
S2,2024-03-04,-1,2024-03-04 15:30:00-05:00,18321.0,2024-03-04 16:00:00-05:00,18258.5,0.0033704492112875935,-0.0021134442323424985,-0.0005591620751732584,13.11
S2,2024-03-05,-1,2024-03-05 15:30:00-05:00,17841.75,2024-03-05 16:00:00-05:00,17931.75,-0.005086384463407457,-0.01203549031957718,-0.000854018788413291,13.49
S2,2024-03-11,-1,2024-03-11 15:30:00-04:00,17959.5,2024-03-11 16:00:00-04:00,17970.25,-0.0006403296305576436,-0.007815747900557057,-0.0024024774680942995,14.74
S2,2024-03-18,1,2024-03-18 15:30:00-04:00,18279.25,2024-03-18 16:00:00-04:00,18229.5,-0.002762695405993134,0.0002871362940275457,0.0001367820651356766,14.41
S2,2024-03-19,-1,2024-03-19 15:30:00-04:00,18232.25,2024-03-19 16:00:00-04:00,18270.0,-0.0021116428306983503,-0.007625003428508692,-0.0018340085404576767,14.33
S2,2024-03-21,1,2024-03-21 15:30:00-04:00,18586.5,2024-03-21 16:00:00-04:00,18558.75,-0.0015333709950770722,0.008845248721902177,0.0006999219317844751,13.04
S2,2024-03-22,-1,2024-03-22 15:30:00-04:00,18572.25,2024-03-22 16:00:00-04:00,18572.0,-2.692188614734348e-05,-0.0015087223008014572,-0.001223430714833107,12.92
S2,2024-03-25,-1,2024-03-25 15:30:00-04:00,18531.25,2024-03-25 16:00:00-04:00,18509.5,0.0011332209106239461,-0.005007538229592989,-0.0019388977904644111,13.06
S2,2024-03-28,1,2024-03-28 15:30:00-04:00,18500.25,2024-03-28 16:00:00-04:00,18463.0,-0.0020540262969419333,0.0003377146176395396,6.757213325214728e-05,12.78
S2,2024-04-03,-1,2024-04-03 15:30:00-04:00,18333.5,2024-04-03 16:00:00-04:00,18370.5,-0.002059072190252816,-0.003314148550230489,-0.0034650976342215367,14.61
S2,2024-04-05,1,2024-04-05 15:30:00-04:00,18289.75,2024-04-05 16:00:00-04:00,18293.25,0.0001503574406429831,0.007219917012448063,0.0005197078694711976,16.35
S2,2024-04-09,1,2024-04-09 15:30:00-04:00,18328.0,2024-04-09 16:00:00-04:00,18362.25,0.0018278044522042776,0.002486746461168421,0.004177624369932076,15.19
S2,2024-04-11,1,2024-04-11 15:30:00-04:00,18502.25,2024-04-11 16:00:00-04:00,18482.25,-0.0011214852247699604,0.003806722920045136,0.0012581849667190337,15.8
S2,2024-04-24,1,2024-04-24 15:30:00-04:00,17669.75,2024-04-24 16:00:00-04:00,17658.25,-0.0006932752302664157,0.0073266314533992905,0.003236337828246949,15.69
S2,2024-04-26,1,2024-04-26 15:30:00-04:00,17888.0,2024-04-26 16:00:00-04:00,17839.25,-0.0027672182468694096,0.012409455093995936,0.0011893434823977422,15.37
S2,2024-05-01,-1,2024-05-01 15:30:00-04:00,17717.75,2024-05-01 16:00:00-04:00,17431.5,0.016113784199460992,-0.005038858997352458,-0.001901328112896672,15.65
S2,2024-05-02,1,2024-05-02 15:30:00-04:00,17669.0,2024-05-02 16:00:00-04:00,17648.25,-0.0012168204199445357,0.0038579582938933488,0.00024059213971328042,15.39
S2,2024-05-03,1,2024-05-03 15:30:00-04:00,18016.0,2024-05-03 16:00:00-04:00,18001.5,-0.0008464698046181172,0.019973651778504964,0.0004164642187824974,14.68
S2,2024-05-09,-1,2024-05-09 15:30:00-04:00,18208.25,2024-05-09 16:00:00-04:00,18215.75,-0.0004530913184957368,-0.0014024088434251292,-0.0013026546731021993,13.0
S2,2024-05-10,1,2024-05-10 15:30:00-04:00,18261.0,2024-05-10 16:00:00-04:00,18254.25,-0.000410711352061771,0.00620342286208353,0.00023279379946861134,12.69
S2,2024-05-13,1,2024-05-13 15:30:00-04:00,18287.75,2024-05-13 16:00:00-04:00,18295.75,0.00039644024005140054,0.001739320980045811,1.3670353105288413e-05,12.55
S2,2024-05-15,1,2024-05-15 15:30:00-04:00,18694.25,2024-05-15 16:00:00-04:00,18692.75,-0.000120357864049106,0.0038970737999863836,0.0004950428814172181,13.42
S2,2024-05-20,1,2024-05-20 15:30:00-04:00,18778.75,2024-05-20 16:00:00-04:00,18766.25,-0.0007055847700193037,0.005955414867076181,0.001613440896059748,11.99
S2,2024-05-22,1,2024-05-22 15:30:00-04:00,18741.0,2024-05-22 16:00:00-04:00,18793.75,0.002774665172616189,0.0012632474768294877,0.0005605904886480939,11.86
S2,2024-05-23,1,2024-05-23 15:30:00-04:00,18651.25,2024-05-23 16:00:00-04:00,18696.75,0.0023993029957777626,0.0030994346524775285,0.0008988944939358756,12.29
S2,2024-05-30,-1,2024-05-30 15:30:00-04:00,18635.25,2024-05-30 16:00:00-04:00,18604.0,0.0016366831676527013,-0.0038143083077495366,-0.0018746401360453246,14.28
S2,2024-06-03,1,2024-06-03 15:30:00-04:00,18588.25,2024-06-03 16:00:00-04:00,18652.75,0.003429585894314957,0.004220770492243897,0.0014681716548583523,12.92
S2,2024-06-04,-1,2024-06-04 15:30:00-04:00,18668.5,2024-06-04 16:00:00-04:00,18701.75,-0.0018212496986903073,-0.0026939727386042778,-0.0022713911602800785,13.11
S2,2024-06-06,-1,2024-06-06 15:30:00-04:00,19064.0,2024-06-06 16:00:00-04:00,19065.75,-0.00013113722198908938,-0.0022932774210456808,-0.00011801111926990071,12.63
S2,2024-06-07,-1,2024-06-07 15:30:00-04:00,19047.25,2024-06-07 16:00:00-04:00,19040.75,0.00030188084894144826,-0.0017439649633504972,-0.00023620187386819147,12.58
S2,2024-06-11,-1,2024-06-11 15:30:00-04:00,19194.25,2024-06-11 16:00:00-04:00,19242.0,-0.0025267983901428813,-0.004198822759973853,-0.0008198748064184302,12.74
S2,2024-06-13,1,2024-06-13 15:30:00-04:00,19602.5,2024-06-13 16:00:00-04:00,19592.5,-0.0005483994388470858,0.007131039259192784,0.0001530690341344787,12.04
S2,2024-06-14,1,2024-06-14 15:30:00-04:00,19672.0,2024-06-14 16:00:00-04:00,19687.5,0.0007497966653111021,0.002360597167283318,0.0003559533192647457,11.94
S2,2024-06-17,1,2024-06-17 15:30:00-04:00,19987.75,2024-06-17 16:00:00-04:00,19925.0,-0.003176945879351103,0.00016507936507936805,0.0010642560224369824,12.66
S2,2024-06-24,1,2024-06-24 15:30:00-04:00,19831.75,2024-06-24 16:00:00-04:00,19744.75,-0.004424722982086806,0.0012172167147697088,0.0005928205645668871,13.2
S2,2024-06-25,1,2024-06-25 15:30:00-04:00,19979.0,2024-06-25 16:00:00-04:00,19966.75,-0.0006506832173782471,0.004418896162271091,0.0015163097281920557,13.33
S2,2024-06-26,1,2024-06-26 15:30:00-04:00,19959.25,2024-06-26 16:00:00-04:00,20004.75,0.0022420682139859967,0.00026293713298364274,0.0004260438073280248,12.84
S2,2024-06-27,1,2024-06-27 15:30:00-04:00,20052.0,2024-06-27 16:00:00-04:00,20048.0,-0.00023688410133652503,0.002774341093990218,0.00043655050265667406,12.55
S2,2024-07-01,-1,2024-07-01 15:30:00-04:00,20007.75,2024-07-01 16:00:00-04:00,20048.75,-0.0020866914070797565,-0.00224507713533173,-0.00029979389169942916,12.44
S2,2024-07-02,1,2024-07-02 15:30:00-04:00,20225.25,2024-07-02 16:00:00-04:00,20256.5,0.0015080159701363395,0.0006858282935344739,0.00013598378084367369,12.22
S2,2024-07-05,1,2024-07-05 15:30:00-04:00,20622.75,2024-07-05 16:00:00-04:00,20621.75,-8.485774205670922e-05,0.004615685986434581,0.00042446880760649286,12.09
S2,2024-07-11,-1,2024-07-11 15:30:00-04:00,20435.25,2024-07-11 16:00:00-04:00,20429.75,0.00023244149202970358,-0.0011964871138337996,-0.001538968890843151,12.85
S2,2024-07-15,1,2024-07-15 15:30:00-04:00,20621.0,2024-07-15 16:00:00-04:00,20593.25,-0.0013820862227826003,0.004247705752050912,0.00014550569291027493,12.46
S2,2024-07-16,-1,2024-07-16 15:30:00-04:00,20578.5,2024-07-16 16:00:00-04:00,20599.5,-0.0010569283475471973,-0.0005948551102910038,-0.0005585235551238688,13.12
S2,2024-07-23,1,2024-07-23 15:30:00-04:00,19986.25,2024-07-23 16:00:00-04:00,19924.75,-0.0031146413159046844,0.00040003500306284856,0.0005506745763559362,14.91
S2,2024-07-24,-1,2024-07-24 15:30:00-04:00,19217.5,2024-07-24 16:00:00-04:00,19204.5,0.0006374398334851047,-0.020715441849960436,-0.0016364911551549621,14.72
S2,2024-07-26,1,2024-07-26 15:30:00-04:00,19183.25,2024-07-26 16:00:00-04:00,19175.25,-0.0004561270900394876,0.007279764098783614,0.002809722948248883,18.46
S2,2024-07-29,1,2024-07-29 15:30:00-04:00,19240.5,2024-07-29 16:00:00-04:00,19209.0,-0.0016761518671552194,0.00955658987496899,0.0010796045785639308,16.39
S2,2024-08-01,1,2024-08-01 15:30:00-04:00,18976.75,2024-08-01 16:00:00-04:00,19027.25,0.002621629098765595,0.007668042982073686,0.004499497115028284,16.36
S2,2024-08-07,1,2024-08-07 15:30:00-04:00,18090.5,2024-08-07 16:00:00-04:00,17972.5,-0.006564218788867085,0.019177856042262853,0.0033693843594009287,27.71
S2,2024-08-12,-1,2024-08-12 15:30:00-04:00,18622.0,2024-08-12 16:00:00-04:00,18645.25,-0.001288798195682526,-0.003734601485780309,-0.0013809191827103273,20.37
S2,2024-08-14,-1,2024-08-14 15:30:00-04:00,19059.25,2024-08-14 16:00:00-04:00,19107.25,-0.0025578131353542243,-0.0037562986715529156,-0.0026556776556776462,18.12
S2,2024-08-16,-1,2024-08-16 15:30:00-04:00,19602.5,2024-08-16 16:00:00-04:00,19603.5,-8.927432725417677e-05,-0.00455653550141033,-0.0010192251340918057,15.23
S2,2024-08-23,1,2024-08-23 15:30:00-04:00,19799.75,2024-08-23 16:00:00-04:00,19789.0,-0.0005808154143360396,0.008628832554696153,0.0031283642581216853,17.55
S2,2024-08-26,-1,2024-08-26 15:30:00-04:00,19586.75,2024-08-26 16:00:00-04:00,19593.25,-0.00037014818691207067,-0.0033857193390267604,-0.0014784226759450014,15.86
S2,2024-08-27,-1,2024-08-27 15:30:00-04:00,19648.5,2024-08-27 16:00:00-04:00,19651.25,-0.00017813064610530067,-0.002692253709823511,-0.00035613441530357726,16.15
S2,2024-08-29,1,2024-08-29 15:30:00-04:00,19404.25,2024-08-29 16:00:00-04:00,19393.5,-0.0005926536712318177,0.011456523138315022,0.0001288609976417554,17.11
S2,2024-08-30,1,2024-08-30 15:30:00-04:00,19563.0,2024-08-30 16:00:00-04:00,19610.25,0.002376936052752645,0.010286951813752054,0.0019847367342757938,15.65
S2,2024-09-03,-1,2024-09-03 15:30:00-04:00,19035.75,2024-09-03 16:00:00-04:00,19012.25,0.001195119708968651,-0.01242972425134814,-0.0005119453924914419,15.0
S2,2024-09-09,1,2024-09-09 15:30:00-04:00,18645.25,2024-09-09 16:00:00-04:00,18688.5,0.002279400919805312,0.012419920631695947,0.0022307330511321943,22.38
S2,2024-09-10,1,2024-09-10 15:30:00-04:00,18858.25,2024-09-10 16:00:00-04:00,18855.5,-0.00018559516392030012,0.003959654332878593,0.0018859905434840396,19.45
S2,2024-09-13,1,2024-09-13 15:30:00-04:00,19529.5,2024-09-13 16:00:00-04:00,19527.25,-0.00015361376379323586,0.0006426239621621921,0.0007943320564232081,17.07
S2,2024-09-16,-1,2024-09-16 15:30:00-04:00,19419.5,2024-09-16 16:00:00-04:00,19437.75,-0.0009783980020082906,-0.005044233058930425,-0.0007589888724512939,16.56
S2,2024-09-23,-1,2024-09-23 15:30:00-04:00,20075.25,2024-09-23 16:00:00-04:00,20076.5,-9.96251603342424e-05,-0.0005603357033457934,-0.0003112356053532883,16.15
S2,2024-09-24,1,2024-09-24 15:30:00-04:00,20151.75,2024-09-24 16:00:00-04:00,20170.25,0.0008808168025109482,0.0006350708539835104,0.0001985333349878715,15.89
S2,2024-09-26,1,2024-09-26 15:30:00-04:00,20346.0,2024-09-26 16:00:00-04:00,20341.5,-0.0002580359775877322,0.011500371379054242,0.00031957913885705125,15.41
S2,2024-09-27,-1,2024-09-27 15:30:00-04:00,20240.25,2024-09-27 16:00:00-04:00,20223.0,0.000815207322043947,-0.0007128284541454422,-0.00041978418154431374,15.37
S2,2024-10-01,-1,2024-10-01 15:30:00-04:00,20038.0,2024-10-01 16:00:00-04:00,19978.25,0.0029444056293043215,-0.01116167782834454,-0.0008227682411459103,16.73
S2,2024-10-04,1,2024-10-04 15:30:00-04:00,20196.0,2024-10-04 16:00:00-04:00,20227.25,0.0015102000396118045,0.004927956774064546,0.0012766326644439996,20.49
S2,2024-10-08,1,2024-10-08 15:30:00-04:00,20288.25,2024-10-08 16:00:00-04:00,20300.0,0.000542185747908272,0.007850392519626048,0.0007275328006313142,22.64
S2,2024-10-09,-1,2024-10-09 15:30:00-04:00,20432.25,2024-10-09 16:00:00-04:00,20458.25,-0.0013092048110217916,-0.0016748768472906184,-4.893924193116739e-05,21.42
S2,2024-10-10,-1,2024-10-10 15:30:00-04:00,20415.25,2024-10-10 16:00:00-04:00,20429.5,-0.000734744859847418,-0.004924663644251148,-0.00018365023201150077,20.86
S2,2024-10-14,1,2024-10-14 15:30:00-04:00,20638.0,2024-10-14 16:00:00-04:00,20621.75,-0.0008237232289950577,0.01080697808041653,0.0005696624447002474,20.46
S2,2024-10-16,-1,2024-10-16 15:30:00-04:00,20349.0,2024-10-16 16:00:00-04:00,20346.25,9.828492800629024e-05,-0.00588640106176419,-0.0006507219330125213,20.64
S2,2024-10-21,1,2024-10-21 15:30:00-04:00,20478.5,2024-10-21 16:00:00-04:00,20520.5,0.0020143076885514076,0.0005126264783781309,0.0010387261551245697,18.03
S2,2024-10-24,1,2024-10-24 15:30:00-04:00,20389.5,2024-10-24 16:00:00-04:00,20380.0,-0.0005027097280462983,0.005873406452091556,0.0010555514642707209,19.24
S2,2024-10-28,1,2024-10-28 15:30:00-04:00,20528.0,2024-10-28 16:00:00-04:00,20500.5,-0.0013761691348402182,0.0029885337887289865,0.000219263518205004,20.33
S2,2024-10-29,1,2024-10-29 15:30:00-04:00,20742.0,2024-10-29 16:00:00-04:00,20695.0,-0.00230209237296307,0.0006707153484062367,0.002258972469528109,19.8
S2,2024-10-30,-1,2024-10-30 15:30:00-04:00,20571.5,2024-10-30 16:00:00-04:00,20534.5,0.001762146659212989,-0.00302005315293552,-0.0016015724529537811,19.34
S2,2024-11-04,-1,2024-11-04 15:30:00-05:00,20118.0,2024-11-04 16:00:00-05:00,20085.25,0.001590615369321006,-0.0007817541073112944,-0.000856685248873279,21.88
S2,2024-11-05,1,2024-11-05 15:30:00-05:00,20331.0,2024-11-05 16:00:00-05:00,20341.25,0.0004672667355270277,0.01023138870564222,0.0017985168395378004,21.98
S2,2024-11-06,1,2024-11-06 15:30:00-05:00,20903.25,2024-11-06 16:00:00-05:00,20893.75,-0.000490354370731824,0.016432126835863148,0.0006342747726184594,20.49
S2,2024-11-08,-1,2024-11-08 15:30:00-05:00,21221.0,2024-11-08 16:00:00-05:00,21234.0,-0.000647943075255643,-0.0006714809099155339,-0.000671069826581383,15.2
S2,2024-11-13,-1,2024-11-13 15:30:00-05:00,21180.75,2024-11-13 16:00:00-05:00,21158.75,0.0010032694781818396,-0.00211234363936752,-9.441644734509147e-05,14.71
S2,2024-11-14,-1,2024-11-14 15:30:00-05:00,21023.5,2024-11-14 16:00:00-05:00,21008.5,0.0006778129236330772,-0.003154723223252831,-0.002183276576052773,14.02
S2,2024-11-18,1,2024-11-18 15:30:00-05:00,20649.0,2024-11-18 16:00:00-05:00,20631.75,-0.0008717129158797036,0.0018788048848927819,0.0004845254678698119,16.14
S2,2024-11-26,1,2024-11-26 15:30:00-05:00,20956.5,2024-11-26 16:00:00-05:00,20989.75,0.0015508314842650251,0.004586167257400131,0.0011584856085036233,14.6
S2,2024-11-27,-1,2024-11-27 15:30:00-05:00,20799.0,2024-11-27 16:00:00-05:00,20816.25,-0.0008654262224145391,-0.006157767481747012,-0.000240338396462203,14.1
S2,2024-12-02,1,2024-12-02 15:30:00-05:00,21236.0,2024-12-02 16:00:00-05:00,21217.0,-0.000930024486720663,0.007622223545524998,0.0007893682697519555,13.51
S2,2024-12-04,1,2024-12-04 15:30:00-05:00,21521.0,2024-12-04 16:00:00-05:00,21537.5,0.0007318433158310487,0.006508764509610465,0.0004183662796779508,13.3
S2,2024-12-05,-1,2024-12-05 15:30:00-05:00,21472.25,2024-12-05 16:00:00-05:00,21475.5,-0.00018628695176332242,-0.0012536273940800813,-0.001000290782204094,13.45
S2,2024-12-06,1,2024-12-06 15:30:00-05:00,21648.0,2024-12-06 16:00:00-05:00,21658.5,0.00045038802660753884,0.006239668459407266,0.0005893092371334063,13.54
S2,2024-12-09,-1,2024-12-09 15:30:00-05:00,21445.75,2024-12-09 16:00:00-05:00,21485.5,-0.0018884860636722894,-0.0016275365330008507,-0.0014318142133752376,12.77
S2,2024-12-11,1,2024-12-11 15:30:00-05:00,21815.75,2024-12-11 16:00:00-05:00,21791.75,-0.0011345014496407413,0.013429559043348194,0.0007224770642202394,14.18
S2,2024-12-12,-1,2024-12-12 15:30:00-05:00,21653.75,2024-12-12 16:00:00-05:00,21643.25,0.00045026842925590256,-0.0050133651496552245,-0.0014180799428156199,13.58
S2,2024-12-13,1,2024-12-13 15:30:00-05:00,21810.75,2024-12-13 16:00:00-05:00,21797.5,-0.0006418853088499937,0.01096184722719551,0.00043574983372707266,13.92
S2,2024-12-16,1,2024-12-16 15:30:00-05:00,22145.0,2024-12-16 16:00:00-05:00,22111.5,-0.0015466245202077219,0.007971097602936128,0.0009604845361990133,13.81
S2,2024-12-27,-1,2024-12-27 15:30:00-05:00,21649.0,2024-12-27 16:00:00-05:00,21703.0,-0.0025289851725252897,-0.014143066489452294,-0.0026029969017425936,14.73
S2,2024-12-30,-1,2024-12-30 15:30:00-05:00,21468.5,2024-12-30 16:00:00-05:00,21411.75,0.0026084728788690406,-0.019121780399023125,-0.0028681576441627055,15.95
S2,2024-12-31,1,2024-12-31 15:30:00-05:00,21309.0,2024-12-31 16:00:00-05:00,21220.25,-0.004200103242761274,0.001085852394129283,0.0018806935057302798,17.4
S2,2025-01-02,1,2025-01-02 15:30:00-05:00,21156.0,2025-01-02 16:00:00-05:00,21169.0,0.0005790319531102287,0.008058340500229688,0.00434390429168241,17.35
S2,2025-01-06,1,2025-01-06 15:30:00-05:00,21727.0,2025-01-06 16:00:00-05:00,21750.5,0.0010470842730243477,0.014471191287064311,0.003127993813266894,16.13
S2,2025-01-07,-1,2025-01-07 15:30:00-05:00,21327.25,2025-01-07 16:00:00-05:00,21359.0,-0.0015238720416368729,-0.0018735201489621378,-0.004225516516867089,16.04
S2,2025-01-10,-1,2025-01-10 15:30:00-05:00,21010.5,2025-01-10 16:00:00-05:00,21015.5,-0.0002736726874657909,-0.01439589892440396,-0.0035804898868944113,17.7
S2,2025-01-13,-1,2025-01-13 15:30:00-05:00,20883.5,2025-01-13 16:00:00-05:00,20948.25,-0.0031364474345775373,-0.010171064214508307,-0.0010642750373691667,19.54
S2,2025-01-15,1,2025-01-15 15:30:00-05:00,21440.25,2025-01-15 16:00:00-05:00,21395.75,-0.0021105164352094776,0.01932084309133497,0.0009687434347207535,18.71
S2,2025-01-16,-1,2025-01-16 15:30:00-05:00,21331.25,2025-01-16 16:00:00-05:00,21248.0,0.0038675651919132725,-0.0007945503195727621,-0.0020234391447753186,16.12
S2,2025-01-21,1,2025-01-21 15:30:00-05:00,21743.0,2025-01-21 16:00:00-05:00,21714.5,-0.001345260543623235,0.0014004143374650724,0.00081704047227249,15.97
S2,2025-01-28,1,2025-01-28 15:30:00-05:00,21616.25,2025-01-28 16:00:00-05:00,21575.5,-0.001919851963222113,0.0011760278483394782,4.6263098239629485e-05,17.9
S2,2025-01-30,1,2025-01-30 15:30:00-05:00,21690.5,2025-01-30 16:00:00-05:00,21623.0,-0.003146538807311957,0.006676652616667278,0.0014312261221851585,16.56
S2,2025-02-03,-1,2025-02-03 15:30:00-05:00,21458.0,2025-02-03 16:00:00-05:00,21406.25,0.0023767359492962996,-0.016901636875456094,-0.001279932978054954,16.43
S2,2025-02-06,1,2025-02-06 15:30:00-05:00,21790.5,2025-02-06 16:00:00-05:00,21870.75,0.0036483788807048943,0.001321155724050671,0.0019542476146683363,15.77
S2,2025-02-10,1,2025-02-10 15:30:00-05:00,21863.0,2025-02-10 16:00:00-05:00,21843.75,-0.0009147875405936971,0.009391682975692817,2.2870734607938203e-05,16.54
S2,2025-02-11,-1,2025-02-11 15:30:00-05:00,21810.5,2025-02-11 16:00:00-05:00,21791.0,0.0008596776781825268,-0.003021459227467771,-0.0007101540576140986,15.81
S2,2025-02-12,-1,2025-02-12 15:30:00-05:00,21815.25,2025-02-12 16:00:00-05:00,21802.0,0.0005729936626900907,-0.00523151759900875,-0.0005955516870146393,16.02
S2,2025-02-13,1,2025-02-13 15:30:00-05:00,22084.5,2025-02-13 16:00:00-05:00,22109.75,0.0011093753537548962,0.00538941381524638,0.0012467697329645588,15.89
S2,2025-02-14,1,2025-02-14 15:30:00-05:00,22185.5,2025-02-14 16:00:00-05:00,22194.25,0.0003605958846994659,0.0007915060097920534,0.00031562454206257584,15.1
S2,2025-02-19,-1,2025-02-19 15:30:00-05:00,22219.0,2025-02-19 16:00:00-05:00,22247.0,-0.0012939376209550385,-0.003192625484795708,-0.0033976227853779184,15.35
S2,2025-02-20,-1,2025-02-20 15:30:00-05:00,22102.0,2025-02-20 16:00:00-05:00,22144.75,-0.001968147678943082,-0.010619409358565202,-0.000666915346965502,15.27
S2,2025-02-24,-1,2025-02-24 15:30:00-05:00,21522.75,2025-02-24 16:00:00-05:00,21421.0,0.0046927088778153355,-0.0053038164418309774,-0.0014150998109333512,18.21
S2,2025-02-26,1,2025-02-26 15:30:00-05:00,21148.5,2025-02-26 16:00:00-05:00,21191.25,0.0019859564508121143,0.007186846180214923,0.002619259259259321,19.43
S2,2025-02-27,-1,2025-02-27 15:30:00-05:00,20689.25,2025-02-27 16:00:00-05:00,20608.25,0.0038788259603417235,-0.008600247743762113,-0.006983776519151386,19.1
S2,2025-03-03,-1,2025-03-03 15:30:00-05:00,20381.25,2025-03-03 16:00:00-05:00,20473.0,-0.0045384851272615755,-0.003561228026147556,-0.010787133097933554,19.63
S2,2025-03-07,1,2025-03-07 15:30:00-05:00,20225.25,2025-03-07 16:00:00-05:00,20224.0,-9.888629312369439e-05,0.0024014831958389937,0.0016218692352454323,24.87
S2,2025-03-13,-1,2025-03-13 15:30:00-04:00,19260.75,2025-03-13 16:00:00-04:00,19251.5,0.000441311994600418,-0.012354021112754299,-0.005267642729878341,24.23
S2,2025-03-24,1,2025-03-24 15:30:00-04:00,20370.5,2025-03-24 16:00:00-04:00,20365.75,-0.0002699982818291156,0.002949706880592373,0.00023323185701662474,19.28
S2,2025-03-25,1,2025-03-25 15:30:00-04:00,20437.5,2025-03-25 16:00:00-04:00,20487.75,0.0024220183486238535,0.0022095920847500228,0.0004895301734160196,17.48
S2,2025-03-28,-1,2025-03-28 15:30:00-04:00,19459.25,2025-03-28 16:00:00-04:00,19461.5,-0.0001541683261173992,-0.006926904898847175,-0.0011549418679259738,18.69
S2,2025-04-03,-1,2025-04-03 15:30:00-04:00,18726.5,2025-04-03 16:00:00-04:00,18685.75,0.002136010466451286,-0.038348568100676106,-0.006591424516916189,21.51
S2,2025-04-07,-1,2025-04-07 15:30:00-04:00,17431.25,2025-04-07 16:00:00-04:00,17560.75,-0.007472212262459663,-0.01489898629863562,-0.005532976827094527,45.31
S2,2025-04-09,1,2025-04-09 15:30:00-04:00,19149.75,2025-04-09 16:00:00-04:00,19269.5,0.006214180341779918,0.012007308796658789,0.019919841280409134,52.33
S2,2025-04-10,-1,2025-04-10 15:30:00-04:00,18385.25,2025-04-10 16:00:00-04:00,18483.0,-0.005357555649229681,-0.031539479488310596,-0.00813227420464202,33.62
S2,2025-04-11,1,2025-04-11 15:30:00-04:00,18829.25,2025-04-11 16:00:00-04:00,18809.5,-0.0010887316276537834,0.004274197911594335,0.0048160303103070845,40.72
S2,2025-04-14,1,2025-04-14 15:30:00-04:00,19040.25,2025-04-14 16:00:00-04:00,18942.25,-0.0051863814813355915,0.012546851325128339,0.0013411170716315368,37.56
S2,2025-04-16,-1,2025-04-16 15:30:00-04:00,18136.0,2025-04-16 16:00:00-04:00,18386.75,-0.01386744596382885,-0.02297001503204199,-0.004323715925000693,30.12
S2,2025-04-25,-1,2025-04-25 15:30:00-04:00,19487.25,2025-04-25 16:00:00-04:00,19530.0,-0.0022322287649617057,-0.003247971635243707,-0.0006410092048921845,26.47
S2,2025-05-01,1,2025-05-01 15:30:00-04:00,20017.25,2025-05-01 16:00:00-04:00,19877.75,-0.007006456930897102,0.011938398879979717,0.00039982008096361987,24.7
S2,2025-05-02,1,2025-05-02 15:30:00-04:00,20221.5,2025-05-02 16:00:00-04:00,20185.75,-0.001805009519570754,0.00982254027744589,1.236323174880205e-05,24.6
S2,2025-05-05,-1,2025-05-05 15:30:00-04:00,20113.0,2025-05-05 16:00:00-04:00,20065.5,0.00232436732461592,-0.006675501281844909,-0.001910527752276514,22.68
S2,2025-05-06,-1,2025-05-06 15:30:00-04:00,19947.75,2025-05-06 16:00:00-04:00,19875.75,0.003571831409557469,-0.015362188831576584,-0.00028815916408786446,23.64
S2,2025-05-08,1,2025-05-08 15:30:00-04:00,20321.0,2025-05-08 16:00:00-04:00,20152.25,-0.008341124944638552,0.007055403085328926,0.0018241202933382272,23.55
S2,2025-05-09,1,2025-05-09 15:30:00-04:00,20157.25,2025-05-09 16:00:00-04:00,20136.25,-0.0010790162348534647,0.005061469562952059,0.0007695553955762158,22.48
S2,2025-05-15,-1,2025-05-15 15:30:00-04:00,21320.0,2025-05-15 16:00:00-04:00,21419.5,-0.004702157598499062,-0.004603449081647004,-0.003377351875657353,18.62
S2,2025-05-16,1,2025-05-16 15:30:00-04:00,21495.75,2025-05-16 16:00:00-04:00,21505.75,0.0004303176209250666,0.0008403557506011516,0.0008963285451539793,17.83
S2,2025-05-19,-1,2025-05-19 15:30:00-04:00,21458.5,2025-05-19 16:00:00-04:00,21523.25,-0.0030524034764778524,-0.006951629215442345,-0.0017096402777293518,17.24
S2,2025-05-21,-1,2025-05-21 15:30:00-04:00,21097.0,2025-05-21 16:00:00-04:00,21149.0,-0.0025003555007821017,-0.003415316470451124,-0.003742355913394557,18.09
S2,2025-05-22,1,2025-05-22 15:30:00-04:00,21325.0,2025-05-22 16:00:00-04:00,21183.5,-0.0066705744431418525,0.006454205872618024,0.0009035331667077706,20.87
S2,2025-05-23,-1,2025-05-23 15:30:00-04:00,21013.75,2025-05-23 16:00:00-04:00,20978.5,0.0016417821664386413,-0.014091155852432369,-0.0011169732401730137,20.28
S2,2025-05-29,1,2025-05-29 15:30:00-04:00,21370.0,2025-05-29 16:00:00-04:00,21411.5,0.0019068788020589612,0.006807813779389438,0.00038618623538644314,19.31
S2,2025-06-03,1,2025-06-03 15:30:00-04:00,21713.0,2025-06-03 16:00:00-04:00,21704.5,-0.00042601206650393775,0.002809477924701431,0.00010363529587875675,18.36
S2,2025-06-04,1,2025-06-04 15:30:00-04:00,21784.25,2025-06-04 16:00:00-04:00,21757.25,-0.0012738561116402906,0.002280633048446168,9.181577165406907e-05,17.69
S2,2025-06-05,-1,2025-06-05 15:30:00-04:00,21575.5,2025-06-05 16:00:00-04:00,21586.75,-0.00055618641514681,-0.0015397166461753597,-0.005129860398630504,17.61
S2,2025-06-09,-1,2025-06-09 15:30:00-04:00,21856.75,2025-06-09 16:00:00-04:00,21818.75,0.0017042789984787307,-0.00010326074485422776,-0.0005830103913028184,16.77
S2,2025-06-10,1,2025-06-10 15:30:00-04:00,21967.25,2025-06-10 16:00:00-04:00,21964.5,-0.00015932809068044474,0.0017530793468920614,0.0008770531015787064,17.16
S2,2025-06-12,-1,2025-06-12 15:30:00-04:00,21935.25,2025-06-12 16:00:00-04:00,21936.5,-9.117744270067585e-05,-0.0013934735182922209,-7.977298886596706e-05,17.26
S2,2025-06-13,-1,2025-06-13 15:30:00-04:00,21633.25,2025-06-13 16:00:00-04:00,21652.25,-0.0009129465059572649,-0.009459120643676044,-0.0016037289582684355,18.02
S2,2025-06-23,1,2025-06-23 15:30:00-04:00,22055.0,2025-06-23 16:00:00-04:00,22072.75,0.0007708002720471549,0.00256067309121244,0.0008735705209657052,20.62
S2,2025-06-25,1,2025-06-25 15:30:00-04:00,22440.75,2025-06-25 16:00:00-04:00,22463.25,0.0009692189432171384,0.0052107741402780405,0.0009143621766281029,17.48
S2,2025-06-26,1,2025-06-26 15:30:00-04:00,22671.0,2025-06-26 16:00:00-04:00,22673.25,6.61638216223369e-05,0.003583631041812696,0.00018749724268762868,16.76
S2,2025-06-27,1,2025-06-27 15:30:00-04:00,22671.25,2025-06-27 16:00:00-04:00,22752.0,0.0035286982411644706,0.004002513975720268,0.002709008281825298,16.59
S2,2025-06-30,1,2025-06-30 15:30:00-04:00,22877.25,2025-06-30 16:00:00-04:00,22885.5,0.00032783660623545227,0.0032744374120956543,0.0012144685879340589,16.32
S2,2025-07-07,-1,2025-07-07 15:30:00-04:00,22847.5,2025-07-07 16:00:00-04:00,22883.25,-0.0015975489659700187,-0.004922156207988193,-0.0013113320948530127,16.38
S2,2025-07-08,-1,2025-07-08 15:30:00-04:00,22890.25,2025-07-08 16:00:00-04:00,22891.75,-9.829512565393563e-05,-7.647515103836877e-05,-0.000382112756015518,17.79
S2,2025-07-09,1,2025-07-09 15:30:00-04:00,23036.5,2025-07-09 16:00:00-04:00,23051.0,0.0005968788661472012,0.008485589786713543,0.00019537821967019475,16.81
S2,2025-07-10,-1,2025-07-10 15:30:00-04:00,23029.0,2025-07-10 16:00:00-04:00,23015.0,0.0005753615007164878,-0.003947767992711793,-0.0003581117742810225,15.94
S2,2025-07-14,-1,2025-07-14 15:30:00-04:00,23042.0,2025-07-14 16:00:00-04:00,23034.25,0.00030379307351792375,-0.0018949913418498943,-0.0003904343582235015,16.4
S2,2025-07-16,-1,2025-07-16 15:30:00-04:00,23071.5,2025-07-16 16:00:00-04:00,23074.5,-0.0001625381964761719,-0.003633051003698151,-4.3341170861688205e-05,17.38
S2,2025-07-17,1,2025-07-17 15:30:00-04:00,23261.5,2025-07-17 16:00:00-04:00,23257.75,-0.00019345270081465082,0.003272010227740596,0.00038705515535952806,17.16
S2,2025-07-22,-1,2025-07-22 15:30:00-04:00,23238.75,2025-07-22 16:00:00-04:00,23221.25,0.0007207788714969609,-0.00867432720418937,-0.000548345823432661,16.65
S2,2025-07-23,-1,2025-07-23 15:30:00-04:00,23293.0,2025-07-23 16:00:00-04:00,23324.5,-0.0013845361267333534,-0.002379286214135745,-0.0003540544600133533,16.5
S2,2025-07-24,1,2025-07-24 15:30:00-04:00,23415.5,2025-07-24 16:00:00-04:00,23376.75,-0.0016869167858896885,0.0016399065360457321,0.0006410050959904101,15.37
S2,2025-08-04,1,2025-08-04 15:30:00-04:00,23266.5,2025-08-04 16:00:00-04:00,23296.75,0.0012679173919583951,0.01597430126089905,0.00021494744534966692,20.38
S2,2025-08-05,1,2025-08-05 15:30:00-04:00,23171.25,2025-08-05 16:00:00-04:00,23133.5,-0.0016615417813022604,0.0033266442744159797,0.0010476519635373993,17.52
S2,2025-08-06,1,2025-08-06 15:30:00-04:00,23430.5,2025-08-06 16:00:00-04:00,23424.75,-0.00027741618830157274,0.002928653251777824,0.0006299111718484074,17.85
S2,2025-08-12,1,2025-08-12 15:30:00-04:00,23923.5,2025-08-12 16:00:00-04:00,23934.5,0.0004284490145672665,0.0006134060959874787,0.0006797172376291627,16.25
S2,2025-08-13,1,2025-08-13 15:30:00-04:00,23936.25,2025-08-13 16:00:00-04:00,23943.0,0.0002506658311138963,0.003457352357475685,8.356400480491466e-05,14.73
S2,2025-08-15,-1,2025-08-15 15:30:00-04:00,23807.25,2025-08-15 16:00:00-04:00,23806.0,2.1002005691543543e-05,-0.004807290360337779,-0.00017848518572960437,14.83
S2,2025-08-18,-1,2025-08-18 15:30:00-04:00,23791.5,2025-08-18 16:00:00-04:00,23797.0,-0.00026269886303932074,-0.0023943543644459053,-0.00014708663402740463,15.09
S2,2025-08-19,-1,2025-08-19 15:30:00-04:00,23459.5,2025-08-19 16:00:00-04:00,23470.25,-0.0004902065261407958,-0.004969113753834464,-0.00014917580368467576,14.99
S2,2025-08-27,-1,2025-08-27 15:30:00-04:00,23597.75,2025-08-27 16:00:00-04:00,23620.25,-0.0009852634255384518,-0.0021834061135370675,-0.0012485847609171596,14.62
S2,2025-08-28,-1,2025-08-28 15:30:00-04:00,23777.5,2025-08-28 16:00:00-04:00,23766.75,0.00042056566081379455,-0.00046570209883467495,-0.00048341670519991276,14.85
S2,2025-09-03,1,2025-09-03 15:30:00-04:00,23353.75,2025-09-03 16:00:00-04:00,23452.25,0.0041856232939035485,0.004360574392902716,0.00047124344007709595,17.17
S2,2025-09-04,1,2025-09-04 15:30:00-04:00,23628.75,2025-09-04 16:00:00-04:00,23666.5,0.001565889012326086,0.0009274163459795925,0.000381028989955734,16.35
S2,2025-09-05,1,2025-09-05 15:30:00-04:00,23683.25,2025-09-05 16:00:00-04:00,23691.0,0.0002955675424614443,0.007859210276128792,0.0010884612539496796,15.3
S2,2025-09-09,1,2025-09-09 15:30:00-04:00,23856.5,2025-09-09 16:00:00-04:00,23867.75,0.00044013162031312223,0.0004726146090427985,0.0005347313237220597,15.11
S2,2025-09-15,1,2025-09-15 15:30:00-04:00,24273.25,2025-09-15 16:00:00-04:00,24311.75,0.0015552099533437014,0.006231789384183006,0.0001442065037133844,14.76
S2,2025-09-22,1,2025-09-22 15:30:00-04:00,25017.0,2025-09-22 16:00:00-04:00,24998.75,-0.0007594835511851941,0.0022868771533919308,0.00017990824679414708,15.45
S2,2025-09-24,-1,2025-09-24 15:30:00-04:00,24723.5,2025-09-24 16:00:00-04:00,24739.5,-0.0006774930733917123,-0.00043291786641963537,-0.0006467520918388425,16.64
S2,2025-09-25,-1,2025-09-25 15:30:00-04:00,24607.75,2025-09-25 16:00:00-04:00,24632.25,-0.0010260995011734109,-0.011590775884718796,-0.0008120838070488912,16.18
S2,2025-10-02,1,2025-10-02 15:30:00-04:00,25121.25,2025-10-02 16:00:00-04:00,25109.5,-0.0004975867044832562,0.0020390416504243447,0.00036834612589475846,16.29
S2,2025-10-03,-1,2025-10-03 15:30:00-04:00,25004.25,2025-10-03 16:00:00-04:00,24996.75,0.0002699541078016737,-0.00014934586511083925,-0.00020992442720624283,16.63
S2,2025-10-08,1,2025-10-08 15:30:00-04:00,25311.75,2025-10-08 16:00:00-04:00,25330.0,0.0006913785099805426,0.005150677274133875,0.0016125362326009363,17.24
S2,2025-10-13,1,2025-10-13 15:30:00-04:00,24914.25,2025-10-13 16:00:00-04:00,24920.5,0.00022075719718634917,0.0199059512954749,0.0005321018021182677,21.66
S2,2025-10-21,-1,2025-10-21 15:30:00-04:00,25308.5,2025-10-21 16:00:00-04:00,25291.25,0.0006519548768200408,-0.0025889072242368805,-3.951046533445801e-05,18.23
S2,2025-10-23,1,2025-10-23 15:30:00-04:00,25275.0,2025-10-23 16:00:00-04:00,25253.0,-0.0009000989119683482,0.0047922365767456565,4.9458430189330826e-05,18.6
S2,2025-10-24,1,2025-10-24 15:30:00-04:00,25560.75,2025-10-24 16:00:00-04:00,25509.5,-0.002034369101063154,0.010018611650100873,0.0006655183213279958,17.3
S2,2025-10-28,1,2025-10-28 15:30:00-04:00,26225.75,2025-10-28 16:00:00-04:00,26160.0,-0.0025356758148003394,0.0040060090135203286,0.0011738993500605144,15.79
S2,2025-10-29,1,2025-10-29 15:30:00-04:00,26193.25,2025-10-29 16:00:00-04:00,26281.25,0.003331010852032489,0.006068425076452666,0.00029597380154489095,16.42
S2,2025-10-30,-1,2025-10-30 15:30:00-04:00,25927.5,2025-10-30 16:00:00-04:00,25872.0,0.0021116575065085333,-0.005945303210463715,-0.002366385778598601,16.92
S2,2025-10-31,1,2025-10-31 15:30:00-04:00,26085.75,2025-10-31 16:00:00-04:00,25992.75,-0.003593916218625111,0.008899582560296881,0.0027677404474513168,16.91
S2,2025-11-06,-1,2025-11-06 15:30:00-05:00,25354.25,2025-11-06 16:00:00-05:00,25258.25,0.0037567666170365915,-0.008857464744959409,-0.0019681746164519343,18.01
S2,2025-11-07,-1,2025-11-07 15:30:00-05:00,25055.0,2025-11-07 16:00:00-05:00,25164.25,-0.004390341249251646,-0.009115833440558996,-0.0022995599976108894,19.5
S2,2025-11-10,1,2025-11-10 15:30:00-05:00,25710.0,2025-11-10 16:00:00-05:00,25713.0,8.751458576429405e-05,0.018836245864669143,0.0003112598241381548,19.08
S2,2025-11-11,-1,2025-11-11 15:30:00-05:00,25659.0,2025-11-11 16:00:00-05:00,25647.0,0.0004384426517011575,-0.0033446116750281973,-0.0001558649040943605,17.6
S2,2025-11-14,-1,2025-11-14 15:30:00-05:00,25140.0,2025-11-14 16:00:00-05:00,25105.25,0.0013524264120922831,-0.005856573705179335,-0.0034683684794672986,20.0
S2,2025-11-17,1,2025-11-17 15:30:00-05:00,24788.25,2025-11-17 16:00:00-05:00,24888.25,0.004003913144332496,0.003714362533733029,0.0012926028780610999,19.83
S2,2025-11-18,-1,2025-11-18 15:30:00-05:00,24693.75,2025-11-18 16:00:00-05:00,24585.0,0.004373576309794989,-0.014695689733106976,-0.0032592682286937125,22.38
S2,2025-11-19,1,2025-11-19 15:30:00-05:00,24772.0,2025-11-19 16:00:00-05:00,24725.0,-0.0019275795252704667,0.012558470612161976,0.004592736784476026,24.69
S2,2025-11-24,1,2025-11-24 15:30:00-05:00,24936.25,2025-11-24 16:00:00-05:00,24935.25,-7.017895633866359e-05,0.015207444347334231,0.00090310668700333,23.43
S2,2025-11-26,1,2025-11-26 15:30:00-05:00,25346.0,2025-11-26 16:00:00-05:00,25296.5,-0.0019825613509034954,0.00348883572567793,0.0005131747754860694,18.56
S2,2025-12-04,-1,2025-12-04 15:30:00-05:00,25563.5,2025-12-04 16:00:00-05:00,25628.0,-0.0025524673851389677,-0.003975445776088882,-0.000986752120051615,16.08
S2,2025-12-08,1,2025-12-08 15:30:00-05:00,25615.5,2025-12-08 16:00:00-05:00,25668.75,0.002049540317385958,0.0007288417247310885,0.0009280334482792973,15.41
S2,2025-12-09,-1,2025-12-09 15:30:00-05:00,25696.75,2025-12-09 16:00:00-05:00,25703.0,-0.000272407989337173,-0.0015290966642318438,-0.00021398696624841396,16.66
S2,2025-12-11,-1,2025-12-11 15:30:00-05:00,25678.75,2025-12-11 16:00:00-05:00,25714.75,-0.001431144428759188,-0.014941860465116252,-0.00038926409622608293,15.77
S2,2025-12-12,-1,2025-12-12 15:30:00-05:00,25210.0,2025-12-12 16:00:00-05:00,25209.5,-9.916699722332408e-06,-0.006086001224977933,-0.0013666613848835052,14.85
S2,2025-12-22,-1,2025-12-22 15:30:00-05:00,25688.5,2025-12-22 16:00:00-05:00,25688.25,-1.9463962473480353e-05,-0.00127032766696078,-8.758101243655503e-05,14.91
S2,2025-12-23,1,2025-12-23 15:30:00-05:00,25798.0,2025-12-23 16:00:00-05:00,25811.25,0.000484533684781766,0.0001751773670841672,3.876382172518511e-05,14.08
S2,2025-12-29,-1,2025-12-29 15:30:00-05:00,25750.0,2025-12-29 16:00:00-05:00,25741.0,0.0003203883495145631,-0.005499337953163819,-0.0005821738371077911,13.6
S2,2025-12-31,-1,2025-12-31 15:30:00-05:00,25478.0,2025-12-31 16:00:00-05:00,25455.25,0.0008634900698641965,-0.0028234286159358746,-0.0022615352985519976,14.33
S2,2026-01-02,1,2026-01-02 15:30:00-05:00,25431.5,2026-01-02 16:00:00-05:00,25385.5,-0.0018382714350313586,0.010911305133518567,0.0012795527471012313,14.95
S2,2026-01-05,1,2026-01-05 15:30:00-05:00,25600.5,2026-01-05 16:00:00-05:00,25586.75,-0.0005663951875939923,0.008439857398908845,0.0008992278369661655,14.51
S2,2026-01-06,1,2026-01-06 15:30:00-05:00,25810.0,2026-01-06 16:00:00-05:00,25813.5,0.00010654784967067027,0.006497503590725762,0.00010655713884388796,14.9
S2,2026-01-09,1,2026-01-09 15:30:00-05:00,25967.25,2026-01-09 16:00:00-05:00,25933.25,-0.0013382241092144915,0.0020344592621435176,0.0005008765339344912,15.45
S2,2026-01-12,-1,2026-01-12 15:30:00-05:00,25991.0,2026-01-12 16:00:00-05:00,25952.25,0.001462044553884037,-0.0012435772608523354,-0.0008648939543912659,14.49
S2,2026-01-13,-1,2026-01-13 15:30:00-05:00,25827.25,2026-01-13 16:00:00-05:00,25903.75,-0.0029910269192422734,-0.00013486306582277674,-0.0014980911419320009,15.12
S2,2026-01-20,-1,2026-01-20 15:30:00-05:00,25129.25,2026-01-20 16:00:00-05:00,25142.25,-0.0005471711252822906,-0.01400650197589981,-0.0015793080842695373,15.86
S2,2026-01-26,1,2026-01-26 15:30:00-05:00,25881.0,2026-01-26 16:00:00-05:00,25845.0,-0.0014199605888489625,0.003953682656252955,8.694476109516458e-05,16.09
S2,2026-01-27,1,2026-01-27 15:30:00-05:00,26096.0,2026-01-27 16:00:00-05:00,26076.0,-0.0007951410177805027,0.008057651383246212,0.00017246830894812604,16.15
S2,2026-01-28,1,2026-01-28 15:30:00-05:00,26174.25,2026-01-28 16:00:00-05:00,26149.25,-0.0009837913216233511,0.006807025617425966,0.0005255965520867267,16.35
S2,2026-01-30,-1,2026-01-30 15:30:00-05:00,25595.75,2026-01-30 16:00:00-05:00,25675.5,-0.0031450533780022073,-0.0063289921705173,-0.002426120253719577,16.88
S2,2026-02-02,1,2026-02-02 15:30:00-05:00,25864.0,2026-02-02 16:00:00-05:00,25856.5,-0.000318976183111661,0.002872388074234289,0.0006673888652455329,17.44
S2,2026-02-04,-1,2026-02-04 15:30:00-05:00,25059.25,2026-02-04 16:00:00-05:00,24994.5,0.00255394714526572,-0.009874044526537062,-0.0018521284540702343,18.0
S2,2026-02-05,-1,2026-02-05 15:30:00-05:00,24637.75,2026-02-05 16:00:00-05:00,24638.25,-5.073515235766253e-05,-0.009011982636179972,-0.002994496600841723,18.64
S2,2026-02-06,1,2026-02-06 15:30:00-05:00,25109.5,2026-02-06 16:00:00-05:00,25146.75,0.0014536330870785958,0.008624800868568094,0.0015555976586261178,21.77
S2,2026-02-09,-1,2026-02-09 15:30:00-05:00,25364.0,2026-02-09 16:00:00-05:00,25337.75,0.0010053619302949062,-0.0013321801027965652,-0.0013681641009488654,17.76
S2,2026-02-12,-1,2026-02-12 15:30:00-05:00,24804.5,2026-02-12 16:00:00-05:00,24763.5,0.001622689431353182,-0.0027790414779358397,-0.0037351647689619627,17.65
S2,2026-02-13,-1,2026-02-13 15:30:00-05:00,24766.0,2026-02-13 16:00:00-05:00,24802.0,-0.0014838892029395137,-0.002604639893391436,-0.0035408556397179547,20.82
S2,2026-02-17,-1,2026-02-17 15:30:00-05:00,24773.0,2026-02-17 16:00:00-05:00,24777.0,-0.00019174100835587133,-0.012750987823562654,-0.001672375579286678,20.6
S2,2026-02-26,-1,2026-02-26 15:30:00-05:00,25028.75,2026-02-26 16:00:00-05:00,25083.25,-0.002207461419367727,-0.007543973684728922,-0.0013266568248014865,17.93
S2,2026-03-02,-1,2026-03-02 15:30:00-05:00,24967.5,2026-03-02 16:00:00-05:00,25023.25,-0.0022629418243716834,-0.005450381526706849,-0.004644626286990028,19.86
S2,2026-03-03,-1,2026-03-03 15:30:00-05:00,24782.25,2026-03-03 16:00:00-05:00,24757.25,0.000978522934761775,-0.021340153657098848,-0.00018154494750322048,21.44
S2,2026-03-05,1,2026-03-05 15:30:00-05:00,24954.25,2026-03-05 16:00:00-05:00,25047.75,0.0037168017471973713,0.0026074840764331864,0.0039021642931853506,21.15
S2,2026-03-06,-1,2026-03-06 15:30:00-05:00,24652.75,2026-03-06 16:00:00-05:00,24667.75,-0.000638873959294602,-0.014232815322733572,-0.006217689679844374,23.75
S2,2026-03-10,-1,2026-03-10 15:30:00-04:00,24988.75,2026-03-10 16:00:00-04:00,24986.5,6.0027012155469956e-05,-0.00120037211535573,-0.0016879744306831368,25.5
S2,2026-03-24,-1,2026-03-24 15:30:00-04:00,24266.25,2026-03-24 16:00:00-04:00,24219.25,0.0019059393190130325,-0.007500384240995972,-0.0003501364502342952,26.15
S2,2026-03-26,-1,2026-03-26 15:30:00-04:00,23842.75,2026-03-26 16:00:00-04:00,23786.75,0.0023172662549412293,-0.00639059566916611,-0.001685316808156534,25.33
S2,2026-03-27,-1,2026-03-27 15:30:00-04:00,23331.25,2026-03-27 16:00:00-04:00,23308.75,0.0009322260916153227,-0.012948385130377216,-0.00037489288774639196,27.44
S2,2026-03-30,-1,2026-03-30 15:30:00-04:00,23037.25,2026-03-30 16:00:00-04:00,23135.5,-0.004297387926076246,-0.0002895908188984553,-0.0036331001373225424,31.05
S2,2026-03-31,1,2026-03-31 15:30:00-04:00,23882.0,2026-03-31 16:00:00-04:00,23909.75,0.0011305585796834434,0.018564543666659494,0.0011422942298422445,30.61
S2,2026-04-01,1,2026-04-01 15:30:00-04:00,24234.0,2026-04-01 16:00:00-04:00,24200.75,-0.001402987538169514,0.00882485178640513,0.0030940850200753545,25.25
S2,2026-04-08,1,2026-04-08 15:30:00-04:00,24957.5,2026-04-08 16:00:00-04:00,25080.0,0.004878293098267054,0.029186072754878056,0.0001803372306212747,25.78
S2,2026-04-10,1,2026-04-10 15:30:00-04:00,25295.25,2026-04-10 16:00:00-04:00,25284.25,-0.0004645140886134748,0.00283179531862654,0.001336064843680429,19.49
S2,2026-04-13,1,2026-04-13 15:30:00-04:00,25458.5,2026-04-13 16:00:00-04:00,25538.25,0.0031030893414773063,0.0009393199323690649,0.0005305508886728205,19.23
S2,2026-04-14,1,2026-04-14 15:30:00-04:00,25988.25,2026-04-14 16:00:00-04:00,26000.75,0.00045212740373053205,0.007204878956075689,0.0027008517328857007,19.12
S2,2026-04-15,1,2026-04-15 15:30:00-04:00,26336.25,2026-04-15 16:00:00-04:00,26364.25,0.0010346955242299112,0.002605694066517339,0.0012641023447672595,18.36
S2,2026-04-20,-1,2026-04-20 15:30:00-04:00,26727.5,2026-04-20 16:00:00-04:00,26745.75,-0.0007108783088579179,-0.0017333122105321896,-0.00015898548556037007,17.48
S2,2026-04-21,1,2026-04-21 15:30:00-04:00,26777.5,2026-04-21 16:00:00-04:00,26642.25,-0.0050788908598636915,0.003467840684968637,0.0019925909295015476,18.87
S2,2026-04-22,1,2026-04-22 15:30:00-04:00,27045.25,2026-04-22 16:00:00-04:00,27080.0,0.0012571523650178867,0.008342013155795858,0.001156818286983441,19.5
S2,2026-04-24,1,2026-04-24 15:30:00-04:00,27422.75,2026-04-24 16:00:00-04:00,27434.0,0.0003828937652131898,0.009934543428810283,0.0005472854640979907,19.31
S2,2026-04-28,-1,2026-04-28 15:30:00-04:00,27186.75,2026-04-28 16:00:00-04:00,27169.25,0.0006161089501319577,-0.008835853525232307,-0.0002666004762036378,18.02
S2,2026-04-29,1,2026-04-29 15:30:00-04:00,27311.0,2026-04-29 16:00:00-04:00,27337.25,0.0009336897220900003,0.0018771221141546945,0.0005678643720061771,17.83
S2,2026-05-01,1,2026-05-01 15:30:00-04:00,27896.25,2026-05-01 16:00:00-04:00,27837.25,-0.0021418649460052874,0.01073338772550092,0.0026777611041721716,16.89
S2,2026-05-04,1,2026-05-04 15:30:00-04:00,27778.5,2026-05-04 16:00:00-04:00,27780.25,3.5999064024335365e-05,0.002110481459195901,0.0006754383594953506,16.99
S2,2026-05-06,1,2026-05-06 15:30:00-04:00,28694.0,2026-05-06 16:00:00-04:00,28710.25,0.0005401826165748937,0.011844361710634965,0.0018854584020739917,17.38
S2,2026-05-08,1,2026-05-08 15:30:00-04:00,29262.0,2026-05-08 16:00:00-04:00,29339.75,0.0026313990841364226,0.014746768697107226,0.0007352815444332528,17.08
S2,2026-05-11,-1,2026-05-11 15:30:00-04:00,29381.75,2026-05-11 16:00:00-04:00,29429.25,-0.0016421758404451742,-0.0010054618733970067,-0.00019565975619095788,17.19
S2,2026-05-15,-1,2026-05-15 15:30:00-04:00,29289.75,2026-05-15 16:00:00-04:00,29231.25,0.0019716795124574294,-0.01830783093467625,-0.003351508604190201,17.26
S2,2026-05-18,1,2026-05-18 15:30:00-04:00,28923.0,2026-05-18 16:00:00-04:00,29098.75,0.006050548006776613,0.00042762454564893027,0.0028606102635229114,18.43
S2,2026-05-20,1,2026-05-20 15:30:00-04:00,29340.75,2026-05-20 16:00:00-04:00,29396.25,0.0018660054702078167,0.006084806997528114,0.001356632139383196,18.06
S2,2026-05-26,1,2026-05-26 15:30:00-04:00,30052.75,2026-05-26 16:00:00-04:00,30079.75,0.000873464158854015,0.015370950004229833,0.0012827133552115733,16.7
S2,2026-05-27,-1,2026-05-27 15:30:00-04:00,30027.0,2026-05-27 16:00:00-04:00,30047.25,-0.0006993705664901589,-0.0006648991431111861,-0.0003828388331738042,17.01
S2,2026-05-29,1,2026-05-29 15:30:00-04:00,30382.25,2026-05-29 16:00:00-04:00,30397.5,0.0004772523430621497,0.007020004124561829,0.0018714240960280293,15.74
S2,2026-06-02,1,2026-06-02 15:30:00-04:00,30663.75,2026-06-02 16:00:00-04:00,30707.25,0.001394154335330806,0.0009976693789099933,0.0008404458442807794,16.05
S2,2026-06-03,-1,2026-06-03 15:30:00-04:00,30634.5,2026-06-03 16:00:00-04:00,30635.75,-6.528587050547584e-05,-0.004835991500378611,-0.0005464570011745051,15.77
S2,2026-06-05,-1,2026-06-05 15:30:00-04:00,29155.0,2026-06-05 16:00:00-04:00,29015.75,0.004750471617218316,-0.023347165045677465,-0.0012503639758149054,15.4
S2,2026-06-10,-1,2026-06-10 15:30:00-04:00,28546.25,2026-06-10 16:00:00-04:00,28526.0,0.0006831019836230678,-0.0032027889164613077,-0.0021235689941448976,19.87
S2,2026-06-11,1,2026-06-11 15:30:00-04:00,29424.25,2026-06-11 16:00:00-04:00,29456.75,0.0010790419466936286,0.013128374114842689,0.005304292120435594,22.22
S2,2026-06-24,1,2026-06-24 15:30:00-04:00,29384.0,2026-06-24 16:00:00-04:00,29514.0,0.0043986523277974405,0.0011382607375929332,0.0013460440786838834,19.49
S2,2026-06-25,-1,2026-06-25 15:30:00-04:00,29682.75,2026-06-25 16:00:00-04:00,29749.5,-0.0022740480582156305,-0.006708680626143493,-0.003048012494332175,18.63
S2,2026-06-30,1,2026-06-30 15:30:00-04:00,30575.25,2026-06-30 16:00:00-04:00,30513.5,-0.002044137006238706,0.010666888546823738,0.0006872964702417939,17.65
S2,2026-07-06,1,2026-07-06 15:30:00-04:00,30035.75,2026-07-06 16:00:00-04:00,29951.75,-0.002821637548587933,0.013347100793039468,0.0015171723907969614,16.15
S2,2026-07-07,-1,2026-07-07 15:30:00-04:00,29320.75,2026-07-07 16:00:00-04:00,29394.5,-0.0025408626996239864,-0.016117589122505382,-0.002373175461876098,15.57
S2,2026-07-13,-1,2026-07-13 15:30:00-04:00,29419.75,2026-07-13 16:00:00-04:00,29467.0,-0.0016315570322657398,-0.013566375364128191,-0.0025429331886687168,15.03
S2,2026-07-15,1,2026-07-15 15:30:00-04:00,29643.25,2026-07-15 16:00:00-04:00,29701.0,0.0019228660824977017,0.0012589807292016086,0.0010130600322491023,16.5
S2,2026-07-16,-1,2026-07-16 15:30:00-04:00,29147.5,2026-07-16 16:00:00-04:00,29217.0,-0.0024101552448752036,-0.011901956163092198,-0.0021225244347067296,15.67
S2,2026-07-17,-1,2026-07-17 15:30:00-04:00,28795.75,2026-07-17 16:00:00-04:00,28764.25,0.0010678659177135515,-0.018516617038025762,-0.00227814110615443,16.73
S2,2026-07-24,-1,2026-07-24 15:30:00-04:00,28253.0,2026-07-24 16:00:00-04:00,28283.25,-0.0010972286128906664,-0.01023064826140141,-0.0017312958219238839,18.7
S2,2026-07-27,1,2026-07-27 15:30:00-04:00,28243.75,2026-07-27 16:00:00-04:00,28192.25,-0.0018499668068156672,0.0022805017103761926,0.0019422986528074837,18.58
S2,2026-07-29,-1,2026-07-29 15:30:00-04:00,27711.25,2026-07-29 16:00:00-04:00,27335.0,0.013550453335739095,-0.006617475867256473,-0.012278685164889058,18.21
S2,2026-07-30,1,2026-07-30 15:30:00-04:00,28243.75,2026-07-30 16:00:00-04:00,28229.0,-0.000548793980969241,0.029879275653923454,0.002262182518208311,20.66
S2,2026-07-31,1,2026-07-31 15:30:00-04:00,28474.5,2026-07-31 16:00:00-04:00,28402.75,-0.0025461377723928424,0.00465833008608163,0.0014595331252473809,17.09
S2,2026-08-03,1,2026-08-03 15:30:00-04:00,28912.75,2026-08-03 16:00:00-04:00,28901.25,-0.00042368851112398507,0.007868956351057665,0.00019891375791325494,15.99
S2,2026-08-04,1,2026-08-04 15:30:00-04:00,29901.0,2026-08-04 16:00:00-04:00,29877.75,-0.0008026487408447879,0.0195406773063449,0.0006358449207704009,15.86
S2,2026-08-05,1,2026-08-05 15:30:00-04:00,29757.0,2026-08-05 16:00:00-04:00,29606.75,-0.005074436267096818,0.005723322539347819,0.0010344566579481018,16.5
S2,2026-08-06,-1,2026-08-06 15:30:00-04:00,29508.0,2026-08-06 16:00:00-04:00,29496.75,0.00035583570557137046,-0.0026514223952308624,-0.0002202232725178055,15.81
S2,2026-08-07,1,2026-08-07 15:30:00-04:00,29811.25,2026-08-07 16:00:00-04:00,29833.25,0.0007128181475114261,0.00611931822997458,0.0028931875525652906,15.15
S2,2026-08-10,-1,2026-08-10 15:30:00-04:00,29782.25,2026-08-10 16:00:00-04:00,29744.0,0.0012591392524070545,-0.0008882706376275307,-8.39433214694374e-06,14.9
S2,2026-08-14,1,2026-08-14 15:30:00-04:00,30096.25,2026-08-14 16:00:00-04:00,30144.5,0.0015782697179881214,0.0011094643936446769,0.00027419113614834956,14.63
S2,2026-08-21,-1,2026-08-21 15:30:00-04:00,29393.5,2026-08-21 16:00:00-04:00,29395.75,-0.00010206338135982445,-0.0001023663692354404,-0.00019557656822644098,16.01
S2,2026-08-26,1,2026-08-26 15:30:00-04:00,29338.0,2026-08-26 16:00:00-04:00,29296.75,-0.0014315904287954188,0.002084027297341251,0.0005541961172166321,15.45
S2,2026-08-27,1,2026-08-27 15:30:00-04:00,29602.75,2026-08-27 16:00:00-04:00,29691.75,0.002981141954717045,0.006357360458071337,0.0010483155091516316,15.21
S2,2026-09-08,-1,2026-09-08 15:30:00-04:00,29564.5,2026-09-08 16:00:00-04:00,29543.5,0.0006849430905308732,-0.0022320862396956187,-0.0004141836777820096,14.53
S2,2026-09-09,1,2026-09-09 15:30:00-04:00,29452.25,2026-09-09 16:00:00-04:00,29454.5,5.092989499953314e-05,0.0005077258957131292,0.0001358349605229403,15.72
S2,2026-09-10,-1,2026-09-10 15:30:00-04:00,29158.75,2026-09-10 16:00:00-04:00,29138.0,0.0006859004586959317,-0.012044000067901295,-0.0004884444330188753,16.46
S2,2026-09-14,-1,2026-09-14 15:30:00-04:00,29224.25,2026-09-14 16:00:00-04:00,29151.25,0.0024722619057803022,-0.013050099109292446,-0.0011535306582814986,15.84
S2,2026-09-21,1,2026-09-21 15:30:00-04:00,30803.0,2026-09-21 16:00:00-04:00,30784.25,-0.0006330552218939714,0.006435709086096253,0.0005603105257174779,14.81
S2,2026-09-22,1,2026-09-22 15:30:00-04:00,31020.5,2026-09-22 16:00:00-04:00,31029.25,0.00025789397334021055,0.004718321869137565,0.001444666838843034,14.87
S2,2026-09-23,-1,2026-09-23 15:30:00-04:00,30753.75,2026-09-23 16:00:00-04:00,30770.25,-0.0005609072064382393,-0.0059057179918947655,-0.0002681880241857115,
S2,2026-09-24,-1,2026-09-24 15:30:00-04:00,30749.75,2026-09-24 16:00:00-04:00,30756.75,-0.000252034569386743,-0.006223543845110147,-0.0009421778929328273,
S2,2026-09-28,-1,2026-09-28 15:30:00-04:00,30595.75,2026-09-28 16:00:00-04:00,30567.5,0.0008988176462417166,-0.007777220270948293,-0.0013545381106641052,
