strategy,date,side,entry_time,entry,exit_time,exit,ret
S1,2018-10-04,-1,2018-10-04 10:00:00-04:00,7590.5,2018-10-04 16:00:00-04:00,7514.0,0.00992954284777978
S1,2018-10-05,-1,2018-10-05 10:00:00-04:00,7478.75,2018-10-05 10:30:00-04:00,7498.0,-0.002663115845539281
S1,2018-10-05,-1,2018-10-05 11:00:00-04:00,7469.0,2018-10-05 16:00:00-04:00,7420.75,0.0063249001331557924
S1,2018-10-08,-1,2018-10-08 12:00:00-04:00,7334.25,2018-10-08 14:30:00-04:00,7350.25,-0.00226765044337643
S1,2018-10-09,1,2018-10-09 10:00:00-04:00,7411.0,2018-10-09 12:30:00-04:00,7406.75,-0.0006774379297496867
S1,2018-10-10,-1,2018-10-10 10:00:00-04:00,7257.75,2018-10-10 16:00:00-04:00,7071.5,0.02522694046850032
S1,2018-10-11,1,2018-10-11 10:00:00-04:00,7135.0,2018-10-11 10:30:00-04:00,7076.0,-0.008486613166678503
S1,2018-10-11,-1,2018-10-11 15:00:00-04:00,6964.75,2018-10-11 15:30:00-04:00,7040.5,-0.01086570556068461
S1,2018-10-15,-1,2018-10-15 10:00:00-04:00,7107.25,2018-10-15 11:30:00-04:00,7153.0,-0.00650486115968385
S1,2018-10-16,1,2018-10-16 11:00:00-04:00,7197.0,2018-10-16 16:00:00-04:00,7291.0,0.013023743016759777
S1,2018-10-17,-1,2018-10-17 11:00:00-04:00,7243.0,2018-10-17 11:30:00-04:00,7271.0,-0.003921836101353886
S1,2018-10-18,-1,2018-10-18 10:30:00-04:00,7227.25,2018-10-18 11:00:00-04:00,7245.75,-0.002649052189768466
S1,2018-10-18,-1,2018-10-18 11:30:00-04:00,7185.5,2018-10-18 16:00:00-04:00,7131.75,0.007293494340661231
S1,2018-10-19,1,2018-10-19 10:00:00-04:00,7216.5,2018-10-19 11:30:00-04:00,7185.0,-0.004494773519163763
S1,2018-10-23,-1,2018-10-23 10:30:00-04:00,6983.0,2018-10-23 11:00:00-04:00,6990.0,-0.0011030065824586372
S1,2018-10-24,-1,2018-10-24 10:30:00-04:00,7067.25,2018-10-24 16:00:00-04:00,6798.25,0.03767027102934981
S1,2018-10-25,1,2018-10-25 10:00:00-04:00,6951.75,2018-10-25 16:00:00-04:00,7030.5,0.011292482536465307
S1,2018-10-29,-1,2018-10-29 14:30:00-04:00,6765.5,2018-10-29 16:00:00-04:00,6730.25,0.004962243797195253
S1,2018-10-30,1,2018-10-30 10:00:00-04:00,6788.25,2018-10-30 10:30:00-04:00,6764.5,-0.003659720666218538
S1,2018-10-31,1,2018-10-31 10:00:00-04:00,6982.75,2018-10-31 12:00:00-04:00,6961.5,-0.0031756342246761216
S1,2018-10-31,1,2018-10-31 13:00:00-04:00,6997.5,2018-10-31 15:30:00-04:00,7020.0,0.003139547472122984
S1,2018-11-01,1,2018-11-01 13:30:00-04:00,7067.5,2018-11-01 14:00:00-04:00,7057.75,-0.0015020921998497908
S1,2018-11-02,-1,2018-11-02 10:30:00-04:00,6984.75,2018-11-02 14:30:00-04:00,6979.25,0.0006736871963975464
S1,2018-11-05,-1,2018-11-05 10:00:00-05:00,6905.75,2018-11-05 12:30:00-05:00,6899.0,0.0008608630151727107
S1,2018-11-06,1,2018-11-06 10:00:00-05:00,7020.75,2018-11-06 11:00:00-05:00,6981.0,-0.0058348941074773085
S1,2018-11-07,1,2018-11-07 11:00:00-05:00,7149.75,2018-11-07 16:00:00-05:00,7210.25,0.008441352029103238
S1,2018-11-09,-1,2018-11-09 12:00:00-05:00,7024.0,2018-11-09 13:00:00-05:00,7026.0,-0.00038739214650466633
S1,2018-11-09,-1,2018-11-09 13:30:00-05:00,7018.25,2018-11-09 15:00:00-05:00,7035.0,-0.0024652227504842403
S1,2018-11-12,-1,2018-11-12 10:00:00-05:00,6929.75,2018-11-12 16:00:00-05:00,6838.25,0.012975407492136116
S1,2018-11-15,1,2018-11-15 13:30:00-05:00,6859.5,2018-11-15 15:30:00-05:00,6862.5,0.00033243452886639826
S1,2018-11-19,-1,2018-11-19 10:00:00-05:00,6794.25,2018-11-19 16:00:00-05:00,6652.75,0.02056170337095066
S1,2018-11-26,1,2018-11-26 10:00:00-05:00,6659.25,2018-11-26 10:30:00-05:00,6638.25,-0.0032833905725176437
S1,2018-11-28,1,2018-11-28 12:30:00-05:00,6848.5,2018-11-28 16:00:00-05:00,6919.75,0.010438258809594314
S1,2018-12-04,-1,2018-12-04 12:30:00-05:00,6896.5,2018-12-04 16:00:00-05:00,6801.0,0.013480348568379869
S1,2018-12-07,-1,2018-12-07 10:30:00-05:00,6767.75,2018-12-07 16:00:00-05:00,6615.5,0.022242613323545605
S1,2018-12-12,1,2018-12-12 11:30:00-05:00,6852.0,2018-12-12 12:30:00-05:00,6855.75,0.00044067423157430867
S1,2018-12-14,-1,2018-12-14 12:00:00-05:00,6647.5,2018-12-14 12:30:00-05:00,6663.5,-0.002504204821528686
S1,2018-12-14,-1,2018-12-14 15:00:00-05:00,6618.75,2018-12-14 16:00:00-05:00,6595.25,0.0034012334143150814
S1,2018-12-17,-1,2018-12-17 10:00:00-05:00,6532.75,2018-12-17 10:30:00-05:00,6573.0,-0.006238113351084062
S1,2018-12-17,-1,2018-12-17 14:00:00-05:00,6491.5,2018-12-17 16:00:00-05:00,6457.5,0.005058957778623051
S1,2018-12-26,1,2018-12-26 10:00:00-05:00,5992.5,2018-12-26 10:30:00-05:00,5973.25,-0.003346580213344489
S1,2018-12-26,1,2018-12-26 11:30:00-05:00,6012.5,2018-12-26 16:00:00-05:00,6277.5,0.044216691068814054
S1,2018-12-27,-1,2018-12-27 10:00:00-05:00,6171.75,2018-12-27 11:30:00-05:00,6167.5,0.0005647438483259379
S1,2018-12-27,-1,2018-12-27 12:00:00-05:00,6150.75,2018-12-27 15:00:00-05:00,6150.25,-4.0338846308995566e-05
S1,2018-12-28,-1,2018-12-28 10:30:00-05:00,6267.0,2018-12-28 11:00:00-05:00,6274.5,-0.001301364460919631
S1,2019-01-03,-1,2019-01-03 10:00:00-05:00,6251.25,2019-01-03 12:00:00-05:00,6254.0,-0.0005575245908167735
S1,2019-01-03,-1,2019-01-03 15:00:00-05:00,6179.25,2019-01-03 16:00:00-05:00,6158.75,0.0031460316196089363
S1,2019-01-04,1,2019-01-04 10:00:00-05:00,6307.75,2019-01-04 16:00:00-05:00,6435.5,0.020287539936102238
S1,2019-01-07,1,2019-01-07 12:00:00-05:00,6519.0,2019-01-07 14:00:00-05:00,6508.75,-0.0017077430622938095
S1,2019-01-09,1,2019-01-09 10:00:00-05:00,6606.75,2019-01-09 10:30:00-05:00,6606.5,-0.00015186605414024831
S1,2019-01-10,-1,2019-01-10 10:00:00-05:00,6539.5,2019-01-10 10:30:00-05:00,6584.0,-0.006893924966673014
S1,2019-01-15,1,2019-01-15 10:00:00-05:00,6644.75,2019-01-15 14:30:00-05:00,6643.25,-0.00034204925509273337
S1,2019-01-15,1,2019-01-15 15:00:00-05:00,6659.25,2019-01-15 16:00:00-05:00,6681.75,0.003306476132563089
S1,2019-01-16,1,2019-01-16 10:00:00-05:00,6722.5,2019-01-16 10:30:00-05:00,6709.5,-0.0020555368688567476
S1,2019-01-22,-1,2019-01-22 12:00:00-05:00,6683.0,2019-01-22 16:00:00-05:00,6665.75,0.0024463471589013675
S1,2019-01-28,-1,2019-01-28 10:00:00-05:00,6672.75,2019-01-28 10:30:00-05:00,6690.75,-0.0027982986344302664
S1,2019-01-28,-1,2019-01-28 12:00:00-05:00,6655.0,2019-01-28 12:30:00-05:00,6673.5,-0.0028729199313484066
S1,2019-01-29,-1,2019-01-29 11:00:00-05:00,6626.5,2019-01-29 16:00:00-05:00,6638.0,-0.0018263138278046963
S1,2019-01-30,1,2019-01-30 14:30:00-05:00,6801.0,2019-01-30 16:00:00-05:00,6814.5,0.0018987341772151898
S1,2019-01-31,1,2019-01-31 10:00:00-05:00,6875.75,2019-01-31 16:00:00-05:00,6910.25,0.004928086442286632
S1,2019-02-04,1,2019-02-04 10:00:00-05:00,6905.5,2019-02-04 16:00:00-05:00,6963.0,0.00824734776921959
S1,2019-02-05,1,2019-02-05 10:00:00-05:00,7004.75,2019-02-05 11:30:00-05:00,7006.75,0.00017927572606669058
S1,2019-02-05,1,2019-02-05 15:30:00-05:00,7031.75,2019-02-05 16:00:00-05:00,7025.25,-0.0010397992111868053
S1,2019-02-06,-1,2019-02-06 10:30:00-05:00,6987.75,2019-02-06 11:00:00-05:00,7018.5,-0.00448318804483188
S1,2019-02-07,-1,2019-02-07 11:30:00-05:00,6897.5,2019-02-07 16:00:00-05:00,6910.0,-0.001908809335158107
S1,2019-02-12,1,2019-02-12 10:00:00-05:00,6982.75,2019-02-12 16:00:00-05:00,7018.75,0.005061746122917863
S1,2019-02-21,-1,2019-02-21 10:00:00-05:00,7023.5,2019-02-21 11:00:00-05:00,7023.75,-0.00014185906302088876
S1,2019-02-22,1,2019-02-22 10:00:00-05:00,7076.75,2019-02-22 10:30:00-05:00,7070.5,-0.000991852639036486
S1,2019-02-22,1,2019-02-22 11:00:00-05:00,7086.0,2019-02-22 12:30:00-05:00,7089.0,0.0003188097768331562
S1,2019-02-27,-1,2019-02-27 10:30:00-05:00,7059.0,2019-02-27 11:30:00-05:00,7088.25,-0.004228031851173279
S1,2019-03-04,-1,2019-03-04 12:00:00-05:00,7096.75,2019-03-04 14:00:00-05:00,7130.0,-0.004726160689463442
S1,2019-03-05,-1,2019-03-05 10:00:00-05:00,7137.5,2019-03-05 10:30:00-05:00,7143.25,-0.0009081065977437044
S1,2019-03-06,-1,2019-03-06 10:30:00-05:00,7134.75,2019-03-06 16:00:00-05:00,7117.5,0.0023027807822476537
S1,2019-03-07,-1,2019-03-07 10:00:00-05:00,7050.25,2019-03-07 12:30:00-05:00,7066.25,-0.00235973655478463
S1,2019-03-07,-1,2019-03-07 13:30:00-05:00,7063.25,2019-03-07 16:00:00-05:00,7030.5,0.004508153418096009
S1,2019-03-18,1,2019-03-18 10:00:00-04:00,7368.5,2019-03-18 11:30:00-04:00,7341.5,-0.0037831021437578815
S1,2019-03-20,1,2019-03-20 14:30:00-04:00,7450.0,2019-03-20 16:00:00-04:00,7413.25,-0.005079580088046055
S1,2019-03-21,1,2019-03-21 10:00:00-04:00,7435.5,2019-03-21 16:00:00-04:00,7526.75,0.012249179440327548
S1,2019-03-22,-1,2019-03-22 10:00:00-04:00,7449.0,2019-03-22 10:30:00-04:00,7468.75,-0.0027362520021356113
S1,2019-03-22,-1,2019-03-22 11:00:00-04:00,7442.25,2019-03-22 16:00:00-04:00,7358.25,0.011111852642819007
S1,2019-03-25,-1,2019-03-25 10:00:00-04:00,7308.25,2019-03-25 10:30:00-04:00,7314.75,-0.0009884791055968368
S1,2019-03-26,1,2019-03-26 10:00:00-04:00,7441.5,2019-03-26 10:30:00-04:00,7419.25,-0.003107793129074756
S1,2019-03-26,1,2019-03-26 11:00:00-04:00,7428.75,2019-03-26 11:30:00-04:00,7410.75,-0.002533527007397899
S1,2019-03-27,-1,2019-03-27 11:30:00-04:00,7308.0,2019-03-27 15:30:00-04:00,7338.75,-0.004264536654707913
S1,2019-04-03,1,2019-04-03 11:30:00-04:00,7603.75,2019-04-03 13:30:00-04:00,7595.5,-0.0011892963330029733
S1,2019-04-04,1,2019-04-04 10:00:00-04:00,7591.0,2019-04-04 10:30:00-04:00,7554.75,-0.004888360417492403
S1,2019-04-11,-1,2019-04-11 10:00:00-04:00,7619.5,2019-04-11 10:30:00-04:00,7626.25,-0.0009808088403570143
S1,2019-04-11,-1,2019-04-11 14:00:00-04:00,7610.75,2019-04-11 16:00:00-04:00,7617.0,-0.0009154215843332135
S1,2019-04-15,-1,2019-04-15 10:30:00-04:00,7614.5,2019-04-15 13:30:00-04:00,7632.0,-0.002386010786076156
S1,2019-04-18,-1,2019-04-18 10:00:00-04:00,7684.25,2019-04-18 11:00:00-04:00,7690.0,-0.0008425691878929289
S1,2019-04-18,-1,2019-04-18 11:30:00-04:00,7685.0,2019-04-18 12:00:00-04:00,7698.0,-0.0017823578974658111
S1,2019-04-22,1,2019-04-22 14:30:00-04:00,7726.5,2019-04-22 15:30:00-04:00,7723.75,-0.0004559815001791356
S1,2019-04-23,1,2019-04-23 10:00:00-04:00,7777.5,2019-04-23 16:00:00-04:00,7828.75,0.006516129032258064
S1,2019-04-26,-1,2019-04-26 10:00:00-04:00,7770.75,2019-04-26 11:30:00-04:00,7813.0,-0.005496788213863411
S1,2019-04-29,1,2019-04-29 15:00:00-04:00,7864.75,2019-04-29 15:30:00-04:00,7857.0,-0.001084356561951842
S1,2019-04-30,-1,2019-04-30 11:30:00-04:00,7749.75,2019-04-30 12:00:00-04:00,7772.25,-0.002984116797689716
S1,2019-05-02,-1,2019-05-02 11:30:00-04:00,7731.5,2019-05-02 16:00:00-04:00,7736.5,-0.0007404545747215247
S1,2019-05-03,1,2019-05-03 11:00:00-04:00,7833.5,2019-05-03 16:00:00-04:00,7857.0,0.00291769534130623
S1,2019-05-07,-1,2019-05-07 11:00:00-04:00,7663.75,2019-05-07 16:00:00-04:00,7654.25,0.0011334196891191709
S1,2019-05-09,-1,2019-05-09 10:00:00-04:00,7525.5,2019-05-09 12:00:00-04:00,7530.75,-0.0007946230506903287
S1,2019-05-10,-1,2019-05-10 10:30:00-04:00,7510.0,2019-05-10 13:30:00-04:00,7548.0,-0.005123628189871744
S1,2019-05-13,-1,2019-05-13 10:30:00-04:00,7367.5,2019-05-13 11:00:00-04:00,7377.25,-0.0014179129671516829
S1,2019-05-13,-1,2019-05-13 11:30:00-04:00,7352.75,2019-05-13 15:00:00-04:00,7372.25,-0.0027345464366496743
S1,2019-05-13,-1,2019-05-13 15:30:00-04:00,7336.75,2019-05-13 16:00:00-04:00,7334.5,0.00020255899530738329
S1,2019-05-14,1,2019-05-14 10:30:00-04:00,7405.25,2019-05-14 11:00:00-04:00,7403.0,-0.00040693139814846214
S1,2019-05-14,1,2019-05-14 11:30:00-04:00,7427.0,2019-05-14 16:00:00-04:00,7412.75,-0.002034656990742311
S1,2019-05-15,1,2019-05-15 10:30:00-04:00,7470.5,2019-05-15 16:00:00-04:00,7516.5,0.006142256006515542
S1,2019-05-16,1,2019-05-16 10:00:00-04:00,7579.75,2019-05-16 16:00:00-04:00,7592.5,0.0015959038467932307
S1,2019-05-23,-1,2019-05-23 12:30:00-04:00,7288.5,2019-05-23 13:30:00-04:00,7291.75,-0.0005445510856987271
S1,2019-05-23,-1,2019-05-23 14:00:00-04:00,7285.25,2019-05-23 15:30:00-04:00,7318.25,-0.00459464978558301
S1,2019-05-28,1,2019-05-28 10:00:00-04:00,7358.25,2019-05-28 10:30:00-04:00,7336.25,-0.0031041069723018147
S1,2019-06-03,-1,2019-06-03 10:00:00-04:00,7052.25,2019-06-03 11:00:00-04:00,7088.75,-0.005235602094240838
S1,2019-06-03,-1,2019-06-03 12:00:00-04:00,7059.5,2019-06-03 16:00:00-04:00,6980.25,0.01103341649390351
S1,2019-06-04,1,2019-06-04 10:30:00-04:00,7085.25,2019-06-04 16:00:00-04:00,7171.5,0.012123790279697969
S1,2019-06-06,1,2019-06-06 15:30:00-04:00,7282.5,2019-06-06 16:00:00-04:00,7281.5,-0.0002418129059002349
S1,2019-06-07,1,2019-06-07 10:00:00-04:00,7372.25,2019-06-07 16:00:00-04:00,7421.25,0.006593106275407372
S1,2019-06-10,1,2019-06-10 10:00:00-04:00,7511.75,2019-06-10 15:30:00-04:00,7514.75,0.00030120481927710846
S1,2019-06-25,-1,2019-06-25 10:30:00-04:00,7714.25,2019-06-25 16:00:00-04:00,7621.75,0.011839855469884182
S1,2019-06-26,1,2019-06-26 10:00:00-04:00,7705.75,2019-06-26 10:30:00-04:00,7688.75,-0.002314211212516297
S1,2019-07-08,-1,2019-07-08 10:00:00-04:00,7779.5,2019-07-08 10:30:00-04:00,7794.5,-0.0020147105852254556
S1,2019-07-09,1,2019-07-09 14:00:00-04:00,7843.75,2019-07-09 15:00:00-04:00,7845.25,9.650957053241113e-05
S1,2019-07-10,1,2019-07-10 10:00:00-04:00,7944.5,2019-07-10 10:30:00-04:00,7911.25,-0.004306659488900852
S1,2019-07-10,1,2019-07-10 14:00:00-04:00,7928.75,2019-07-10 14:30:00-04:00,7907.0,-0.002849995250007917
S1,2019-07-12,1,2019-07-12 11:30:00-04:00,7946.5,2019-07-12 14:00:00-04:00,7949.25,0.00025230225810521004
S1,2019-07-16,-1,2019-07-16 12:30:00-04:00,7938.5,2019-07-16 13:00:00-04:00,7951.25,-0.0016922064491868007
S1,2019-07-16,-1,2019-07-16 14:00:00-04:00,7937.0,2019-07-16 15:00:00-04:00,7948.5,-0.0015355206668546896
S1,2019-07-18,-1,2019-07-18 12:00:00-04:00,7849.0,2019-07-18 12:30:00-04:00,7864.5,-0.002064737460690575
S1,2019-07-19,-1,2019-07-19 14:30:00-04:00,7882.25,2019-07-19 16:00:00-04:00,7853.25,0.003542652914067154
S1,2019-07-22,1,2019-07-22 10:00:00-04:00,7914.25,2019-07-22 16:00:00-04:00,7921.25,0.0007933989209774674
S1,2019-07-24,1,2019-07-24 15:00:00-04:00,8010.5,2019-07-24 16:00:00-04:00,8025.75,0.0018261964735516373
S1,2019-07-25,-1,2019-07-25 10:00:00-04:00,7962.5,2019-07-25 16:00:00-04:00,7946.75,0.001875527492107155
S1,2019-07-26,1,2019-07-26 10:00:00-04:00,8026.0,2019-07-26 10:30:00-04:00,8011.75,-0.001875527492107155
S1,2019-07-26,1,2019-07-26 12:00:00-04:00,8031.25,2019-07-26 13:00:00-04:00,8027.25,-0.0005939170391672658
S1,2019-07-26,1,2019-07-26 13:30:00-04:00,8031.0,2019-07-26 14:30:00-04:00,8029.0,-0.0003438467068863118
S1,2019-07-26,1,2019-07-26 15:00:00-04:00,8036.0,2019-07-26 16:00:00-04:00,8028.25,-0.0010627989121940547
S1,2019-07-29,-1,2019-07-29 10:00:00-04:00,7970.0,2019-07-29 13:00:00-04:00,7993.0,-0.0029596859617421647
S1,2019-07-31,-1,2019-07-31 15:00:00-04:00,7866.75,2019-07-31 16:00:00-04:00,7859.25,0.0008450704225352113
S1,2019-08-01,1,2019-08-01 10:00:00-04:00,7928.5,2019-08-01 14:00:00-04:00,7868.0,-0.007781730402744251
S1,2019-08-01,-1,2019-08-01 14:30:00-04:00,7818.25,2019-08-01 15:00:00-04:00,7820.25,-0.0003493838140007623
S1,2019-08-02,-1,2019-08-02 10:00:00-04:00,7729.0,2019-08-02 16:00:00-04:00,7701.25,0.0034800541341754206
S1,2019-08-05,-1,2019-08-05 10:30:00-04:00,7495.25,2019-08-05 16:00:00-04:00,7423.0,0.009483387492539293
S1,2019-08-08,1,2019-08-08 10:30:00-04:00,7637.75,2019-08-08 16:00:00-04:00,7732.25,0.012333092152864567
S1,2019-08-09,-1,2019-08-09 10:30:00-04:00,7646.0,2019-08-09 11:00:00-04:00,7657.75,-0.001625065002600104
S1,2019-08-09,-1,2019-08-09 11:30:00-04:00,7605.5,2019-08-09 13:00:00-04:00,7645.25,-0.005265210608424337
S1,2019-08-12,-1,2019-08-12 15:00:00-04:00,7544.5,2019-08-12 15:30:00-04:00,7563.0,-0.002529234003416108
S1,2019-08-13,1,2019-08-13 10:00:00-04:00,7762.25,2019-08-13 16:00:00-04:00,7738.0,-0.003304037533866385
S1,2019-08-14,-1,2019-08-14 11:30:00-04:00,7549.75,2019-08-14 16:00:00-04:00,7501.75,0.006210771910223128
S1,2019-08-16,1,2019-08-16 11:00:00-04:00,7627.5,2019-08-16 11:30:00-04:00,7606.25,-0.0029113044628974096
S1,2019-08-16,1,2019-08-16 13:30:00-04:00,7624.25,2019-08-16 14:30:00-04:00,7613.25,-0.0015549012472292983
S1,2019-08-22,-1,2019-08-22 11:00:00-04:00,7660.0,2019-08-22 12:30:00-04:00,7700.25,-0.005287934481202038
S1,2019-08-23,-1,2019-08-23 11:30:00-04:00,7573.25,2019-08-23 16:00:00-04:00,7473.75,0.012886177535640883
S1,2019-08-29,1,2019-08-29 10:00:00-04:00,7715.75,2019-08-29 10:30:00-04:00,7707.25,-0.001203447715075622
S1,2019-08-30,-1,2019-08-30 11:30:00-04:00,7661.0,2019-08-30 12:00:00-04:00,7675.75,-0.0020001935671193987
S1,2019-09-05,1,2019-09-05 10:00:00-04:00,7843.5,2019-09-05 14:00:00-04:00,7851.5,0.0009286240353517564
S1,2019-09-05,1,2019-09-05 14:30:00-04:00,7853.5,2019-09-05 16:00:00-04:00,7865.5,0.0014409683307182427
S1,2019-09-09,-1,2019-09-09 14:30:00-04:00,7802.25,2019-09-09 15:30:00-04:00,7824.5,-0.0029189669395266195
S1,2019-09-10,-1,2019-09-10 10:00:00-04:00,7762.25,2019-09-10 10:30:00-04:00,7782.0,-0.0026293006701510243
S1,2019-09-10,-1,2019-09-10 11:00:00-04:00,7762.75,2019-09-10 12:00:00-04:00,7782.0,-0.0025651713855131945
S1,2019-09-11,1,2019-09-11 10:30:00-04:00,7861.25,2019-09-11 11:30:00-04:00,7864.75,0.0003512581428024013
S1,2019-09-11,1,2019-09-11 12:00:00-04:00,7878.5,2019-09-11 14:00:00-04:00,7872.25,-0.0008941116362242943
S1,2019-09-12,1,2019-09-12 10:30:00-04:00,7970.5,2019-09-12 11:00:00-04:00,7934.75,-0.004598570033701849
S1,2019-09-24,-1,2019-09-24 12:00:00-04:00,7790.5,2019-09-24 16:00:00-04:00,7732.0,0.007331471372349879
S1,2019-09-25,-1,2019-09-25 10:00:00-04:00,7697.75,2019-09-25 10:30:00-04:00,7713.5,-0.0021353003979423467
S1,2019-09-25,1,2019-09-25 14:00:00-04:00,7780.75,2019-09-25 16:00:00-04:00,7823.25,0.005402957067520787
S1,2019-09-26,-1,2019-09-26 10:00:00-04:00,7774.0,2019-09-26 14:00:00-04:00,7779.5,-0.0007998720204767237
S1,2019-09-27,-1,2019-09-27 10:00:00-04:00,7761.25,2019-09-27 11:00:00-04:00,7785.75,-0.003235002081932033
S1,2019-09-27,-1,2019-09-27 12:00:00-04:00,7757.75,2019-09-27 16:00:00-04:00,7698.75,0.007462925594952116
S1,2019-09-30,1,2019-09-30 11:30:00-04:00,7755.0,2019-09-30 15:00:00-04:00,7763.0,0.0009387239827792704
S1,2019-10-01,1,2019-10-01 10:00:00-04:00,7834.5,2019-10-01 10:30:00-04:00,7782.75,-0.006732711359045879
S1,2019-10-01,-1,2019-10-01 11:00:00-04:00,7746.75,2019-10-01 11:30:00-04:00,7758.0,-0.0015389054534962008
S1,2019-10-01,-1,2019-10-01 12:00:00-04:00,7733.5,2019-10-01 15:00:00-04:00,7722.75,0.001282421211246834
S1,2019-10-02,-1,2019-10-02 10:00:00-04:00,7606.25,2019-10-02 16:00:00-04:00,7566.0,0.005161880492665556
S1,2019-10-03,-1,2019-10-03 10:30:00-04:00,7540.5,2019-10-03 11:00:00-04:00,7551.0,-0.001486571305870305
S1,2019-10-03,1,2019-10-03 11:30:00-04:00,7599.75,2019-10-03 12:00:00-04:00,7585.25,-0.002015129992401969
S1,2019-10-03,1,2019-10-03 12:30:00-04:00,7616.25,2019-10-03 16:00:00-04:00,7652.25,0.004657923425060289
S1,2019-10-04,1,2019-10-04 10:00:00-04:00,7717.5,2019-10-04 10:30:00-04:00,7703.0,-0.0019836753276316218
S1,2019-10-04,1,2019-10-04 11:30:00-04:00,7722.0,2019-10-04 12:30:00-04:00,7734.75,0.0015609248479724236
S1,2019-10-04,1,2019-10-04 14:30:00-04:00,7748.75,2019-10-04 16:00:00-04:00,7765.25,0.002048713862963806
S1,2019-10-08,-1,2019-10-08 10:00:00-04:00,7645.25,2019-10-08 11:00:00-04:00,7664.5,-0.002602303038188797
S1,2019-10-08,-1,2019-10-08 11:30:00-04:00,7647.75,2019-10-08 12:00:00-04:00,7652.75,-0.0007481621234792791
S1,2019-10-10,1,2019-10-10 10:00:00-04:00,7756.75,2019-10-10 12:30:00-04:00,7747.75,-0.001266809588774118
S1,2019-10-11,1,2019-10-11 10:00:00-04:00,7873.25,2019-10-11 12:00:00-04:00,7885.25,0.001434445825762647
S1,2019-10-11,1,2019-10-11 14:30:00-04:00,7904.25,2019-10-11 16:00:00-04:00,7851.25,-0.006853463389754869
S1,2019-10-15,1,2019-10-15 10:30:00-04:00,7922.0,2019-10-15 16:00:00-04:00,7953.0,0.003840904040884995
S1,2019-10-18,-1,2019-10-18 12:00:00-04:00,7866.5,2019-10-18 14:00:00-04:00,7891.0,-0.0031788996600780562
S1,2019-10-18,-1,2019-10-18 15:00:00-04:00,7895.75,2019-10-18 15:30:00-04:00,7898.5,-0.0004406395568425028
S1,2019-10-25,1,2019-10-25 11:00:00-04:00,8006.0,2019-10-25 16:00:00-04:00,8035.75,0.003656768173507345
S1,2019-10-28,1,2019-10-28 10:30:00-04:00,8102.25,2019-10-28 11:00:00-04:00,8100.75,-0.000278672281397077
S1,2019-10-28,1,2019-10-28 12:30:00-04:00,8116.5,2019-10-28 13:00:00-04:00,8109.5,-0.0009598711914788209
S1,2019-10-28,1,2019-10-28 13:30:00-04:00,8115.25,2019-10-28 14:00:00-04:00,8112.0,-0.0004954173891503591
S1,2019-10-28,1,2019-10-28 14:30:00-04:00,8115.5,2019-10-28 16:00:00-04:00,8116.5,3.0963586821897446e-05
S1,2019-10-29,-1,2019-10-29 15:00:00-04:00,8058.75,2019-10-29 15:30:00-04:00,8063.0,-0.0006171696599395174
S1,2019-10-31,-1,2019-10-31 10:30:00-04:00,8065.25,2019-10-31 11:00:00-04:00,8082.75,-0.002249476149389868
S1,2019-11-01,1,2019-11-01 10:30:00-04:00,8151.75,2019-11-01 11:00:00-04:00,8148.5,-0.0004921713986895936
S1,2019-11-06,-1,2019-11-06 10:30:00-05:00,8186.5,2019-11-06 11:30:00-05:00,8187.5,-0.00021315468940316686
S1,2019-11-06,-1,2019-11-06 12:00:00-05:00,8172.0,2019-11-06 13:00:00-05:00,8179.0,-0.0009439707673568818
S1,2019-11-07,1,2019-11-07 11:00:00-05:00,8267.5,2019-11-07 11:30:00-05:00,8264.5,-0.00045501425711338956
S1,2019-11-07,1,2019-11-07 12:00:00-05:00,8277.0,2019-11-07 12:30:00-05:00,8268.75,-0.001092034217072135
S1,2019-11-12,1,2019-11-12 10:00:00-05:00,8272.5,2019-11-12 12:00:00-05:00,8285.75,0.0015141879410072378
S1,2019-11-12,1,2019-11-12 12:30:00-05:00,8284.5,2019-11-12 14:30:00-05:00,8263.0,-0.002695254534992883
S1,2019-11-18,-1,2019-11-18 10:00:00-05:00,8296.0,2019-11-18 11:00:00-05:00,8308.0,-0.0015336039693279206
S1,2019-11-18,1,2019-11-18 14:30:00-05:00,8341.25,2019-11-18 15:30:00-05:00,8333.0,-0.0010825439783491205
S1,2019-11-20,-1,2019-11-20 13:00:00-05:00,8279.75,2019-11-20 16:00:00-05:00,8293.0,-0.0016819847419955547
S1,2019-11-21,-1,2019-11-21 10:30:00-05:00,8259.0,2019-11-21 11:00:00-05:00,8266.0,-0.0009356230947997465
S1,2019-11-21,-1,2019-11-21 11:30:00-05:00,8265.0,2019-11-21 13:00:00-05:00,8270.5,-0.0007545347538707633
S1,2019-11-22,-1,2019-11-22 11:30:00-05:00,8256.75,2019-11-22 12:00:00-05:00,8259.25,-0.0003919204100090443
S1,2019-11-25,1,2019-11-25 10:00:00-05:00,8351.0,2019-11-25 16:00:00-05:00,8376.75,0.0030076997112608275
S1,2019-11-27,1,2019-11-27 12:00:00-05:00,8436.0,2019-11-27 16:00:00-05:00,8449.25,0.001485928259383637
S1,2019-12-02,-1,2019-12-02 10:00:00-05:00,8341.25,2019-12-02 16:00:00-05:00,8316.0,0.002912938798561365
S1,2019-12-06,1,2019-12-06 12:30:00-05:00,8397.5,2019-12-06 15:30:00-05:00,8399.75,0.0001791954125974375
S1,2019-12-09,1,2019-12-09 10:00:00-05:00,8419.5,2019-12-09 10:30:00-05:00,8415.0,-0.0006258941344778255
S1,2019-12-11,1,2019-12-11 15:00:00-05:00,8407.5,2019-12-11 16:00:00-05:00,8404.5,-0.00044768101235599596
S1,2019-12-12,1,2019-12-12 10:00:00-05:00,8463.25,2019-12-12 12:30:00-05:00,8411.75,-0.006225982305102923
S1,2019-12-12,1,2019-12-12 13:30:00-05:00,8440.25,2019-12-12 14:30:00-05:00,8426.25,-0.0017575739521582413
S1,2019-12-12,1,2019-12-12 15:00:00-05:00,8445.5,2019-12-12 16:00:00-05:00,8467.0,0.00247251928862939
S1,2019-12-13,1,2019-12-13 10:30:00-05:00,8500.75,2019-12-13 11:00:00-05:00,8471.75,-0.0035173799952707497
S1,2019-12-13,1,2019-12-13 12:30:00-05:00,8496.0,2019-12-13 15:30:00-05:00,8491.75,-0.0005911563017261764
S1,2019-12-26,1,2019-12-26 11:30:00-05:00,8772.5,2019-12-26 16:00:00-05:00,8801.25,0.0032035696919424502
S1,2019-12-30,-1,2019-12-30 10:00:00-05:00,8714.5,2019-12-30 16:00:00-05:00,8731.5,-0.002020029589165813
S1,2020-01-02,1,2020-01-02 13:00:00-05:00,8844.25,2020-01-02 13:30:00-05:00,8839.25,-0.0006518350573898257
S1,2020-01-02,1,2020-01-02 14:30:00-05:00,8857.0,2020-01-02 16:00:00-05:00,8889.0,0.003542581833640357
S1,2020-01-06,1,2020-01-06 14:30:00-05:00,8840.75,2020-01-06 15:00:00-05:00,8840.25,-0.00014303696075065796
S1,2020-01-06,1,2020-01-06 15:30:00-05:00,8843.5,2020-01-06 16:00:00-05:00,8863.5,0.0022027691955601326
S1,2020-01-08,1,2020-01-08 11:30:00-05:00,8897.5,2020-01-08 16:00:00-05:00,8929.75,0.003554803216250529
S1,2020-01-13,1,2020-01-13 12:00:00-05:00,9057.25,2020-01-13 16:00:00-05:00,9085.25,0.003021901857499307
S1,2020-01-14,-1,2020-01-14 10:00:00-05:00,9041.0,2020-01-14 10:30:00-05:00,9068.0,-0.003057345893240787
S1,2020-01-15,1,2020-01-15 10:30:00-05:00,9080.5,2020-01-15 11:30:00-05:00,9076.0,-0.0005798542080848244
S1,2020-01-24,-1,2020-01-24 12:30:00-05:00,9176.25,2020-01-24 13:00:00-05:00,9198.0,-0.0024263992235522484
S1,2020-01-24,-1,2020-01-24 13:30:00-05:00,9165.75,2020-01-24 16:00:00-05:00,9151.75,0.0014288795427585463
S1,2020-01-28,1,2020-01-28 10:30:00-05:00,9050.5,2020-01-28 16:00:00-05:00,9098.25,0.005208477628480399
S1,2020-01-30,-1,2020-01-30 11:00:00-05:00,9027.5,2020-01-30 11:30:00-05:00,9066.5,-0.004391416024525644
S1,2020-01-31,-1,2020-01-31 10:30:00-05:00,9069.5,2020-01-31 16:00:00-05:00,8995.25,0.008005227903937265
S1,2020-02-03,1,2020-02-03 10:00:00-05:00,9126.5,2020-02-03 16:00:00-05:00,9131.5,0.0004700547475529503
S1,2020-02-04,1,2020-02-04 11:30:00-05:00,9304.75,2020-02-04 16:00:00-05:00,9340.75,0.00380751782242385
S1,2020-02-10,1,2020-02-10 10:00:00-05:00,9447.75,2020-02-10 12:30:00-05:00,9464.25,0.0016790597265531303
S1,2020-02-10,1,2020-02-10 13:30:00-05:00,9472.5,2020-02-10 16:00:00-05:00,9525.0,0.005516910530103142
S1,2020-02-20,-1,2020-02-20 11:30:00-05:00,9605.25,2020-02-20 16:00:00-05:00,9634.0,-0.003039748576727891
S1,2020-02-21,-1,2020-02-21 10:00:00-05:00,9513.0,2020-02-21 16:00:00-05:00,9452.0,0.006282586027111575
S1,2020-02-25,-1,2020-02-25 10:30:00-05:00,9051.75,2020-02-25 16:00:00-05:00,8839.75,0.023064115511641236
S1,2020-02-26,1,2020-02-26 10:00:00-05:00,8955.0,2020-02-26 12:30:00-05:00,8922.5,-0.0037398419705874084
S1,2020-02-27,-1,2020-02-27 10:30:00-05:00,8584.0,2020-02-27 11:00:00-05:00,8667.0,-0.009673134673134673
S1,2020-02-27,-1,2020-02-27 15:00:00-05:00,8588.25,2020-02-27 16:00:00-05:00,8432.25,0.017931392931392932
S1,2020-03-02,1,2020-03-02 11:30:00-05:00,8657.25,2020-03-02 15:00:00-05:00,8610.75,-0.005517281644091546
S1,2020-03-02,1,2020-03-02 15:30:00-05:00,8704.0,2020-03-02 16:00:00-05:00,8876.25,0.020025688930406352
S1,2020-03-03,-1,2020-03-03 10:00:00-05:00,8780.25,2020-03-03 10:30:00-05:00,8899.75,-0.013509718009212447
S1,2020-03-03,-1,2020-03-03 11:30:00-05:00,8718.75,2020-03-03 12:00:00-05:00,8833.75,-0.013004156836310527
S1,2020-03-03,-1,2020-03-03 12:30:00-05:00,8776.75,2020-03-03 16:00:00-05:00,8595.5,0.020278620379732614
S1,2020-03-04,1,2020-03-04 13:30:00-05:00,8841.75,2020-03-04 14:00:00-05:00,8835.75,-0.0007718255102624207
S1,2020-03-04,1,2020-03-04 14:30:00-05:00,8858.0,2020-03-04 15:00:00-05:00,8833.25,-0.002915785260991367
S1,2020-03-04,1,2020-03-04 15:30:00-05:00,8885.75,2020-03-04 16:00:00-05:00,8943.75,0.006546223772225716
S1,2020-03-11,-1,2020-03-11 13:00:00-04:00,8056.0,2020-03-11 16:00:00-04:00,7998.25,0.006982085438677079
S1,2020-03-17,1,2020-03-17 11:30:00-04:00,7329.5,2020-03-17 16:00:00-04:00,7453.75,0.01719397166823292
S1,2020-03-23,-1,2020-03-23 11:00:00-04:00,6921.75,2020-03-23 12:30:00-04:00,6916.5,0.0006428801028608164
S1,2020-03-23,-1,2020-03-23 15:30:00-04:00,6877.25,2020-03-23 16:00:00-04:00,6992.25,-0.016536304868031
S1,2020-03-24,1,2020-03-24 12:30:00-04:00,7500.75,2020-03-24 13:00:00-04:00,7434.5,-0.009079513500694514
S1,2020-03-25,-1,2020-03-25 10:00:00-04:00,7472.25,2020-03-25 11:00:00-04:00,7507.5,-0.004764898580457298
S1,2020-03-25,1,2020-03-25 13:30:00-04:00,7681.25,2020-03-25 16:00:00-04:00,7462.75,-0.02901955593792396
S1,2020-03-26,1,2020-03-26 10:00:00-04:00,7627.75,2020-03-26 16:00:00-04:00,7868.0,0.03181772891826364
S1,2020-03-30,1,2020-03-30 10:30:00-04:00,7745.25,2020-03-30 16:00:00-04:00,7867.0,0.015795313621826252
S1,2020-03-31,1,2020-03-31 10:30:00-04:00,7957.5,2020-03-31 11:00:00-04:00,7935.25,-0.002931897128652921
S1,2020-04-01,-1,2020-04-01 15:30:00-04:00,7436.25,2020-04-01 16:00:00-04:00,7466.5,-0.004097683486996464
S1,2020-04-02,1,2020-04-02 11:00:00-04:00,7564.5,2020-04-02 11:30:00-04:00,7544.0,-0.0028592572658772872
S1,2020-04-02,1,2020-04-02 12:00:00-04:00,7595.5,2020-04-02 13:30:00-04:00,7505.5,-0.012210710441334769
S1,2020-04-03,-1,2020-04-03 13:30:00-04:00,7471.0,2020-04-03 15:00:00-04:00,7493.25,-0.003029105755300935
S1,2020-04-06,1,2020-04-06 12:30:00-04:00,7924.5,2020-04-06 16:00:00-04:00,8053.5,0.01644652474993588
S1,2020-04-14,1,2020-04-14 10:00:00-04:00,8589.75,2020-04-14 11:30:00-04:00,8564.5,-0.0030634186573978615
S1,2020-04-14,1,2020-04-14 12:00:00-04:00,8583.5,2020-04-14 16:00:00-04:00,8682.0,0.011517275913870806
S1,2020-04-16,1,2020-04-16 12:00:00-04:00,8773.5,2020-04-16 12:30:00-04:00,8672.75,-0.011695906432748537
S1,2020-04-21,-1,2020-04-21 10:00:00-04:00,8583.75,2020-04-21 16:00:00-04:00,8390.75,0.02227565030994728
S1,2020-04-23,1,2020-04-23 10:00:00-04:00,8722.75,2020-04-23 12:00:00-04:00,8728.5,0.0005762526291526205
S1,2020-04-24,-1,2020-04-24 10:00:00-04:00,8588.5,2020-04-24 10:30:00-04:00,8636.0,-0.005581583665914744
S1,2020-04-28,-1,2020-04-28 11:00:00-04:00,8699.5,2020-04-28 14:30:00-04:00,8753.0,-0.006093280543621711
S1,2020-04-28,-1,2020-04-28 15:30:00-04:00,8724.5,2020-04-28 16:00:00-04:00,8666.5,0.006430236149720608
S1,2020-04-29,1,2020-04-29 10:30:00-04:00,8930.5,2020-04-29 11:00:00-04:00,8919.75,-0.0012979683972911963
S1,2020-04-29,1,2020-04-29 12:30:00-04:00,8951.0,2020-04-29 16:00:00-04:00,8963.5,0.0013261851015801355
S1,2020-05-01,-1,2020-05-01 13:00:00-04:00,8699.0,2020-05-01 14:30:00-04:00,8730.25,-0.0036400864520532363
S1,2020-05-05,1,2020-05-05 10:00:00-04:00,8956.75,2020-05-05 10:30:00-04:00,8944.5,-0.0014594852507788599
S1,2020-05-05,1,2020-05-05 13:30:00-04:00,8987.25,2020-05-05 15:30:00-04:00,8948.75,-0.0044065227763900195
S1,2020-05-11,1,2020-05-11 13:30:00-04:00,9307.0,2020-05-11 16:00:00-04:00,9286.75,-0.002293264899396653
S1,2020-05-13,1,2020-05-13 10:30:00-04:00,9179.0,2020-05-13 11:00:00-04:00,9114.75,-0.007125630344222758
S1,2020-05-13,-1,2020-05-13 12:00:00-04:00,8995.5,2020-05-13 16:00:00-04:00,8990.75,0.0004385003288752467
S1,2020-05-14,-1,2020-05-14 10:00:00-04:00,8872.25,2020-05-14 11:00:00-04:00,8903.25,-0.003553739821473543
S1,2020-05-18,1,2020-05-18 11:00:00-04:00,9330.5,2020-05-18 12:00:00-04:00,9327.25,-0.0004315576534052596
S1,2020-05-18,1,2020-05-18 13:30:00-04:00,9361.0,2020-05-18 14:00:00-04:00,9345.0,-0.0018071476736345245
S1,2020-05-19,1,2020-05-19 10:00:00-04:00,9371.5,2020-05-19 12:30:00-04:00,9381.0,0.0009381617390838181
S1,2020-05-20,1,2020-05-20 10:00:00-04:00,9461.0,2020-05-20 12:30:00-04:00,9464.0,0.0002393107849393746
S1,2020-05-21,-1,2020-05-21 11:00:00-04:00,9422.0,2020-05-21 12:30:00-04:00,9417.75,0.00036906205514841564
S1,2020-05-21,-1,2020-05-21 13:00:00-04:00,9400.25,2020-05-21 13:30:00-04:00,9409.0,-0.001001739863974271
S1,2020-05-21,-1,2020-05-21 15:00:00-04:00,9384.5,2020-05-21 15:30:00-04:00,9398.75,-0.0015816945220646385
S1,2020-05-27,-1,2020-05-27 10:00:00-04:00,9287.5,2020-05-27 13:00:00-04:00,9319.0,-0.0034450527440245695
S1,2020-05-28,1,2020-05-28 11:00:00-04:00,9491.5,2020-05-28 11:30:00-04:00,9487.5,-0.0005062346797399552
S1,2020-05-28,1,2020-05-28 12:00:00-04:00,9515.75,2020-05-28 15:30:00-04:00,9466.75,-0.0053021421720132154
S1,2020-06-02,-1,2020-06-02 11:30:00-04:00,9528.75,2020-06-02 12:00:00-04:00,9535.75,-0.0008069344300700211
S1,2020-06-04,-1,2020-06-04 15:00:00-04:00,9595.5,2020-06-04 16:00:00-04:00,9627.5,-0.003382827630729503
S1,2020-06-05,1,2020-06-05 10:00:00-04:00,9756.75,2020-06-05 16:00:00-04:00,9816.0,0.006049168885556963
S1,2020-06-09,1,2020-06-09 11:00:00-04:00,9963.25,2020-06-09 11:30:00-04:00,9962.75,-0.000126806999746386
S1,2020-06-09,1,2020-06-09 12:30:00-04:00,9966.75,2020-06-09 16:00:00-04:00,9964.0,-0.0003550595992898808
S1,2020-06-10,1,2020-06-10 14:30:00-04:00,10142.25,2020-06-10 15:00:00-04:00,10096.75,-0.004607262041141605
S1,2020-06-10,1,2020-06-10 15:30:00-04:00,10150.75,2020-06-10 16:00:00-04:00,10089.75,-0.006151317427902575
S1,2020-06-11,-1,2020-06-11 12:30:00-04:00,9776.75,2020-06-11 16:00:00-04:00,9592.75,0.018459756220408987
S1,2020-06-12,-1,2020-06-12 14:00:00-04:00,9503.0,2020-06-12 14:30:00-04:00,9570.0,-0.0069155587312118814
S1,2020-06-15,1,2020-06-15 14:30:00-04:00,9798.25,2020-06-15 15:30:00-04:00,9754.25,-0.0046992727940983435
S1,2020-06-22,1,2020-06-22 10:30:00-04:00,10047.0,2020-06-22 11:00:00-04:00,10021.75,-0.0026023421078971076
S1,2020-06-22,1,2020-06-22 12:00:00-04:00,10057.25,2020-06-22 14:30:00-04:00,10097.25,0.003928535682113902
S1,2020-06-22,1,2020-06-22 15:00:00-04:00,10113.25,2020-06-22 15:30:00-04:00,10077.75,-0.0036282654388950057
S1,2020-06-23,1,2020-06-23 11:30:00-04:00,10253.0,2020-06-23 12:30:00-04:00,10263.0,0.0009084882264836595
S1,2020-06-23,1,2020-06-23 13:30:00-04:00,10283.75,2020-06-23 14:00:00-04:00,10284.0,-4.910747170181943e-05
S1,2020-06-24,-1,2020-06-24 10:00:00-04:00,10096.25,2020-06-24 16:00:00-04:00,9992.75,0.010105977525879663
S1,2020-06-25,-1,2020-06-25 10:00:00-04:00,9946.25,2020-06-25 10:30:00-04:00,9997.5,-0.005201560468140442
S1,2020-06-26,-1,2020-06-26 10:00:00-04:00,10019.0,2020-06-26 16:00:00-04:00,9841.25,0.01757216251768385
S1,2020-06-29,-1,2020-06-29 10:00:00-04:00,9792.0,2020-06-29 10:30:00-04:00,9840.5,-0.005006862196919636
S1,2020-06-30,1,2020-06-30 10:00:00-04:00,10029.25,2020-06-30 14:00:00-04:00,10068.5,0.003869346733668342
S1,2020-06-30,1,2020-06-30 14:30:00-04:00,10080.5,2020-06-30 16:00:00-04:00,10148.5,0.006758793969849246
S1,2020-07-01,1,2020-07-01 10:30:00-04:00,10206.75,2020-07-01 11:00:00-04:00,10218.5,0.001083877324793694
S1,2020-07-02,1,2020-07-02 10:00:00-04:00,10413.25,2020-07-02 10:30:00-04:00,10364.5,-0.004774075324299561
S1,2020-07-06,1,2020-07-06 10:00:00-04:00,10519.5,2020-07-06 12:30:00-04:00,10567.75,0.004536555083329354
S1,2020-07-06,1,2020-07-06 13:00:00-04:00,10584.25,2020-07-06 13:30:00-04:00,10573.75,-0.0010744472565780048
S1,2020-07-07,1,2020-07-07 10:30:00-04:00,10658.25,2020-07-07 12:00:00-04:00,10656.0,-0.0002835672763363108
S1,2020-07-08,1,2020-07-08 10:00:00-04:00,10627.5,2020-07-08 10:30:00-04:00,10603.0,-0.0023880455856622688
S1,2020-07-10,-1,2020-07-10 10:00:00-04:00,10674.25,2020-07-10 10:30:00-04:00,10716.0,-0.003959381404881684
S1,2020-07-13,1,2020-07-13 10:30:00-04:00,10999.0,2020-07-13 13:00:00-04:00,10966.25,-0.0030627871362940277
S1,2020-07-13,-1,2020-07-13 15:30:00-04:00,10703.5,2020-07-13 16:00:00-04:00,10598.5,0.009531210715183654
S1,2020-07-15,-1,2020-07-15 12:00:00-04:00,10573.75,2020-07-15 12:30:00-04:00,10614.5,-0.003869554068859414
S1,2020-07-17,-1,2020-07-17 10:30:00-04:00,10553.5,2020-07-17 11:00:00-04:00,10593.0,-0.0037818284318331297
S1,2020-07-20,1,2020-07-20 10:30:00-04:00,10765.0,2020-07-20 16:00:00-04:00,10936.5,0.016018950676642354
S1,2020-07-21,-1,2020-07-21 12:00:00-04:00,10849.75,2020-07-21 13:30:00-04:00,10874.0,-0.0022724173976275963
S1,2020-07-21,-1,2020-07-21 15:30:00-04:00,10831.5,2020-07-21 16:00:00-04:00,10824.0,0.000613552697359451
S1,2020-07-22,1,2020-07-22 10:00:00-04:00,10876.5,2020-07-22 10:30:00-04:00,10846.75,-0.0028141723565233436
S1,2020-07-23,-1,2020-07-23 12:30:00-04:00,10715.25,2020-07-23 16:00:00-04:00,10572.0,0.013142725386211668
S1,2020-07-24,-1,2020-07-24 10:00:00-04:00,10382.0,2020-07-24 10:30:00-04:00,10447.0,-0.006312707023186597
S1,2020-07-27,1,2020-07-27 10:00:00-04:00,10620.0,2020-07-27 10:30:00-04:00,10583.25,-0.003555597695972693
S1,2020-07-27,1,2020-07-27 13:30:00-04:00,10613.25,2020-07-27 14:00:00-04:00,10610.25,-0.0003555597695972693
S1,2020-07-27,1,2020-07-27 14:30:00-04:00,10645.75,2020-07-27 16:00:00-04:00,10660.5,0.0013274231398298054
S1,2020-07-28,-1,2020-07-28 10:00:00-04:00,10587.75,2020-07-28 10:30:00-04:00,10614.75,-0.002610290659392343
S1,2020-08-03,1,2020-08-03 10:00:00-04:00,11032.25,2020-08-03 10:30:00-04:00,11023.75,-0.0008418849120571571
S1,2020-08-06,1,2020-08-06 14:30:00-04:00,11228.75,2020-08-06 16:00:00-04:00,11254.25,0.002229980853699741
S1,2020-08-07,-1,2020-08-07 13:00:00-04:00,11137.25,2020-08-07 16:00:00-04:00,11128.25,0.0007344595045736796
S1,2020-08-10,-1,2020-08-10 10:00:00-04:00,11081.25,2020-08-10 13:00:00-04:00,11073.0,0.0006733855581243967
S1,2020-08-12,1,2020-08-12 10:00:00-04:00,11061.5,2020-08-12 16:00:00-04:00,11146.0,0.00764264367029407
S1,2020-08-13,1,2020-08-13 10:30:00-04:00,11225.75,2020-08-13 12:00:00-04:00,11232.5,0.0005369848301785474
S1,2020-08-13,1,2020-08-13 12:30:00-04:00,11245.75,2020-08-13 13:30:00-04:00,11206.0,-0.003624647603705195
S1,2020-08-14,-1,2020-08-14 10:30:00-04:00,11106.25,2020-08-14 11:00:00-04:00,11115.75,-0.0009159145742114199
S1,2020-08-19,-1,2020-08-19 10:00:00-04:00,11352.75,2020-08-19 10:30:00-04:00,11400.5,-0.004257186745666009
S1,2020-08-20,1,2020-08-20 10:00:00-04:00,11368.5,2020-08-20 10:30:00-04:00,11365.0,-0.0003766228011874695
S1,2020-08-20,1,2020-08-20 11:00:00-04:00,11393.75,2020-08-20 16:00:00-04:00,11474.0,0.00704506181044796
S1,2020-08-21,1,2020-08-21 11:00:00-04:00,11545.5,2020-08-21 12:00:00-04:00,11492.0,-0.004725095264017419
S1,2020-08-26,1,2020-08-26 11:30:00-04:00,11858.75,2020-08-26 16:00:00-04:00,11964.75,0.00894355575382916
S1,2020-08-27,-1,2020-08-27 13:00:00-04:00,11869.75,2020-08-27 13:30:00-04:00,11922.5,-0.004453416019811458
S1,2020-08-31,1,2020-08-31 11:00:00-04:00,12085.25,2020-08-31 11:30:00-04:00,12048.0,-0.0031621211175601738
S1,2020-08-31,1,2020-08-31 12:30:00-04:00,12093.75,2020-08-31 16:00:00-04:00,12092.75,-0.000145623998835008
S1,2020-09-01,1,2020-09-01 10:30:00-04:00,12270.0,2020-09-01 11:00:00-04:00,12222.25,-0.00397581719438467
S1,2020-09-02,-1,2020-09-02 10:00:00-04:00,12251.5,2020-09-02 10:30:00-04:00,12347.25,-0.007762070421685536
S1,2020-09-03,-1,2020-09-03 10:00:00-04:00,12176.0,2020-09-03 16:00:00-04:00,11772.75,0.0329263554001268
S1,2020-09-04,-1,2020-09-04 10:00:00-04:00,11541.5,2020-09-04 15:00:00-04:00,11684.25,-0.012250298787775312
S1,2020-09-09,1,2020-09-09 12:30:00-04:00,11405.5,2020-09-09 14:00:00-04:00,11386.0,-0.0017932652925679116
S1,2020-09-09,1,2020-09-09 15:00:00-04:00,11423.5,2020-09-09 16:00:00-04:00,11384.75,-0.003497974274391729
S1,2020-09-10,-1,2020-09-10 14:30:00-04:00,11144.0,2020-09-10 16:00:00-04:00,11157.5,-0.001237247666594313
S1,2020-09-11,-1,2020-09-11 13:00:00-04:00,11019.25,2020-09-11 15:00:00-04:00,11044.75,-0.0023344746320423317
S1,2020-09-23,-1,2020-09-23 10:00:00-04:00,11081.5,2020-09-23 10:30:00-04:00,11073.5,0.0006500493140858962
S1,2020-09-23,-1,2020-09-23 11:30:00-04:00,11045.25,2020-09-23 13:00:00-04:00,11042.5,0.00017932394871335067
S1,2020-09-23,-1,2020-09-23 13:30:00-04:00,11006.25,2020-09-23 16:00:00-04:00,10820.75,0.016565049762395766
S1,2020-09-24,1,2020-09-24 12:00:00-04:00,10954.0,2020-09-24 14:30:00-04:00,10908.75,-0.004291244927468632
S1,2020-09-25,1,2020-09-25 11:30:00-04:00,11014.0,2020-09-25 12:00:00-04:00,10966.75,-0.00440558959179459
S1,2020-09-25,1,2020-09-25 14:00:00-04:00,11063.25,2020-09-25 16:00:00-04:00,11133.25,0.0063559808173286525
S1,2020-09-30,1,2020-09-30 10:00:00-04:00,11417.75,2020-09-30 11:00:00-04:00,11437.5,0.0016784452296819787
S1,2020-09-30,1,2020-09-30 11:30:00-04:00,11470.25,2020-09-30 13:00:00-04:00,11460.25,-0.0009496466431095406
S1,2020-09-30,1,2020-09-30 14:00:00-04:00,11497.75,2020-09-30 15:00:00-04:00,11441.5,-0.005035335689045937
S1,2020-10-05,1,2020-10-05 10:30:00-04:00,11406.25,2020-10-05 11:00:00-04:00,11412.0,0.0004414913578066709
S1,2020-10-05,1,2020-10-05 11:30:00-04:00,11430.25,2020-10-05 14:00:00-04:00,11408.5,-0.001986711110130019
S1,2020-10-05,1,2020-10-05 15:00:00-04:00,11463.0,2020-10-05 16:00:00-04:00,11488.75,0.0022074567890333547
S1,2020-10-09,1,2020-10-09 13:00:00-04:00,11687.0,2020-10-09 13:30:00-04:00,11682.75,-0.0004309601792794346
S1,2020-10-09,1,2020-10-09 14:00:00-04:00,11692.25,2020-10-09 14:30:00-04:00,11677.75,-0.0013144285468022754
S1,2020-10-12,1,2020-10-12 11:30:00-04:00,12006.25,2020-10-12 16:00:00-04:00,12073.5,0.005582722941633261
S1,2020-10-14,-1,2020-10-14 12:00:00-04:00,11971.25,2020-10-14 15:30:00-04:00,12000.75,-0.0024976777789245536
S1,2020-10-19,-1,2020-10-19 14:00:00-04:00,11743.0,2020-10-19 14:30:00-04:00,11747.0,-0.0003988412611780511
S1,2020-10-19,-1,2020-10-19 15:00:00-04:00,11653.0,2020-10-19 16:00:00-04:00,11629.75,0.0018892480792644527
S1,2020-10-20,1,2020-10-20 13:30:00-04:00,11764.0,2020-10-20 14:00:00-04:00,11750.25,-0.0012428748982128315
S1,2020-10-21,1,2020-10-21 10:00:00-04:00,11773.5,2020-10-21 11:00:00-04:00,11702.0,-0.006191088260497001
S1,2020-10-22,-1,2020-10-22 10:30:00-04:00,11590.0,2020-10-22 11:30:00-04:00,11604.75,-0.0013263450636431704
S1,2020-10-22,-1,2020-10-22 12:00:00-04:00,11581.5,2020-10-22 13:00:00-04:00,11604.75,-0.0020536955824152314
S1,2020-10-23,-1,2020-10-23 10:00:00-04:00,11614.5,2020-10-23 12:30:00-04:00,11583.5,0.0025904517233997
S1,2020-10-26,-1,2020-10-26 11:30:00-04:00,11489.75,2020-10-26 16:00:00-04:00,11494.25,-0.0004535343282292724
S1,2020-10-28,-1,2020-10-28 10:00:00-04:00,11303.25,2020-10-28 16:00:00-04:00,11137.5,0.014473049427656681
S1,2020-10-29,1,2020-10-29 10:00:00-04:00,11261.25,2020-10-29 16:00:00-04:00,11324.75,0.005607810719631806
S1,2020-10-30,-1,2020-10-30 10:00:00-04:00,11165.5,2020-10-30 16:00:00-04:00,11055.25,0.009736578859619873
S1,2020-11-02,-1,2020-11-02 14:00:00-05:00,10948.25,2020-11-02 14:30:00-05:00,11000.0,-0.004713064165002132
S1,2020-11-03,1,2020-11-03 10:00:00-05:00,11199.0,2020-11-03 14:00:00-05:00,11224.75,0.002243259006684912
S1,2020-11-03,1,2020-11-03 15:00:00-05:00,11273.75,2020-11-03 16:00:00-05:00,11257.0,-0.0015702813046794383
S1,2020-11-04,1,2020-11-04 10:30:00-05:00,11763.0,2020-11-04 15:30:00-05:00,11742.0,-0.0018705654697914428
S1,2020-11-06,-1,2020-11-06 10:00:00-05:00,11898.75,2020-11-06 10:30:00-05:00,11994.25,-0.007997507270461154
S1,2020-11-09,-1,2020-11-09 15:30:00-05:00,11964.75,2020-11-09 16:00:00-05:00,11825.75,0.011340100481903004
S1,2020-11-10,-1,2020-11-10 10:30:00-05:00,11563.25,2020-11-10 11:30:00-05:00,11655.0,-0.007911561571193363
S1,2020-11-11,1,2020-11-11 10:00:00-05:00,11786.25,2020-11-11 11:00:00-05:00,11806.25,0.001642561542727932
S1,2020-11-11,1,2020-11-11 11:30:00-05:00,11821.25,2020-11-11 16:00:00-05:00,11880.0,0.004949016596271172
S1,2020-11-19,1,2020-11-19 15:00:00-05:00,11992.25,2020-11-19 15:30:00-05:00,11980.5,-0.0010531193394835504
S1,2020-11-23,-1,2020-11-23 11:30:00-05:00,11831.0,2020-11-23 12:00:00-05:00,11846.5,-0.0013602594956576332
S1,2020-11-24,1,2020-11-24 11:30:00-05:00,12015.0,2020-11-24 16:00:00-05:00,12075.25,0.004979392012050965
S1,2020-11-30,-1,2020-11-30 10:30:00-05:00,12207.75,2020-11-30 13:30:00-05:00,12220.75,-0.0011205509035715014
S1,2020-12-01,1,2020-12-01 11:30:00-05:00,12429.75,2020-12-01 15:30:00-05:00,12448.0,0.001413998586001414
S1,2020-12-03,1,2020-12-03 10:30:00-05:00,12517.5,2020-12-03 11:00:00-05:00,12480.5,-0.0030285404841653464
S1,2020-12-04,1,2020-12-04 10:00:00-05:00,12506.5,2020-12-04 10:30:00-05:00,12476.0,-0.00250501002004008
S1,2020-12-04,1,2020-12-04 13:00:00-05:00,12528.75,2020-12-04 13:30:00-05:00,12516.25,-0.001062124248496994
S1,2020-12-07,1,2020-12-07 10:00:00-05:00,12584.5,2020-12-07 13:00:00-05:00,12572.75,-0.0009973868464622688
S1,2020-12-08,-1,2020-12-08 10:30:00-05:00,12520.0,2020-12-08 11:00:00-05:00,12558.0,-0.0030810209111870874
S1,2020-12-08,1,2020-12-08 14:30:00-05:00,12649.25,2020-12-08 15:00:00-05:00,12641.25,-0.0006957143993003101
S1,2020-12-09,-1,2020-12-09 12:30:00-05:00,12551.25,2020-12-09 16:00:00-05:00,12355.25,0.01545800015834059
S1,2020-12-10,1,2020-12-10 10:30:00-05:00,12389.75,2020-12-10 12:00:00-05:00,12381.75,-0.0007134266903116655
S1,2020-12-11,-1,2020-12-11 12:30:00-05:00,12256.75,2020-12-11 13:30:00-05:00,12292.5,-0.0029603195523023582
S1,2020-12-14,1,2020-12-14 10:00:00-05:00,12517.5,2020-12-14 13:30:00-05:00,12484.5,-0.002717172530392078
S1,2020-12-14,1,2020-12-14 14:00:00-05:00,12512.25,2020-12-14 16:00:00-05:00,12453.0,-0.004830528942919249
S1,2020-12-21,-1,2020-12-21 10:30:00-05:00,12506.0,2020-12-21 11:30:00-05:00,12544.5,-0.0031196598179867264
S1,2020-12-21,1,2020-12-21 13:00:00-05:00,12648.75,2020-12-21 16:00:00-05:00,12684.75,0.0028017327027778883
S1,2021-01-04,-1,2021-01-04 11:00:00-05:00,12762.0,2021-01-04 16:00:00-05:00,12688.0,0.005663477336426017
S1,2021-01-05,1,2021-01-05 10:00:00-05:00,12750.75,2021-01-05 11:00:00-05:00,12714.5,-0.002924669986562327
S1,2021-01-05,1,2021-01-05 14:30:00-05:00,12784.75,2021-01-05 15:30:00-05:00,12759.25,-0.002074934787763813
S1,2021-01-07,1,2021-01-07 10:00:00-05:00,12838.25,2021-01-07 16:00:00-05:00,12925.5,0.006796040226272784
S1,2021-01-11,-1,2021-01-11 15:30:00-05:00,12874.25,2021-01-11 16:00:00-05:00,12896.25,-0.0017548257708698922
S1,2021-01-12,-1,2021-01-12 12:30:00-05:00,12814.75,2021-01-12 13:00:00-05:00,12845.5,-0.002441387328037202
S1,2021-01-13,1,2021-01-13 11:00:00-05:00,12972.25,2021-01-13 12:30:00-05:00,12963.0,-0.0007758403320596621
S1,2021-01-13,1,2021-01-13 13:00:00-05:00,12972.75,2021-01-13 15:30:00-05:00,12963.75,-0.0007564443237581706
S1,2021-01-15,-1,2021-01-15 10:30:00-05:00,12792.25,2021-01-15 11:30:00-05:00,12853.25,-0.004790535298681148
S1,2021-01-19,1,2021-01-19 13:30:00-05:00,12968.0,2021-01-19 16:00:00-05:00,12985.0,0.0012600317915713566
S1,2021-01-20,1,2021-01-20 10:30:00-05:00,13230.25,2021-01-20 16:00:00-05:00,13285.5,0.004148587957676791
S1,2021-01-25,1,2021-01-25 10:00:00-05:00,13538.75,2021-01-25 10:30:00-05:00,13516.5,-0.0017039877016539794
S1,2021-01-27,-1,2021-01-27 10:00:00-05:00,13281.0,2021-01-27 10:30:00-05:00,13348.25,-0.00507860637066358
S1,2021-01-27,-1,2021-01-27 11:30:00-05:00,13286.75,2021-01-27 16:00:00-05:00,13119.75,0.012416445722394413
S1,2021-01-28,1,2021-01-28 10:00:00-05:00,13189.0,2021-01-28 16:00:00-05:00,13185.75,-0.00030406111628437314
S1,2021-01-29,-1,2021-01-29 10:00:00-05:00,13084.0,2021-01-29 10:30:00-05:00,13141.75,-0.004462072384729797
S1,2021-01-29,-1,2021-01-29 11:30:00-05:00,12994.0,2021-01-29 16:00:00-05:00,12913.75,0.006063841958735365
S1,2021-02-01,1,2021-02-01 11:30:00-05:00,13155.0,2021-02-01 16:00:00-05:00,13230.5,0.00572731103704555
S1,2021-02-02,1,2021-02-02 11:00:00-05:00,13414.75,2021-02-02 16:00:00-05:00,13448.5,0.002471493568499691
S1,2021-02-03,-1,2021-02-03 10:30:00-05:00,13397.0,2021-02-03 11:00:00-05:00,13426.75,-0.002253999926098363
S1,2021-02-10,-1,2021-02-10 10:30:00-05:00,13609.5,2021-02-10 12:00:00-05:00,13614.0,-0.00038201961033999744
S1,2021-02-19,-1,2021-02-19 14:30:00-05:00,13557.25,2021-02-19 15:00:00-05:00,13589.75,-0.0024278047533861486
S1,2021-02-22,-1,2021-02-22 11:00:00-05:00,13300.25,2021-02-22 13:00:00-05:00,13337.5,-0.0028376738541958367
S1,2021-02-22,-1,2021-02-22 15:30:00-05:00,13254.25,2021-02-22 16:00:00-05:00,13227.0,0.001978904135162886
S1,2021-02-23,-1,2021-02-23 10:00:00-05:00,12885.0,2021-02-23 10:30:00-05:00,13025.0,-0.010826090300746096
S1,2021-02-23,-1,2021-02-23 13:00:00-05:00,12901.0,2021-02-23 13:30:00-05:00,13043.25,-0.010999153911237597
S1,2021-02-24,-1,2021-02-24 10:00:00-05:00,13032.0,2021-02-24 10:30:00-05:00,13080.5,-0.003767090544029066
S1,2021-02-24,1,2021-02-24 14:00:00-05:00,13252.75,2021-02-24 14:30:00-05:00,13238.5,-0.0011473372215316951
S1,2021-02-24,1,2021-02-24 15:30:00-05:00,13273.75,2021-02-24 16:00:00-05:00,13295.25,0.001587149823118845
S1,2021-02-25,-1,2021-02-25 11:00:00-05:00,13131.0,2021-02-25 16:00:00-05:00,12826.25,0.02306393793979857
S1,2021-02-26,-1,2021-02-26 10:30:00-05:00,12759.25,2021-02-26 11:00:00-05:00,12958.5,-0.015440736523132154
S1,2021-02-26,1,2021-02-26 12:00:00-05:00,13014.5,2021-02-26 13:00:00-05:00,12997.25,-0.0013896662870818938
S1,2021-02-26,1,2021-02-26 13:30:00-05:00,13050.5,2021-02-26 14:00:00-05:00,12955.75,-0.007372951689795603
S1,2021-03-01,1,2021-03-01 11:00:00-05:00,13179.75,2021-03-01 16:00:00-05:00,13274.25,0.007156898295703953
S1,2021-03-02,-1,2021-03-02 10:00:00-05:00,13218.75,2021-03-02 16:00:00-05:00,13058.25,0.012013536379018613
S1,2021-03-03,-1,2021-03-03 10:00:00-05:00,12904.5,2021-03-03 11:30:00-05:00,12961.75,-0.004457167009279361
S1,2021-03-03,-1,2021-03-03 12:00:00-05:00,12893.0,2021-03-03 16:00:00-05:00,12680.75,0.01625329004245836
S1,2021-03-04,-1,2021-03-04 10:00:00-05:00,12589.25,2021-03-04 11:00:00-05:00,12723.0,-0.01062044732218647
S1,2021-03-04,-1,2021-03-04 13:00:00-05:00,12484.0,2021-03-04 16:00:00-05:00,12471.25,0.0009475492034664508
S1,2021-03-05,-1,2021-03-05 10:00:00-05:00,12423.25,2021-03-05 12:30:00-05:00,12451.5,-0.002304742603961773
S1,2021-03-08,-1,2021-03-08 10:00:00-05:00,12578.5,2021-03-08 10:30:00-05:00,12684.25,-0.008428800379889594
S1,2021-03-08,-1,2021-03-08 12:00:00-05:00,12508.25,2021-03-08 12:30:00-05:00,12561.5,-0.004273757939098949
S1,2021-03-08,-1,2021-03-08 13:00:00-05:00,12524.25,2021-03-08 13:30:00-05:00,12557.25,-0.0026710987119368435
S1,2021-03-08,-1,2021-03-08 14:00:00-05:00,12423.5,2021-03-08 16:00:00-05:00,12300.5,0.009675313112126788
S1,2021-03-09,1,2021-03-09 10:00:00-05:00,12704.75,2021-03-09 16:00:00-05:00,12787.0,0.006463508931934889
S1,2021-03-11,1,2021-03-11 11:30:00-05:00,13052.5,2021-03-11 13:00:00-05:00,13074.5,0.001640736594216886
S1,2021-03-11,1,2021-03-11 13:30:00-05:00,13088.75,2021-03-11 14:00:00-05:00,13073.75,-0.0012160753580666333
S1,2021-03-22,1,2021-03-22 10:00:00-04:00,13008.25,2021-03-22 10:30:00-04:00,13018.75,0.0007541623963026705
S1,2021-03-22,1,2021-03-22 11:00:00-04:00,13056.75,2021-03-22 15:30:00-04:00,13099.0,0.003210024558621623
S1,2021-03-29,-1,2021-03-29 10:00:00-04:00,12854.75,2021-03-29 11:00:00-04:00,12865.25,-0.0008693132425383947
S1,2021-03-31,1,2021-03-31 10:00:00-04:00,13052.0,2021-03-31 16:00:00-04:00,13084.5,0.0024483343615052436
S1,2021-04-05,1,2021-04-05 10:30:00-04:00,13513.75,2021-04-05 16:00:00-04:00,13581.75,0.005011550786198674
S1,2021-04-13,1,2021-04-13 10:00:00-04:00,13941.5,2021-04-13 10:30:00-04:00,13925.75,-0.0011889963789655732
S1,2021-04-13,1,2021-04-13 14:00:00-04:00,13935.5,2021-04-13 16:00:00-04:00,13975.5,0.0028283701742059845
S1,2021-04-14,-1,2021-04-14 11:00:00-04:00,13916.0,2021-04-14 13:00:00-04:00,13912.5,0.00019666738182078238
S1,2021-04-14,-1,2021-04-14 13:30:00-04:00,13889.0,2021-04-14 16:00:00-04:00,13808.5,0.005703354072802689
S1,2021-04-15,1,2021-04-15 10:30:00-04:00,13989.0,2021-04-15 11:00:00-04:00,13982.25,-0.0005384449709239715
S1,2021-04-15,1,2021-04-15 13:00:00-04:00,14008.75,2021-04-15 15:00:00-04:00,14001.25,-0.0005922894680163687
S1,2021-04-16,-1,2021-04-16 10:00:00-04:00,13964.0,2021-04-16 10:30:00-04:00,13997.75,-0.0024574837503338973
S1,2021-04-19,-1,2021-04-19 12:00:00-04:00,13879.0,2021-04-19 16:00:00-04:00,13904.0,-0.001843928462736533
S1,2021-04-20,-1,2021-04-20 11:00:00-04:00,13805.0,2021-04-20 16:00:00-04:00,13799.5,0.0003423670174426986
S1,2021-04-21,1,2021-04-21 12:00:00-04:00,13872.75,2021-04-21 12:30:00-04:00,13852.25,-0.0015457918091219902
S1,2021-04-22,-1,2021-04-22 14:00:00-04:00,13732.5,2021-04-22 16:00:00-04:00,13750.5,-0.0013488238256240557
S1,2021-04-23,1,2021-04-23 10:00:00-04:00,13828.5,2021-04-23 16:00:00-04:00,13925.0,0.006950241353028708
S1,2021-04-26,1,2021-04-26 15:00:00-04:00,14021.25,2021-04-26 15:30:00-04:00,13995.0,-0.0019377410962590832
S1,2021-04-27,-1,2021-04-27 10:00:00-04:00,13955.75,2021-04-27 12:00:00-04:00,13964.25,-0.0006595365418894831
S1,2021-05-03,-1,2021-05-03 11:30:00-04:00,13782.25,2021-05-03 12:00:00-04:00,13813.5,-0.0022996766079770034
S1,2021-05-03,-1,2021-05-03 13:30:00-04:00,13780.5,2021-05-03 14:00:00-04:00,13794.75,-0.0010779734099892202
S1,2021-05-04,-1,2021-05-04 10:00:00-04:00,13543.5,2021-05-04 16:00:00-04:00,13543.25,-3.654102643743263e-05
S1,2021-05-06,-1,2021-05-06 10:00:00-04:00,13427.5,2021-05-06 11:00:00-04:00,13465.5,-0.002873616492704722
S1,2021-05-06,1,2021-05-06 12:30:00-04:00,13581.25,2021-05-06 13:00:00-04:00,13562.25,-0.0014646174382172453
S1,2021-05-07,1,2021-05-07 10:30:00-04:00,13778.75,2021-05-07 11:00:00-04:00,13771.0,-0.000619781982573189
S1,2021-05-07,1,2021-05-07 11:30:00-04:00,13794.0,2021-05-07 12:00:00-04:00,13790.0,-0.0003463487549673703
S1,2021-05-10,-1,2021-05-10 10:00:00-04:00,13536.25,2021-05-10 16:00:00-04:00,13356.25,0.013132108646678511
S1,2021-05-12,-1,2021-05-12 11:00:00-04:00,13060.25,2021-05-12 11:30:00-04:00,13070.75,-0.0008566370333707716
S1,2021-05-12,-1,2021-05-12 12:00:00-04:00,13014.0,2021-05-12 13:00:00-04:00,13047.5,-0.0026079838571510154
S1,2021-05-12,-1,2021-05-12 13:30:00-04:00,13031.75,2021-05-12 15:00:00-04:00,13035.25,-0.0003236184348289581
S1,2021-05-12,-1,2021-05-12 15:30:00-04:00,13002.75,2021-05-12 16:00:00-04:00,12998.5,0.00026650929927090673
S1,2021-05-13,1,2021-05-13 11:00:00-04:00,13200.25,2021-05-13 11:30:00-04:00,13096.75,-0.007945278561085282
S1,2021-05-14,1,2021-05-14 11:00:00-04:00,13326.5,2021-05-14 16:00:00-04:00,13384.5,0.004326632406287787
S1,2021-05-17,-1,2021-05-17 14:00:00-04:00,13207.75,2021-05-17 14:30:00-04:00,13229.0,-0.0016524580313215908
S1,2021-05-20,1,2021-05-20 10:00:00-04:00,13384.5,2021-05-20 16:00:00-04:00,13486.5,0.007617363827866386
S1,2021-05-24,1,2021-05-24 10:00:00-04:00,13579.25,2021-05-24 16:00:00-04:00,13637.5,0.004256421644829373
S1,2021-06-01,-1,2021-06-01 11:00:00-04:00,13614.75,2021-06-01 11:30:00-04:00,13648.25,-0.002490501554291116
S1,2021-06-03,-1,2021-06-03 10:00:00-04:00,13497.0,2021-06-03 10:30:00-04:00,13514.75,-0.0013647596916380805
S1,2021-06-04,1,2021-06-04 10:00:00-04:00,13698.75,2021-06-04 16:00:00-04:00,13766.5,0.004922850844966936
S1,2021-06-10,1,2021-06-10 10:00:00-04:00,13944.25,2021-06-10 11:00:00-04:00,13866.75,-0.005657580796760899
S1,2021-06-10,1,2021-06-10 11:30:00-04:00,13905.5,2021-06-10 16:00:00-04:00,13959.75,0.0038681223338876435
S1,2021-06-21,1,2021-06-21 12:00:00-04:00,14114.5,2021-06-21 15:30:00-04:00,14110.25,-0.00035582123541132935
S1,2021-06-22,1,2021-06-22 11:00:00-04:00,14170.0,2021-06-22 16:00:00-04:00,14257.75,0.0061614730878186965
S1,2021-06-23,1,2021-06-23 10:00:00-04:00,14305.25,2021-06-23 11:00:00-04:00,14276.25,-0.0020865479029316875
S1,2021-06-24,1,2021-06-24 10:30:00-04:00,14402.75,2021-06-24 11:00:00-04:00,14388.75,-0.0010278924719942855
S1,2021-06-24,1,2021-06-24 12:30:00-04:00,14405.5,2021-06-24 13:00:00-04:00,14369.75,-0.002543598320528232
S1,2021-06-28,1,2021-06-28 10:00:00-04:00,14451.75,2021-06-28 16:00:00-04:00,14511.25,0.004081561761845214
S1,2021-07-02,1,2021-07-02 13:00:00-04:00,14688.75,2021-07-02 16:00:00-04:00,14714.75,0.0017260236516508304
S1,2021-07-06,-1,2021-07-06 12:30:00-04:00,14662.5,2021-07-06 13:00:00-04:00,14700.75,-0.0026457718530579015
S1,2021-07-09,1,2021-07-09 11:00:00-04:00,14773.75,2021-07-09 16:00:00-04:00,14810.25,0.0024330486269438867
S1,2021-07-13,1,2021-07-13 10:00:00-04:00,14914.0,2021-07-13 13:30:00-04:00,14905.75,-0.000605938194304181
S1,2021-07-15,-1,2021-07-15 10:30:00-04:00,14804.75,2021-07-15 16:00:00-04:00,14790.5,0.0009064661250251796
S1,2021-07-16,-1,2021-07-16 10:30:00-04:00,14742.75,2021-07-16 11:00:00-04:00,14763.25,-0.0014329304270132672
S1,2021-07-16,-1,2021-07-16 11:30:00-04:00,14710.25,2021-07-16 12:30:00-04:00,14758.75,-0.003321026989666043
S1,2021-07-16,-1,2021-07-16 14:30:00-04:00,14723.5,2021-07-16 16:00:00-04:00,14673.25,0.0033378849946897283
S1,2021-07-19,-1,2021-07-19 10:00:00-04:00,14483.5,2021-07-19 10:30:00-04:00,14509.0,-0.0018067624537554847
S1,2021-07-19,-1,2021-07-19 13:30:00-04:00,14460.5,2021-07-19 14:00:00-04:00,14464.0,-0.00029252344489374515
S1,2021-07-20,1,2021-07-20 11:00:00-04:00,14651.25,2021-07-20 16:00:00-04:00,14718.5,0.004557447829215639
S1,2021-07-21,1,2021-07-21 10:00:00-04:00,14755.75,2021-07-21 10:30:00-04:00,14752.75,-0.0002550673377771732
S1,2021-07-21,1,2021-07-21 11:00:00-04:00,14763.75,2021-07-21 11:30:00-04:00,14774.0,0.0006461705890355053
S1,2021-07-21,1,2021-07-21 15:00:00-04:00,14787.75,2021-07-21 16:00:00-04:00,14828.0,0.002686709291252891
S1,2021-07-22,1,2021-07-22 10:00:00-04:00,14878.25,2021-07-22 11:30:00-04:00,14894.5,0.0010444743935309974
S1,2021-07-22,1,2021-07-22 14:30:00-04:00,14916.25,2021-07-22 16:00:00-04:00,14929.0,0.0008086253369272237
S1,2021-07-23,1,2021-07-23 11:30:00-04:00,15057.75,2021-07-23 16:00:00-04:00,15098.75,0.002685884924011144
S1,2021-07-27,-1,2021-07-27 10:00:00-04:00,15042.75,2021-07-27 16:00:00-04:00,14950.25,0.006074047102828487
S1,2021-07-28,1,2021-07-28 10:30:00-04:00,15052.5,2021-07-28 11:00:00-04:00,15038.75,-0.000966779457603387
S1,2021-07-29,1,2021-07-29 10:00:00-04:00,15054.5,2021-07-29 11:30:00-04:00,15069.75,0.0009677473178382527
S1,2021-08-03,-1,2021-08-03 10:00:00-04:00,14904.75,2021-08-03 10:30:00-04:00,14933.5,-0.001968503937007874
S1,2021-08-10,-1,2021-08-10 11:00:00-04:00,15035.5,2021-08-10 12:30:00-04:00,15073.25,-0.002542177027963947
S1,2021-08-10,-1,2021-08-10 13:00:00-04:00,15055.25,2021-08-10 14:00:00-04:00,15054.25,1.650764303872693e-05
S1,2021-08-10,-1,2021-08-10 14:30:00-04:00,15043.0,2021-08-10 16:00:00-04:00,15046.25,-0.0002641222886196309
S1,2021-08-11,-1,2021-08-11 12:00:00-04:00,14982.75,2021-08-11 12:30:00-04:00,14997.75,-0.0010431672544831355
S1,2021-08-16,-1,2021-08-16 10:00:00-04:00,15031.5,2021-08-16 13:00:00-04:00,15023.0,0.000513934249573103
S1,2021-08-17,-1,2021-08-17 10:00:00-04:00,14976.5,2021-08-17 10:30:00-04:00,15012.75,-0.0024638742758207365
S1,2021-08-17,-1,2021-08-17 12:00:00-04:00,14939.75,2021-08-17 12:30:00-04:00,14974.0,-0.0023306918825331292
S1,2021-08-17,-1,2021-08-17 13:00:00-04:00,14903.5,2021-08-17 15:00:00-04:00,14978.75,-0.00506093094492908
S1,2021-08-19,1,2021-08-19 11:30:00-04:00,14912.5,2021-08-19 14:30:00-04:00,14879.25,-0.002301262310061254
S1,2021-08-19,1,2021-08-19 15:00:00-04:00,14935.25,2021-08-19 16:00:00-04:00,14929.0,-0.00047378929913025823
S1,2021-08-20,1,2021-08-20 10:00:00-04:00,15041.25,2021-08-20 12:00:00-04:00,15016.5,-0.0017030086486125489
S1,2021-08-20,1,2021-08-20 12:30:00-04:00,15055.0,2021-08-20 16:00:00-04:00,15083.5,0.0018532741176077738
S1,2021-08-23,1,2021-08-23 10:00:00-04:00,15203.5,2021-08-23 16:00:00-04:00,15306.25,0.006742910028425993
S1,2021-08-27,1,2021-08-27 10:30:00-04:00,15390.0,2021-08-27 16:00:00-04:00,15424.5,0.0022057381870465983
S1,2021-08-30,1,2021-08-30 10:00:00-04:00,15529.25,2021-08-30 16:00:00-04:00,15599.25,0.004480605609653522
S1,2021-08-31,-1,2021-08-31 10:00:00-04:00,15525.0,2021-08-31 10:30:00-04:00,15549.5,-0.0016178119493833094
S1,2021-09-01,1,2021-09-01 10:00:00-04:00,15670.75,2021-09-01 10:30:00-04:00,15672.0,3.198976327575176e-05
S1,2021-09-08,-1,2021-09-08 11:00:00-04:00,15550.25,2021-09-08 12:30:00-04:00,15599.75,-0.003207583301417082
S1,2021-09-08,-1,2021-09-08 13:00:00-04:00,15576.75,2021-09-08 13:30:00-04:00,15601.25,-0.0016117707136473892
S1,2021-09-10,-1,2021-09-10 15:30:00-04:00,15482.25,2021-09-10 16:00:00-04:00,15445.25,0.0023181454836131094
S1,2021-09-13,-1,2021-09-13 10:30:00-04:00,15393.75,2021-09-13 11:00:00-04:00,15426.75,-0.0021709066349339078
S1,2021-09-13,-1,2021-09-13 11:30:00-04:00,15385.0,2021-09-13 12:30:00-04:00,15421.0,-0.0023638761135946996
S1,2021-09-13,-1,2021-09-13 14:30:00-04:00,15363.0,2021-09-13 15:00:00-04:00,15381.5,-0.0012382208214067475
S1,2021-09-20,-1,2021-09-20 11:00:00-04:00,14997.25,2021-09-20 11:30:00-04:00,15038.25,-0.0027693022021756434
S1,2021-09-20,-1,2021-09-20 12:00:00-04:00,14957.25,2021-09-20 16:00:00-04:00,15004.5,-0.003183868400106129
S1,2021-09-22,1,2021-09-22 10:30:00-04:00,15118.25,2021-09-22 14:00:00-04:00,15135.0,0.0010622759261718232
S1,2021-09-22,1,2021-09-22 14:30:00-04:00,15200.75,2021-09-22 15:00:00-04:00,15123.5,-0.005178595140087638
S1,2021-09-22,1,2021-09-22 15:30:00-04:00,15192.75,2021-09-22 16:00:00-04:00,15161.75,-0.0021079537909972114
S1,2021-09-23,1,2021-09-23 10:00:00-04:00,15275.25,2021-09-23 16:00:00-04:00,15299.5,0.001544959978962247
S1,2021-09-27,-1,2021-09-27 10:00:00-04:00,15123.25,2021-09-27 10:30:00-04:00,15191.0,-0.004510956355674092
S1,2021-09-28,-1,2021-09-28 10:00:00-04:00,14951.0,2021-09-28 16:00:00-04:00,14764.25,0.012398760123987601
S1,2021-09-29,1,2021-09-29 10:00:00-04:00,14883.0,2021-09-29 10:30:00-04:00,14857.75,-0.0017546523595012738
S1,2021-10-01,-1,2021-10-01 10:00:00-04:00,14629.75,2021-10-01 11:00:00-04:00,14620.75,0.0005608429639700884
S1,2021-10-04,-1,2021-10-04 10:00:00-04:00,14593.5,2021-10-04 16:00:00-04:00,14468.0,0.008483941717530646
S1,2021-10-05,1,2021-10-05 10:00:00-04:00,14581.0,2021-10-05 16:00:00-04:00,14658.5,0.00529054938994968
S1,2021-10-07,1,2021-10-07 10:00:00-04:00,14955.25,2021-10-07 11:00:00-04:00,14981.75,0.0017302491222765375
S1,2021-10-07,1,2021-10-07 12:00:00-04:00,14998.75,2021-10-07 12:30:00-04:00,14974.5,-0.0016798535167733373
S1,2021-10-14,1,2021-10-14 12:30:00-04:00,15028.5,2021-10-14 13:30:00-04:00,15020.5,-0.0005864906077718384
S1,2021-10-14,1,2021-10-14 14:00:00-04:00,15034.75,2021-10-14 16:00:00-04:00,15037.0,0.00010054124704660087
S1,2021-10-18,1,2021-10-18 14:00:00-04:00,15247.25,2021-10-18 16:00:00-04:00,15286.25,0.002537060988956323
S1,2021-10-22,-1,2021-10-22 12:00:00-04:00,15315.25,2021-10-22 12:30:00-04:00,15329.5,-0.0009726049602852974
S1,2021-10-25,1,2021-10-25 14:30:00-04:00,15522.0,2021-10-25 16:00:00-04:00,15501.25,-0.001395628113792376
S1,2021-10-26,1,2021-10-26 10:30:00-04:00,15682.0,2021-10-26 11:30:00-04:00,15666.0,-0.0010738728342228848
S1,2021-10-27,1,2021-10-27 10:00:00-04:00,15642.25,2021-10-27 10:30:00-04:00,15615.5,-0.0017661320103399
S1,2021-10-27,1,2021-10-27 11:30:00-04:00,15650.25,2021-10-27 15:30:00-04:00,15641.25,-0.0006261740763932373
S1,2021-10-28,1,2021-10-28 11:30:00-04:00,15739.25,2021-10-28 12:00:00-04:00,15722.75,-0.0011009174311926607
S1,2021-10-28,1,2021-10-28 12:30:00-04:00,15743.25,2021-10-28 13:00:00-04:00,15700.5,-0.0027762265656162744
S1,2021-10-28,1,2021-10-28 14:30:00-04:00,15746.0,2021-10-28 15:00:00-04:00,15741.0,-0.0003669724770642202
S1,2021-11-01,-1,2021-11-01 10:00:00-04:00,15805.0,2021-11-01 10:30:00-04:00,15820.25,-0.0010089544709294992
S1,2021-11-02,1,2021-11-02 10:00:00-04:00,15956.0,2021-11-02 12:00:00-04:00,15939.5,-0.0010872476876290123
S1,2021-11-03,1,2021-11-03 15:00:00-04:00,16083.0,2021-11-03 16:00:00-04:00,16129.75,0.0028785081818466255
S1,2021-11-04,1,2021-11-04 10:00:00-04:00,16246.25,2021-11-04 16:00:00-04:00,16335.0,0.0054387293150600265
S1,2021-11-09,-1,2021-11-09 10:00:00-05:00,16225.25,2021-11-09 16:00:00-05:00,16217.5,0.00042745481191988274
S1,2021-11-10,-1,2021-11-10 14:30:00-05:00,15937.75,2021-11-10 16:00:00-05:00,15978.0,-0.0025463466136695337
S1,2021-11-12,1,2021-11-12 11:30:00-05:00,16182.0,2021-11-12 16:00:00-05:00,16189.75,0.0004355942750466708
S1,2021-11-15,-1,2021-11-15 12:00:00-05:00,16126.25,2021-11-15 13:00:00-05:00,16136.25,-0.0006619050551074442
S1,2021-11-16,1,2021-11-16 11:30:00-05:00,16298.0,2021-11-16 16:00:00-05:00,16305.0,0.00038682325271936747
S1,2021-11-17,1,2021-11-17 12:00:00-05:00,16389.25,2021-11-17 12:30:00-05:00,16310.0,-0.004903387934601064
S1,2021-11-18,1,2021-11-18 12:30:00-05:00,16486.5,2021-11-18 13:00:00-05:00,16438.75,-0.0029576777655811685
S1,2021-11-19,1,2021-11-19 10:00:00-05:00,16613.0,2021-11-19 10:30:00-05:00,16548.25,-0.003957943078131609
S1,2021-11-22,1,2021-11-22 10:00:00-05:00,16721.5,2021-11-22 11:30:00-05:00,16612.75,-0.006581122096342819
S1,2021-11-23,-1,2021-11-23 10:30:00-05:00,16242.25,2021-11-23 15:00:00-05:00,16246.25,-0.00029085787765599166
S1,2021-11-29,1,2021-11-29 10:00:00-05:00,16297.5,2021-11-29 10:30:00-05:00,16262.75,-0.0021859942425222064
S1,2021-11-29,1,2021-11-29 12:00:00-05:00,16353.75,2021-11-29 16:00:00-05:00,16390.75,0.0022321772194769007
S1,2021-11-30,-1,2021-11-30 11:00:00-05:00,16144.5,2021-11-30 16:00:00-05:00,16148.75,-0.0003057169061449098
S1,2021-12-01,-1,2021-12-01 15:30:00-05:00,15978.25,2021-12-01 16:00:00-05:00,15874.75,0.006288634555358345
S1,2021-12-02,1,2021-12-02 10:00:00-05:00,15993.25,2021-12-02 10:30:00-05:00,15909.5,-0.005340327371547747
S1,2021-12-02,1,2021-12-02 11:30:00-05:00,15960.0,2021-12-02 12:00:00-05:00,15958.75,-0.00012639828098337863
S1,2021-12-02,1,2021-12-02 12:30:00-05:00,16049.5,2021-12-02 13:30:00-05:00,15946.25,-0.006572710611135689
S1,2021-12-02,1,2021-12-02 14:00:00-05:00,16008.75,2021-12-02 15:30:00-05:00,15991.0,-0.0011691840990962522
S1,2021-12-03,-1,2021-12-03 10:00:00-05:00,15846.25,2021-12-03 16:00:00-05:00,15716.0,0.008069918521865118
S1,2021-12-06,1,2021-12-06 13:30:00-05:00,15869.5,2021-12-06 15:00:00-05:00,15837.75,-0.0020655576211131765
S1,2021-12-07,1,2021-12-07 10:00:00-05:00,16228.5,2021-12-07 15:30:00-05:00,16265.5,0.002248794181051195
S1,2021-12-09,-1,2021-12-09 15:30:00-05:00,16169.75,2021-12-09 16:00:00-05:00,16149.75,0.001178324942231472
S1,2021-12-21,1,2021-12-21 14:00:00-05:00,15916.0,2021-12-21 16:00:00-05:00,15973.0,0.0035686529524655425
S1,2021-12-22,1,2021-12-22 11:00:00-05:00,16095.0,2021-12-22 13:30:00-05:00,16076.5,-0.0012059703362621184
S1,2021-12-23,1,2021-12-23 10:30:00-05:00,16264.5,2021-12-23 12:30:00-05:00,16304.75,0.0024406067533751428
S1,2021-12-23,1,2021-12-23 13:00:00-05:00,16319.0,2021-12-23 15:00:00-05:00,16336.75,0.0010503877166424666
S1,2021-12-27,1,2021-12-27 10:00:00-05:00,16436.0,2021-12-27 16:00:00-05:00,16560.5,0.007570427920349922
S1,2022-01-03,1,2022-01-03 15:30:00-05:00,16481.0,2022-01-03 16:00:00-05:00,16489.0,0.0004425318928157236
S1,2022-01-04,-1,2022-01-04 10:30:00-05:00,16404.25,2022-01-04 16:00:00-05:00,16272.75,0.007919562682657217
S1,2022-01-05,-1,2022-01-05 13:00:00-05:00,16052.0,2022-01-05 16:00:00-05:00,15763.75,0.017746639712350118
S1,2022-01-07,-1,2022-01-07 10:30:00-05:00,15658.75,2022-01-07 15:00:00-05:00,15637.5,0.0013010090753315987
S1,2022-01-07,-1,2022-01-07 15:30:00-05:00,15613.25,2022-01-07 16:00:00-05:00,15585.0,0.0017452560766643397
S1,2022-01-10,-1,2022-01-10 10:00:00-05:00,15259.25,2022-01-10 11:30:00-05:00,15322.25,-0.0041458021720751775
S1,2022-01-10,-1,2022-01-10 12:30:00-05:00,15216.75,2022-01-10 13:00:00-05:00,15278.0,-0.00403199583793978
S1,2022-01-11,1,2022-01-11 11:30:00-05:00,15750.5,2022-01-11 16:00:00-05:00,15832.25,0.005203816131830009
S1,2022-01-13,-1,2022-01-13 11:00:00-05:00,15763.5,2022-01-13 11:30:00-05:00,15810.0,-0.0029622895833986396
S1,2022-01-13,-1,2022-01-13 12:30:00-05:00,15631.5,2022-01-13 16:00:00-05:00,15498.0,0.008322623115262844
S1,2022-01-14,1,2022-01-14 10:00:00-05:00,15579.25,2022-01-14 10:30:00-05:00,15514.5,-0.004256217814383417
S1,2022-01-19,1,2022-01-19 10:00:00-05:00,15360.75,2022-01-19 10:30:00-05:00,15282.25,-0.0051908496946077385
S1,2022-01-20,1,2022-01-20 10:00:00-05:00,15277.25,2022-01-20 13:00:00-05:00,15245.25,-0.0021590796716880376
S1,2022-01-21,-1,2022-01-21 10:00:00-05:00,14650.5,2022-01-21 11:00:00-05:00,14763.5,-0.007714217896985521
S1,2022-01-21,-1,2022-01-21 13:30:00-05:00,14596.75,2022-01-21 16:00:00-05:00,14415.75,0.012224068359838594
S1,2022-01-24,-1,2022-01-24 10:00:00-05:00,14096.25,2022-01-24 14:00:00-05:00,14175.0,-0.005602142202804594
S1,2022-01-25,-1,2022-01-25 10:00:00-05:00,14097.25,2022-01-25 10:30:00-05:00,14209.0,-0.00791167059319948
S1,2022-01-25,-1,2022-01-25 12:00:00-05:00,14031.0,2022-01-25 12:30:00-05:00,14121.0,-0.006382080945180914
S1,2022-01-27,-1,2022-01-27 13:30:00-05:00,13990.75,2022-01-27 14:00:00-05:00,14071.0,-0.005651294216144562
S1,2022-01-27,-1,2022-01-27 14:30:00-05:00,14012.0,2022-01-27 15:30:00-05:00,13996.75,0.0010116514337542733
S1,2022-01-28,-1,2022-01-28 10:00:00-05:00,13900.0,2022-01-28 10:30:00-05:00,13974.25,-0.005331058748267406
S1,2022-01-28,1,2022-01-28 11:30:00-05:00,14217.5,2022-01-28 14:30:00-05:00,14092.75,-0.008920638305434126
S1,2022-01-28,1,2022-01-28 15:00:00-05:00,14212.75,2022-01-28 16:00:00-05:00,14433.5,0.015637772328251056
S1,2022-01-31,1,2022-01-31 10:00:00-05:00,14629.75,2022-01-31 16:00:00-05:00,14898.5,0.01849774817524546
S1,2022-02-04,1,2022-02-04 13:00:00-05:00,14652.0,2022-02-04 16:00:00-05:00,14680.25,0.0018940372264407597
S1,2022-02-08,1,2022-02-08 11:30:00-05:00,14665.75,2022-02-08 14:30:00-05:00,14638.0,-0.0019633169723585636
S1,2022-02-11,-1,2022-02-11 11:30:00-05:00,14575.5,2022-02-11 12:30:00-05:00,14573.75,6.802374028535959e-05
S1,2022-02-11,-1,2022-02-11 13:00:00-05:00,14510.0,2022-02-11 16:00:00-05:00,14237.75,0.01846844548747513
S1,2022-02-14,1,2022-02-14 11:30:00-05:00,14358.75,2022-02-14 12:00:00-05:00,14340.25,-0.0013547513063673312
S1,2022-02-14,1,2022-02-14 12:30:00-05:00,14371.0,2022-02-14 13:00:00-05:00,14348.5,-0.0016362580713267765
S1,2022-02-16,-1,2022-02-16 10:00:00-05:00,14407.75,2022-02-16 11:00:00-05:00,14445.75,-0.0026698360203941023
S1,2022-02-17,-1,2022-02-17 10:30:00-05:00,14342.5,2022-02-17 11:30:00-05:00,14396.25,-0.0037683664649956787
S1,2022-02-17,-1,2022-02-17 12:30:00-05:00,14343.5,2022-02-17 13:00:00-05:00,14348.25,-0.00038029386343993085
S1,2022-02-17,-1,2022-02-17 13:30:00-05:00,14304.5,2022-02-17 16:00:00-05:00,14166.25,0.00950734658599827
S1,2022-02-18,-1,2022-02-18 11:00:00-05:00,14049.5,2022-02-18 14:30:00-05:00,14083.25,-0.002428807772184871
S1,2022-02-18,-1,2022-02-18 15:30:00-05:00,14013.75,2022-02-18 16:00:00-05:00,14005.0,0.0005632018022457671
S1,2022-02-22,1,2022-02-22 10:30:00-05:00,14105.0,2022-02-22 11:00:00-05:00,13943.75,-0.011670839111719468
S1,2022-02-23,-1,2022-02-23 11:00:00-05:00,13778.75,2022-02-23 12:00:00-05:00,13811.0,-0.002357900753813726
S1,2022-02-23,-1,2022-02-23 13:30:00-05:00,13673.75,2022-02-23 16:00:00-05:00,13506.75,0.011878818191561573
S1,2022-02-24,1,2022-02-24 14:30:00-05:00,13665.5,2022-02-24 16:00:00-05:00,13965.75,0.02290849985658285
S1,2022-02-25,-1,2022-02-25 10:00:00-05:00,13868.75,2022-02-25 10:30:00-05:00,13990.75,-0.008771303011897531
S1,2022-02-25,1,2022-02-25 11:30:00-05:00,14121.75,2022-02-25 13:00:00-05:00,14079.5,-0.0030726356783021902
S1,2022-03-01,-1,2022-03-01 13:30:00-05:00,13976.0,2022-03-01 14:00:00-05:00,14011.0,-0.0025220458553791886
S1,2022-03-02,1,2022-03-02 13:30:00-05:00,14239.75,2022-03-02 14:00:00-05:00,14233.25,-0.0005153723120668207
S1,2022-03-02,1,2022-03-02 14:30:00-05:00,14235.5,2022-03-02 15:00:00-05:00,14238.25,0.00014217167229429537
S1,2022-03-03,-1,2022-03-03 11:00:00-05:00,14052.75,2022-03-03 11:30:00-05:00,14102.25,-0.0035016201526079233
S1,2022-03-03,-1,2022-03-03 12:30:00-05:00,14055.75,2022-03-03 13:00:00-05:00,14140.25,-0.005940559562384586
S1,2022-03-04,-1,2022-03-04 11:00:00-05:00,13781.5,2022-03-04 12:00:00-05:00,13788.0,-0.0005202726946537496
S1,2022-03-07,-1,2022-03-07 10:00:00-05:00,13673.25,2022-03-07 16:00:00-05:00,13320.25,0.02546815125442846
S1,2022-03-08,1,2022-03-08 12:30:00-05:00,13513.5,2022-03-08 14:00:00-05:00,13354.5,-0.012023708721422523
S1,2022-03-10,-1,2022-03-10 11:30:00-05:00,13412.0,2022-03-10 12:00:00-05:00,13462.5,-0.0037781054183560633
S1,2022-03-11,-1,2022-03-11 12:30:00-05:00,13421.25,2022-03-11 13:00:00-05:00,13448.75,-0.002060389468310116
S1,2022-03-14,-1,2022-03-14 13:00:00-04:00,13079.0,2022-03-14 14:00:00-04:00,13070.0,0.0006226180144145504
S1,2022-03-14,-1,2022-03-14 14:30:00-04:00,13038.5,2022-03-14 15:00:00-04:00,13081.25,-0.003282894985094902
S1,2022-03-16,1,2022-03-16 10:00:00-04:00,13723.25,2022-03-16 13:00:00-04:00,13729.5,0.0004038401527250032
S1,2022-03-21,-1,2022-03-21 10:30:00-04:00,14232.5,2022-03-21 11:00:00-04:00,14345.0,-0.007880179521970567
S1,2022-03-22,1,2022-03-22 10:00:00-04:00,14468.25,2022-03-22 16:00:00-04:00,14655.0,0.012925193704179841
S1,2022-03-24,1,2022-03-24 15:30:00-04:00,14725.25,2022-03-24 16:00:00-04:00,14766.5,0.0027885360185902403
S1,2022-03-25,-1,2022-03-25 11:30:00-04:00,14598.0,2022-03-25 12:30:00-04:00,14653.25,-0.0037932027162040876
S1,2022-03-28,1,2022-03-28 10:00:00-04:00,14887.0,2022-03-28 10:30:00-04:00,14828.0,-0.004049955094640164
S1,2022-03-28,1,2022-03-28 15:00:00-04:00,14939.25,2022-03-28 16:00:00-04:00,14987.25,0.0032026841543388745
S1,2022-04-01,-1,2022-04-01 13:00:00-04:00,14744.5,2022-04-01 14:00:00-04:00,14765.25,-0.001443025655653808
S1,2022-04-04,1,2022-04-04 10:00:00-04:00,15047.5,2022-04-04 16:00:00-04:00,15164.75,0.00782128530907504
S1,2022-04-05,-1,2022-04-05 10:30:00-04:00,14965.25,2022-04-05 16:00:00-04:00,14831.5,0.008804885718541567
S1,2022-04-06,-1,2022-04-06 10:00:00-04:00,14506.5,2022-04-06 12:00:00-04:00,14496.5,0.0006334423310677783
S1,2022-04-06,-1,2022-04-06 12:30:00-04:00,14434.25,2022-04-06 13:30:00-04:00,14487.25,-0.003680813545393847
S1,2022-04-06,-1,2022-04-06 14:30:00-04:00,14440.0,2022-04-06 15:00:00-04:00,14601.25,-0.011093800825187036
S1,2022-04-08,-1,2022-04-08 10:00:00-04:00,14323.25,2022-04-08 10:30:00-04:00,14406.5,-0.005805916505391208
S1,2022-04-08,-1,2022-04-08 14:30:00-04:00,14357.25,2022-04-08 15:00:00-04:00,14380.25,-0.0016415537738457284
S1,2022-04-11,-1,2022-04-11 11:00:00-04:00,14049.0,2022-04-11 11:30:00-04:00,14059.25,-0.000776932177352427
S1,2022-04-11,-1,2022-04-11 12:30:00-04:00,14050.25,2022-04-11 13:00:00-04:00,14090.75,-0.0029134956650716014
S1,2022-04-13,1,2022-04-13 10:30:00-04:00,14073.75,2022-04-13 16:00:00-04:00,14221.75,0.01055347512139184
S1,2022-04-14,-1,2022-04-14 10:00:00-04:00,14115.25,2022-04-14 16:00:00-04:00,13893.5,0.015537120359955005
S1,2022-04-18,1,2022-04-18 10:30:00-04:00,13980.0,2022-04-18 11:00:00-04:00,13940.0,-0.0029421851591126514
S1,2022-04-19,1,2022-04-19 10:00:00-04:00,14014.75,2022-04-19 16:00:00-04:00,14212.25,0.01417966920110987
S1,2022-04-20,-1,2022-04-20 10:00:00-04:00,14086.75,2022-04-20 11:00:00-04:00,14127.0,-0.0028768396863543075
S1,2022-04-20,-1,2022-04-20 11:30:00-04:00,14042.5,2022-04-20 14:00:00-04:00,14079.25,-0.0026312558106899153
S1,2022-04-20,-1,2022-04-20 14:30:00-04:00,14029.75,2022-04-20 16:00:00-04:00,14003.5,0.0017892539512691424
S1,2022-04-21,-1,2022-04-21 14:30:00-04:00,13806.5,2022-04-21 16:00:00-04:00,13722.0,0.00590933145175516
S1,2022-04-22,-1,2022-04-22 10:30:00-04:00,13591.0,2022-04-22 11:30:00-04:00,13617.5,-0.0019853557247459107
S1,2022-04-22,-1,2022-04-22 12:00:00-04:00,13513.75,2022-04-22 16:00:00-04:00,13356.75,0.011383920440056828
S1,2022-04-26,-1,2022-04-26 10:00:00-04:00,13267.75,2022-04-26 16:00:00-04:00,13009.0,0.019191787700146914
S1,2022-04-27,1,2022-04-27 10:00:00-04:00,13177.0,2022-04-27 10:30:00-04:00,12963.5,-0.016453241691784897
S1,2022-04-27,1,2022-04-27 12:30:00-04:00,13211.0,2022-04-27 14:00:00-04:00,13168.75,-0.0033021675274060706
S1,2022-04-28,1,2022-04-28 13:30:00-04:00,13407.25,2022-04-28 16:00:00-04:00,13463.0,0.004162645929121493
S1,2022-04-29,-1,2022-04-29 12:30:00-04:00,13117.0,2022-04-29 16:00:00-04:00,12855.25,0.01964252116650988
S1,2022-05-02,1,2022-05-02 10:30:00-04:00,12983.0,2022-05-02 11:00:00-04:00,12907.75,-0.005918657399295212
S1,2022-05-04,-1,2022-05-04 10:30:00-04:00,12962.25,2022-05-04 12:00:00-04:00,12959.5,0.00015259312949434452
S1,2022-05-04,1,2022-05-04 15:00:00-04:00,13337.5,2022-05-04 16:00:00-04:00,13533.0,0.014858755984511798
S1,2022-05-05,-1,2022-05-05 10:00:00-04:00,13174.75,2022-05-05 16:00:00-04:00,12858.75,0.023627506089563426
S1,2022-05-06,-1,2022-05-06 10:00:00-04:00,12550.5,2022-05-06 10:30:00-04:00,12714.0,-0.012872257053291536
S1,2022-05-09,-1,2022-05-09 11:00:00-04:00,12302.75,2022-05-09 12:00:00-04:00,12325.0,-0.0018475008534650681
S1,2022-05-09,-1,2022-05-09 13:00:00-04:00,12286.75,2022-05-09 13:30:00-04:00,12317.75,-0.002550354439022431
S1,2022-05-09,-1,2022-05-09 14:00:00-04:00,12256.5,2022-05-09 15:00:00-04:00,12294.5,-0.0031126373074683213
S1,2022-05-11,-1,2022-05-11 13:30:00-04:00,12090.0,2022-05-11 14:30:00-04:00,12081.5,0.0006328855497938018
S1,2022-05-11,-1,2022-05-11 15:00:00-04:00,12046.25,2022-05-11 15:30:00-04:00,12016.5,0.002368216896002613
S1,2022-05-13,1,2022-05-13 10:00:00-04:00,12242.75,2022-05-13 14:30:00-04:00,12250.25,0.000556379821958457
S1,2022-05-13,1,2022-05-13 15:00:00-04:00,12349.5,2022-05-13 16:00:00-04:00,12384.5,0.0028231124299373557
S1,2022-05-18,-1,2022-05-18 11:30:00-04:00,12146.75,2022-05-18 16:00:00-04:00,11940.75,0.01659491035514321
S1,2022-05-20,-1,2022-05-20 12:00:00-04:00,11734.0,2022-05-20 16:00:00-04:00,11835.5,-0.008502234694938157
S1,2022-05-24,-1,2022-05-24 10:00:00-04:00,11678.25,2022-05-24 11:30:00-04:00,11659.5,0.001523293699488004
S1,2022-05-25,1,2022-05-25 10:30:00-04:00,11890.0,2022-05-25 11:00:00-04:00,11880.5,-0.0008747786383323732
S1,2022-05-25,1,2022-05-25 15:00:00-04:00,11969.0,2022-05-25 16:00:00-04:00,11949.5,-0.0017282212123151763
S1,2022-05-26,1,2022-05-26 10:00:00-04:00,12114.0,2022-05-26 16:00:00-04:00,12275.0,0.013451973725630102
S1,2022-05-27,1,2022-05-27 10:00:00-04:00,12519.5,2022-05-27 11:00:00-04:00,12533.0,0.0010276042716099133
S1,2022-05-27,1,2022-05-27 12:00:00-04:00,12594.0,2022-05-27 13:00:00-04:00,12586.0,-0.0007052186177715092
S1,2022-05-27,1,2022-05-27 13:30:00-04:00,12590.25,2022-05-27 16:00:00-04:00,12682.25,0.007354422728188596
S1,2022-05-31,-1,2022-05-31 10:00:00-04:00,12552.5,2022-05-31 10:30:00-04:00,12567.0,-0.0012029897252844775
S1,2022-06-02,1,2022-06-02 12:30:00-04:00,12769.0,2022-06-02 16:00:00-04:00,12894.25,0.009958008398320336
S1,2022-06-10,-1,2022-06-10 10:00:00-04:00,11958.75,2022-06-10 13:30:00-04:00,11882.75,0.006248961966450755
S1,2022-06-13,-1,2022-06-13 15:30:00-04:00,11300.25,2022-06-13 16:00:00-04:00,11294.5,0.00043606235691703914
S1,2022-06-21,1,2022-06-21 10:00:00-04:00,11628.75,2022-06-21 12:30:00-04:00,11604.75,-0.002155735563104259
S1,2022-06-21,1,2022-06-21 13:00:00-04:00,11629.25,2022-06-21 14:00:00-04:00,11603.25,-0.002329936416688442
S1,2022-06-22,1,2022-06-22 10:30:00-04:00,11707.5,2022-06-22 11:30:00-04:00,11677.5,-0.002680848281423683
S1,2022-06-24,1,2022-06-24 10:00:00-04:00,11954.25,2022-06-24 16:00:00-04:00,12147.75,0.016266509135406556
S1,2022-06-27,-1,2022-06-27 10:00:00-04:00,12064.75,2022-06-27 11:00:00-04:00,12136.75,-0.005968373771971204
S1,2022-06-28,-1,2022-06-28 11:30:00-04:00,11862.0,2022-06-28 16:00:00-04:00,11674.0,0.015521385941644563
S1,2022-06-30,-1,2022-06-30 10:00:00-04:00,11398.0,2022-06-30 11:00:00-04:00,11487.75,-0.00783210731285158
S1,2022-07-05,1,2022-07-05 15:00:00-04:00,11756.75,2022-07-05 16:00:00-04:00,11813.25,0.004867401506056968
S1,2022-07-07,1,2022-07-07 10:00:00-04:00,12034.5,2022-07-07 16:00:00-04:00,12136.0,0.008452890343149593
S1,2022-07-11,-1,2022-07-11 10:00:00-04:00,11884.75,2022-07-11 13:30:00-04:00,11975.0,-0.0075517105454243685
S1,2022-07-19,1,2022-07-19 11:00:00-04:00,12143.5,2022-07-19 16:00:00-04:00,12269.0,0.010343469518893932
S1,2022-07-20,1,2022-07-20 10:30:00-04:00,12390.5,2022-07-20 14:00:00-04:00,12378.5,-0.0010375132232077467
S1,2022-07-20,1,2022-07-20 14:30:00-04:00,12446.5,2022-07-20 16:00:00-04:00,12466.0,0.0015257547400113923
S1,2022-07-21,1,2022-07-21 12:30:00-04:00,12606.25,2022-07-21 13:30:00-04:00,12581.0,-0.0020827492289822564
S1,2022-07-22,-1,2022-07-22 11:30:00-04:00,12487.25,2022-07-22 15:30:00-04:00,12427.0,0.004719693814821425
S1,2022-07-25,-1,2022-07-25 10:30:00-04:00,12332.5,2022-07-25 11:00:00-04:00,12354.5,-0.0018310964444533874
S1,2022-07-26,-1,2022-07-26 10:30:00-04:00,12186.25,2022-07-26 11:00:00-04:00,12195.75,-0.0008347925235167162
S1,2022-07-26,-1,2022-07-26 11:30:00-04:00,12147.25,2022-07-26 16:00:00-04:00,12110.25,0.0029523150221932646
S1,2022-07-27,1,2022-07-27 10:00:00-04:00,12386.0,2022-07-27 14:30:00-04:00,12456.25,0.005649258280837228
S1,2022-07-27,1,2022-07-27 15:00:00-04:00,12580.75,2022-07-27 16:00:00-04:00,12615.5,0.0027636659215606583
S1,2022-07-28,-1,2022-07-28 10:00:00-04:00,12490.0,2022-07-28 11:00:00-04:00,12576.25,-0.006901201760996311
S1,2022-07-29,1,2022-07-29 10:30:00-04:00,12916.5,2022-07-29 11:00:00-04:00,12863.25,-0.004217596750888429
S1,2022-08-01,1,2022-08-01 11:00:00-04:00,13089.25,2022-08-01 12:30:00-04:00,13033.75,-0.004361479413817167
S1,2022-08-03,1,2022-08-03 10:00:00-04:00,13114.25,2022-08-03 16:00:00-04:00,13272.25,0.012102437804244512
S1,2022-08-08,1,2022-08-08 10:00:00-04:00,13392.5,2022-08-08 11:00:00-04:00,13326.75,-0.0050134760729027275
S1,2022-08-09,-1,2022-08-09 10:00:00-04:00,13002.0,2022-08-09 10:30:00-04:00,13025.75,-0.0018700862529577895
S1,2022-08-09,-1,2022-08-09 12:30:00-04:00,12966.75,2022-08-09 13:00:00-04:00,12984.25,-0.0013930234333257004
S1,2022-08-12,1,2022-08-12 13:30:00-04:00,13503.25,2022-08-12 14:00:00-04:00,13504.5,3.7306472673008764e-05
S1,2022-08-12,1,2022-08-12 15:00:00-04:00,13542.5,2022-08-12 16:00:00-04:00,13579.5,0.0027047192687931357
S1,2022-08-16,-1,2022-08-16 11:00:00-04:00,13557.25,2022-08-16 11:30:00-04:00,13627.0,-0.00516795865633075
S1,2022-08-17,-1,2022-08-17 11:00:00-04:00,13430.0,2022-08-17 11:30:00-04:00,13462.75,-0.0024783147459727386
S1,2022-08-17,-1,2022-08-17 12:00:00-04:00,13424.5,2022-08-17 12:30:00-04:00,13466.0,-0.0031256357617118866
S1,2022-08-19,-1,2022-08-19 10:00:00-04:00,13308.5,2022-08-19 16:00:00-04:00,13263.25,0.0033211433689081275
S1,2022-08-22,-1,2022-08-22 10:30:00-04:00,12980.5,2022-08-22 16:00:00-04:00,12916.25,0.004854647273561285
S1,2022-08-24,1,2022-08-24 11:30:00-04:00,12987.5,2022-08-24 13:00:00-04:00,12945.25,-0.0033394167669786043
S1,2022-08-25,1,2022-08-25 10:30:00-04:00,13093.5,2022-08-25 11:30:00-04:00,13024.5,-0.005362290985969633
S1,2022-08-26,-1,2022-08-26 10:30:00-04:00,12987.25,2022-08-26 16:00:00-04:00,12619.0,0.027955271565495207
S1,2022-08-30,-1,2022-08-30 10:30:00-04:00,12404.5,2022-08-30 16:00:00-04:00,12353.5,0.003999681617383691
S1,2022-09-01,-1,2022-09-01 11:00:00-04:00,12053.25,2022-09-01 13:30:00-04:00,12117.75,-0.005360553718499045
S1,2022-09-02,-1,2022-09-02 13:30:00-04:00,12139.5,2022-09-02 16:00:00-04:00,12110.25,0.002297507003365646
S1,2022-09-06,-1,2022-09-06 10:00:00-04:00,12046.0,2022-09-06 11:00:00-04:00,12103.5,-0.004802836353142457
S1,2022-09-06,-1,2022-09-06 13:30:00-04:00,11983.75,2022-09-06 14:00:00-04:00,12008.0,-0.0020613031558551318
S1,2022-09-07,1,2022-09-07 12:00:00-04:00,12145.25,2022-09-07 12:30:00-04:00,12119.0,-0.0022425714819659876
S1,2022-09-07,1,2022-09-07 13:00:00-04:00,12157.25,2022-09-07 13:30:00-04:00,12154.0,-0.0003322328121431093
S1,2022-09-07,1,2022-09-07 14:00:00-04:00,12211.0,2022-09-07 16:00:00-04:00,12262.0,0.00417367470254781
S1,2022-09-09,1,2022-09-09 10:00:00-04:00,12503.0,2022-09-09 16:00:00-04:00,12589.75,0.006926128012563674
S1,2022-09-12,1,2022-09-12 10:00:00-04:00,12736.5,2022-09-12 11:00:00-04:00,12703.5,-0.002667931463805063
S1,2022-09-13,-1,2022-09-13 10:00:00-04:00,12306.0,2022-09-13 13:30:00-04:00,12251.0,0.004383838383838384
S1,2022-09-13,-1,2022-09-13 14:00:00-04:00,12210.0,2022-09-13 16:00:00-04:00,12040.75,0.013616161616161616
S1,2022-09-19,1,2022-09-19 10:00:00-04:00,11914.75,2022-09-19 11:30:00-04:00,11903.5,-0.0010152498995325621
S1,2022-09-19,1,2022-09-19 13:00:00-04:00,11942.75,2022-09-19 13:30:00-04:00,11943.25,-2.1151039573595043e-05
S1,2022-09-19,1,2022-09-19 15:30:00-04:00,12010.0,2022-09-19 16:00:00-04:00,12027.0,0.0013748175722836777
S1,2022-09-22,-1,2022-09-22 11:00:00-04:00,11544.25,2022-09-22 12:00:00-04:00,11564.75,-0.0018252877512454904
S1,2022-09-23,-1,2022-09-23 10:00:00-04:00,11354.25,2022-09-23 10:30:00-04:00,11406.0,-0.004580752115871216
S1,2022-09-23,-1,2022-09-23 12:00:00-04:00,11361.25,2022-09-23 16:00:00-04:00,11373.75,-0.00115609458162464
S1,2022-09-26,1,2022-09-26 10:00:00-04:00,11491.5,2022-09-26 11:30:00-04:00,11378.25,-0.01004228329809725
S1,2022-09-28,1,2022-09-28 10:30:00-04:00,11407.0,2022-09-28 11:00:00-04:00,11398.0,-0.0008604712734974848
S1,2022-09-28,1,2022-09-28 11:30:00-04:00,11429.75,2022-09-28 16:00:00-04:00,11553.75,0.010877239431647692
S1,2022-09-29,-1,2022-09-29 10:00:00-04:00,11256.25,2022-09-29 16:00:00-04:00,11231.75,0.0020857117765873366
S1,2022-09-30,1,2022-09-30 11:30:00-04:00,11329.5,2022-09-30 12:00:00-04:00,11246.25,-0.00750905108836544
S1,2022-10-03,1,2022-10-03 10:30:00-04:00,11205.5,2022-10-03 12:00:00-04:00,11176.25,-0.0027014858171994596
S1,2022-10-03,1,2022-10-03 13:00:00-04:00,11206.75,2022-10-03 16:00:00-04:00,11290.75,0.007496623142728501
S1,2022-10-04,1,2022-10-04 10:00:00-04:00,11616.5,2022-10-04 13:00:00-04:00,11601.0,-0.0014110802361931227
S1,2022-10-05,-1,2022-10-05 10:30:00-04:00,11386.0,2022-10-05 11:30:00-04:00,11427.0,-0.003634859829357479
S1,2022-10-07,-1,2022-10-07 10:00:00-04:00,11225.75,2022-10-07 16:00:00-04:00,11099.5,0.011061410660379438
S1,2022-10-10,-1,2022-10-10 10:00:00-04:00,11015.0,2022-10-10 10:30:00-04:00,11040.75,-0.002385506920220547
S1,2022-10-10,-1,2022-10-10 11:00:00-04:00,10951.75,2022-10-10 14:00:00-04:00,11035.5,-0.0076066164059862725
S1,2022-10-11,-1,2022-10-11 10:00:00-04:00,10823.5,2022-10-11 11:00:00-04:00,10847.25,-0.0022435897435897434
S1,2022-10-13,1,2022-10-13 12:00:00-04:00,11004.0,2022-10-13 12:30:00-04:00,10928.25,-0.007269789983844911
S1,2022-10-13,1,2022-10-13 13:00:00-04:00,10973.0,2022-10-13 16:00:00-04:00,11081.25,0.010215717951154614
S1,2022-10-14,-1,2022-10-14 10:30:00-04:00,10919.75,2022-10-14 16:00:00-04:00,10748.0,0.01529346003353829
S1,2022-10-17,1,2022-10-17 10:00:00-04:00,11074.0,2022-10-17 10:30:00-04:00,11090.5,0.0014316554936938985
S1,2022-10-20,1,2022-10-20 10:30:00-04:00,11312.0,2022-10-20 11:30:00-04:00,11264.75,-0.004320043200432004
S1,2022-10-21,1,2022-10-21 13:00:00-04:00,11232.75,2022-10-21 16:00:00-04:00,11354.0,0.010911148839841539
S1,2022-10-25,1,2022-10-25 10:00:00-04:00,11649.75,2022-10-25 13:00:00-04:00,11654.5,0.00034735036797429607
S1,2022-10-25,1,2022-10-25 14:30:00-04:00,11685.0,2022-10-25 15:00:00-04:00,11671.25,-0.0012591450839068233
S1,2022-10-25,1,2022-10-25 15:30:00-04:00,11713.0,2022-10-25 16:00:00-04:00,11712.5,-0.00010854698999196753
S1,2022-10-27,-1,2022-10-27 10:00:00-04:00,11292.0,2022-10-27 10:30:00-04:00,11431.75,-0.01232348039645645
S1,2022-10-28,1,2022-10-28 10:00:00-04:00,11320.5,2022-10-28 16:00:00-04:00,11584.5,0.023475643740943037
S1,2022-11-02,-1,2022-11-02 15:30:00-04:00,11019.75,2022-11-02 16:00:00-04:00,10938.5,0.007105030891438658
S1,2022-11-03,-1,2022-11-03 10:00:00-04:00,10726.5,2022-11-03 10:30:00-04:00,10842.75,-0.010804072304176189
S1,2022-11-08,1,2022-11-08 11:30:00-05:00,11187.5,2022-11-08 12:00:00-05:00,11198.5,0.0009253825666952557
S1,2022-11-08,1,2022-11-08 12:30:00-05:00,11197.0,2022-11-08 13:30:00-05:00,11101.5,-0.008689568004333499
S1,2022-11-09,-1,2022-11-09 14:00:00-05:00,10878.5,2022-11-09 14:30:00-05:00,10899.0,-0.0019286184285163253
S1,2022-11-09,-1,2022-11-09 15:00:00-05:00,10845.5,2022-11-09 16:00:00-05:00,10831.0,0.0012479295713929163
S1,2022-11-10,1,2022-11-10 10:00:00-05:00,11451.0,2022-11-10 10:30:00-05:00,11425.5,-0.0023114515915995245
S1,2022-11-10,1,2022-11-10 11:00:00-05:00,11448.25,2022-11-10 11:30:00-05:00,11454.0,0.0004402764936380047
S1,2022-11-10,1,2022-11-10 12:00:00-05:00,11494.25,2022-11-10 12:30:00-05:00,11471.0,-0.0021133271694624223
S1,2022-11-10,1,2022-11-10 13:30:00-05:00,11472.0,2022-11-10 16:00:00-05:00,11628.75,0.013736626601505746
S1,2022-11-11,1,2022-11-11 10:30:00-05:00,11752.25,2022-11-11 11:30:00-05:00,11656.75,-0.008280104092737165
S1,2022-11-11,1,2022-11-11 13:00:00-05:00,11763.0,2022-11-11 16:00:00-05:00,11847.75,0.007226272662752436
S1,2022-11-16,-1,2022-11-16 10:30:00-05:00,11751.5,2022-11-16 11:30:00-05:00,11766.25,-0.0013109208161539276
S1,2022-11-23,1,2022-11-23 10:00:00-05:00,11832.75,2022-11-23 12:00:00-05:00,11785.5,-0.004085280224690412
S1,2022-11-23,1,2022-11-23 15:00:00-05:00,11865.0,2022-11-23 16:00:00-05:00,11868.75,0.00025533001404315077
S1,2022-11-28,-1,2022-11-28 15:30:00-05:00,11581.25,2022-11-28 16:00:00-05:00,11611.25,-0.0026274191481180844
S1,2022-11-29,-1,2022-11-29 11:30:00-05:00,11489.5,2022-11-29 13:00:00-05:00,11537.0,-0.004151609017380829
S1,2022-11-29,-1,2022-11-29 13:30:00-05:00,11480.0,2022-11-29 14:00:00-05:00,11520.25,-0.0035277921183961454
S1,2022-11-30,1,2022-11-30 14:00:00-05:00,11754.0,2022-11-30 16:00:00-05:00,12051.5,0.025728281602219526
S1,2022-12-01,1,2022-12-01 10:00:00-05:00,12113.25,2022-12-01 10:30:00-05:00,11963.75,-0.012461640540764702
S1,2022-12-01,-1,2022-12-01 10:30:00-05:00,11963.75,2022-12-01 11:00:00-05:00,12073.25,-0.009144065687982084
S1,2022-12-05,-1,2022-12-05 12:00:00-05:00,11847.75,2022-12-05 12:30:00-05:00,11858.75,-0.000985738255033557
S1,2022-12-05,-1,2022-12-05 13:00:00-05:00,11820.0,2022-12-05 13:30:00-05:00,11832.75,-0.0011325503355704698
S1,2022-12-05,-1,2022-12-05 14:00:00-05:00,11783.0,2022-12-05 16:00:00-05:00,11802.75,-0.0017197986577181209
S1,2022-12-06,-1,2022-12-06 10:00:00-05:00,11665.0,2022-12-06 16:00:00-05:00,11562.5,0.008623612170522925
S1,2022-12-08,1,2022-12-08 10:30:00-05:00,11648.75,2022-12-08 11:30:00-05:00,11624.75,-0.0021399853011110632
S1,2022-12-08,1,2022-12-08 13:30:00-05:00,11652.75,2022-12-08 14:00:00-05:00,11649.25,-0.00036747222342311186
S1,2022-12-19,-1,2022-12-19 10:00:00-05:00,11269.25,2022-12-19 10:30:00-05:00,11301.25,-0.0028844460102166636
S1,2022-12-19,-1,2022-12-19 11:00:00-05:00,11235.5,2022-12-19 16:00:00-05:00,11188.0,0.0041174916329047035
S1,2022-12-21,1,2022-12-21 10:30:00-05:00,11292.5,2022-12-21 15:00:00-05:00,11340.75,0.0042344550924894135
S1,2022-12-22,-1,2022-12-22 10:00:00-05:00,11123.5,2022-12-22 16:00:00-05:00,11054.75,0.006069802731411229
S1,2022-12-23,-1,2022-12-23 10:00:00-05:00,10940.0,2022-12-23 10:30:00-05:00,11040.5,-0.009207056469946349
S1,2022-12-27,-1,2022-12-27 10:00:00-05:00,10930.0,2022-12-27 10:30:00-05:00,10986.5,-0.005180292268017916
S1,2022-12-27,-1,2022-12-27 13:30:00-05:00,10941.5,2022-12-27 15:30:00-05:00,10940.5,2.2621363615798762e-05
S1,2022-12-28,-1,2022-12-28 12:00:00-05:00,10794.25,2022-12-28 12:30:00-05:00,10798.25,-0.00043576982179307816
S1,2022-12-29,1,2022-12-29 10:00:00-05:00,10963.75,2022-12-29 16:00:00-05:00,11032.0,0.0062009094667217855
S1,2023-01-03,-1,2023-01-03 10:30:00-05:00,10948.5,2023-01-03 11:00:00-05:00,10975.0,-0.0024507599604280963
S1,2023-01-03,-1,2023-01-03 11:30:00-05:00,10913.75,2023-01-03 14:00:00-05:00,10915.0,-0.00017987229067362173
S1,2023-01-03,-1,2023-01-03 14:30:00-05:00,10903.75,2023-01-03 15:00:00-05:00,10938.0,-0.00314776508678838
S1,2023-01-05,-1,2023-01-05 10:00:00-05:00,10868.5,2023-01-05 10:30:00-05:00,10872.5,-0.00043488212405584805
S1,2023-01-06,1,2023-01-06 11:00:00-05:00,10986.5,2023-01-06 16:00:00-05:00,11114.5,0.01168395923239372
S1,2023-01-09,1,2023-01-09 10:00:00-05:00,11310.75,2023-01-09 14:00:00-05:00,11282.75,-0.0025670215853032434
S1,2023-01-11,1,2023-01-11 15:30:00-05:00,11442.25,2023-01-11 16:00:00-05:00,11476.5,0.002958383927585826
S1,2023-01-12,-1,2023-01-12 10:00:00-05:00,11357.75,2023-01-12 10:30:00-05:00,11466.0,-0.00948651000870322
S1,2023-01-18,-1,2023-01-18 12:30:00-05:00,11523.75,2023-01-18 14:30:00-05:00,11541.0,-0.0015391192817443351
S1,2023-01-18,-1,2023-01-18 15:00:00-05:00,11524.25,2023-01-18 15:30:00-05:00,11517.25,0.0005344164172723387
S1,2023-01-20,1,2023-01-20 11:30:00-05:00,11536.75,2023-01-20 16:00:00-05:00,11676.25,0.012140966464681819
S1,2023-01-23,1,2023-01-23 10:00:00-05:00,11801.0,2023-01-23 16:00:00-05:00,11931.5,0.011085953520164046
S1,2023-01-25,-1,2023-01-25 10:00:00-05:00,11624.5,2023-01-25 11:00:00-05:00,11667.0,-0.0036926360725720382
S1,2023-01-27,1,2023-01-27 10:30:00-05:00,12167.25,2023-01-27 11:00:00-05:00,12115.75,-0.004337089377243769
S1,2023-01-27,1,2023-01-27 12:30:00-05:00,12210.25,2023-01-27 16:00:00-05:00,12223.25,0.001016829566913611
S1,2023-01-31,1,2023-01-31 10:30:00-05:00,12059.0,2023-01-31 15:30:00-05:00,12076.75,0.001419713134434307
S1,2023-02-01,1,2023-02-01 15:00:00-05:00,12340.5,2023-02-01 16:00:00-05:00,12420.75,0.006546577457539887
S1,2023-02-02,1,2023-02-02 11:00:00-05:00,12804.25,2023-02-02 15:00:00-05:00,12719.5,-0.006742237555446033
S1,2023-02-07,1,2023-02-07 13:00:00-05:00,12742.25,2023-02-07 13:30:00-05:00,12548.0,-0.015595009596928982
S1,2023-02-07,1,2023-02-07 14:30:00-05:00,12633.25,2023-02-07 16:00:00-05:00,12772.25,0.011056461932181702
S1,2023-02-08,-1,2023-02-08 11:00:00-05:00,12610.25,2023-02-08 16:00:00-05:00,12543.25,0.0052108937174319145
S1,2023-02-13,1,2023-02-13 10:00:00-05:00,12461.0,2023-02-13 10:30:00-05:00,12459.5,-0.0001814186941885545
S1,2023-02-13,1,2023-02-13 11:00:00-05:00,12491.75,2023-02-13 15:00:00-05:00,12510.25,0.0014311919208208187
S1,2023-02-17,-1,2023-02-17 10:00:00-05:00,12329.0,2023-02-17 10:30:00-05:00,12352.5,-0.001957223567393059
S1,2023-02-17,-1,2023-02-17 11:30:00-05:00,12294.0,2023-02-17 12:30:00-05:00,12310.5,-0.0013922518159806296
S1,2023-02-17,-1,2023-02-17 13:00:00-05:00,12283.0,2023-02-17 14:00:00-05:00,12308.25,-0.0020984665052461663
S1,2023-02-21,-1,2023-02-21 14:30:00-05:00,12119.5,2023-02-21 15:00:00-05:00,12124.5,-0.00047019380161910214
S1,2023-03-01,-1,2023-03-01 10:30:00-05:00,11970.0,2023-03-01 11:00:00-05:00,12008.0,-0.003215233986060405
S1,2023-03-01,-1,2023-03-01 11:30:00-05:00,11954.5,2023-03-01 12:00:00-05:00,12008.5,-0.004542814470627282
S1,2023-03-01,-1,2023-03-01 14:30:00-05:00,11949.75,2023-03-01 16:00:00-05:00,11965.25,-0.0013483239296382342
S1,2023-03-02,1,2023-03-02 15:30:00-05:00,12050.5,2023-03-02 16:00:00-05:00,12065.75,0.0012228547332911659
S1,2023-03-03,1,2023-03-03 10:00:00-05:00,12190.25,2023-03-03 11:00:00-05:00,12186.0,-0.00041203980304497416
S1,2023-03-03,1,2023-03-03 12:00:00-05:00,12223.0,2023-03-03 16:00:00-05:00,12312.5,0.007313706504048291
S1,2023-03-06,1,2023-03-06 10:30:00-05:00,12434.25,2023-03-06 13:00:00-05:00,12397.25,-0.003054021802884129
S1,2023-03-07,-1,2023-03-07 10:30:00-05:00,12238.25,2023-03-07 12:30:00-05:00,12279.75,-0.003428200499016167
S1,2023-03-07,-1,2023-03-07 13:30:00-05:00,12232.25,2023-03-07 16:00:00-05:00,12169.0,0.005071302513337526
S1,2023-03-09,1,2023-03-09 10:00:00-05:00,12326.75,2023-03-09 11:00:00-05:00,12301.5,-0.0021230989078289274
S1,2023-03-09,-1,2023-03-09 14:00:00-05:00,12115.5,2023-03-09 16:00:00-05:00,12006.25,0.008859855057670715
S1,2023-03-10,-1,2023-03-10 10:00:00-05:00,11909.75,2023-03-10 11:00:00-05:00,12013.5,-0.008695290397736729
S1,2023-03-10,-1,2023-03-10 12:30:00-05:00,11945.75,2023-03-10 16:00:00-05:00,11841.25,0.00863288400732235
S1,2023-03-13,1,2023-03-13 10:00:00-04:00,11889.0,2023-03-13 10:30:00-04:00,11862.25,-0.00233674639928623
S1,2023-03-13,1,2023-03-13 11:00:00-04:00,11947.5,2023-03-13 16:00:00-04:00,11930.25,-0.0015295067340782597
S1,2023-03-20,-1,2023-03-20 10:00:00-04:00,12564.5,2023-03-20 10:30:00-04:00,12606.5,-0.003386675116850194
S1,2023-03-23,1,2023-03-23 10:30:00-04:00,12932.25,2023-03-23 13:30:00-04:00,12921.25,-0.0009140412290937379
S1,2023-03-27,-1,2023-03-27 12:00:00-04:00,12782.0,2023-03-27 14:00:00-04:00,12806.0,-0.0019157458830814482
S1,2023-03-28,-1,2023-03-28 10:00:00-04:00,12692.25,2023-03-28 11:30:00-04:00,12704.25,-0.0009979454065159965
S1,2023-03-28,-1,2023-03-28 12:30:00-04:00,12678.0,2023-03-28 14:30:00-04:00,12667.5,0.0007631347226298797
S1,2023-03-31,1,2023-03-31 10:00:00-04:00,13141.25,2023-03-31 16:00:00-04:00,13301.5,0.012183012526733884
S1,2023-04-05,-1,2023-04-05 10:30:00-04:00,13089.5,2023-04-05 16:00:00-04:00,13079.5,0.0007021539045450233
S1,2023-04-06,1,2023-04-06 14:00:00-04:00,13171.25,2023-04-06 16:00:00-04:00,13171.25,-5.7636887608069166e-05
S1,2023-04-10,-1,2023-04-10 10:00:00-04:00,12987.0,2023-04-10 11:00:00-04:00,13018.75,-0.0024916147580258743
S1,2023-04-11,-1,2023-04-11 10:00:00-04:00,13107.0,2023-04-11 13:00:00-04:00,13097.75,0.0006459334688527082
S1,2023-04-12,-1,2023-04-12 11:00:00-04:00,13009.5,2023-04-12 11:30:00-04:00,13026.0,-0.0013110891540624762
S1,2023-04-12,-1,2023-04-12 15:00:00-04:00,13002.0,2023-04-12 16:00:00-04:00,12958.5,0.003249220947024398
S1,2023-04-13,1,2023-04-13 10:00:00-04:00,13067.25,2023-04-13 16:00:00-04:00,13209.75,0.010880620214542036
S1,2023-04-21,-1,2023-04-21 10:00:00-04:00,12996.0,2023-04-21 10:30:00-04:00,13062.75,-0.005169343876242079
S1,2023-04-24,-1,2023-04-24 11:30:00-04:00,12998.25,2023-04-24 13:00:00-04:00,13013.0,-0.0011852418275664308
S1,2023-04-25,-1,2023-04-25 12:30:00-04:00,12908.5,2023-04-25 13:00:00-04:00,12906.5,9.624083306065097e-05
S1,2023-04-25,-1,2023-04-25 13:30:00-04:00,12883.25,2023-04-25 16:00:00-04:00,12808.5,0.005697457317190537
S1,2023-04-27,1,2023-04-27 11:30:00-04:00,13136.25,2023-04-27 16:00:00-04:00,13231.25,0.0072273450530069205
S1,2023-04-28,1,2023-04-28 10:30:00-04:00,13291.25,2023-04-28 11:00:00-04:00,13209.5,-0.006240426618256085
S1,2023-05-02,-1,2023-05-02 10:30:00-04:00,13211.0,2023-05-02 16:00:00-04:00,13184.75,0.001917149086534847
S1,2023-05-03,1,2023-05-03 10:00:00-04:00,13232.5,2023-05-03 10:30:00-04:00,13195.0,-0.002898001704706885
S1,2023-05-04,-1,2023-05-04 10:00:00-04:00,13041.75,2023-05-04 11:00:00-04:00,13044.25,-0.0002484187193059563
S1,2023-05-05,1,2023-05-05 10:00:00-04:00,13190.75,2023-05-05 16:00:00-04:00,13324.0,0.010084289438133836
S1,2023-05-08,-1,2023-05-08 10:00:00-04:00,13270.5,2023-05-08 10:30:00-04:00,13271.25,-0.00011277347567852042
S1,2023-05-12,-1,2023-05-12 11:00:00-04:00,13398.75,2023-05-12 12:00:00-04:00,13405.25,-0.0005383130383130383
S1,2023-05-12,-1,2023-05-12 12:30:00-04:00,13355.0,2023-05-12 16:00:00-04:00,13397.5,-0.0032113157113157114
S1,2023-05-16,1,2023-05-16 11:00:00-04:00,13519.0,2023-05-16 13:30:00-04:00,13529.0,0.0006884489431378387
S1,2023-05-16,1,2023-05-16 14:00:00-04:00,13544.75,2023-05-16 14:30:00-04:00,13523.25,-0.0016559988091693957
S1,2023-05-17,1,2023-05-17 13:00:00-04:00,13606.0,2023-05-17 16:00:00-04:00,13644.75,0.002809611829944547
S1,2023-05-18,1,2023-05-18 10:00:00-04:00,13712.5,2023-05-18 16:00:00-04:00,13889.75,0.012926851597546462
S1,2023-05-22,1,2023-05-22 10:00:00-04:00,13929.25,2023-05-22 10:30:00-04:00,13903.5,-0.001913633737723859
S1,2023-05-23,-1,2023-05-23 14:30:00-04:00,13732.25,2023-05-23 16:00:00-04:00,13725.5,0.00043380811221169837
S1,2023-05-24,-1,2023-05-24 10:30:00-04:00,13591.0,2023-05-24 11:30:00-04:00,13614.75,-0.001795759807963645
S1,2023-05-24,-1,2023-05-24 12:30:00-04:00,13583.0,2023-05-24 13:00:00-04:00,13603.0,-0.0015208986128671688
S1,2023-05-26,1,2023-05-26 10:00:00-04:00,14118.75,2023-05-26 16:00:00-04:00,14333.0,0.015229874808289046
S1,2023-06-01,1,2023-06-01 11:30:00-04:00,14382.25,2023-06-01 16:00:00-04:00,14473.25,0.006312071618408169
S1,2023-06-05,1,2023-06-05 11:00:00-04:00,14665.0,2023-06-05 13:30:00-04:00,14653.0,-0.0008751909117430028
S1,2023-06-07,-1,2023-06-07 11:00:00-04:00,14474.25,2023-06-07 16:00:00-04:00,14331.75,0.009714060545837688
S1,2023-06-08,1,2023-06-08 10:30:00-04:00,14413.75,2023-06-08 16:00:00-04:00,14499.75,0.005945738596735946
S1,2023-06-09,1,2023-06-09 10:00:00-04:00,14654.0,2023-06-09 11:00:00-04:00,14589.5,-0.0044809174721444885
S1,2023-06-12,1,2023-06-12 15:00:00-04:00,14749.5,2023-06-12 16:00:00-04:00,14802.5,0.0035731992956181294
S1,2023-06-20,-1,2023-06-20 10:30:00-04:00,15142.0,2023-06-20 11:00:00-04:00,15150.0,-0.0005752226933569997
S1,2023-06-21,-1,2023-06-21 10:00:00-04:00,15127.25,2023-06-21 14:30:00-04:00,15133.0,-0.0004275823507162004
S1,2023-06-21,-1,2023-06-21 15:30:00-04:00,15096.25,2023-06-21 16:00:00-04:00,15045.25,0.00330554048053678
S1,2023-06-22,1,2023-06-22 10:30:00-04:00,15134.75,2023-06-22 11:00:00-04:00,15082.0,-0.0035710709875513133
S1,2023-06-22,1,2023-06-22 12:00:00-04:00,15158.75,2023-06-22 12:30:00-04:00,15126.0,-0.002236091179120916
S1,2023-06-22,1,2023-06-22 14:00:00-04:00,15153.5,2023-06-22 16:00:00-04:00,15213.5,0.003954877682475053
S1,2023-06-26,1,2023-06-26 10:00:00-04:00,15137.0,2023-06-26 11:00:00-04:00,15081.0,-0.0037741495693811725
S1,2023-06-26,-1,2023-06-26 12:30:00-04:00,14916.0,2023-06-26 16:00:00-04:00,14857.25,0.003857280617164899
S1,2023-06-27,1,2023-06-27 12:00:00-04:00,15009.75,2023-06-27 16:00:00-04:00,15108.25,0.006552596738784334
S1,2023-06-28,1,2023-06-28 11:00:00-04:00,15178.0,2023-06-28 11:30:00-04:00,15145.0,-0.0022455836854186765
S1,2023-06-30,1,2023-06-30 10:00:00-04:00,15319.25,2023-06-30 12:00:00-04:00,15313.0,-0.00045895620246525046
S1,2023-06-30,1,2023-06-30 13:00:00-04:00,15356.25,2023-06-30 13:30:00-04:00,15345.0,-0.0007867820613690008
S1,2023-06-30,1,2023-06-30 14:00:00-04:00,15355.5,2023-06-30 15:00:00-04:00,15347.25,-0.0005900865460267506
S1,2023-06-30,1,2023-06-30 15:30:00-04:00,15355.75,2023-06-30 16:00:00-04:00,15331.0,-0.0016719118804091268
S1,2023-07-07,1,2023-07-07 13:00:00-04:00,15333.75,2023-07-07 14:00:00-04:00,15330.0,-0.0002956538878486252
S1,2023-07-13,1,2023-07-13 13:30:00-04:00,15660.5,2023-07-13 14:00:00-04:00,15660.5,-4.815022871358639e-05
S1,2023-07-13,1,2023-07-13 14:30:00-04:00,15668.75,2023-07-13 16:00:00-04:00,15706.0,0.002343311130727871
S1,2023-07-14,1,2023-07-14 10:00:00-04:00,15808.0,2023-07-14 12:30:00-04:00,15774.5,-0.0021784760208624857
S1,2023-07-17,1,2023-07-17 11:30:00-04:00,15780.5,2023-07-17 12:30:00-04:00,15773.5,-0.0004926969595829559
S1,2023-07-17,1,2023-07-17 14:00:00-04:00,15819.5,2023-07-17 16:00:00-04:00,15844.25,0.0015257712296762504
S1,2023-07-18,1,2023-07-18 13:30:00-04:00,15936.25,2023-07-18 16:00:00-04:00,15973.0,0.0022762839664248113
S1,2023-07-20,-1,2023-07-20 10:30:00-04:00,15754.5,2023-07-20 16:00:00-04:00,15588.0,0.010468145575116444
S1,2023-07-25,1,2023-07-25 10:00:00-04:00,15663.0,2023-07-25 10:30:00-04:00,15629.25,-0.002213098980050035
S1,2023-07-25,1,2023-07-25 11:30:00-04:00,15649.25,2023-07-25 16:00:00-04:00,15668.75,0.0012027711848098018
S1,2023-07-26,-1,2023-07-26 11:00:00-04:00,15538.0,2023-07-26 12:00:00-04:00,15586.0,-0.003121198540239452
S1,2023-07-26,-1,2023-07-26 12:30:00-04:00,15558.0,2023-07-26 13:30:00-04:00,15562.5,-0.00033612907356424867
S1,2023-07-28,1,2023-07-28 10:00:00-04:00,15788.75,2023-07-28 16:00:00-04:00,15849.75,0.0038283744499690237
S1,2023-08-02,-1,2023-08-02 10:00:00-04:00,15601.75,2023-08-02 16:00:00-04:00,15468.25,0.008472953566299665
S1,2023-08-04,1,2023-08-04 12:30:00-04:00,15591.25,2023-08-04 13:30:00-04:00,15551.25,-0.002627083131869903
S1,2023-08-08,-1,2023-08-08 10:00:00-04:00,15294.0,2023-08-08 14:30:00-04:00,15312.25,-0.0012354509395929513
S1,2023-08-09,-1,2023-08-09 10:00:00-04:00,15279.5,2023-08-09 14:30:00-04:00,15291.75,-0.000846299069071024
S1,2023-08-10,1,2023-08-10 10:00:00-04:00,15422.25,2023-08-10 11:00:00-04:00,15331.75,-0.005963759946407856
S1,2023-08-14,1,2023-08-14 11:00:00-04:00,15230.0,2023-08-14 16:00:00-04:00,15272.5,0.002770726527632605
S1,2023-08-15,-1,2023-08-15 10:30:00-04:00,15136.75,2023-08-15 11:30:00-04:00,15171.5,-0.0023316912972085385
S1,2023-08-15,-1,2023-08-15 15:30:00-04:00,15089.0,2023-08-15 16:00:00-04:00,15105.25,-0.001116584564860427
S1,2023-08-16,-1,2023-08-16 15:30:00-04:00,14966.0,2023-08-16 16:00:00-04:00,14939.0,0.0017407450388766392
S1,2023-08-17,-1,2023-08-17 14:30:00-04:00,14859.0,2023-08-17 16:00:00-04:00,14772.25,0.005735531953915667
S1,2023-08-21,1,2023-08-21 10:00:00-04:00,14913.25,2023-08-21 10:30:00-04:00,14830.75,-0.005621676373765511
S1,2023-08-21,1,2023-08-21 13:00:00-04:00,14901.5,2023-08-21 16:00:00-04:00,14987.0,0.005722967839959484
S1,2023-08-23,1,2023-08-23 10:00:00-04:00,15093.5,2023-08-23 16:00:00-04:00,15198.0,0.006912404017522528
S1,2023-08-24,-1,2023-08-24 10:30:00-04:00,15073.0,2023-08-24 16:00:00-04:00,14859.25,0.01388934172345212
S1,2023-08-25,-1,2023-08-25 11:00:00-04:00,14760.25,2023-08-25 11:30:00-04:00,14860.75,-0.006796556411418215
S1,2023-08-29,1,2023-08-29 10:00:00-04:00,15157.5,2023-08-29 16:00:00-04:00,15413.5,0.016930041288739282
S1,2023-08-31,1,2023-08-31 10:00:00-04:00,15566.75,2023-08-31 11:00:00-04:00,15582.25,0.0009520889476996563
S1,2023-09-06,-1,2023-09-06 10:30:00-04:00,15386.75,2023-09-06 12:00:00-04:00,15373.0,0.0008387367334430143
S1,2023-09-06,-1,2023-09-06 12:30:00-04:00,15338.75,2023-09-06 14:30:00-04:00,15370.25,-0.002080712281041324
S1,2023-09-08,1,2023-09-08 10:30:00-04:00,15376.0,2023-09-08 11:00:00-04:00,15298.0,-0.005156157925751326
S1,2023-09-20,-1,2023-09-20 15:30:00-04:00,15252.5,2023-09-20 16:00:00-04:00,15152.25,0.006452972745107577
S1,2023-09-21,-1,2023-09-21 10:00:00-04:00,14933.75,2023-09-21 10:30:00-04:00,14966.75,-0.0022518014411529222
S1,2023-09-26,-1,2023-09-26 10:00:00-04:00,14770.0,2023-09-26 11:00:00-04:00,14768.5,5.059021922428331e-05
S1,2023-09-26,-1,2023-09-26 11:30:00-04:00,14728.75,2023-09-26 12:30:00-04:00,14766.75,-0.0026138279932546374
S1,2023-09-26,-1,2023-09-26 13:30:00-04:00,14739.75,2023-09-26 16:00:00-04:00,14708.75,0.0020404721753794265
S1,2023-09-27,-1,2023-09-27 13:30:00-04:00,14618.5,2023-09-27 14:30:00-04:00,14673.75,-0.003795838134616688
S1,2023-09-28,1,2023-09-28 11:30:00-04:00,14826.75,2023-09-28 16:00:00-04:00,14858.5,0.0021095610751956447
S1,2023-10-02,1,2023-10-02 10:00:00-04:00,14921.25,2023-10-02 12:00:00-04:00,14919.0,-0.00020169762164887805
S1,2023-10-03,-1,2023-10-03 10:30:00-04:00,14777.0,2023-10-03 16:00:00-04:00,14719.5,0.0038137800104164916
S1,2023-10-04,1,2023-10-04 10:00:00-04:00,14803.0,2023-10-04 10:30:00-04:00,14739.0,-0.004388937843150546
S1,2023-10-04,1,2023-10-04 11:30:00-04:00,14839.0,2023-10-04 14:00:00-04:00,14820.25,-0.0013217650647325968
S1,2023-10-04,1,2023-10-04 14:30:00-04:00,14842.25,2023-10-04 16:00:00-04:00,14919.75,0.005202331729139836
S1,2023-10-05,-1,2023-10-05 10:00:00-04:00,14837.0,2023-10-05 14:00:00-04:00,14855.75,-0.0013079348044805152
S1,2023-10-06,1,2023-10-06 12:00:00-04:00,15047.75,2023-10-06 16:00:00-04:00,15113.25,0.0043937774611091315
S1,2023-10-10,1,2023-10-10 10:30:00-04:00,15290.0,2023-10-10 13:30:00-04:00,15290.0,-4.933885928557332e-05
S1,2023-10-13,-1,2023-10-13 11:00:00-04:00,15201.0,2023-10-13 16:00:00-04:00,15121.5,0.005132884681190829
S1,2023-10-16,1,2023-10-16 10:00:00-04:00,15227.25,2023-10-16 12:00:00-04:00,15270.5,0.0028005205673525195
S1,2023-10-16,1,2023-10-16 15:00:00-04:00,15317.5,2023-10-16 16:00:00-04:00,15293.5,-0.001630891389222938
S1,2023-10-17,-1,2023-10-17 10:00:00-04:00,15079.5,2023-10-17 10:30:00-04:00,15183.25,-0.006902929616540608
S1,2023-10-19,-1,2023-10-19 15:00:00-04:00,14892.75,2023-10-19 15:30:00-04:00,14896.0,-0.00026512013256006626
S1,2023-10-20,-1,2023-10-20 10:30:00-04:00,14765.25,2023-10-20 13:00:00-04:00,14773.25,-0.0005887300252312868
S1,2023-10-20,-1,2023-10-20 14:30:00-04:00,14707.5,2023-10-20 16:00:00-04:00,14661.25,0.003061396131202691
S1,2023-10-23,1,2023-10-23 12:30:00-04:00,14783.5,2023-10-23 14:30:00-04:00,14781.75,-0.0001712035610340695
S1,2023-10-24,1,2023-10-24 10:00:00-04:00,14826.75,2023-10-24 11:00:00-04:00,14846.25,0.0012687564495119518
S1,2023-10-25,-1,2023-10-25 10:00:00-04:00,14651.75,2023-10-25 16:00:00-04:00,14476.25,0.01185428891225452
S1,2023-10-26,-1,2023-10-26 10:00:00-04:00,14330.5,2023-10-26 11:00:00-04:00,14353.0,-0.001612260111297956
S1,2023-10-26,-1,2023-10-26 11:30:00-04:00,14257.75,2023-10-26 15:00:00-04:00,14318.0,-0.004230015775878508
S1,2023-10-26,-1,2023-10-26 15:30:00-04:00,14264.5,2023-10-26 16:00:00-04:00,14194.5,0.004802108073435848
S1,2023-10-30,1,2023-10-30 10:00:00-04:00,14451.0,2023-10-30 10:30:00-04:00,14341.75,-0.007657101091136906
S1,2023-10-31,-1,2023-10-31 10:00:00-04:00,14340.75,2023-10-31 10:30:00-04:00,14396.75,-0.003935710941969936
S1,2023-11-01,1,2023-11-01 10:30:00-04:00,14631.0,2023-11-01 11:30:00-04:00,14591.0,-0.0028064255092026653
S1,2023-11-01,1,2023-11-01 15:00:00-04:00,14659.0,2023-11-01 16:00:00-04:00,14742.75,0.005716155024879048
S1,2023-11-03,1,2023-11-03 10:00:00-04:00,15126.0,2023-11-03 10:30:00-04:00,15075.25,-0.003421699554846854
S1,2023-11-03,1,2023-11-03 12:00:00-04:00,15143.75,2023-11-03 16:00:00-04:00,15174.5,0.001993223041658362
S1,2023-11-07,1,2023-11-07 10:30:00-05:00,15338.0,2023-11-07 12:30:00-05:00,15346.0,0.00047460844803037496
S1,2023-11-07,1,2023-11-07 13:00:00-05:00,15372.75,2023-11-07 15:00:00-05:00,15387.0,0.0008837536618496637
S1,2023-11-09,-1,2023-11-09 15:00:00-05:00,15261.75,2023-11-09 16:00:00-05:00,15258.75,0.00014606121587847708
S1,2023-11-10,1,2023-11-10 10:00:00-05:00,15375.25,2023-11-10 10:30:00-05:00,15334.0,-0.002740128198855018
S1,2023-11-10,1,2023-11-10 11:30:00-05:00,15436.25,2023-11-10 16:00:00-05:00,15597.25,0.01045489390158373
S1,2023-11-14,1,2023-11-14 10:00:00-05:00,15862.0,2023-11-14 11:30:00-05:00,15870.5,0.0004901340753857829
S1,2023-11-20,1,2023-11-20 10:00:00-05:00,15996.0,2023-11-20 16:00:00-05:00,16088.5,0.005772255426234665
S1,2023-11-21,-1,2023-11-21 10:30:00-05:00,15927.0,2023-11-21 12:00:00-05:00,15961.0,-0.0021701117841753576
S1,2023-11-29,1,2023-11-29 10:00:00-05:00,16194.75,2023-11-29 10:30:00-05:00,16108.75,-0.00537243183823871
S1,2023-11-30,-1,2023-11-30 10:00:00-05:00,15976.25,2023-11-30 16:00:00-05:00,15981.0,-0.00034305317324185246
S1,2023-12-01,-1,2023-12-01 10:30:00-05:00,15880.75,2023-12-01 11:00:00-05:00,15915.5,-0.0022280101672576646
S1,2023-12-04,-1,2023-12-04 10:30:00-05:00,15752.75,2023-12-04 12:00:00-05:00,15826.5,-0.004696611505122144
S1,2023-12-05,1,2023-12-05 11:00:00-05:00,15951.5,2023-12-05 11:30:00-05:00,15877.5,-0.004733634132826724
S1,2023-12-06,-1,2023-12-06 15:30:00-05:00,15827.0,2023-12-06 16:00:00-05:00,15815.0,0.0007016559079427449
S1,2023-12-07,1,2023-12-07 10:30:00-05:00,15992.5,2023-12-07 11:30:00-05:00,15970.0,-0.0014591210756703327
S1,2023-12-07,1,2023-12-07 12:00:00-05:00,16026.5,2023-12-07 16:00:00-05:00,16035.25,0.00050206316582205
S1,2023-12-08,1,2023-12-08 10:30:00-05:00,16098.0,2023-12-08 11:30:00-05:00,16054.25,-0.0027889195287039356
S1,2023-12-08,1,2023-12-08 15:00:00-05:00,16113.5,2023-12-08 15:30:00-05:00,16108.5,-0.0003603660065179243
S1,2023-12-11,1,2023-12-11 10:00:00-05:00,16160.75,2023-12-11 10:30:00-05:00,16146.25,-0.00094853055512362
S1,2023-12-11,1,2023-12-11 11:00:00-05:00,16177.0,2023-12-11 11:30:00-05:00,16152.0,-0.0016016171668480797
S1,2023-12-11,1,2023-12-11 12:30:00-05:00,16188.0,2023-12-11 16:00:00-05:00,16234.0,0.0028144923029077905
S1,2023-12-18,1,2023-12-18 13:30:00-05:00,16948.75,2023-12-18 16:00:00-05:00,16938.25,-0.0006677944973733416
S1,2023-12-20,-1,2023-12-20 15:00:00-05:00,16842.25,2023-12-20 16:00:00-05:00,16764.25,0.004547996820817756
S1,2023-12-29,-1,2023-12-29 11:30:00-05:00,16943.5,2023-12-29 14:00:00-05:00,17023.75,-0.004739891158054889
S1,2024-01-02,-1,2024-01-02 10:00:00-05:00,16763.5,2024-01-02 16:00:00-05:00,16721.0,0.0024760182068883714
S1,2024-01-05,1,2024-01-05 10:30:00-05:00,16538.75,2024-01-05 12:30:00-05:00,16457.0,-0.005015426235238689
S1,2024-01-08,1,2024-01-08 10:00:00-05:00,16628.5,2024-01-08 16:00:00-05:00,16801.25,0.010416666666666666
S1,2024-01-10,1,2024-01-10 13:00:00-05:00,16911.0,2024-01-10 13:30:00-05:00,16905.0,-0.00040083135391923993
S1,2024-01-10,1,2024-01-10 14:00:00-05:00,16924.5,2024-01-10 16:00:00-05:00,16941.5,0.0009649643705463183
S1,2024-01-11,-1,2024-01-11 11:00:00-05:00,16855.5,2024-01-11 13:30:00-05:00,16886.0,-0.0018399128617268687
S1,2024-01-17,-1,2024-01-17 10:00:00-05:00,16707.5,2024-01-17 11:00:00-05:00,16769.75,-0.003744372297588446
S1,2024-01-18,1,2024-01-18 11:30:00-05:00,17086.0,2024-01-18 12:30:00-05:00,17026.0,-0.0035741601459081014
S1,2024-01-18,1,2024-01-18 14:30:00-05:00,17093.25,2024-01-18 16:00:00-05:00,17109.0,0.0008825086780020003
S1,2024-01-19,1,2024-01-19 12:30:00-05:00,17288.25,2024-01-19 16:00:00-05:00,17442.5,0.008929220656457688
S1,2024-01-24,1,2024-01-24 13:00:00-05:00,17784.75,2024-01-24 13:30:00-05:00,17758.5,-0.001526070368800339
S1,2024-01-29,1,2024-01-29 15:30:00-05:00,17704.0,2024-01-29 16:00:00-05:00,17708.0,0.0001852062913152496
S1,2024-01-30,-1,2024-01-30 12:30:00-05:00,17587.25,2024-01-30 13:30:00-05:00,17597.0,-0.0005945050745254576
S1,2024-01-30,-1,2024-01-30 14:00:00-05:00,17571.0,2024-01-30 14:30:00-05:00,17583.75,-0.0007643636672470169
S1,2024-01-31,-1,2024-01-31 10:00:00-05:00,17370.0,2024-01-31 12:30:00-05:00,17357.25,0.000689655172413793
S1,2024-01-31,-1,2024-01-31 15:30:00-05:00,17297.75,2024-01-31 16:00:00-05:00,17238.75,0.0033477011494252875
S1,2024-02-01,1,2024-02-01 10:30:00-05:00,17368.25,2024-02-01 11:00:00-05:00,17273.25,-0.005532443519963021
S1,2024-02-01,1,2024-02-01 13:00:00-05:00,17383.5,2024-02-01 16:00:00-05:00,17440.25,0.0032356849829548737
S1,2024-02-02,1,2024-02-02 10:00:00-05:00,17590.5,2024-02-02 16:00:00-05:00,17729.75,0.007910782367808542
S1,2024-02-05,-1,2024-02-05 10:30:00-05:00,17626.25,2024-02-05 12:30:00-05:00,17687.5,-0.003498328419686561
S1,2024-02-06,-1,2024-02-06 10:00:00-05:00,17654.25,2024-02-06 11:00:00-05:00,17638.0,0.0008736824305281551
S1,2024-02-06,-1,2024-02-06 12:00:00-05:00,17587.25,2024-02-06 14:00:00-05:00,17631.0,-0.002508314074742123
S1,2024-02-06,-1,2024-02-06 14:30:00-05:00,17594.5,2024-02-06 15:00:00-05:00,17635.75,-0.0023673975536891946
S1,2024-02-07,1,2024-02-07 10:30:00-05:00,17865.0,2024-02-07 11:00:00-05:00,17833.5,-0.00181449911384927
S1,2024-02-07,1,2024-02-07 12:00:00-05:00,17844.25,2024-02-07 12:30:00-05:00,17818.75,-0.001476917883365685
S1,2024-02-07,1,2024-02-07 14:00:00-05:00,17852.0,2024-02-07 14:30:00-05:00,17841.25,-0.0006470306917602048
S1,2024-02-09,1,2024-02-09 10:00:00-05:00,17940.25,2024-02-09 16:00:00-05:00,18039.0,0.005472108995477135
S1,2024-02-12,1,2024-02-12 11:30:00-05:00,18094.0,2024-02-12 12:00:00-05:00,18100.25,0.000305051373424479
S1,2024-02-15,-1,2024-02-15 10:00:00-05:00,17816.25,2024-02-15 10:30:00-05:00,17819.0,-0.0001956618962432916
S1,2024-02-16,-1,2024-02-16 10:00:00-05:00,17772.0,2024-02-16 11:30:00-05:00,17862.5,-0.005090158561925614
S1,2024-02-16,-1,2024-02-16 13:30:00-05:00,17832.5,2024-02-16 14:00:00-05:00,17875.5,-0.0024404869817451573
S1,2024-02-16,-1,2024-02-16 15:00:00-05:00,17791.0,2024-02-16 16:00:00-05:00,17747.0,0.002412595701953784
S1,2024-02-20,-1,2024-02-20 10:00:00-05:00,17562.5,2024-02-20 15:30:00-05:00,17586.75,-0.0014155283459551277
S1,2024-02-21,-1,2024-02-21 14:30:00-05:00,17411.25,2024-02-21 15:30:00-05:00,17421.0,-0.0006001800540162049
S1,2024-02-22,1,2024-02-22 12:30:00-05:00,17988.5,2024-02-22 16:00:00-05:00,18044.75,0.0031012516763522574
S1,2024-03-01,1,2024-03-01 10:30:00-05:00,18180.0,2024-03-01 16:00:00-05:00,18335.0,0.008523747686016632
S1,2024-03-05,-1,2024-03-05 10:00:00-05:00,18039.5,2024-03-05 16:00:00-05:00,17931.75,0.005900599710484593
S1,2024-03-07,1,2024-03-07 11:00:00-05:00,18250.75,2024-03-07 16:00:00-05:00,18309.25,0.003176174565854061
S1,2024-03-08,1,2024-03-08 10:00:00-05:00,18387.5,2024-03-08 11:30:00-05:00,18199.0,-0.010331368053280925
S1,2024-03-08,-1,2024-03-08 11:30:00-05:00,18199.0,2024-03-08 16:00:00-05:00,18040.5,0.008611748007424392
S1,2024-03-11,-1,2024-03-11 10:00:00-04:00,17899.75,2024-03-11 10:30:00-04:00,17929.0,-0.001668868646130311
S1,2024-03-18,1,2024-03-18 10:30:00-04:00,18372.25,2024-03-18 11:30:00-04:00,18319.75,-0.002912382410851017
S1,2024-03-19,-1,2024-03-19 10:00:00-04:00,18090.25,2024-03-19 11:00:00-04:00,18115.75,-0.0014468190649415073
S1,2024-03-20,1,2024-03-20 15:00:00-04:00,18419.0,2024-03-20 16:00:00-04:00,18484.5,0.003534774538705099
S1,2024-04-01,1,2024-04-01 10:00:00-04:00,18584.5,2024-04-01 10:30:00-04:00,18535.75,-0.002675603362071295
S1,2024-04-02,-1,2024-04-02 11:00:00-04:00,18216.0,2024-04-02 11:30:00-04:00,18268.0,-0.002884483937115516
S1,2024-04-02,-1,2024-04-02 12:00:00-04:00,18233.0,2024-04-02 12:30:00-04:00,18253.75,-0.0011756664388243335
S1,2024-04-03,1,2024-04-03 10:30:00-04:00,18409.5,2024-04-03 15:00:00-04:00,18397.75,-0.0006852882322304761
S1,2024-04-04,-1,2024-04-04 15:00:00-04:00,18226.0,2024-04-04 16:00:00-04:00,18075.0,0.008103552888828962
S1,2024-04-05,1,2024-04-05 10:00:00-04:00,18206.5,2024-04-05 16:00:00-04:00,18293.25,0.004741426838681222
S1,2024-04-09,-1,2024-04-09 11:00:00-04:00,18216.75,2024-04-09 12:00:00-04:00,18261.25,-0.0024604091619656087
S1,2024-04-11,1,2024-04-11 13:30:00-04:00,18412.75,2024-04-11 16:00:00-04:00,18482.25,0.003763978045742599
S1,2024-04-12,-1,2024-04-12 11:00:00-04:00,18198.25,2024-04-12 11:30:00-04:00,18262.75,-0.0035661583866207574
S1,2024-04-12,-1,2024-04-12 12:30:00-04:00,18201.75,2024-04-12 16:00:00-04:00,18181.0,0.0010930753675465923
S1,2024-04-15,-1,2024-04-15 13:30:00-04:00,17951.0,2024-04-15 16:00:00-04:00,17876.25,0.004035831640374678
S1,2024-04-17,-1,2024-04-17 11:30:00-04:00,17767.25,2024-04-17 16:00:00-04:00,17654.25,0.006250957134305086
S1,2024-04-18,-1,2024-04-18 10:00:00-04:00,17610.0,2024-04-18 10:30:00-04:00,17652.0,-0.0024188757178827056
S1,2024-04-19,-1,2024-04-19 10:30:00-04:00,17376.5,2024-04-19 16:00:00-04:00,17181.75,0.011088882537867962
S1,2024-04-23,1,2024-04-23 10:00:00-04:00,17501.25,2024-04-23 16:00:00-04:00,17607.0,0.006024528437208635
S1,2024-04-26,1,2024-04-26 10:00:00-04:00,17786.25,2024-04-26 14:30:00-04:00,17850.75,0.0036023563648692556
S1,2024-04-26,1,2024-04-26 15:30:00-04:00,17888.0,2024-04-26 16:00:00-04:00,17839.25,-0.002797123765663187
S1,2024-04-30,-1,2024-04-30 13:00:00-04:00,17704.5,2024-04-30 13:30:00-04:00,17697.75,0.00033639358048917234
S1,2024-05-01,1,2024-05-01 15:00:00-04:00,17751.0,2024-05-01 15:30:00-04:00,17717.75,-0.001942662876569486
S1,2024-05-10,1,2024-05-10 10:00:00-04:00,18328.75,2024-05-10 10:30:00-04:00,18232.0,-0.0053353762808323185
S1,2024-05-14,1,2024-05-14 10:30:00-04:00,18364.5,2024-05-14 11:00:00-04:00,18339.0,-0.0014364474602240858
S1,2024-05-14,1,2024-05-14 11:30:00-04:00,18358.5,2024-05-14 12:00:00-04:00,18320.25,-0.0021341505123329274
S1,2024-05-14,1,2024-05-14 14:30:00-04:00,18378.5,2024-05-14 16:00:00-04:00,18411.25,0.0017510978562731714
S1,2024-05-15,1,2024-05-15 11:00:00-04:00,18571.75,2024-05-15 16:00:00-04:00,18692.75,0.006496663875307274
S1,2024-05-16,1,2024-05-16 11:00:00-04:00,18748.0,2024-05-16 11:30:00-04:00,18745.0,-0.0002007628990162618
S1,2024-05-17,-1,2024-05-17 14:30:00-04:00,18571.0,2024-05-17 15:00:00-04:00,18617.75,-0.0025467461966356144
S1,2024-05-20,1,2024-05-20 10:00:00-04:00,18749.75,2024-05-20 16:00:00-04:00,18766.25,0.0008447984552256819
S1,2024-05-22,-1,2024-05-22 14:30:00-04:00,18692.25,2024-05-22 15:00:00-04:00,18730.0,-0.0020470012760527437
S1,2024-05-23,-1,2024-05-23 14:00:00-04:00,18716.5,2024-05-23 16:00:00-04:00,18696.75,0.0010009746331954797
S1,2024-05-24,1,2024-05-24 10:30:00-04:00,18833.25,2024-05-24 16:00:00-04:00,18874.25,0.0021452650934722646
S1,2024-05-30,-1,2024-05-30 11:00:00-04:00,18658.25,2024-05-30 13:30:00-04:00,18717.0,-0.00317083894003384
S1,2024-05-30,-1,2024-05-30 15:00:00-04:00,18670.5,2024-05-30 16:00:00-04:00,18604.0,0.0035039102572642852
S1,2024-05-31,-1,2024-05-31 10:00:00-04:00,18543.5,2024-05-31 16:00:00-04:00,18598.5,-0.0029969895710138697
S1,2024-06-03,-1,2024-06-03 12:30:00-04:00,18503.0,2024-06-03 13:30:00-04:00,18530.25,-0.0014963059945758907
S1,2024-06-05,1,2024-06-05 11:30:00-04:00,18964.75,2024-06-05 16:00:00-04:00,19077.5,0.0059420385967239205
S1,2024-06-12,1,2024-06-12 10:00:00-04:00,19491.0,2024-06-12 12:30:00-04:00,19501.25,0.0004896339342086613
S1,2024-06-12,1,2024-06-12 13:00:00-04:00,19509.75,2024-06-12 14:30:00-04:00,19526.5,0.0008246466260356402
S1,2024-06-14,1,2024-06-14 10:00:00-04:00,19638.75,2024-06-14 10:30:00-04:00,19624.25,-0.0007789355398917152
S1,2024-06-17,1,2024-06-17 12:30:00-04:00,19817.5,2024-06-17 16:00:00-04:00,19925.0,0.005420570238911316
S1,2024-06-24,-1,2024-06-24 14:30:00-04:00,19781.25,2024-06-24 15:00:00-04:00,19820.5,-0.002007780148073786
S1,2024-06-25,1,2024-06-25 11:30:00-04:00,19932.5,2024-06-25 12:30:00-04:00,19921.25,-0.000605143721633888
S1,2024-06-25,1,2024-06-25 14:30:00-04:00,19964.0,2024-06-25 15:00:00-04:00,19949.5,-0.0007690368129097328
S1,2024-06-25,1,2024-06-25 15:30:00-04:00,19979.0,2024-06-25 16:00:00-04:00,19966.75,-0.0006555723651033787
S1,2024-06-27,1,2024-06-27 10:00:00-04:00,20059.75,2024-06-27 11:00:00-04:00,20030.5,-0.0015007128385983342
S1,2024-06-28,1,2024-06-28 10:00:00-04:00,20148.25,2024-06-28 11:30:00-04:00,20101.0,-0.002391569716748462
S1,2024-07-01,-1,2024-07-01 10:00:00-04:00,19887.75,2024-07-01 10:30:00-04:00,19936.0,-0.0024534655200470663
S1,2024-07-02,1,2024-07-02 11:00:00-04:00,20111.25,2024-07-02 12:00:00-04:00,20094.75,-0.0008632661487069774
S1,2024-07-02,1,2024-07-02 13:00:00-04:00,20127.25,2024-07-02 16:00:00-04:00,20256.5,0.0064307072526867595
S1,2024-07-05,1,2024-07-05 10:00:00-04:00,20514.5,2024-07-05 16:00:00-04:00,20621.75,0.005209989482180858
S1,2024-07-10,1,2024-07-10 13:00:00-04:00,20847.5,2024-07-10 16:00:00-04:00,20894.5,0.00222805665285673
S1,2024-07-11,-1,2024-07-11 10:30:00-04:00,20691.5,2024-07-11 16:00:00-04:00,20429.75,0.012491325468424705
S1,2024-07-12,1,2024-07-12 10:00:00-04:00,20543.0,2024-07-12 16:00:00-04:00,20540.5,-0.00015897667934403777
S1,2024-07-15,1,2024-07-15 10:30:00-04:00,20681.25,2024-07-15 12:30:00-04:00,20663.75,-0.0008854924793789422
S1,2024-07-16,-1,2024-07-16 10:30:00-04:00,20523.75,2024-07-16 11:00:00-04:00,20541.75,-0.0009080232938242309
S1,2024-07-16,-1,2024-07-16 12:30:00-04:00,20487.25,2024-07-16 13:00:00-04:00,20545.0,-0.0028330326767316005
S1,2024-07-17,-1,2024-07-17 10:00:00-04:00,20209.0,2024-07-17 16:00:00-04:00,19992.0,0.010673477949705091
S1,2024-07-18,-1,2024-07-18 11:30:00-04:00,19822.0,2024-07-18 13:00:00-04:00,19913.5,-0.004580095822058933
S1,2024-07-18,-1,2024-07-18 14:30:00-04:00,19849.5,2024-07-18 16:00:00-04:00,19891.25,-0.0021100712459350096
S1,2024-07-19,-1,2024-07-19 11:30:00-04:00,19746.25,2024-07-19 12:00:00-04:00,19817.75,-0.0036364093917507613
S1,2024-07-19,-1,2024-07-19 13:00:00-04:00,19729.25,2024-07-19 14:00:00-04:00,19720.75,0.00039006467523970104
S1,2024-07-19,-1,2024-07-19 14:30:00-04:00,19696.25,2024-07-19 15:30:00-04:00,19767.5,-0.003623826660291416
S1,2024-07-24,-1,2024-07-24 10:00:00-04:00,19511.5,2024-07-24 16:00:00-04:00,19204.5,0.015592780224536034
S1,2024-07-25,-1,2024-07-25 10:00:00-04:00,19032.0,2024-07-25 11:00:00-04:00,19214.25,-0.009522818337929957
S1,2024-07-29,1,2024-07-29 10:00:00-04:00,19358.25,2024-07-29 10:30:00-04:00,19292.5,-0.0034482311611205457
S1,2024-07-30,-1,2024-07-30 11:00:00-04:00,19106.75,2024-07-30 16:00:00-04:00,18938.75,0.008671194525093323
S1,2024-07-31,1,2024-07-31 15:00:00-04:00,19554.25,2024-07-31 15:30:00-04:00,19437.0,-0.00609134435453689
S1,2024-08-01,1,2024-08-01 10:00:00-04:00,19641.25,2024-08-01 10:30:00-04:00,19446.75,-0.01
S1,2024-08-01,-1,2024-08-01 11:00:00-04:00,19342.25,2024-08-01 16:00:00-04:00,19027.25,0.016094750320102432
S1,2024-08-02,-1,2024-08-02 10:00:00-04:00,18576.75,2024-08-02 12:00:00-04:00,18593.5,-0.0009383126457735717
S1,2024-08-02,-1,2024-08-02 13:30:00-04:00,18483.25,2024-08-02 14:30:00-04:00,18552.0,-0.003726441650357899
S1,2024-08-06,1,2024-08-06 11:00:00-04:00,18301.75,2024-08-06 11:30:00-04:00,18184.75,-0.00651344175240624
S1,2024-08-06,1,2024-08-06 12:00:00-04:00,18342.0,2024-08-06 16:00:00-04:00,18172.0,-0.009445181989158093
S1,2024-08-08,1,2024-08-08 10:30:00-04:00,18382.0,2024-08-08 13:00:00-04:00,18407.5,0.0013580619495733766
S1,2024-08-08,1,2024-08-08 13:30:00-04:00,18495.25,2024-08-08 16:00:00-04:00,18519.25,0.0012757551647507477
S1,2024-08-13,1,2024-08-13 13:00:00-04:00,19073.75,2024-08-13 16:00:00-04:00,19101.25,0.0014212281004688724
S1,2024-08-15,1,2024-08-15 10:00:00-04:00,19461.25,2024-08-15 11:00:00-04:00,19481.5,0.0010076477883422903
S1,2024-08-15,1,2024-08-15 12:00:00-04:00,19526.0,2024-08-15 13:00:00-04:00,19538.0,0.0005813352625051674
S1,2024-08-15,1,2024-08-15 14:00:00-04:00,19584.0,2024-08-15 14:30:00-04:00,19581.75,-0.00015502273666804465
S1,2024-08-15,1,2024-08-15 15:30:00-04:00,19581.25,2024-08-15 16:00:00-04:00,19587.25,0.00027128978916907815
S1,2024-08-22,-1,2024-08-22 12:00:00-04:00,19711.0,2024-08-22 12:30:00-04:00,19814.25,-0.005200650081260158
S1,2024-08-22,-1,2024-08-22 13:00:00-04:00,19707.5,2024-08-22 13:30:00-04:00,19708.75,-0.00010001250156269534
S1,2024-08-22,-1,2024-08-22 14:00:00-04:00,19608.0,2024-08-22 16:00:00-04:00,19585.5,0.0010876359544943117
S1,2024-08-23,1,2024-08-23 10:30:00-04:00,19882.75,2024-08-23 11:00:00-04:00,19720.0,-0.008276280988597968
S1,2024-08-26,-1,2024-08-26 10:30:00-04:00,19616.75,2024-08-26 13:00:00-04:00,19620.25,-0.00021504832262308354
S1,2024-08-26,-1,2024-08-26 13:30:00-04:00,19595.75,2024-08-26 15:00:00-04:00,19615.5,-0.001037291909123109
S1,2024-08-26,-1,2024-08-26 15:30:00-04:00,19586.75,2024-08-26 16:00:00-04:00,19593.25,-0.000366847138592319
S1,2024-08-28,-1,2024-08-28 10:00:00-04:00,19558.0,2024-08-28 10:30:00-04:00,19580.25,-0.0011719297351693565
S1,2024-08-28,-1,2024-08-28 11:00:00-04:00,19454.5,2024-08-28 16:00:00-04:00,19421.25,0.0016559876692610474
S1,2024-08-29,1,2024-08-29 10:00:00-04:00,19643.75,2024-08-29 13:30:00-04:00,19616.75,-0.0014232228946558622
S1,2024-09-03,-1,2024-09-03 10:00:00-04:00,19366.5,2024-09-03 16:00:00-04:00,19012.25,0.018148680562686106
S1,2024-09-05,1,2024-09-05 10:00:00-04:00,19051.0,2024-09-05 11:00:00-04:00,18983.5,-0.0036136923199110477
S1,2024-09-06,-1,2024-09-06 10:00:00-04:00,18745.75,2024-09-06 16:00:00-04:00,18458.25,0.015148113419353135
S1,2024-09-11,-1,2024-09-11 10:30:00-04:00,18655.25,2024-09-11 12:00:00-04:00,18789.0,-0.007115649137657391
S1,2024-09-11,1,2024-09-11 14:30:00-04:00,19119.75,2024-09-11 16:00:00-04:00,19254.5,0.007089196910379854
S1,2024-09-12,1,2024-09-12 14:00:00-04:00,19466.25,2024-09-12 16:00:00-04:00,19451.5,-0.0008048289738430583
S1,2024-10-01,-1,2024-10-01 10:00:00-04:00,20044.5,2024-10-01 16:00:00-04:00,19978.25,0.003234248469286984
S1,2024-10-07,-1,2024-10-07 15:00:00-04:00,19969.5,2024-10-07 16:00:00-04:00,19999.0,-0.0015022098624422704
S1,2024-10-08,1,2024-10-08 11:00:00-04:00,20240.0,2024-10-08 13:30:00-04:00,20197.0,-0.0021762650317734694
S1,2024-10-08,1,2024-10-08 14:00:00-04:00,20232.0,2024-10-08 16:00:00-04:00,20300.0,0.0033452302488403618
S1,2024-10-09,1,2024-10-09 12:00:00-04:00,20446.0,2024-10-09 16:00:00-04:00,20458.25,0.0005670052263090425
S1,2024-10-14,1,2024-10-14 10:00:00-04:00,20671.5,2024-10-14 10:30:00-04:00,20641.75,-0.0014841488041653487
S1,2024-10-15,-1,2024-10-15 10:30:00-04:00,20515.5,2024-10-15 16:00:00-04:00,20343.5,0.008300313836683752
S1,2024-10-16,-1,2024-10-16 10:00:00-04:00,20224.25,2024-10-16 10:30:00-04:00,20331.75,-0.005318756909470581
S1,2024-10-23,-1,2024-10-23 11:30:00-04:00,20309.5,2024-10-23 12:00:00-04:00,20358.0,-0.002410080743821874
S1,2024-10-23,-1,2024-10-23 12:30:00-04:00,20259.25,2024-10-23 16:00:00-04:00,20218.25,0.001969659897235136
S1,2024-10-25,1,2024-10-25 10:00:00-04:00,20649.25,2024-10-25 13:30:00-04:00,20564.5,-0.004172512657841762
S1,2024-10-29,1,2024-10-29 11:00:00-04:00,20599.5,2024-10-29 11:30:00-04:00,20597.75,-0.00012188581736629126
S1,2024-10-29,1,2024-10-29 12:00:00-04:00,20622.0,2024-10-29 16:00:00-04:00,20695.0,0.0035225001218858174
S1,2024-10-31,-1,2024-10-31 10:00:00-04:00,20166.0,2024-10-31 16:00:00-04:00,20011.25,0.007561622311695964
S1,2024-11-01,1,2024-11-01 10:00:00-04:00,20171.5,2024-11-01 14:00:00-04:00,20157.75,-0.0007225073496437292
S1,2024-11-05,1,2024-11-05 10:00:00-05:00,20292.0,2024-11-05 16:00:00-05:00,20341.25,0.002406679154933072
S1,2024-11-06,1,2024-11-06 10:30:00-05:00,20795.0,2024-11-06 11:00:00-05:00,20724.25,-0.00345665284811274
S1,2024-11-06,1,2024-11-06 12:00:00-05:00,20798.25,2024-11-06 16:00:00-05:00,20893.75,0.004580669333687862
S1,2024-11-07,1,2024-11-07 10:00:00-05:00,21109.0,2024-11-07 16:00:00-05:00,21221.75,0.005331619598462399
S1,2024-11-12,-1,2024-11-12 13:00:00-05:00,21066.5,2024-11-12 13:30:00-05:00,21121.5,-0.0026279505521053068
S1,2024-11-15,-1,2024-11-15 10:00:00-05:00,20690.25,2024-11-15 16:00:00-05:00,20491.75,0.009526103450352262
S1,2024-11-18,1,2024-11-18 10:30:00-05:00,20652.75,2024-11-18 12:00:00-05:00,20662.5,0.0004378070730164907
S1,2024-11-19,1,2024-11-19 14:00:00-05:00,20784.75,2024-11-19 14:30:00-05:00,20746.5,-0.0019004458738396317
S1,2024-11-20,-1,2024-11-20 10:00:00-05:00,20614.0,2024-11-20 12:00:00-05:00,20688.5,-0.003625981785765913
S1,2024-11-20,-1,2024-11-20 13:00:00-05:00,20608.0,2024-11-20 13:30:00-05:00,20627.5,-0.0009757625403556112
S1,2024-11-20,-1,2024-11-20 14:00:00-05:00,20589.0,2024-11-20 15:30:00-05:00,20655.25,-0.003228448898954368
S1,2024-11-21,-1,2024-11-21 10:00:00-05:00,20667.0,2024-11-21 11:00:00-05:00,20708.5,-0.0020238551446637287
S1,2024-11-27,-1,2024-11-27 10:00:00-05:00,20860.5,2024-11-27 16:00:00-05:00,20816.25,0.002077735984237865
S1,2024-12-02,1,2024-12-02 10:00:00-05:00,21152.25,2024-12-02 16:00:00-05:00,21217.0,0.0030414275700656997
S1,2024-12-06,1,2024-12-06 10:00:00-05:00,21607.5,2024-12-06 16:00:00-05:00,21658.5,0.0023381880787306315
S1,2024-12-09,-1,2024-12-09 13:00:00-05:00,21488.0,2024-12-09 13:30:00-05:00,21520.25,-0.0015267175572519084
S1,2024-12-09,-1,2024-12-09 14:30:00-05:00,21488.5,2024-12-09 16:00:00-05:00,21485.5,0.00010409437890353921
S1,2024-12-10,-1,2024-12-10 15:30:00-05:00,21372.0,2024-12-10 16:00:00-05:00,21408.0,-0.0017067025809522703
S1,2024-12-11,1,2024-12-11 10:00:00-05:00,21696.0,2024-12-11 10:30:00-05:00,21691.25,-0.00025475346812107736
S1,2024-12-11,1,2024-12-11 11:00:00-05:00,21696.5,2024-12-11 16:00:00-05:00,21791.75,0.004377127770443966
S1,2024-12-13,1,2024-12-13 10:00:00-05:00,21880.5,2024-12-13 10:30:00-05:00,21803.25,-0.003578761427375231
S1,2024-12-16,1,2024-12-16 10:00:00-05:00,21971.5,2024-12-16 16:00:00-05:00,22111.5,0.0063585926619329205
S1,2024-12-23,-1,2024-12-23 10:30:00-05:00,21541.75,2024-12-23 11:00:00-05:00,21559.5,-0.0008557188616626386
S1,2024-12-23,1,2024-12-23 14:00:00-05:00,21745.0,2024-12-23 15:00:00-05:00,21708.0,-0.0017461290285278167
S1,2024-12-27,-1,2024-12-27 10:00:00-05:00,21695.25,2024-12-27 16:00:00-05:00,21703.0,-0.0003890872470932894
S1,2024-12-30,-1,2024-12-30 10:00:00-05:00,21288.0,2024-12-30 11:00:00-05:00,21371.5,-0.003935260871596058
S1,2024-12-31,-1,2024-12-31 11:30:00-05:00,21299.25,2024-12-31 12:00:00-05:00,21329.75,-0.001456469052945563
S1,2024-12-31,-1,2024-12-31 12:30:00-05:00,21262.0,2024-12-31 13:00:00-05:00,21313.25,-0.002423564504101417
S1,2024-12-31,-1,2024-12-31 13:30:00-05:00,21219.75,2024-12-31 15:30:00-05:00,21309.0,-0.0041946308724832215
S1,2025-01-02,-1,2025-01-02 13:00:00-05:00,21076.5,2025-01-02 14:30:00-05:00,21112.5,-0.001721492897377944
S1,2025-01-02,-1,2025-01-02 15:00:00-05:00,21063.25,2025-01-02 15:30:00-05:00,21156.0,-0.00437985267768266
S1,2025-01-03,1,2025-01-03 10:00:00-05:00,21382.75,2025-01-03 10:30:00-05:00,21334.0,-0.0023246257704725567
S1,2025-01-03,1,2025-01-03 11:00:00-05:00,21376.5,2025-01-03 16:00:00-05:00,21508.25,0.00615203991781626
S1,2025-01-06,1,2025-01-06 10:00:00-05:00,21818.25,2025-01-06 12:30:00-05:00,21827.25,0.0003796114159505815
S1,2025-01-07,-1,2025-01-07 10:30:00-05:00,21577.0,2025-01-07 16:00:00-05:00,21359.0,0.00996936914199181
S1,2025-01-08,-1,2025-01-08 12:30:00-05:00,21190.75,2025-01-08 13:00:00-05:00,21268.0,-0.003652412113833511
S1,2025-01-10,-1,2025-01-10 10:00:00-05:00,21053.0,2025-01-10 13:30:00-05:00,21109.5,-0.002701427391765955
S1,2025-01-10,-1,2025-01-10 15:30:00-05:00,21010.5,2025-01-10 16:00:00-05:00,21015.5,-0.0002713224017930872
S1,2025-01-15,1,2025-01-15 10:00:00-05:00,21328.0,2025-01-15 11:00:00-05:00,21319.75,-0.00042350449973530967
S1,2025-01-15,1,2025-01-15 14:30:00-05:00,21417.25,2025-01-15 16:00:00-05:00,21395.75,-0.001046997235456738
S1,2025-01-22,1,2025-01-22 10:00:00-05:00,22013.75,2025-01-22 10:30:00-05:00,22012.75,-7.985853630711312e-05
S1,2025-01-22,1,2025-01-22 11:30:00-05:00,22052.0,2025-01-22 13:30:00-05:00,22017.0,-0.001631395813131025
S1,2025-01-24,-1,2025-01-24 14:00:00-05:00,21868.25,2025-01-24 16:00:00-05:00,21908.5,-0.001859895437585765
S1,2025-01-28,1,2025-01-28 10:30:00-05:00,21467.25,2025-01-28 16:00:00-05:00,21575.5,0.00504629683960991
S1,2025-01-29,-1,2025-01-29 14:30:00-05:00,21399.5,2025-01-29 15:00:00-05:00,21538.5,-0.006469982291461706
S1,2025-01-31,1,2025-01-31 10:00:00-05:00,21867.25,2025-01-31 13:30:00-05:00,21815.0,-0.0024340957104803896
S1,2025-02-04,1,2025-02-04 10:00:00-05:00,21561.0,2025-02-04 16:00:00-05:00,21668.25,0.004971698663710101
S1,2025-02-07,-1,2025-02-07 10:30:00-05:00,21744.25,2025-02-07 16:00:00-05:00,21588.25,0.007093575801882482
S1,2025-02-13,1,2025-02-13 11:00:00-05:00,22038.0,2025-02-13 12:00:00-05:00,21962.5,-0.0034865112025605854
S1,2025-02-13,1,2025-02-13 15:00:00-05:00,22057.5,2025-02-13 16:00:00-05:00,22109.75,0.0023548239597622313
S1,2025-02-20,-1,2025-02-20 10:00:00-05:00,22011.0,2025-02-20 14:30:00-05:00,22094.25,-0.0037821652896283123
S1,2025-02-21,-1,2025-02-21 10:30:00-05:00,22005.25,2025-02-21 16:00:00-05:00,21682.5,0.014513493717955942
S1,2025-02-24,-1,2025-02-24 10:00:00-05:00,21567.0,2025-02-24 11:30:00-05:00,21593.0,-0.0012297437076198138
S1,2025-02-25,-1,2025-02-25 10:00:00-05:00,21259.75,2025-02-25 15:30:00-05:00,21226.5,0.0015193305595811322
S1,2025-02-26,1,2025-02-26 11:30:00-05:00,21365.75,2025-02-26 12:00:00-05:00,21349.75,-0.00078865281619681
S1,2025-02-26,1,2025-02-26 12:30:00-05:00,21377.5,2025-02-26 13:00:00-05:00,21249.5,-0.006062032840915779
S1,2025-02-27,-1,2025-02-27 10:00:00-05:00,21006.75,2025-02-27 10:30:00-05:00,21126.5,-0.0056464744678607825
S1,2025-02-27,-1,2025-02-27 11:00:00-05:00,21020.0,2025-02-27 13:30:00-05:00,21096.25,-0.0036081206143176786
S1,2025-02-27,-1,2025-02-27 14:30:00-05:00,20898.0,2025-02-27 16:00:00-05:00,20608.25,0.013542166981010509
S1,2025-02-28,1,2025-02-28 10:30:00-05:00,20756.25,2025-02-28 11:00:00-05:00,20760.0,0.0001457000279258387
S1,2025-03-03,-1,2025-03-03 13:30:00-05:00,20685.25,2025-03-03 16:00:00-05:00,20473.0,0.010044881384911306
S1,2025-03-04,-1,2025-03-04 10:00:00-05:00,20230.5,2025-03-04 11:00:00-05:00,20197.5,0.0015853508664126828
S1,2025-03-04,-1,2025-03-04 11:30:00-05:00,20142.5,2025-03-04 12:00:00-05:00,20298.0,-0.007680963500061448
S1,2025-03-05,1,2025-03-05 13:00:00-05:00,20570.25,2025-03-05 13:30:00-05:00,20505.25,-0.0032196853767521576
S1,2025-03-05,1,2025-03-05 14:00:00-05:00,20590.25,2025-03-05 16:00:00-05:00,20658.0,0.003280896125359613
S1,2025-03-06,-1,2025-03-06 12:30:00-05:00,20156.5,2025-03-06 15:30:00-05:00,20105.75,0.0024617505508166856
S1,2025-03-07,-1,2025-03-07 11:30:00-05:00,19873.25,2025-03-07 13:00:00-05:00,19945.5,-0.0036433508846355402
S1,2025-03-10,-1,2025-03-10 10:30:00-04:00,19668.5,2025-03-10 16:00:00-04:00,19463.5,0.010273628087118354
S1,2025-03-11,-1,2025-03-11 13:30:00-04:00,19208.75,2025-03-11 14:00:00-04:00,19326.0,-0.006076053654643289
S1,2025-03-13,-1,2025-03-13 10:00:00-04:00,19367.5,2025-03-13 10:30:00-04:00,19476.5,-0.005606927556963319
S1,2025-03-13,-1,2025-03-13 11:30:00-04:00,19354.5,2025-03-13 15:00:00-04:00,19362.25,-0.0004342495146623071
S1,2025-03-13,-1,2025-03-13 15:30:00-04:00,19260.75,2025-03-13 16:00:00-04:00,19251.5,0.0004342495146623071
S1,2025-03-14,1,2025-03-14 11:30:00-04:00,19645.25,2025-03-14 14:00:00-04:00,19630.0,-0.0008219881839198562
S1,2025-03-26,-1,2025-03-26 10:00:00-04:00,20316.5,2025-03-26 16:00:00-04:00,20112.5,0.009944224277117275
S1,2025-03-28,-1,2025-03-28 10:30:00-04:00,19638.75,2025-03-28 16:00:00-04:00,19461.5,0.008864446788207523
S1,2025-03-31,-1,2025-03-31 10:30:00-04:00,19060.25,2025-03-31 11:00:00-04:00,19139.5,-0.004173949338689901
S1,2025-04-01,1,2025-04-01 12:00:00-04:00,19592.75,2025-04-01 12:30:00-04:00,19555.0,-0.001986532855189495
S1,2025-04-02,1,2025-04-02 12:30:00-04:00,19768.5,2025-04-02 14:00:00-04:00,19744.75,-0.001267591059602649
S1,2025-04-03,-1,2025-04-03 11:00:00-04:00,18766.0,2025-04-03 11:30:00-04:00,18821.25,-0.0029591661492529425
S1,2025-04-04,-1,2025-04-04 10:30:00-04:00,17916.0,2025-04-04 16:00:00-04:00,17534.75,0.020958990883802913
S1,2025-04-07,1,2025-04-07 14:00:00-04:00,17784.75,2025-04-07 14:30:00-04:00,17601.5,-0.01087149187592319
S1,2025-04-08,1,2025-04-08 10:30:00-04:00,18284.0,2025-04-08 11:00:00-04:00,18120.75,-0.009035563758574144
S1,2025-04-08,-1,2025-04-08 15:30:00-04:00,17269.25,2025-04-08 16:00:00-04:00,17239.5,0.0015977521280405498
S1,2025-04-09,1,2025-04-09 10:00:00-04:00,17446.25,2025-04-09 11:00:00-04:00,17224.5,-0.012929656855623674
S1,2025-04-09,1,2025-04-09 11:30:00-04:00,17398.75,2025-04-09 12:00:00-04:00,17320.25,-0.004605282273295174
S1,2025-04-09,1,2025-04-09 12:30:00-04:00,17456.25,2025-04-09 16:00:00-04:00,19269.5,0.10532585640817038
S1,2025-04-10,-1,2025-04-10 10:00:00-04:00,18661.25,2025-04-10 10:30:00-04:00,18643.75,0.0008913960326224339
S1,2025-04-10,-1,2025-04-10 11:00:00-04:00,18586.25,2025-04-10 14:00:00-04:00,18459.25,0.006718731290661629
S1,2025-04-21,-1,2025-04-21 10:00:00-04:00,17994.25,2025-04-21 14:30:00-04:00,17752.75,0.013279644772949791
S1,2025-04-21,-1,2025-04-21 15:00:00-04:00,17708.0,2025-04-21 15:30:00-04:00,17778.0,-0.0039025331991119324
S1,2025-04-22,1,2025-04-22 11:00:00-04:00,18340.25,2025-04-22 13:30:00-04:00,18257.75,-0.0045862083212824855
S1,2025-04-24,1,2025-04-24 10:00:00-04:00,19052.5,2025-04-24 14:00:00-04:00,19265.75,0.011258129031403557
S1,2025-04-24,1,2025-04-24 15:00:00-04:00,19292.25,2025-04-24 15:30:00-04:00,19239.25,-0.0028476444020609
S1,2025-04-28,-1,2025-04-28 11:30:00-04:00,19319.5,2025-04-28 12:00:00-04:00,19347.0,-0.0014451421482741423
S1,2025-04-30,-1,2025-04-30 10:00:00-04:00,19120.5,2025-04-30 10:30:00-04:00,19309.25,-0.009818016967812966
S1,2025-05-08,1,2025-05-08 13:00:00-04:00,20331.0,2025-05-08 13:30:00-04:00,20301.75,-0.00148787382829936
S1,2025-05-13,1,2025-05-13 10:00:00-04:00,21125.0,2025-05-13 16:00:00-04:00,21270.75,0.006903282629912638
S1,2025-05-21,-1,2025-05-21 15:30:00-04:00,21097.0,2025-05-21 16:00:00-04:00,21149.0,-0.002478999001351113
S1,2025-05-22,1,2025-05-22 10:00:00-04:00,21286.5,2025-05-22 10:30:00-04:00,21233.75,-0.002527011867509004
S1,2025-05-22,1,2025-05-22 14:00:00-04:00,21292.25,2025-05-22 16:00:00-04:00,21183.5,-0.005172108401724036
S1,2025-05-27,1,2025-05-27 10:30:00-04:00,21369.75,2025-05-27 11:00:00-04:00,21355.5,-0.0007055669230226487
S1,2025-05-27,1,2025-05-27 11:30:00-04:00,21390.25,2025-05-27 16:00:00-04:00,21466.5,0.003551353512547332
S1,2025-05-30,-1,2025-05-30 10:00:00-04:00,21257.5,2025-05-30 10:30:00-04:00,21384.5,-0.00597465157609204
S1,2025-05-30,-1,2025-05-30 12:30:00-04:00,21175.25,2025-05-30 14:30:00-04:00,21280.25,-0.0049457487606397905
S1,2025-06-02,1,2025-06-02 14:30:00-04:00,21508.5,2025-06-02 16:00:00-04:00,21534.25,0.0011743843290155137
S1,2025-06-03,1,2025-06-03 11:00:00-04:00,21661.0,2025-06-03 12:00:00-04:00,21684.5,0.0010558314382512646
S1,2025-06-03,1,2025-06-03 12:30:00-04:00,21709.75,2025-06-03 16:00:00-04:00,21704.5,-0.0002784610386596742
S1,2025-06-05,1,2025-06-05 11:30:00-04:00,21919.5,2025-06-05 12:00:00-04:00,21920.25,0.0
S1,2025-06-05,-1,2025-06-05 15:30:00-04:00,21575.5,2025-06-05 16:00:00-04:00,21586.75,-0.0005501495719148643
S1,2025-06-16,1,2025-06-16 10:00:00-04:00,21928.0,2025-06-16 16:00:00-04:00,21948.5,0.0009062231144250072
S1,2025-06-23,1,2025-06-23 10:30:00-04:00,21985.0,2025-06-23 12:00:00-04:00,21938.75,-0.0021491363444105308
S1,2025-06-23,1,2025-06-23 13:30:00-04:00,22019.0,2025-06-23 16:00:00-04:00,22072.75,0.0024234941756118753
S1,2025-06-24,1,2025-06-24 11:30:00-04:00,22373.0,2025-06-24 12:00:00-04:00,22362.5,-0.0005047955577990914
S1,2025-06-24,1,2025-06-24 12:30:00-04:00,22391.25,2025-06-24 13:00:00-04:00,22400.0,0.000358965729990465
S1,2025-06-24,1,2025-06-24 14:00:00-04:00,22417.5,2025-06-24 15:30:00-04:00,22421.5,0.0001458298278086264
S1,2025-06-26,1,2025-06-26 14:30:00-04:00,22673.5,2025-06-26 15:00:00-04:00,22667.0,-0.00032147568424436586
S1,2025-06-27,1,2025-06-27 10:00:00-04:00,22764.5,2025-06-27 11:00:00-04:00,22760.25,-0.0002201915666629968
S1,2025-06-27,1,2025-06-27 11:30:00-04:00,22792.25,2025-06-27 13:00:00-04:00,22794.75,7.706704833204888e-05
S1,2025-07-01,-1,2025-07-01 11:00:00-04:00,22687.5,2025-07-01 14:00:00-04:00,22742.5,-0.002444934162198906
S1,2025-07-02,1,2025-07-02 10:30:00-04:00,22790.5,2025-07-02 16:00:00-04:00,22844.5,0.002350552324619001
S1,2025-07-07,-1,2025-07-07 14:30:00-04:00,22786.25,2025-07-07 15:00:00-04:00,22877.25,-0.0039989975265056175
S1,2025-07-09,1,2025-07-09 10:00:00-04:00,23086.0,2025-07-09 11:00:00-04:00,22947.0,-0.006081705923951477
S1,2025-07-10,-1,2025-07-10 10:00:00-04:00,22960.75,2025-07-10 11:30:00-04:00,22997.25,-0.0016144936016209948
S1,2025-07-14,1,2025-07-14 13:00:00-04:00,23034.5,2025-07-14 14:30:00-04:00,23049.25,0.0006102145557964934
S1,2025-07-14,1,2025-07-14 15:00:00-04:00,23051.5,2025-07-14 15:30:00-04:00,23042.0,-0.0004467642283510041
S1,2025-07-16,-1,2025-07-16 10:00:00-04:00,22968.5,2025-07-16 10:30:00-04:00,23005.0,-0.0016143536626325884
S1,2025-07-16,-1,2025-07-16 11:00:00-04:00,22989.75,2025-07-16 12:00:00-04:00,22990.0,-4.3338353359264115e-05
S1,2025-07-17,1,2025-07-17 10:30:00-04:00,23154.0,2025-07-17 16:00:00-04:00,23257.75,0.004458826203179619
S1,2025-07-18,-1,2025-07-18 10:30:00-04:00,23194.0,2025-07-18 11:00:00-04:00,23205.0,-0.0005042702029955796
S1,2025-07-21,1,2025-07-21 10:00:00-04:00,23376.0,2025-07-21 16:00:00-04:00,23344.75,-0.001375974200483741
S1,2025-07-22,-1,2025-07-22 10:00:00-04:00,23142.0,2025-07-22 16:00:00-04:00,23221.25,-0.0034267112139124475
S1,2025-07-25,1,2025-07-25 12:30:00-04:00,23464.0,2025-07-25 13:00:00-04:00,23450.25,-0.0006207191780821918
S1,2025-07-31,-1,2025-07-31 14:00:00-04:00,23389.75,2025-07-31 14:30:00-04:00,23418.0,-0.001221194032993294
S1,2025-07-31,-1,2025-07-31 15:30:00-04:00,23378.0,2025-07-31 16:00:00-04:00,23354.25,0.0009685331985808883
S1,2025-08-01,-1,2025-08-01 10:00:00-04:00,22880.0,2025-08-01 12:30:00-04:00,23008.5,-0.005598267460747158
S1,2025-08-01,-1,2025-08-01 13:00:00-04:00,22879.0,2025-08-01 16:00:00-04:00,22880.5,-9.745533297238765e-05
S1,2025-08-04,1,2025-08-04 10:00:00-04:00,23246.75,2025-08-04 16:00:00-04:00,23296.75,0.0021325885511388237
S1,2025-08-05,-1,2025-08-05 11:00:00-04:00,23181.0,2025-08-05 12:30:00-04:00,23197.25,-0.0007281059608321823
S1,2025-08-05,-1,2025-08-05 13:00:00-04:00,23180.0,2025-08-05 13:30:00-04:00,23210.75,-0.0013491375156596318
S1,2025-08-05,-1,2025-08-05 14:30:00-04:00,23178.75,2025-08-05 16:00:00-04:00,23133.5,0.001905924426884242
S1,2025-08-06,1,2025-08-06 11:00:00-04:00,23282.5,2025-08-06 16:00:00-04:00,23424.75,0.006107232646719251
S1,2025-08-08,1,2025-08-08 10:00:00-04:00,23643.75,2025-08-08 13:30:00-04:00,23661.25,0.0007115019061879427
S1,2025-08-08,1,2025-08-08 14:00:00-04:00,23700.5,2025-08-08 16:00:00-04:00,23714.5,0.0005628298660889696
S1,2025-08-12,1,2025-08-12 11:30:00-04:00,23833.25,2025-08-12 16:00:00-04:00,23934.5,0.004234610036657818
S1,2025-08-15,-1,2025-08-15 10:00:00-04:00,23801.0,2025-08-15 10:30:00-04:00,23855.5,-0.002310821125714943
S1,2025-08-15,-1,2025-08-15 11:00:00-04:00,23800.25,2025-08-15 11:30:00-04:00,23802.25,-0.00011501824607630938
S1,2025-08-15,-1,2025-08-15 12:00:00-04:00,23787.75,2025-08-15 13:00:00-04:00,23818.5,-0.0013174817277831802
S1,2025-08-19,-1,2025-08-19 10:00:00-04:00,23678.25,2025-08-19 16:00:00-04:00,23470.25,0.008721725407680169
S1,2025-08-20,-1,2025-08-20 10:00:00-04:00,23174.0,2025-08-20 15:30:00-04:00,23320.0,-0.006264340216637319
S1,2025-08-22,1,2025-08-22 10:30:00-04:00,23554.5,2025-08-22 16:00:00-04:00,23565.0,0.0004190934685894818
S1,2025-08-28,1,2025-08-28 12:30:00-04:00,23754.5,2025-08-28 13:00:00-04:00,23732.25,-0.0009729169530779074
S1,2025-08-28,1,2025-08-28 14:00:00-04:00,23766.25,2025-08-28 16:00:00-04:00,23766.75,-1.0575184272585949e-05
S1,2025-08-29,-1,2025-08-29 10:00:00-04:00,23519.75,2025-08-29 16:00:00-04:00,23473.5,0.0019237273803483848
S1,2025-09-04,1,2025-09-04 15:00:00-04:00,23620.0,2025-09-04 16:00:00-04:00,23666.5,0.0019484252890696536
S1,2025-09-15,1,2025-09-15 10:00:00-04:00,24260.5,2025-09-15 11:00:00-04:00,24262.0,3.1020256227316434e-05
S1,2025-09-15,1,2025-09-15 11:30:00-04:00,24253.25,2025-09-15 13:30:00-04:00,24253.75,-1.0340085409105479e-05
S1,2025-09-15,1,2025-09-15 14:00:00-04:00,24286.5,2025-09-15 14:30:00-04:00,24264.5,-0.0009409477722285986
S1,2025-09-22,1,2025-09-22 10:00:00-04:00,24872.5,2025-09-22 16:00:00-04:00,24998.75,0.005057323044065201
S1,2025-09-23,-1,2025-09-23 10:00:00-04:00,24940.5,2025-09-23 10:30:00-04:00,24953.25,-0.0005399784008639655
S1,2025-09-23,-1,2025-09-23 13:30:00-04:00,24868.75,2025-09-23 16:00:00-04:00,24831.5,0.0014599416023359066
S1,2025-09-24,-1,2025-09-24 12:00:00-04:00,24679.75,2025-09-24 13:30:00-04:00,24732.0,-0.0021297756703268
S1,2025-09-24,-1,2025-09-24 14:00:00-04:00,24709.5,2025-09-24 15:00:00-04:00,24739.75,-0.0012457178449081284
S1,2025-09-25,-1,2025-09-25 10:00:00-04:00,24452.5,2025-09-25 10:30:00-04:00,24619.75,-0.0068358679619551395
S1,2025-09-29,1,2025-09-29 10:00:00-04:00,24942.0,2025-09-29 11:00:00-04:00,24929.25,-0.0005432431616752009
S1,2025-10-01,1,2025-10-01 14:30:00-04:00,25012.5,2025-10-01 16:00:00-04:00,25011.75,-6.057424383152284e-05
S1,2025-10-03,-1,2025-10-03 14:00:00-04:00,24973.5,2025-10-03 14:30:00-04:00,25037.75,-0.0025861897467523423
S1,2025-10-07,-1,2025-10-07 11:30:00-04:00,25074.75,2025-10-07 16:00:00-04:00,25045.25,0.001139200380393866
S1,2025-10-08,1,2025-10-08 10:00:00-04:00,25174.25,2025-10-08 16:00:00-04:00,25330.0,0.006180284891197082
S1,2025-10-09,-1,2025-10-09 10:30:00-04:00,25252.25,2025-10-09 11:00:00-04:00,25251.5,0.0
S1,2025-10-09,-1,2025-10-09 11:30:00-04:00,25227.5,2025-10-09 12:00:00-04:00,25263.25,-0.0014410359666785107
S1,2025-10-09,-1,2025-10-09 13:00:00-04:00,25204.25,2025-10-09 14:00:00-04:00,25215.5,-0.00047376524931896246
S1,2025-10-09,-1,2025-10-09 14:30:00-04:00,25213.25,2025-10-09 15:00:00-04:00,25235.25,-0.0008981799518338663
S1,2025-10-10,-1,2025-10-10 11:00:00-04:00,25193.0,2025-10-10 16:00:00-04:00,24402.25,0.031209260063998736
S1,2025-10-13,1,2025-10-13 10:00:00-04:00,24887.25,2025-10-13 10:30:00-04:00,24825.5,-0.0025176487175097434
S1,2025-10-14,-1,2025-10-14 10:00:00-04:00,24575.0,2025-10-14 10:30:00-04:00,24721.0,-0.005956065141291665
S1,2025-10-15,1,2025-10-15 10:30:00-04:00,25102.0,2025-10-15 11:30:00-04:00,25053.5,-0.00196980301969803
S1,2025-10-16,-1,2025-10-16 14:30:00-04:00,24697.5,2025-10-16 15:00:00-04:00,24797.0,-0.004002755013425699
S1,2025-10-16,-1,2025-10-16 15:30:00-04:00,24736.0,2025-10-16 16:00:00-04:00,24830.75,-0.0038130982920913147
S1,2025-10-17,1,2025-10-17 10:30:00-04:00,24909.0,2025-10-17 11:00:00-04:00,24764.5,-0.005871949062610541
S1,2025-10-17,1,2025-10-17 14:30:00-04:00,25016.25,2025-10-17 16:00:00-04:00,24989.0,-0.0011319419879731163
S1,2025-10-20,1,2025-10-20 10:00:00-04:00,25222.5,2025-10-20 16:00:00-04:00,25300.25,0.003065408654803137
S1,2025-10-21,-1,2025-10-21 10:00:00-04:00,25235.0,2025-10-21 10:30:00-04:00,25220.75,0.0005335810203254844
S1,2025-10-22,-1,2025-10-22 10:30:00-04:00,25125.25,2025-10-22 16:00:00-04:00,25040.5,0.003324691773366844
S1,2025-10-23,1,2025-10-23 10:00:00-04:00,25160.75,2025-10-23 13:30:00-04:00,25207.25,0.0018288112726727627
S1,2025-10-23,1,2025-10-23 14:00:00-04:00,25279.5,2025-10-23 16:00:00-04:00,25253.0,-0.0010892919602258533
S1,2025-10-30,-1,2025-10-30 10:30:00-04:00,26019.5,2025-10-30 11:30:00-04:00,26058.0,-0.0015023779676749504
S1,2025-10-30,-1,2025-10-30 12:00:00-04:00,25991.75,2025-10-30 12:30:00-04:00,26083.0,-0.0035214974019387372
S1,2025-11-05,1,2025-11-05 10:00:00-05:00,25680.5,2025-11-05 16:00:00-05:00,25741.0,0.0023392614198044417
S1,2025-11-06,-1,2025-11-06 10:00:00-05:00,25513.25,2025-11-06 16:00:00-05:00,25258.25,0.009903014723066136
S1,2025-11-07,-1,2025-11-07 10:00:00-05:00,25018.0,2025-11-07 14:30:00-05:00,24951.25,0.002628382549132833
S1,2025-11-10,1,2025-11-10 10:00:00-05:00,25637.25,2025-11-10 11:00:00-05:00,25523.75,-0.004473594048259997
S1,2025-11-10,1,2025-11-10 15:00:00-05:00,25702.25,2025-11-10 16:00:00-05:00,25713.0,0.000391561842298468
S1,2025-11-13,-1,2025-11-13 10:00:00-05:00,25382.0,2025-11-13 10:30:00-05:00,25384.0,-0.00010793943616363618
S1,2025-11-13,-1,2025-11-13 11:00:00-05:00,25257.75,2025-11-13 16:00:00-05:00,25100.0,0.006162360537342138
S1,2025-11-14,1,2025-11-14 11:30:00-05:00,25241.25,2025-11-14 12:00:00-05:00,25247.75,0.00023257224907476692
S1,2025-11-14,1,2025-11-14 12:30:00-05:00,25264.0,2025-11-14 13:00:00-05:00,25204.0,-0.002457176370659494
S1,2025-11-17,-1,2025-11-17 15:00:00-05:00,24756.25,2025-11-17 16:00:00-05:00,24888.25,-0.005310477943014871
S1,2025-11-18,-1,2025-11-18 10:00:00-05:00,24521.75,2025-11-18 11:30:00-05:00,24647.25,-0.005107562226290292
S1,2025-11-18,-1,2025-11-18 12:30:00-05:00,24536.0,2025-11-18 13:00:00-05:00,24753.5,-0.008829508561487969
S1,2025-11-19,1,2025-11-19 10:00:00-05:00,24894.0,2025-11-19 11:00:00-05:00,24768.75,-0.005119557930235865
S1,2025-11-20,-1,2025-11-20 12:30:00-05:00,24448.75,2025-11-20 16:00:00-05:00,24138.25,0.012286059932967098
S1,2025-11-21,1,2025-11-21 14:00:00-05:00,24477.5,2025-11-21 15:30:00-05:00,24388.75,-0.003697812299873985
S1,2025-11-24,1,2025-11-24 10:00:00-05:00,24683.0,2025-11-24 16:00:00-05:00,24935.25,0.010255992007258715
S1,2025-12-05,1,2025-12-05 10:30:00-05:00,25836.75,2025-12-05 11:00:00-05:00,25743.0,-0.0036799065420560747
S1,2025-12-11,-1,2025-12-11 10:00:00-05:00,25414.75,2025-12-11 10:30:00-05:00,25599.5,-0.0072338019381129725
S1,2025-12-11,-1,2025-12-11 11:30:00-05:00,25467.0,2025-12-11 12:00:00-05:00,25501.25,-0.0013648682902099947
S1,2025-12-12,-1,2025-12-12 10:30:00-05:00,25319.5,2025-12-12 16:00:00-05:00,25209.5,0.0042742148453164585
S1,2025-12-15,-1,2025-12-15 10:30:00-05:00,25068.75,2025-12-15 11:00:00-05:00,25154.25,-0.0033946001259445844
S1,2025-12-31,-1,2025-12-31 10:00:00-05:00,25606.25,2025-12-31 10:30:00-05:00,25602.25,0.00012656379301952003
S1,2025-12-31,-1,2025-12-31 11:00:00-05:00,25554.25,2025-12-31 11:30:00-05:00,25596.5,-0.0016745363384121112
S1,2025-12-31,-1,2025-12-31 15:00:00-05:00,25535.75,2025-12-31 16:00:00-05:00,25455.25,0.003105680767171299
S1,2026-01-02,-1,2026-01-02 12:00:00-05:00,25341.25,2026-01-02 12:30:00-05:00,25388.25,-0.001858916961887336
S1,2026-01-02,-1,2026-01-02 13:00:00-05:00,25323.5,2026-01-02 14:30:00-05:00,25410.75,-0.0034258574376143575
S1,2026-01-06,1,2026-01-06 10:00:00-05:00,25753.0,2026-01-06 11:00:00-05:00,25687.0,-0.002603760337026057
S1,2026-01-06,1,2026-01-06 13:00:00-05:00,25759.75,2026-01-06 16:00:00-05:00,25813.5,0.0020674052114214385
S1,2026-01-07,1,2026-01-07 12:00:00-05:00,25969.75,2026-01-07 14:30:00-05:00,25899.5,-0.0027529249827942187
S1,2026-01-08,-1,2026-01-08 10:00:00-05:00,25603.75,2026-01-08 10:30:00-05:00,25696.75,-0.003635623291257053
S1,2026-01-08,-1,2026-01-08 11:30:00-05:00,25624.5,2026-01-08 12:00:00-05:00,25670.75,-0.0018226591433502027
S1,2026-01-08,-1,2026-01-08 12:30:00-05:00,25636.0,2026-01-08 13:00:00-05:00,25681.0,-0.001774184166133442
S1,2026-01-08,-1,2026-01-08 13:30:00-05:00,25658.5,2026-01-08 15:30:00-05:00,25676.0,-0.0007077346673647064
S1,2026-01-09,1,2026-01-09 10:30:00-05:00,25854.25,2026-01-09 11:00:00-05:00,25811.75,-0.0016819631329236993
S1,2026-01-09,1,2026-01-09 11:30:00-05:00,25864.5,2026-01-09 16:00:00-05:00,25933.25,0.0026444738274869722
S1,2026-01-13,-1,2026-01-13 10:30:00-05:00,25841.75,2026-01-13 11:00:00-05:00,25894.5,-0.0020616173098784224
S1,2026-01-14,-1,2026-01-14 10:00:00-05:00,25586.25,2026-01-14 16:00:00-05:00,25636.5,-0.0019813712254392523
S1,2026-01-21,1,2026-01-21 10:00:00-05:00,25323.5,2026-01-21 12:00:00-05:00,25229.75,-0.003750520905681345
S1,2026-01-21,1,2026-01-21 14:30:00-05:00,25430.25,2026-01-21 16:00:00-05:00,25471.5,0.001607366102434862
S1,2026-01-23,1,2026-01-23 11:00:00-05:00,25826.5,2026-01-23 11:30:00-05:00,25791.25,-0.0014058106841611997
S1,2026-01-23,1,2026-01-23 12:30:00-05:00,25798.5,2026-01-23 13:00:00-05:00,25693.75,-0.00411980631052796
S1,2026-01-26,1,2026-01-26 11:00:00-05:00,25881.0,2026-01-26 15:00:00-05:00,25879.0,-0.00010680026408792574
S1,2026-01-29,-1,2026-01-29 10:00:00-05:00,25864.5,2026-01-29 16:00:00-05:00,25991.5,-0.004888361681366828
S1,2026-01-30,-1,2026-01-30 13:00:00-05:00,25677.75,2026-01-30 14:00:00-05:00,25741.25,-0.0024870085255039335
S1,2026-01-30,-1,2026-01-30 15:30:00-05:00,25595.75,2026-01-30 16:00:00-05:00,25675.5,-0.00311601846386096
S1,2026-02-02,1,2026-02-02 10:30:00-05:00,25865.5,2026-02-02 15:00:00-05:00,25847.25,-0.0007438582754233141
S1,2026-02-02,1,2026-02-02 15:30:00-05:00,25864.0,2026-02-02 16:00:00-05:00,25856.5,-0.0003229910932759127
S1,2026-02-03,-1,2026-02-03 10:00:00-05:00,25632.75,2026-02-03 16:00:00-05:00,25445.5,0.007191123878194315
S1,2026-02-04,-1,2026-02-04 10:00:00-05:00,25194.25,2026-02-04 10:30:00-05:00,25248.0,-0.0021468948809359673
S1,2026-02-04,-1,2026-02-04 11:00:00-05:00,25152.25,2026-02-04 16:00:00-05:00,24994.5,0.006184632959760493
S1,2026-02-05,-1,2026-02-05 10:30:00-05:00,24578.5,2026-02-05 11:00:00-05:00,24635.0,-0.0023112402983417606
S1,2026-02-06,1,2026-02-06 11:30:00-05:00,25006.75,2026-02-06 16:00:00-05:00,25146.75,0.005623876739161164
S1,2026-02-09,1,2026-02-09 11:30:00-05:00,25355.75,2026-02-09 13:30:00-05:00,25342.5,-0.0005587093813291297
S1,2026-02-09,1,2026-02-09 14:00:00-05:00,25370.0,2026-02-09 15:30:00-05:00,25364.0,-0.0002693777374265447
S1,2026-02-12,-1,2026-02-12 11:00:00-05:00,25011.0,2026-02-12 16:00:00-05:00,24763.5,0.009735167924249149
S1,2026-02-17,-1,2026-02-17 10:00:00-05:00,24483.75,2026-02-17 10:30:00-05:00,24526.0,-0.001743767551730081
S1,2026-02-18,1,2026-02-18 10:00:00-05:00,24941.0,2026-02-18 13:30:00-05:00,25063.25,0.00489731755980572
S1,2026-02-20,1,2026-02-20 11:00:00-05:00,25118.25,2026-02-20 11:30:00-05:00,24977.5,-0.0057252101435348625
S1,2026-02-20,1,2026-02-20 12:00:00-05:00,25098.5,2026-02-20 12:30:00-05:00,24926.75,-0.0069794964647333126
S1,2026-02-23,-1,2026-02-23 11:00:00-05:00,24743.25,2026-02-23 11:30:00-05:00,24777.75,-0.001411072415035427
S1,2026-02-23,-1,2026-02-23 12:00:00-05:00,24735.0,2026-02-23 12:30:00-05:00,24742.5,-0.00033025099075297226
S1,2026-02-23,-1,2026-02-23 14:30:00-05:00,24714.25,2026-02-23 16:00:00-05:00,24768.0,-0.0021816580601256956
S1,2026-02-24,1,2026-02-24 10:30:00-05:00,25011.25,2026-02-24 11:00:00-05:00,24976.5,-0.001431163071961298
S1,2026-02-24,1,2026-02-24 12:30:00-05:00,25060.25,2026-02-24 13:00:00-05:00,25046.0,-0.0006047167909695626
S1,2026-02-25,1,2026-02-25 10:00:00-05:00,25343.0,2026-02-25 11:00:00-05:00,25295.25,-0.0019276438032213511
S1,2026-02-25,1,2026-02-25 15:00:00-05:00,25368.5,2026-02-25 15:30:00-05:00,25366.75,-9.936308264027584e-05
S1,2026-02-26,-1,2026-02-26 10:00:00-05:00,25193.5,2026-02-26 16:00:00-05:00,25083.25,0.004320890221766238
S1,2026-03-04,1,2026-03-04 10:30:00-05:00,25139.25,2026-03-04 16:00:00-05:00,25120.0,-0.000804715633612972
S1,2026-03-09,1,2026-03-09 15:30:00-04:00,24952.0,2026-03-09 16:00:00-04:00,24992.25,0.0016167156115380287
S1,2026-03-12,-1,2026-03-12 10:00:00-04:00,24658.75,2026-03-12 11:00:00-04:00,24620.5,0.0015135767837502396
S1,2026-03-23,1,2026-03-23 10:00:00-04:00,24600.5,2026-03-23 11:00:00-04:00,24611.0,0.00039806885570514326
S1,2026-03-26,-1,2026-03-26 13:00:00-04:00,23998.5,2026-03-26 16:00:00-04:00,23786.75,0.008734799482535575
S1,2026-03-27,-1,2026-03-27 10:00:00-04:00,23481.0,2026-03-27 11:30:00-04:00,23557.25,-0.0032551945718573634
S1,2026-03-27,-1,2026-03-27 12:30:00-04:00,23481.75,2026-03-27 16:00:00-04:00,23308.75,0.007281912532499102
S1,2026-03-30,-1,2026-03-30 14:30:00-04:00,23154.75,2026-03-30 16:00:00-04:00,23135.5,0.0007869410325942468
S1,2026-03-31,1,2026-03-31 10:00:00-04:00,23569.0,2026-03-31 11:00:00-04:00,23409.25,-0.006864327948079165
S1,2026-03-31,1,2026-03-31 11:30:00-04:00,23492.0,2026-03-31 12:00:00-04:00,23446.25,-0.0019887305270135896
S1,2026-03-31,1,2026-03-31 12:30:00-04:00,23550.25,2026-03-31 16:00:00-04:00,23909.75,0.01534316293690592
S1,2026-04-01,1,2026-04-01 10:30:00-04:00,24186.75,2026-04-01 14:30:00-04:00,24154.0,-0.0013907484094612408
S1,2026-04-06,1,2026-04-06 10:00:00-04:00,24411.0,2026-04-06 11:00:00-04:00,24306.25,-0.004347781292177085
S1,2026-04-07,-1,2026-04-07 10:00:00-04:00,24121.25,2026-04-07 12:30:00-04:00,24189.5,-0.002846123703260668
S1,2026-04-14,1,2026-04-14 10:30:00-04:00,25803.75,2026-04-14 16:00:00-04:00,26000.75,0.0076492082825822165
S1,2026-04-15,1,2026-04-15 11:30:00-04:00,26191.75,2026-04-15 13:00:00-04:00,26144.25,-0.0018540934155666993
S1,2026-04-15,1,2026-04-15 14:30:00-04:00,26247.5,2026-04-15 16:00:00-04:00,26364.25,0.004457509558668127
S1,2026-04-17,1,2026-04-17 11:30:00-04:00,26842.75,2026-04-17 12:00:00-04:00,26804.75,-0.0014517186475601761
S1,2026-04-20,-1,2026-04-20 11:00:00-04:00,26638.25,2026-04-20 11:30:00-04:00,26700.25,-0.0023417237325770155
S1,2026-04-22,1,2026-04-22 10:30:00-04:00,26989.5,2026-04-22 11:00:00-04:00,26972.25,-0.0006696179457609464
S1,2026-04-22,1,2026-04-22 14:00:00-04:00,27029.75,2026-04-22 14:30:00-04:00,26999.75,-0.0011439306573416167
S1,2026-04-22,1,2026-04-22 15:30:00-04:00,27045.25,2026-04-22 16:00:00-04:00,27080.0,0.0012648338975484543
S1,2026-04-24,1,2026-04-24 11:30:00-04:00,27326.0,2026-04-24 16:00:00-04:00,27434.0,0.003941565600882028
S1,2026-04-28,-1,2026-04-28 11:30:00-04:00,27046.0,2026-04-28 12:00:00-04:00,27053.5,-0.00030374433931004013
S1,2026-04-29,1,2026-04-29 11:00:00-04:00,27303.0,2026-04-29 11:30:00-04:00,27275.25,-0.0010475341597213927
S1,2026-04-30,-1,2026-04-30 10:00:00-04:00,27247.25,2026-04-30 11:00:00-04:00,27359.25,-0.004101304960669304
S1,2026-05-01,1,2026-05-01 10:00:00-04:00,27873.5,2026-05-01 16:00:00-04:00,27837.25,-0.0013389908713392622
S1,2026-05-04,-1,2026-05-04 13:00:00-04:00,27705.25,2026-05-04 13:30:00-04:00,27793.25,-0.003186199716383349
S1,2026-05-05,1,2026-05-05 10:00:00-04:00,28085.0,2026-05-05 16:00:00-04:00,28135.75,0.001786448005430802
S1,2026-05-06,1,2026-05-06 10:00:00-04:00,28468.25,2026-05-06 10:30:00-04:00,28420.25,-0.0017171841702037726
S1,2026-05-06,1,2026-05-06 11:00:00-04:00,28537.5,2026-05-06 16:00:00-04:00,28710.25,0.006058577995385618
S1,2026-05-07,1,2026-05-07 10:30:00-04:00,28874.25,2026-05-07 11:30:00-04:00,28854.5,-0.0007130434782608696
S1,2026-05-08,1,2026-05-08 10:00:00-04:00,29106.5,2026-05-08 16:00:00-04:00,29339.75,0.008050972176532714
S1,2026-05-12,-1,2026-05-12 10:00:00-04:00,29129.0,2026-05-12 16:00:00-04:00,29174.25,-0.001574641426762058
S1,2026-05-13,1,2026-05-13 12:30:00-04:00,29436.5,2026-05-13 16:00:00-04:00,29476.0,0.0013231352329571646
S1,2026-05-14,1,2026-05-14 10:30:00-04:00,29622.25,2026-05-14 16:00:00-04:00,29686.75,0.0021627581527500954
S1,2026-05-15,-1,2026-05-15 10:00:00-04:00,29144.0,2026-05-15 10:30:00-04:00,29292.25,-0.0050891454334312455
S1,2026-05-18,-1,2026-05-18 11:00:00-04:00,29082.25,2026-05-18 16:00:00-04:00,29098.75,-0.0005879646198680914
S1,2026-05-19,-1,2026-05-19 10:30:00-04:00,28711.5,2026-05-19 11:00:00-04:00,28803.75,-0.003223542256999506
S1,2026-05-20,1,2026-05-20 10:30:00-04:00,29208.75,2026-05-20 12:30:00-04:00,29236.25,0.0009200818614889849
S1,2026-05-20,1,2026-05-20 13:30:00-04:00,29295.25,2026-05-20 16:00:00-04:00,29396.25,0.0034481572566082514
S1,2026-05-26,1,2026-05-26 10:00:00-04:00,30007.0,2026-05-26 11:30:00-04:00,29999.0,-0.0002926225670523711
S1,2026-05-27,-1,2026-05-27 10:30:00-04:00,29916.75,2026-05-27 11:30:00-04:00,29952.0,-0.0011925465838509316
S1,2026-05-28,1,2026-05-28 11:30:00-04:00,30262.5,2026-05-28 16:00:00-04:00,30306.25,0.0014308055768142947
S1,2026-05-29,1,2026-05-29 10:00:00-04:00,30518.0,2026-05-29 10:30:00-04:00,30405.25,-0.003735641641707534
S1,2026-06-01,1,2026-06-01 13:00:00-04:00,30581.25,2026-06-01 16:00:00-04:00,30571.25,-0.0003542827011172264
S1,2026-06-03,-1,2026-06-03 10:00:00-04:00,30562.0,2026-06-03 10:30:00-04:00,30722.75,-0.005251221356050691
S1,2026-06-05,-1,2026-06-05 10:00:00-04:00,29774.25,2026-06-05 16:00:00-04:00,29015.75,0.025228269645339304
S1,2026-06-08,1,2026-06-08 11:00:00-04:00,29676.5,2026-06-08 11:30:00-04:00,29630.25,-0.0015918173812910655
S1,2026-06-09,-1,2026-06-09 11:00:00-04:00,29242.0,2026-06-09 16:00:00-04:00,29115.25,0.00423714564347446
S1,2026-06-10,-1,2026-06-10 15:00:00-04:00,28608.25,2026-06-10 16:00:00-04:00,28526.0,0.002824662946660659
S1,2026-06-11,1,2026-06-11 10:00:00-04:00,28899.5,2026-06-11 11:00:00-04:00,28649.5,-0.008720753306148
S1,2026-06-11,1,2026-06-11 13:30:00-04:00,29086.75,2026-06-11 16:00:00-04:00,29456.75,0.012842026553520037
S1,2026-06-12,1,2026-06-12 11:30:00-04:00,29745.5,2026-06-12 12:00:00-04:00,29440.25,-0.010374815643594569
S1,2026-06-22,-1,2026-06-22 11:00:00-04:00,30639.75,2026-06-22 12:30:00-04:00,30589.5,0.0016059566391707423
S1,2026-06-24,1,2026-06-24 11:00:00-04:00,29891.25,2026-06-24 11:30:00-04:00,29800.75,-0.0030712272287433213
S1,2026-06-24,-1,2026-06-24 14:00:00-04:00,29389.25,2026-06-24 14:30:00-04:00,29540.0,-0.005099078631831377
S1,2026-06-24,-1,2026-06-24 15:00:00-04:00,29346.0,2026-06-24 15:30:00-04:00,29384.0,-0.0013042197820690815
S1,2026-06-25,-1,2026-06-25 10:00:00-04:00,29316.75,2026-06-25 10:30:00-04:00,29586.0,-0.008954258662001608
S1,2026-06-29,1,2026-06-29 13:30:00-04:00,30012.25,2026-06-29 16:00:00-04:00,30046.25,0.0011216813412947408
S1,2026-06-30,1,2026-06-30 10:00:00-04:00,30366.75,2026-06-30 16:00:00-04:00,30513.5,0.004858973292287212
S1,2026-07-02,-1,2026-07-02 11:00:00-04:00,29840.25,2026-07-02 16:00:00-04:00,29538.25,0.010016208802626657
S1,2026-07-07,-1,2026-07-07 10:30:00-04:00,29303.5,2026-07-07 12:00:00-04:00,29388.0,-0.002880748825735816
S1,2026-07-13,-1,2026-07-13 14:30:00-04:00,29475.0,2026-07-13 15:00:00-04:00,29493.5,-0.0006479299899023898
S1,2026-07-13,-1,2026-07-13 15:30:00-04:00,29419.75,2026-07-13 16:00:00-04:00,29467.0,-0.0016156176371592056
S1,2026-07-15,-1,2026-07-15 11:00:00-04:00,29632.0,2026-07-15 11:30:00-04:00,29640.75,-0.0003171370866785732
S1,2026-07-15,-1,2026-07-15 12:00:00-04:00,29580.25,2026-07-15 13:30:00-04:00,29604.75,-0.0008429169935404183
S1,2026-07-16,-1,2026-07-16 15:00:00-04:00,29210.0,2026-07-16 16:00:00-04:00,29217.0,-0.0002630150003393742
S1,2026-07-23,-1,2026-07-23 11:00:00-04:00,28597.25,2026-07-23 12:00:00-04:00,28588.5,0.00027856850608933345
S1,2026-07-24,-1,2026-07-24 10:00:00-04:00,28323.0,2026-07-24 11:00:00-04:00,28449.0,-0.004441135248773651
S1,2026-07-24,-1,2026-07-24 14:30:00-04:00,28337.75,2026-07-24 16:00:00-04:00,28283.25,0.0018833216538192011
S1,2026-07-27,-1,2026-07-27 10:30:00-04:00,28086.5,2026-07-27 12:30:00-04:00,28154.25,-0.0023959007362585475
S1,2026-07-27,-1,2026-07-27 13:00:00-04:00,28047.0,2026-07-27 15:00:00-04:00,28188.75,-0.00498417306447946
S1,2026-07-28,-1,2026-07-28 10:00:00-04:00,27665.5,2026-07-28 11:30:00-04:00,27965.75,-0.010769230769230769
S1,2026-07-29,-1,2026-07-29 10:00:00-04:00,27735.25,2026-07-29 14:30:00-04:00,27777.0,-0.001522506224363682
S1,2026-07-29,-1,2026-07-29 15:30:00-04:00,27711.25,2026-07-29 16:00:00-04:00,27335.0,0.013451790288201473
S1,2026-07-30,1,2026-07-30 10:00:00-04:00,28150.5,2026-07-30 11:30:00-04:00,28010.5,-0.005048919818131272
S1,2026-07-30,1,2026-07-30 12:00:00-04:00,28078.75,2026-07-30 16:00:00-04:00,28229.0,0.005362795828139433
S1,2026-08-03,1,2026-08-03 10:00:00-04:00,28623.75,2026-08-03 16:00:00-04:00,28901.25,0.009738203314683839
S1,2026-08-04,1,2026-08-04 10:00:00-04:00,29465.25,2026-08-04 16:00:00-04:00,29877.75,0.014084266155859037
S1,2026-08-13,1,2026-08-13 10:00:00-04:00,30175.75,2026-08-13 12:00:00-04:00,30117.25,-0.001980926271094357
S1,2026-08-13,1,2026-08-13 12:30:00-04:00,30186.75,2026-08-13 16:00:00-04:00,30194.75,0.00024239182220141926
S1,2026-08-24,-1,2026-08-24 10:00:00-04:00,29022.25,2026-08-24 11:30:00-04:00,29122.0,-0.003437601546065571
S1,2026-08-27,1,2026-08-27 12:30:00-04:00,29603.5,2026-08-27 14:00:00-04:00,29612.0,0.0002624960837277831
S1,2026-08-28,1,2026-08-28 11:00:00-04:00,29796.5,2026-08-28 11:30:00-04:00,29783.25,-0.0004725180147493123
S1,2026-08-28,-1,2026-08-28 12:30:00-04:00,29488.5,2026-08-28 14:00:00-04:00,29515.75,-0.0009450360294986246
S1,2026-08-28,-1,2026-08-28 14:30:00-04:00,29483.25,2026-08-28 16:00:00-04:00,29496.5,-0.0004725180147493123
S1,2026-09-03,1,2026-09-03 10:00:00-04:00,29331.75,2026-09-03 16:00:00-04:00,29530.75,0.006777893639207508
S1,2026-09-04,1,2026-09-04 10:00:00-04:00,29690.5,2026-09-04 10:30:00-04:00,29596.25,-0.0032107339906888716
S1,2026-09-21,1,2026-09-21 10:00:00-04:00,30416.5,2026-09-21 16:00:00-04:00,30784.25,0.012143471643173847
S1,2026-09-22,1,2026-09-22 10:00:00-04:00,30929.75,2026-09-22 12:00:00-04:00,30911.25,-0.0006257262894431036
S1,2026-09-22,1,2026-09-22 13:00:00-04:00,30941.25,2026-09-22 16:00:00-04:00,31029.25,0.002836084091112249
S1,2026-09-23,-1,2026-09-23 10:00:00-04:00,30846.75,2026-09-23 16:00:00-04:00,30770.25,0.002443036137584055
S1,2026-09-28,-1,2026-09-28 10:30:00-04:00,30547.75,2026-09-28 12:30:00-04:00,30683.5,-0.004443648675043948
