Datetime,Open,High,Low,Close,Volume
2026-03-18 20:00:00-04:00,24401.75,24428.0,24371.0,24401.0,491
2026-03-18 21:00:00-04:00,24408.0,24453.5,24390.25,24425.75,332
2026-03-18 22:00:00-04:00,24428.75,24505.25,24385.5,24481.25,461
2026-03-18 23:00:00-04:00,24480.0,24499.25,24450.25,24450.25,176
2026-03-19 00:00:00-04:00,24445.25,24446.0,24395.0,24417.0,256
2026-03-19 01:00:00-04:00,24419.0,24432.0,24365.75,24377.75,281
2026-03-19 02:00:00-04:00,24381.75,24421.75,24359.75,24388.75,289
2026-03-19 03:00:00-04:00,24391.75,24411.25,24331.5,24342.25,342
2026-03-19 04:00:00-04:00,24343.5,24379.0,24293.0,24331.25,870
2026-03-19 05:00:00-04:00,24335.0,24435.5,24291.25,24411.5,1205
2026-03-19 06:00:00-04:00,24401.5,24412.25,24360.0,24379.75,437
2026-03-19 07:00:00-04:00,24377.0,24394.75,24295.25,24329.25,546
2026-03-19 08:00:00-04:00,24321.75,24342.75,24211.0,24237.25,1460
2026-03-19 09:00:00-04:00,24235.25,24306.5,24115.0,24291.75,4816
2026-03-19 10:00:00-04:00,24276.5,24332.0,24195.75,24277.75,5570
2026-03-19 11:00:00-04:00,24278.75,24364.5,24188.0,24261.75,2367
2026-03-19 12:00:00-04:00,24262.0,24310.0,24213.0,24241.5,1896
2026-03-19 13:00:00-04:00,24245.25,24267.75,24167.5,24240.5,1954
2026-03-19 14:00:00-04:00,24239.25,24309.0,24208.0,24288.75,1529
2026-03-19 15:00:00-04:00,24294.25,24473.5,24294.25,24360.5,5268
2026-03-19 16:00:00-04:00,24360.0,24416.0,24348.0,24394.25,1002
2026-03-19 18:00:00-04:00,24417.25,24430.5,24385.5,24422.75,124
2026-03-19 19:00:00-04:00,24418.5,24438.0,24393.25,24417.25,165
2026-03-19 20:00:00-04:00,24396.25,24425.0,24369.5,24376.5,133
2026-03-19 21:00:00-04:00,24385.75,24444.0,24376.25,24402.0,173
2026-03-19 22:00:00-04:00,24405.0,24424.25,24393.5,24409.25,120
2026-03-19 23:00:00-04:00,24409.25,24419.25,24391.75,24398.0,101
2026-03-20 00:00:00-04:00,24401.5,24411.5,24378.0,24379.0,52
2026-03-20 01:00:00-04:00,24374.0,24391.25,24352.0,24382.25,125
2026-03-20 02:00:00-04:00,24391.25,24391.25,24306.75,24317.5,151
2026-03-20 03:00:00-04:00,24314.0,24391.25,24275.5,24384.75,280
2026-03-20 04:00:00-04:00,24375.75,24396.5,24340.0,24350.5,827
2026-03-20 05:00:00-04:00,24348.0,24361.0,24195.5,24212.0,496
2026-03-20 06:00:00-04:00,24217.0,24225.0,24108.75,24193.0,272
2026-03-20 07:00:00-04:00,24194.0,24250.0,24190.75,24232.75,252
2026-03-20 08:00:00-04:00,24237.25,24284.25,24215.0,24279.25,300
2026-03-20 09:00:00-04:00,24288.0,24312.25,24239.75,24284.25,288
2026-03-22 18:00:00-04:00,23902.0,24095.0,23890.0,24044.0,19056
2026-03-22 19:00:00-04:00,24046.75,24084.5,23975.5,24007.25,9040
2026-03-22 20:00:00-04:00,24008.0,24091.0,23940.25,23949.25,15537
2026-03-22 21:00:00-04:00,23950.25,24072.75,23936.25,24044.5,11200
2026-03-22 22:00:00-04:00,24045.0,24068.5,23989.75,24009.25,6854
2026-03-22 23:00:00-04:00,24010.0,24027.25,23950.0,23950.75,5672
2026-03-23 00:00:00-04:00,23955.75,24004.0,23946.0,23996.0,4269
2026-03-23 01:00:00-04:00,23995.75,24033.75,23932.75,23974.5,6948
2026-03-23 02:00:00-04:00,23972.75,23975.75,23827.0,23854.5,10150
2026-03-23 03:00:00-04:00,23855.75,23913.25,23772.5,23842.75,13992
2026-03-23 04:00:00-04:00,23841.5,23955.25,23839.75,23932.0,15493
2026-03-23 05:00:00-04:00,23932.25,23971.5,23845.25,23882.25,13111
2026-03-23 06:00:00-04:00,23884.0,23929.0,23815.75,23881.25,14302
2026-03-23 07:00:00-04:00,23881.25,24763.0,23875.5,24390.0,64509
2026-03-23 08:00:00-04:00,24392.75,24621.0,24345.0,24608.5,39391
2026-03-23 09:00:00-04:00,24610.0,24648.0,24432.5,24599.25,73255
2026-03-23 10:00:00-04:00,24600.5,24688.25,24527.5,24609.5,72110
2026-03-23 11:00:00-04:00,24611.0,24690.0,24370.25,24381.5,68021
2026-03-23 12:00:00-04:00,24382.0,24465.5,24308.5,24368.75,63523
2026-03-23 13:00:00-04:00,24369.0,24473.75,24311.25,24468.25,41522
2026-03-23 14:00:00-04:00,24468.5,24536.75,24416.75,24514.0,38842
2026-03-23 15:00:00-04:00,24514.25,24516.5,24398.25,24398.75,49341
2026-03-23 16:00:00-04:00,24398.75,24433.75,24359.0,24400.0,16286
2026-03-23 18:00:00-04:00,24417.25,24489.75,24377.25,24482.0,6040
2026-03-23 19:00:00-04:00,24483.25,24484.0,24426.75,24455.5,4883
2026-03-23 20:00:00-04:00,24454.75,24457.75,24266.75,24322.5,13063
2026-03-23 21:00:00-04:00,24326.25,24326.5,24232.25,24263.75,7766
2026-03-23 22:00:00-04:00,24263.0,24294.0,24222.75,24249.5,6023
2026-03-23 23:00:00-04:00,24250.0,24282.5,24231.0,24277.0,3498
2026-03-24 00:00:00-04:00,24276.75,24303.5,24241.25,24256.5,3649
2026-03-24 01:00:00-04:00,24258.0,24305.0,24193.5,24262.5,7151
2026-03-24 02:00:00-04:00,24263.0,24397.75,24259.75,24376.5,6525
2026-03-24 03:00:00-04:00,24376.5,24507.25,24371.25,24467.0,11600
2026-03-24 04:00:00-04:00,24466.5,24491.0,24361.0,24377.5,11290
2026-03-24 05:00:00-04:00,24379.25,24429.25,24304.25,24420.25,9110
2026-03-24 06:00:00-04:00,24421.5,24434.0,24369.5,24406.5,6821
2026-03-24 07:00:00-04:00,24407.0,24424.25,24297.5,24383.0,10908
2026-03-24 08:00:00-04:00,24384.0,24397.75,24263.75,24280.25,15293
2026-03-24 09:00:00-04:00,24279.5,24317.5,24134.0,24215.75,68715
2026-03-24 10:00:00-04:00,24215.75,24343.0,24175.75,24242.5,83463
2026-03-24 11:00:00-04:00,24244.5,24385.25,24240.5,24295.5,51674
2026-03-24 12:00:00-04:00,24295.0,24346.25,24244.25,24281.25,37259
2026-03-24 13:00:00-04:00,24280.75,24294.75,24160.25,24242.5,48606
2026-03-24 14:00:00-04:00,24243.0,24348.0,24209.25,24276.25,41635
2026-03-24 15:00:00-04:00,24275.25,24319.75,24188.5,24219.25,44262
2026-03-24 16:00:00-04:00,24219.25,24550.0,24214.25,24403.75,38988
2026-03-24 18:00:00-04:00,24420.0,24458.5,24380.75,24426.5,8101
2026-03-24 19:00:00-04:00,24425.25,24444.0,24402.25,24411.75,4931
2026-03-24 20:00:00-04:00,24412.0,24494.0,24382.75,24449.75,10122
2026-03-24 21:00:00-04:00,24449.0,24468.5,24392.5,24395.25,6402
2026-03-24 22:00:00-04:00,24396.5,24401.0,24334.0,24335.25,6309
2026-03-24 23:00:00-04:00,24337.0,24389.0,24320.5,24381.25,4198
2026-03-25 00:00:00-04:00,24381.0,24421.5,24375.5,24418.5,3546
2026-03-25 01:00:00-04:00,24419.25,24429.0,24372.5,24382.0,3408
2026-03-25 02:00:00-04:00,24382.5,24390.0,24323.75,24378.0,5946
2026-03-25 03:00:00-04:00,24377.0,24419.75,24352.0,24408.25,5664
2026-03-25 04:00:00-04:00,24408.5,24535.0,24408.5,24439.0,15244
2026-03-25 05:00:00-04:00,24441.25,24481.25,24412.5,24453.75,9608
2026-03-25 06:00:00-04:00,24454.75,24487.5,24426.75,24449.0,7864
2026-03-25 07:00:00-04:00,24447.75,24522.0,24440.25,24495.0,12905
2026-03-25 08:00:00-04:00,24494.5,24539.75,24373.0,24448.0,24963
2026-03-25 09:00:00-04:00,24448.75,24526.0,24360.75,24368.75,59608
2026-03-25 10:00:00-04:00,24368.5,24519.5,24327.5,24484.25,70374
2026-03-25 11:00:00-04:00,24483.75,24494.25,24286.5,24378.25,75511
2026-03-25 12:00:00-04:00,24377.5,24450.25,24330.75,24422.0,44553
2026-03-25 13:00:00-04:00,24422.5,24493.75,24377.25,24427.75,44715
2026-03-25 14:00:00-04:00,24426.0,24453.0,24322.75,24354.5,32536
2026-03-25 15:00:00-04:00,24354.75,24395.0,24311.75,24371.75,48364
2026-03-25 16:00:00-04:00,24371.5,24393.0,24349.25,24367.75,10575
2026-03-25 18:00:00-04:00,24373.5,24373.5,24308.0,24316.25,4837
2026-03-25 19:00:00-04:00,24314.75,24332.5,24283.25,24323.75,5558
2026-03-25 20:00:00-04:00,24323.5,24410.0,24316.25,24354.75,7607
2026-03-25 21:00:00-04:00,24355.75,24381.75,24330.75,24363.75,4602
2026-03-25 22:00:00-04:00,24360.25,24378.75,24247.75,24284.25,8247
2026-03-25 23:00:00-04:00,24284.0,24421.25,24281.75,24380.0,7896
2026-03-26 00:00:00-04:00,24379.25,24385.0,24317.0,24324.75,3276
2026-03-26 01:00:00-04:00,24326.0,24340.25,24251.0,24255.5,5960
2026-03-26 02:00:00-04:00,24255.75,24295.75,24232.0,24288.25,5019
2026-03-26 03:00:00-04:00,24288.75,24298.0,24199.0,24259.5,6256
2026-03-26 04:00:00-04:00,24258.5,24288.0,24152.5,24193.75,10506
2026-03-26 05:00:00-04:00,24194.5,24197.75,24107.0,24155.0,10893
2026-03-26 06:00:00-04:00,24155.75,24202.25,24132.25,24176.5,8745
2026-03-26 07:00:00-04:00,24178.25,24188.5,24098.75,24101.75,9878
2026-03-26 08:00:00-04:00,24104.0,24147.75,24069.0,24118.0,16924
2026-03-26 09:00:00-04:00,24117.25,24233.25,24064.0,24216.0,68699
2026-03-26 10:00:00-04:00,24215.75,24242.5,24030.25,24103.0,74216
2026-03-26 11:00:00-04:00,24104.0,24129.75,24051.25,24092.5,47465
2026-03-26 12:00:00-04:00,24092.5,24101.75,23970.0,23998.0,48807
2026-03-26 13:00:00-04:00,23998.5,24018.0,23851.5,23861.25,40459
2026-03-26 14:00:00-04:00,23860.75,23900.75,23844.5,23882.75,37924
2026-03-26 15:00:00-04:00,23882.75,23886.5,23775.0,23786.75,66075
2026-03-26 16:00:00-04:00,23787.25,24022.25,23763.25,23822.0,38954
2026-03-26 18:00:00-04:00,23824.0,23890.75,23824.0,23870.5,8345
2026-03-26 19:00:00-04:00,23868.75,23892.25,23841.5,23876.75,5571
2026-03-26 20:00:00-04:00,23877.0,23908.75,23807.0,23818.25,9555
2026-03-26 21:00:00-04:00,23818.75,23875.0,23806.0,23872.0,5562
2026-03-26 22:00:00-04:00,23872.25,23886.0,23845.0,23854.25,4375
2026-03-26 23:00:00-04:00,23855.5,23898.0,23839.0,23895.25,3655
2026-03-27 00:00:00-04:00,23895.75,23921.0,23882.0,23917.75,3440
2026-03-27 01:00:00-04:00,23916.25,23976.0,23914.5,23927.25,7737
2026-03-27 02:00:00-04:00,23926.5,23955.25,23894.75,23905.25,6331
2026-03-27 03:00:00-04:00,23905.0,23906.75,23853.75,23872.0,6459
2026-03-27 04:00:00-04:00,23872.0,23897.5,23770.5,23779.25,15584
2026-03-27 05:00:00-04:00,23779.5,23812.5,23710.0,23738.75,13863
2026-03-27 06:00:00-04:00,23739.5,23769.25,23633.0,23649.5,13070
2026-03-27 07:00:00-04:00,23649.5,23690.0,23608.25,23664.0,15424
2026-03-27 08:00:00-04:00,23663.0,23667.5,23596.75,23613.0,14109
2026-03-27 09:00:00-04:00,23615.5,23664.0,23470.0,23478.75,70797
2026-03-27 10:00:00-04:00,23481.0,23558.5,23440.0,23511.5,70442
2026-03-27 11:00:00-04:00,23511.5,23610.5,23458.5,23549.5,63395
2026-03-27 12:00:00-04:00,23550.5,23556.75,23444.25,23473.5,38446
2026-03-27 13:00:00-04:00,23473.5,23529.5,23344.0,23360.25,47069
2026-03-27 14:00:00-04:00,23359.75,23396.25,23325.25,23340.0,39082
2026-03-27 15:00:00-04:00,23339.25,23360.5,23269.0,23308.75,63661
2026-03-27 16:00:00-04:00,23308.75,23330.5,23232.5,23254.25,24386
2026-03-29 18:00:00-04:00,23189.5,23242.25,23135.0,23208.25,15214
2026-03-29 19:00:00-04:00,23209.5,23224.0,23108.5,23127.5,10679
2026-03-29 20:00:00-04:00,23128.25,23263.75,23093.0,23149.75,17615
2026-03-29 21:00:00-04:00,23151.25,23210.0,23136.0,23201.0,7807
2026-03-29 22:00:00-04:00,23201.75,23275.0,23195.25,23252.25,8139
2026-03-29 23:00:00-04:00,23252.0,23306.5,23250.25,23296.25,7057
2026-03-30 00:00:00-04:00,23296.25,23356.25,23288.25,23321.5,7757
2026-03-30 01:00:00-04:00,23321.5,23362.75,23319.0,23345.5,5123
2026-03-30 02:00:00-04:00,23345.5,23416.0,23337.25,23390.5,7645
2026-03-30 03:00:00-04:00,23389.5,23414.25,23360.0,23396.75,8293
2026-03-30 04:00:00-04:00,23397.5,23449.5,23374.0,23443.5,9553
2026-03-30 05:00:00-04:00,23443.5,23451.25,23390.0,23403.0,8172
2026-03-30 06:00:00-04:00,23403.75,23417.0,23373.25,23410.5,5679
2026-03-30 07:00:00-04:00,23412.0,23574.0,23406.25,23457.75,19535
2026-03-30 08:00:00-04:00,23459.75,23524.0,23436.5,23506.0,11743
2026-03-30 09:00:00-04:00,23505.75,23538.25,23292.75,23302.0,62561
2026-03-30 10:00:00-04:00,23302.5,23382.75,23262.25,23377.5,73196
2026-03-30 11:00:00-04:00,23377.5,23436.25,23282.0,23375.0,63342
2026-03-30 12:00:00-04:00,23374.5,23380.25,23267.0,23288.0,39043
2026-03-30 13:00:00-04:00,23288.0,23306.25,23169.5,23210.75,47156
2026-03-30 14:00:00-04:00,23210.5,23212.75,23115.25,23120.75,31634
2026-03-30 15:00:00-04:00,23120.75,23165.25,23024.5,23135.5,66541
2026-03-30 16:00:00-04:00,23136.0,23144.5,23091.75,23106.25,15984
2026-03-30 18:00:00-04:00,23119.5,23147.75,23097.75,23100.25,6063
2026-03-30 19:00:00-04:00,23100.0,23100.0,23021.25,23046.0,9885
2026-03-30 20:00:00-04:00,23045.5,23283.75,22961.5,23202.25,27030
2026-03-30 21:00:00-04:00,23203.0,23397.25,23160.25,23339.25,23055
2026-03-30 22:00:00-04:00,23340.0,23405.0,23322.75,23345.5,10248
2026-03-30 23:00:00-04:00,23346.25,23397.5,23310.0,23318.25,6660
2026-03-31 00:00:00-04:00,23319.5,23342.0,23277.75,23283.75,5569
2026-03-31 01:00:00-04:00,23283.0,23338.5,23235.0,23310.5,6955
2026-03-31 02:00:00-04:00,23311.25,23319.0,23265.25,23292.0,6122
2026-03-31 03:00:00-04:00,23292.25,23371.5,23238.25,23369.75,11362
2026-03-31 04:00:00-04:00,23369.5,23390.25,23293.25,23313.25,10590
2026-03-31 05:00:00-04:00,23311.75,23351.75,23293.75,23305.75,8022
2026-03-31 06:00:00-04:00,23306.5,23332.5,23238.5,23286.75,9927
2026-03-31 07:00:00-04:00,23284.5,23398.0,23264.0,23360.0,20524
2026-03-31 08:00:00-04:00,23359.75,23439.25,23312.0,23370.25,27301
2026-03-31 09:00:00-04:00,23370.75,23575.0,23357.0,23565.0,70242
2026-03-31 10:00:00-04:00,23569.0,23587.75,23376.5,23409.5,77911
2026-03-31 11:00:00-04:00,23409.25,23558.75,23407.5,23446.5,61870
2026-03-31 12:00:00-04:00,23446.25,23857.25,23435.75,23775.25,109363
2026-03-31 13:00:00-04:00,23775.75,23876.0,23747.5,23761.0,81405
2026-03-31 14:00:00-04:00,23760.0,23872.0,23760.0,23855.5,41938
2026-03-31 15:00:00-04:00,23856.25,23975.25,23833.5,23909.75,77922
2026-03-31 16:00:00-04:00,23909.5,23945.5,23868.25,23905.5,25413
2026-03-31 18:00:00-04:00,23889.0,23974.0,23880.0,23958.0,9271
2026-03-31 19:00:00-04:00,23957.0,24045.75,23943.0,24038.0,9194
2026-03-31 20:00:00-04:00,24036.25,24048.25,23992.25,24036.25,8814
2026-03-31 21:00:00-04:00,24037.0,24042.25,23967.0,23976.25,8584
2026-03-31 22:00:00-04:00,23978.25,23996.25,23956.25,23966.25,4265
2026-03-31 23:00:00-04:00,23966.75,23993.5,23963.25,23981.75,2587
2026-04-01 00:00:00-04:00,23982.0,24022.5,23978.5,24011.75,3400
2026-04-01 01:00:00-04:00,24013.75,24073.75,24007.5,24041.25,6056
2026-04-01 02:00:00-04:00,24041.5,24176.75,24039.0,24169.0,14144
2026-04-01 03:00:00-04:00,24169.5,24181.25,24072.25,24079.25,12597
2026-04-01 04:00:00-04:00,24078.75,24106.5,24026.75,24071.75,13806
2026-04-01 05:00:00-04:00,24072.0,24090.75,24003.5,24068.0,9643
2026-04-01 06:00:00-04:00,24070.75,24140.0,24050.75,24127.0,9252
2026-04-01 07:00:00-04:00,24128.5,24205.0,24123.5,24191.0,12635
2026-04-01 08:00:00-04:00,24189.75,24246.0,24050.0,24062.25,26748
2026-04-01 09:00:00-04:00,24061.0,24194.75,24036.0,24120.75,72112
2026-04-01 10:00:00-04:00,24121.75,24270.0,24108.75,24260.0,81166
2026-04-01 11:00:00-04:00,24260.25,24327.0,24229.75,24313.25,50752
2026-04-01 12:00:00-04:00,24314.0,24330.75,24288.25,24318.75,31150
2026-04-01 13:00:00-04:00,24319.75,24348.25,24265.5,24266.75,30537
2026-04-01 14:00:00-04:00,24266.75,24273.5,24124.5,24159.0,65646
2026-04-01 15:00:00-04:00,24159.0,24255.75,24153.75,24200.75,67032
2026-04-01 16:00:00-04:00,24201.0,24215.75,24176.5,24187.25,14011
2026-04-01 18:00:00-04:00,24180.0,24206.0,24158.0,24170.5,5298
2026-04-01 19:00:00-04:00,24170.5,24203.75,24159.25,24183.5,4001
2026-04-01 20:00:00-04:00,24183.0,24245.75,24154.5,24236.25,8896
2026-04-01 21:00:00-04:00,24236.0,24240.0,23912.5,23938.5,29489
2026-04-01 22:00:00-04:00,23940.5,23967.0,23856.0,23884.75,12719
2026-04-01 23:00:00-04:00,23885.5,23894.75,23815.0,23821.5,7015
2026-04-02 00:00:00-04:00,23821.75,23841.25,23795.0,23803.0,5577
2026-04-02 01:00:00-04:00,23805.25,23827.0,23753.75,23756.0,7011
2026-04-02 02:00:00-04:00,23757.5,23819.0,23752.5,23815.5,8093
2026-04-02 03:00:00-04:00,23815.75,23882.0,23795.25,23879.25,9047
2026-04-02 04:00:00-04:00,23878.5,23881.75,23823.25,23834.75,7576
2026-04-02 05:00:00-04:00,23835.25,23860.0,23818.5,23830.25,4240
2026-04-02 06:00:00-04:00,23831.5,23840.75,23775.0,23813.25,6922
2026-04-02 07:00:00-04:00,23811.75,23822.0,23682.0,23682.75,12645
2026-04-02 08:00:00-04:00,23684.0,23757.75,23666.0,23725.5,17323
2026-04-02 09:00:00-04:00,23725.25,23908.25,23678.0,23898.0,71145
2026-04-02 10:00:00-04:00,23897.75,24266.75,23859.0,24175.0,125002
2026-04-02 11:00:00-04:00,24174.5,24214.5,24089.0,24136.0,67272
2026-04-02 12:00:00-04:00,24136.0,24177.0,24057.5,24121.0,42604
2026-04-02 13:00:00-04:00,24120.5,24182.75,24063.5,24090.75,31589
2026-04-02 14:00:00-04:00,24091.25,24165.0,24091.0,24140.5,29013
2026-04-02 15:00:00-04:00,24141.0,24225.75,24135.0,24220.75,39924
2026-04-02 16:00:00-04:00,24220.75,24233.75,24199.75,24219.5,15089
2026-04-02 18:00:00-04:00,24219.5,24219.5,24177.5,24203.5,4636
2026-04-02 19:00:00-04:00,24203.0,24216.75,24189.0,24213.25,2354
2026-04-02 20:00:00-04:00,24214.75,24255.0,24212.5,24225.25,4350
2026-04-02 21:00:00-04:00,24226.0,24231.75,24195.75,24196.75,2437
2026-04-02 22:00:00-04:00,24196.0,24205.5,24150.5,24181.25,4356
2026-04-02 23:00:00-04:00,24180.25,24192.5,24161.0,24167.25,2519
2026-04-03 00:00:00-04:00,24166.25,24183.0,24157.25,24166.25,1399
2026-04-03 01:00:00-04:00,24167.5,24193.5,24159.25,24180.75,1648
2026-04-03 02:00:00-04:00,24183.0,24184.25,24139.25,24152.75,1784
2026-04-03 03:00:00-04:00,24152.75,24163.5,24120.0,24155.25,2447
2026-04-03 04:00:00-04:00,24154.25,24167.5,24142.0,24149.0,1162
2026-04-03 05:00:00-04:00,24150.5,24153.5,24131.75,24140.25,1016
2026-04-03 06:00:00-04:00,24140.25,24145.0,24126.0,24138.5,1506
2026-04-03 07:00:00-04:00,24139.75,24159.5,24114.25,24151.25,2258
2026-04-03 08:00:00-04:00,24151.25,24245.25,24112.75,24116.5,7347
2026-04-03 09:00:00-04:00,24115.75,24137.25,24106.0,24129.75,1211
2026-04-05 18:00:00-04:00,24093.5,24097.0,23981.5,24079.25,19050
2026-04-05 19:00:00-04:00,24079.25,24094.5,24041.0,24091.75,10617
2026-04-05 20:00:00-04:00,24091.5,24216.0,24087.75,24208.75,9765
2026-04-05 21:00:00-04:00,24209.75,24240.0,24183.75,24193.75,6186
2026-04-05 22:00:00-04:00,24193.25,24326.75,24188.25,24223.0,11058
2026-04-05 23:00:00-04:00,24223.0,24230.0,24120.5,24213.0,7615
2026-04-06 00:00:00-04:00,24213.0,24265.0,24207.75,24253.5,4443
2026-04-06 01:00:00-04:00,24253.0,24268.0,24212.0,24232.75,3300
2026-04-06 02:00:00-04:00,24232.25,24290.75,24215.75,24255.5,6888
2026-04-06 03:00:00-04:00,24257.25,24325.5,24207.25,24309.5,7194
2026-04-06 04:00:00-04:00,24310.0,24393.25,24308.75,24370.5,8037
2026-04-06 05:00:00-04:00,24370.5,24398.25,24332.0,24337.5,5501
2026-04-06 06:00:00-04:00,24338.0,24359.0,24262.5,24315.5,7044
2026-04-06 07:00:00-04:00,24315.5,24316.5,24282.0,24306.5,6613
2026-04-06 08:00:00-04:00,24306.0,24338.0,24288.25,24307.0,8302
2026-04-06 09:00:00-04:00,24307.5,24416.75,24245.75,24411.0,62789
2026-04-06 10:00:00-04:00,24411.0,24452.25,24262.25,24306.25,75629
2026-04-06 11:00:00-04:00,24306.25,24337.5,24252.25,24324.0,37672
2026-04-06 12:00:00-04:00,24324.25,24346.75,24283.25,24309.25,25539
2026-04-06 13:00:00-04:00,24309.0,24334.25,24202.75,24263.5,37071
2026-04-06 14:00:00-04:00,24264.5,24364.25,24245.5,24351.25,31881
2026-04-06 15:00:00-04:00,24351.5,24376.25,24326.25,24363.75,31053
2026-04-06 16:00:00-04:00,24363.5,24370.0,24334.0,24349.75,10993
2026-04-06 18:00:00-04:00,24348.75,24384.0,24299.75,24303.25,6153
2026-04-06 19:00:00-04:00,24302.25,24333.0,24298.25,24299.5,2947
2026-04-06 20:00:00-04:00,24299.25,24358.5,24278.75,24303.5,7522
2026-04-06 21:00:00-04:00,24303.0,24310.5,24168.25,24177.0,9724
2026-04-06 22:00:00-04:00,24178.75,24220.25,24153.0,24211.0,6819
2026-04-06 23:00:00-04:00,24212.5,24231.5,24192.75,24220.25,3117
2026-04-07 00:00:00-04:00,24221.5,24264.0,24198.25,24247.25,3790
2026-04-07 01:00:00-04:00,24248.25,24259.5,24204.5,24228.5,3916
2026-04-07 02:00:00-04:00,24228.5,24244.75,24207.0,24241.25,3160
2026-04-07 03:00:00-04:00,24242.75,24257.5,24209.25,24246.25,4154
2026-04-07 04:00:00-04:00,24247.75,24382.5,24246.75,24359.25,12366
2026-04-07 05:00:00-04:00,24359.5,24422.0,24352.75,24385.25,7480
2026-04-07 06:00:00-04:00,24387.0,24400.25,24185.25,24202.75,16124
2026-04-07 07:00:00-04:00,24205.5,24258.0,24178.25,24210.75,12344
2026-04-07 08:00:00-04:00,24211.0,24281.0,24133.0,24214.75,22914
2026-04-07 09:00:00-04:00,24216.25,24308.0,24118.0,24120.25,60475
2026-04-07 10:00:00-04:00,24121.25,24144.5,23994.0,24009.25,82405
2026-04-07 11:00:00-04:00,24008.75,24133.0,23941.5,24108.5,61100
2026-04-07 12:00:00-04:00,24107.5,24241.75,24105.5,24202.25,50062
2026-04-07 13:00:00-04:00,24201.75,24299.75,24169.75,24225.5,42665
2026-04-07 14:00:00-04:00,24226.0,24238.25,24076.75,24102.0,37354
2026-04-07 15:00:00-04:00,24102.5,24381.0,24083.25,24369.5,85873
2026-04-07 16:00:00-04:00,24369.25,24451.5,24345.75,24399.25,26940
2026-04-07 18:00:00-04:00,24514.0,24924.5,24355.0,24914.0,35575
2026-04-07 19:00:00-04:00,24915.0,25086.0,24913.5,25050.75,29389
2026-04-07 20:00:00-04:00,25049.75,25101.5,25007.75,25080.25,20125
2026-04-07 21:00:00-04:00,25080.0,25109.5,25040.75,25095.25,9106
2026-04-07 22:00:00-04:00,25095.5,25111.5,25091.75,25110.5,5439
2026-04-07 23:00:00-04:00,25110.25,25118.75,25086.75,25102.0,4181
2026-04-08 00:00:00-04:00,25103.25,25156.25,25102.5,25125.25,6195
2026-04-08 01:00:00-04:00,25125.25,25195.25,25119.0,25192.25,7892
2026-04-08 02:00:00-04:00,25192.0,25202.0,25161.25,25171.25,10242
2026-04-08 03:00:00-04:00,25171.25,25190.0,25136.0,25141.75,10798
2026-04-08 04:00:00-04:00,25141.5,25225.0,25134.25,25215.25,9550
2026-04-08 05:00:00-04:00,25216.0,25245.25,25184.5,25200.0,8485
2026-04-08 06:00:00-04:00,25199.5,25231.75,25185.5,25204.5,6707
2026-04-08 07:00:00-04:00,25204.75,25235.0,25180.25,25209.25,10690
2026-04-08 08:00:00-04:00,25210.75,25257.0,25155.0,25212.75,26541
2026-04-08 09:00:00-04:00,25213.0,25249.75,25064.0,25080.75,84680
2026-04-08 10:00:00-04:00,25080.75,25105.0,24926.5,24993.0,85735
2026-04-08 11:00:00-04:00,24993.25,25089.0,24978.75,25078.5,52310
2026-04-08 12:00:00-04:00,25078.75,25157.5,25061.75,25142.25,37651
2026-04-08 13:00:00-04:00,25142.5,25156.75,25065.0,25094.25,34399
2026-04-08 14:00:00-04:00,25094.5,25131.75,24948.75,24953.25,46795
2026-04-08 15:00:00-04:00,24953.25,25097.0,24943.25,25080.0,67592
2026-04-08 16:00:00-04:00,25079.75,25095.25,25033.25,25039.0,16688
2026-04-08 18:00:00-04:00,25037.75,25065.0,25010.75,25034.5,5932
2026-04-08 19:00:00-04:00,25034.25,25055.5,25022.5,25026.0,4496
2026-04-08 20:00:00-04:00,25026.5,25034.25,24999.0,25012.25,6802
2026-04-08 21:00:00-04:00,25012.0,25025.5,24980.5,25022.75,6521
2026-04-08 22:00:00-04:00,25022.75,25050.75,25022.75,25031.0,4173
2026-04-08 23:00:00-04:00,25031.75,25037.25,25009.0,25018.5,3303
2026-04-09 00:00:00-04:00,25019.5,25023.75,25006.0,25014.0,2476
2026-04-09 01:00:00-04:00,25014.5,25047.0,24994.25,25028.5,3696
2026-04-09 02:00:00-04:00,25030.0,25059.0,25017.0,25039.0,5892
2026-04-09 03:00:00-04:00,25039.75,25048.75,24965.0,24985.0,8068
2026-04-09 04:00:00-04:00,24986.0,25006.75,24953.0,24972.75,8263
2026-04-09 05:00:00-04:00,24972.5,25018.5,24964.25,25016.25,6240
2026-04-09 06:00:00-04:00,25017.25,25027.0,24981.0,24984.5,7522
2026-04-09 07:00:00-04:00,24983.75,25039.0,24976.75,25030.0,10635
2026-04-09 08:00:00-04:00,25030.25,25063.5,25016.5,25028.75,13813
2026-04-09 09:00:00-04:00,25029.25,25111.5,25005.5,25033.25,59028
2026-04-09 10:00:00-04:00,25033.0,25056.0,24960.5,25041.25,67160
2026-04-09 11:00:00-04:00,25041.5,25197.75,25016.0,25189.0,77597
2026-04-09 12:00:00-04:00,25189.0,25265.75,25161.75,25196.5,56478
2026-04-09 13:00:00-04:00,25196.75,25257.0,25188.0,25226.75,36344
2026-04-09 14:00:00-04:00,25227.0,25231.25,25145.0,25179.75,47782
2026-04-09 15:00:00-04:00,25180.25,25269.75,25175.75,25249.0,50348
2026-04-09 16:00:00-04:00,25248.75,25254.25,25220.25,25244.75,13232
2026-04-09 18:00:00-04:00,25237.0,25254.75,25202.75,25206.75,6311
2026-04-09 19:00:00-04:00,25209.25,25238.0,25193.0,25224.0,3868
2026-04-09 20:00:00-04:00,25224.0,25280.0,25206.0,25270.5,5842
2026-04-09 21:00:00-04:00,25270.5,25298.5,25255.75,25285.0,5165
2026-04-09 22:00:00-04:00,25284.75,25290.25,25254.0,25273.0,3260
2026-04-09 23:00:00-04:00,25274.25,25303.75,25271.0,25291.75,2845
2026-04-10 00:00:00-04:00,25291.75,25293.25,25265.5,25269.25,1919
2026-04-10 01:00:00-04:00,25269.5,25284.75,25257.5,25263.0,2393
2026-04-10 02:00:00-04:00,25261.75,25268.0,25218.75,25228.25,5147
2026-04-10 03:00:00-04:00,25229.25,25256.0,25223.0,25242.0,5340
2026-04-10 04:00:00-04:00,25243.0,25243.75,25202.75,25209.5,7101
2026-04-10 05:00:00-04:00,25209.5,25274.75,25206.0,25259.0,9325
2026-04-10 06:00:00-04:00,25258.5,25283.75,25240.5,25271.25,5822
2026-04-10 07:00:00-04:00,25272.0,25302.25,25261.75,25268.75,6731
2026-04-10 08:00:00-04:00,25269.25,25386.0,25263.75,25304.5,13123
2026-04-10 09:00:00-04:00,25304.0,25369.25,25290.5,25320.5,55595
2026-04-10 10:00:00-04:00,25319.0,25373.75,25268.0,25352.5,65313
2026-04-10 11:00:00-04:00,25352.5,25393.0,25244.75,25264.5,59711
2026-04-10 12:00:00-04:00,25264.5,25301.5,25222.25,25264.5,43686
2026-04-10 13:00:00-04:00,25265.5,25276.0,25223.25,25272.0,29567
2026-04-10 14:00:00-04:00,25271.75,25281.25,25238.5,25260.75,29028
2026-04-10 15:00:00-04:00,25261.25,25302.0,25259.0,25284.25,44177
2026-04-10 16:00:00-04:00,25284.25,25338.0,25276.75,25333.0,12643
2026-04-12 18:00:00-04:00,24980.0,25019.25,24904.5,24956.25,21489
2026-04-12 19:00:00-04:00,24957.25,24989.25,24922.0,24984.0,7185
2026-04-12 20:00:00-04:00,24984.0,25056.0,24950.0,25055.0,11873
2026-04-12 21:00:00-04:00,25055.5,25093.75,25052.0,25083.0,8149
2026-04-12 22:00:00-04:00,25083.25,25085.5,25056.5,25077.25,4134
2026-04-12 23:00:00-04:00,25077.75,25084.25,25054.0,25059.75,3360
2026-04-13 00:00:00-04:00,25059.75,25096.0,25049.5,25081.0,3724
2026-04-13 01:00:00-04:00,25081.0,25089.25,25059.25,25079.75,3378
2026-04-13 02:00:00-04:00,25080.0,25119.0,25078.0,25115.5,4820
2026-04-13 03:00:00-04:00,25115.5,25128.25,25088.0,25101.5,5277
2026-04-13 04:00:00-04:00,25101.0,25130.25,25089.75,25097.75,7746
2026-04-13 05:00:00-04:00,25098.0,25133.0,25097.75,25116.0,4486
2026-04-13 06:00:00-04:00,25116.5,25164.25,25109.5,25156.75,4813
2026-04-13 07:00:00-04:00,25156.5,25194.75,25084.5,25089.25,12890
2026-04-13 08:00:00-04:00,25090.25,25179.5,25073.5,25168.75,13543
2026-04-13 09:00:00-04:00,25168.25,25310.0,25156.5,25308.0,74523
2026-04-13 10:00:00-04:00,25306.75,25360.75,25245.5,25351.75,71477
2026-04-13 11:00:00-04:00,25352.0,25355.0,25296.5,25309.5,43680
2026-04-13 12:00:00-04:00,25309.0,25435.0,25282.5,25410.75,65025
2026-04-13 13:00:00-04:00,25411.0,25439.5,25396.75,25404.0,30713
2026-04-13 14:00:00-04:00,25404.5,25454.5,25396.0,25445.25,26122
2026-04-13 15:00:00-04:00,25445.5,25550.25,25431.0,25538.25,53359
2026-04-13 16:00:00-04:00,25537.75,25599.25,25533.5,25585.5,19092
2026-04-13 18:00:00-04:00,25575.25,25597.5,25564.25,25594.0,5382
2026-04-13 19:00:00-04:00,25593.75,25619.25,25583.0,25585.25,6916
2026-04-13 20:00:00-04:00,25585.0,25600.0,25560.0,25590.25,6366
2026-04-13 21:00:00-04:00,25590.75,25593.5,25571.25,25581.25,3244
2026-04-13 22:00:00-04:00,25582.0,25597.75,25575.75,25596.5,2694
2026-04-13 23:00:00-04:00,25595.75,25595.75,25574.5,25582.75,2084
2026-04-14 00:00:00-04:00,25583.0,25594.5,25580.75,25593.75,1655
2026-04-14 01:00:00-04:00,25593.5,25598.25,25571.5,25574.25,2506
2026-04-14 02:00:00-04:00,25574.5,25593.25,25564.5,25584.75,4092
2026-04-14 03:00:00-04:00,25586.0,25643.5,25581.5,25618.0,8952
2026-04-14 04:00:00-04:00,25618.25,25665.0,25609.75,25662.5,5752
2026-04-14 05:00:00-04:00,25663.0,25674.0,25631.75,25638.25,5410
2026-04-14 06:00:00-04:00,25638.0,25655.5,25622.75,25625.75,5529
2026-04-14 07:00:00-04:00,25625.0,25698.0,25620.0,25666.75,7909
2026-04-14 08:00:00-04:00,25667.5,25723.0,25656.5,25676.25,14855
2026-04-14 09:00:00-04:00,25675.5,25763.75,25651.75,25722.25,62734
2026-04-14 10:00:00-04:00,25721.5,25820.25,25712.0,25806.0,64143
2026-04-14 11:00:00-04:00,25805.75,25899.75,25762.5,25875.75,56719
2026-04-14 12:00:00-04:00,25876.0,25938.0,25872.0,25914.0,40257
2026-04-14 13:00:00-04:00,25914.25,25969.25,25911.75,25958.0,31285
2026-04-14 14:00:00-04:00,25958.75,25964.75,25884.25,25917.75,40532
2026-04-14 15:00:00-04:00,25917.5,26003.25,25915.0,26000.75,66072
2026-04-14 16:00:00-04:00,26000.5,26003.0,25972.0,25990.0,16228
2026-04-14 18:00:00-04:00,25985.75,26015.0,25976.5,25995.75,5629
2026-04-14 19:00:00-04:00,25995.75,26035.5,25993.5,26018.25,5674
2026-04-14 20:00:00-04:00,26017.5,26023.0,25995.0,26018.75,6392
2026-04-14 21:00:00-04:00,26017.75,26042.5,26014.0,26038.5,4784
2026-04-14 22:00:00-04:00,26037.75,26038.5,25990.0,25996.0,4796
2026-04-14 23:00:00-04:00,25995.5,26026.25,25995.0,26021.75,3209
2026-04-15 00:00:00-04:00,26021.5,26025.5,26009.75,26014.0,1892
2026-04-15 01:00:00-04:00,26014.0,26058.0,25966.0,25978.5,8733
2026-04-15 02:00:00-04:00,25979.0,25998.0,25968.0,25988.0,4035
2026-04-15 03:00:00-04:00,25988.5,26009.25,25970.5,26004.75,6251
2026-04-15 04:00:00-04:00,26004.5,26038.0,26000.0,26032.0,5153
2026-04-15 05:00:00-04:00,26032.0,26038.25,25975.0,25978.25,6437
2026-04-15 06:00:00-04:00,25978.75,25998.5,25933.75,25985.25,11266
2026-04-15 07:00:00-04:00,25985.5,26048.0,25972.5,25998.25,10726
2026-04-15 08:00:00-04:00,25998.5,26007.25,25960.5,25990.0,11159
2026-04-15 09:00:00-04:00,25990.0,26072.25,25979.0,26068.5,63022
2026-04-15 10:00:00-04:00,26069.25,26176.25,26048.5,26163.0,69125
2026-04-15 11:00:00-04:00,26163.0,26215.5,26138.75,26196.75,51929
2026-04-15 12:00:00-04:00,26197.25,26251.5,26102.25,26144.25,58779
2026-04-15 13:00:00-04:00,26144.25,26220.0,26136.75,26190.75,37701
2026-04-15 14:00:00-04:00,26190.25,26315.25,26173.25,26303.25,45906
2026-04-15 15:00:00-04:00,26303.0,26377.5,26292.25,26364.25,65265
2026-04-15 16:00:00-04:00,26364.25,26371.25,26330.0,26359.5,16393
2026-04-15 18:00:00-04:00,26350.0,26393.25,26345.0,26389.75,4818
2026-04-15 19:00:00-04:00,26389.5,26419.0,26383.5,26407.0,4156
2026-04-15 20:00:00-04:00,26408.0,26445.0,26388.75,26437.75,7410
2026-04-15 21:00:00-04:00,26437.5,26465.25,26426.0,26440.75,6344
2026-04-15 22:00:00-04:00,26440.75,26459.0,26439.75,26442.5,3301
2026-04-15 23:00:00-04:00,26442.0,26460.5,26437.5,26443.5,3375
2026-04-16 00:00:00-04:00,26442.75,26444.5,26429.0,26434.5,2483
2026-04-16 01:00:00-04:00,26435.0,26461.25,26416.5,26455.0,5100
2026-04-16 02:00:00-04:00,26455.75,26486.0,26455.25,26480.75,7007
2026-04-16 03:00:00-04:00,26479.75,26488.0,26452.25,26460.0,5987
2026-04-16 04:00:00-04:00,26459.5,26464.5,26408.5,26440.5,8856
2026-04-16 05:00:00-04:00,26440.5,26458.0,26433.75,26453.25,4409
2026-04-16 06:00:00-04:00,26453.75,26465.75,26364.5,26406.0,9827
2026-04-16 07:00:00-04:00,26407.5,26425.25,26383.0,26418.25,7942
2026-04-16 08:00:00-04:00,26419.0,26432.5,26392.75,26402.0,9325
2026-04-16 09:00:00-04:00,26402.0,26453.25,26275.5,26321.25,82774
2026-04-16 10:00:00-04:00,26321.25,26422.75,26290.5,26404.25,81593
2026-04-16 11:00:00-04:00,26403.75,26543.0,26403.75,26533.25,74571
2026-04-16 12:00:00-04:00,26533.75,26564.0,26430.5,26473.25,56974
2026-04-16 13:00:00-04:00,26474.25,26509.75,26431.0,26460.75,51511
2026-04-16 14:00:00-04:00,26460.25,26484.25,26355.0,26438.0,68979
2026-04-16 15:00:00-04:00,26438.0,26498.5,26434.25,26484.75,54384
2026-04-16 16:00:00-04:00,26484.25,26490.75,26440.75,26464.25,16415
2026-04-16 18:00:00-04:00,26460.0,26487.25,26445.25,26475.25,4669
2026-04-16 19:00:00-04:00,26473.5,26488.5,26470.25,26479.5,3006
2026-04-16 20:00:00-04:00,26479.75,26497.25,26456.0,26487.5,6227
2026-04-16 21:00:00-04:00,26487.5,26497.75,26480.5,26488.25,4103
2026-04-16 22:00:00-04:00,26489.25,26495.0,26455.0,26465.0,3457
2026-04-16 23:00:00-04:00,26464.75,26468.25,26449.5,26459.25,2330
2026-04-17 00:00:00-04:00,26459.25,26481.75,26456.0,26463.25,2343
2026-04-17 01:00:00-04:00,26463.25,26470.0,26440.0,26465.5,3118
2026-04-17 02:00:00-04:00,26466.0,26480.25,26446.75,26456.75,3777
2026-04-17 03:00:00-04:00,26457.0,26492.25,26457.0,26488.25,4669
2026-04-17 04:00:00-04:00,26488.75,26521.0,26476.75,26518.75,4754
2026-04-17 05:00:00-04:00,26518.75,26541.5,26506.25,26537.0,5858
2026-04-17 06:00:00-04:00,26537.0,26547.0,26505.5,26526.5,5655
2026-04-17 07:00:00-04:00,26525.75,26568.25,26521.75,26565.75,6953
2026-04-17 08:00:00-04:00,26566.5,26745.75,26561.5,26741.5,32793
2026-04-17 09:00:00-04:00,26742.0,26817.75,26629.5,26731.25,107151
2026-04-17 10:00:00-04:00,26731.75,26855.75,26714.5,26827.25,83017
2026-04-17 11:00:00-04:00,26827.75,26877.0,26799.25,26804.75,64311
2026-04-17 12:00:00-04:00,26804.75,26884.75,26791.5,26859.25,44066
2026-04-17 13:00:00-04:00,26859.5,26877.25,26735.5,26808.0,70344
2026-04-17 14:00:00-04:00,26808.25,26822.0,26755.5,26784.75,50926
2026-04-17 15:00:00-04:00,26785.0,26831.0,26757.75,26827.25,54618
2026-04-17 16:00:00-04:00,26827.5,26845.0,26816.0,26840.75,14318
2026-04-19 18:00:00-04:00,26599.75,26675.0,26535.0,26665.0,18580
2026-04-19 19:00:00-04:00,26665.75,26682.0,26636.75,26659.75,6837
2026-04-19 20:00:00-04:00,26658.25,26665.0,26616.0,26656.75,9218
2026-04-19 21:00:00-04:00,26657.75,26714.75,26653.0,26705.25,7502
2026-04-19 22:00:00-04:00,26705.75,26706.25,26684.75,26694.5,3333
2026-04-19 23:00:00-04:00,26694.25,26701.25,26677.0,26679.25,2762
2026-04-20 00:00:00-04:00,26679.0,26682.25,26654.25,26675.5,3210
2026-04-20 01:00:00-04:00,26675.5,26678.5,26612.0,26635.0,5411
2026-04-20 02:00:00-04:00,26636.0,26701.25,26633.25,26687.25,6669
2026-04-20 03:00:00-04:00,26689.0,26721.25,26646.25,26669.0,9123
2026-04-20 04:00:00-04:00,26668.5,26708.25,26619.0,26695.75,7807
2026-04-20 05:00:00-04:00,26697.0,26720.0,26685.5,26694.25,4629
2026-04-20 06:00:00-04:00,26695.25,26732.5,26691.5,26700.25,5318
2026-04-20 07:00:00-04:00,26701.0,26723.5,26680.75,26710.0,7675
2026-04-20 08:00:00-04:00,26710.5,26776.0,26702.0,26750.5,12098
2026-04-20 09:00:00-04:00,26751.75,26827.75,26715.75,26780.75,63754
2026-04-20 10:00:00-04:00,26782.75,26788.25,26611.25,26637.75,85509
2026-04-20 11:00:00-04:00,26638.25,26710.75,26568.75,26658.5,69390
2026-04-20 12:00:00-04:00,26658.25,26699.75,26639.25,26679.25,34148
2026-04-20 13:00:00-04:00,26679.5,26727.0,26660.5,26707.5,33252
2026-04-20 14:00:00-04:00,26707.5,26748.5,26696.75,26732.0,35079
2026-04-20 15:00:00-04:00,26732.75,26752.0,26709.25,26745.75,39590
2026-04-20 16:00:00-04:00,26745.25,26809.75,26729.25,26774.25,19683
2026-04-20 18:00:00-04:00,26776.75,26817.5,26756.5,26810.25,4158
2026-04-20 19:00:00-04:00,26810.5,26812.5,26791.5,26796.75,2450
2026-04-20 20:00:00-04:00,26796.75,26838.5,26785.0,26824.0,7670
2026-04-20 21:00:00-04:00,26825.0,26837.25,26807.25,26812.75,4331
2026-04-20 22:00:00-04:00,26813.0,26823.0,26808.25,26812.0,2254
2026-04-20 23:00:00-04:00,26813.25,26817.0,26790.0,26812.25,2633
2026-04-21 00:00:00-04:00,26812.25,26831.25,26811.75,26825.5,1904
2026-04-21 01:00:00-04:00,26825.5,26844.25,26819.0,26826.75,3191
2026-04-21 02:00:00-04:00,26826.5,26857.25,26823.25,26846.25,3770
2026-04-21 03:00:00-04:00,26846.25,26847.25,26806.5,26813.25,4968
2026-04-21 04:00:00-04:00,26813.25,26854.75,26797.25,26837.0,4807
2026-04-21 05:00:00-04:00,26837.25,26847.0,26805.5,26840.75,4464
2026-04-21 06:00:00-04:00,26841.25,26882.5,26834.5,26872.0,4546
2026-04-21 07:00:00-04:00,26871.75,26901.75,26840.0,26871.25,10150
2026-04-21 08:00:00-04:00,26871.5,26880.25,26812.0,26820.75,16372
2026-04-21 09:00:00-04:00,26823.25,26839.0,26726.75,26838.5,61247
2026-04-21 10:00:00-04:00,26838.75,26885.25,26730.0,26736.75,76308
2026-04-21 11:00:00-04:00,26737.75,26786.25,26662.5,26731.5,84899
2026-04-21 12:00:00-04:00,26733.0,26782.75,26668.25,26670.75,53212
2026-04-21 13:00:00-04:00,26670.75,26765.75,26600.0,26699.25,81631
2026-04-21 14:00:00-04:00,26699.0,26746.25,26659.5,26724.0,46525
2026-04-21 15:00:00-04:00,26724.25,26786.5,26551.75,26642.25,87844
2026-04-21 16:00:00-04:00,26642.0,26794.25,26601.75,26721.25,30340
2026-04-21 18:00:00-04:00,26729.5,26760.5,26727.75,26740.25,4842
2026-04-21 19:00:00-04:00,26740.25,26777.25,26735.0,26773.5,4113
2026-04-21 20:00:00-04:00,26774.75,26818.0,26771.75,26797.75,6676
2026-04-21 21:00:00-04:00,26797.25,26832.75,26792.75,26821.75,5467
2026-04-21 22:00:00-04:00,26821.25,26837.75,26816.0,26817.25,3376
2026-04-21 23:00:00-04:00,26817.25,26826.25,26804.0,26808.0,3299
2026-04-22 00:00:00-04:00,26808.5,26817.5,26774.5,26778.25,3546
2026-04-22 01:00:00-04:00,26777.25,26856.75,26765.5,26831.25,7982
2026-04-22 02:00:00-04:00,26833.0,26845.0,26802.0,26836.0,4397
2026-04-22 03:00:00-04:00,26835.75,26864.5,26825.75,26844.75,6242
2026-04-22 04:00:00-04:00,26845.5,26850.25,26779.75,26819.5,8177
2026-04-22 05:00:00-04:00,26818.0,26863.25,26807.75,26825.75,7515
2026-04-22 06:00:00-04:00,26826.0,26849.75,26806.0,26826.0,7862
2026-04-22 07:00:00-04:00,26826.25,26839.5,26806.0,26833.75,7466
2026-04-22 08:00:00-04:00,26835.0,26900.5,26819.5,26821.5,20776
2026-04-22 09:00:00-04:00,26821.75,26892.75,26811.5,26864.5,64858
2026-04-22 10:00:00-04:00,26864.25,27006.25,26852.0,26972.0,85043
2026-04-22 11:00:00-04:00,26972.25,27008.75,26940.25,26980.5,51849
2026-04-22 12:00:00-04:00,26980.5,27005.0,26957.25,26966.75,38324
2026-04-22 13:00:00-04:00,26966.5,27050.0,26965.75,27030.0,41996
2026-04-22 14:00:00-04:00,27029.75,27041.0,26992.5,27013.75,30313
2026-04-22 15:00:00-04:00,27014.0,27093.0,26978.0,27080.0,62226
2026-04-22 16:00:00-04:00,27079.75,27136.0,27069.0,27106.5,22282
2026-04-22 18:00:00-04:00,27075.0,27098.0,27066.0,27087.25,3687
2026-04-22 19:00:00-04:00,27088.0,27099.75,27082.0,27096.0,1580
2026-04-22 20:00:00-04:00,27095.5,27098.0,26848.0,27060.75,23881
2026-04-22 21:00:00-04:00,27060.5,27062.5,26993.0,27000.25,5995
2026-04-22 22:00:00-04:00,27000.75,27000.75,26943.75,26950.5,7706
2026-04-22 23:00:00-04:00,26952.5,26962.0,26865.0,26908.25,10251
2026-04-23 00:00:00-04:00,26906.25,26957.25,26893.25,26956.0,4082
2026-04-23 01:00:00-04:00,26956.0,26981.75,26939.0,26978.25,5104
2026-04-23 02:00:00-04:00,26979.0,27007.25,26977.0,26990.75,5476
2026-04-23 03:00:00-04:00,26991.25,27013.5,26970.25,26997.5,5872
2026-04-23 04:00:00-04:00,26995.75,27002.0,26918.0,26928.0,7061
2026-04-23 05:00:00-04:00,26927.25,26961.5,26890.0,26941.75,6575
2026-04-23 06:00:00-04:00,26941.75,26985.0,26916.25,26978.75,7424
2026-04-23 07:00:00-04:00,26979.5,27048.5,26941.75,27032.5,12552
2026-04-23 08:00:00-04:00,27032.5,27079.75,26956.75,27009.25,19686
2026-04-23 09:00:00-04:00,27009.25,27102.75,26965.0,27016.75,59227
2026-04-23 10:00:00-04:00,27017.25,27106.25,26970.0,27094.25,74607
2026-04-23 11:00:00-04:00,27094.5,27155.75,27061.0,27093.0,57387
2026-04-23 12:00:00-04:00,27093.25,27119.0,27038.75,27087.75,40048
2026-04-23 13:00:00-04:00,27089.0,27099.0,26681.75,26880.5,142990
2026-04-23 14:00:00-04:00,26879.0,26982.25,26842.5,26860.5,59144
2026-04-23 15:00:00-04:00,26861.0,26944.5,26840.25,26926.25,55273
2026-04-23 16:00:00-04:00,26926.0,26988.5,26909.25,26942.75,19681
2026-04-23 18:00:00-04:00,26992.0,27053.0,26992.0,27042.75,7343
2026-04-23 19:00:00-04:00,27041.75,27080.5,27033.5,27080.25,4088
2026-04-23 20:00:00-04:00,27081.0,27135.75,27070.75,27118.25,9168
2026-04-23 21:00:00-04:00,27119.75,27128.5,27099.5,27118.75,5167
2026-04-23 22:00:00-04:00,27118.0,27121.0,27059.0,27070.75,5190
2026-04-23 23:00:00-04:00,27070.25,27078.25,27023.25,27032.0,4794
2026-04-24 00:00:00-04:00,27031.0,27057.25,27016.25,27054.25,3765
2026-04-24 01:00:00-04:00,27054.5,27086.75,27031.75,27086.0,3836
2026-04-24 02:00:00-04:00,27086.25,27099.25,27066.75,27075.0,3615
2026-04-24 03:00:00-04:00,27074.25,27114.75,27071.25,27109.0,5415
2026-04-24 04:00:00-04:00,27109.5,27153.75,27073.25,27094.5,9956
2026-04-24 05:00:00-04:00,27096.0,27120.75,27064.5,27108.75,5599
2026-04-24 06:00:00-04:00,27109.25,27192.75,27108.0,27172.5,10024
2026-04-24 07:00:00-04:00,27171.5,27363.75,27170.5,27275.75,34673
2026-04-24 08:00:00-04:00,27277.0,27312.25,27203.0,27238.0,21511
2026-04-24 09:00:00-04:00,27238.0,27266.75,27130.25,27193.75,72057
2026-04-24 10:00:00-04:00,27193.75,27297.25,27158.5,27290.25,75074
2026-04-24 11:00:00-04:00,27290.5,27417.5,27286.25,27396.0,69295
2026-04-24 12:00:00-04:00,27396.25,27430.5,27360.0,27409.75,41641
2026-04-24 13:00:00-04:00,27410.0,27462.5,27367.0,27432.75,39050
2026-04-24 14:00:00-04:00,27433.0,27443.0,27383.75,27408.0,31646
2026-04-24 15:00:00-04:00,27408.5,27454.5,27404.0,27434.0,54833
2026-04-24 16:00:00-04:00,27434.0,27444.5,27409.0,27440.25,14675
2026-04-26 18:00:00-04:00,27403.25,27421.75,27344.25,27395.5,9340
2026-04-26 19:00:00-04:00,27395.25,27398.0,27366.75,27384.0,4868
2026-04-26 20:00:00-04:00,27385.0,27474.5,27379.0,27455.5,9192
2026-04-26 21:00:00-04:00,27456.0,27540.0,27456.0,27537.75,10756
2026-04-26 22:00:00-04:00,27537.5,27542.5,27511.0,27518.75,4666
2026-04-26 23:00:00-04:00,27518.75,27536.25,27512.75,27524.5,3626
2026-04-27 00:00:00-04:00,27524.5,27540.0,27508.0,27517.75,3767
2026-04-27 01:00:00-04:00,27518.75,27520.25,27443.5,27449.5,6625
2026-04-27 02:00:00-04:00,27449.25,27456.0,27421.25,27434.0,5949
2026-04-27 03:00:00-04:00,27433.75,27443.5,27405.75,27426.0,5923
2026-04-27 04:00:00-04:00,27425.0,27444.75,27388.0,27440.75,6321
2026-04-27 05:00:00-04:00,27439.25,27466.25,27435.75,27455.0,4450
2026-04-27 06:00:00-04:00,27455.25,27483.25,27440.0,27475.5,4364
2026-04-27 07:00:00-04:00,27475.5,27500.25,27475.0,27482.0,6674
2026-04-27 08:00:00-04:00,27482.0,27483.75,27390.0,27419.25,16995
2026-04-27 09:00:00-04:00,27419.75,27435.0,27298.5,27401.5,79162
2026-04-27 10:00:00-04:00,27402.25,27409.5,27321.5,27368.0,74216
2026-04-27 11:00:00-04:00,27369.0,27383.0,27307.5,27367.25,50841
2026-04-27 12:00:00-04:00,27367.0,27406.5,27347.75,27390.5,27808
2026-04-27 13:00:00-04:00,27391.0,27439.75,27380.25,27428.5,31835
2026-04-27 14:00:00-04:00,27428.5,27437.25,27391.0,27399.25,20000
2026-04-27 15:00:00-04:00,27399.75,27454.75,27390.5,27445.0,36633
2026-04-27 16:00:00-04:00,27444.75,27446.0,27411.25,27418.5,10635
2026-04-27 18:00:00-04:00,27423.0,27501.5,27420.25,27484.75,7233
2026-04-27 19:00:00-04:00,27484.75,27504.5,27474.75,27490.0,3416
2026-04-27 20:00:00-04:00,27490.25,27512.0,27450.25,27467.5,6350
2026-04-27 21:00:00-04:00,27468.0,27484.5,27417.5,27421.75,7421
2026-04-27 22:00:00-04:00,27423.5,27437.25,27386.0,27395.25,5652
2026-04-27 23:00:00-04:00,27394.0,27429.25,27388.5,27409.5,3520
2026-04-28 00:00:00-04:00,27412.75,27439.5,27404.75,27417.75,2433
2026-04-28 01:00:00-04:00,27417.75,27423.0,27350.0,27364.0,6423
2026-04-28 02:00:00-04:00,27363.0,27378.25,27322.0,27337.75,6087
2026-04-28 03:00:00-04:00,27337.0,27352.25,27320.0,27338.0,7181
2026-04-28 04:00:00-04:00,27338.0,27360.0,27302.5,27352.0,8255
2026-04-28 05:00:00-04:00,27352.0,27355.25,27256.5,27284.25,10237
2026-04-28 06:00:00-04:00,27284.75,27300.75,27238.75,27262.0,10015
2026-04-28 07:00:00-04:00,27261.25,27269.75,27080.5,27094.0,27079
2026-04-28 08:00:00-04:00,27094.75,27153.5,27036.5,27149.0,35158
2026-04-28 09:00:00-04:00,27148.75,27252.0,27068.25,27202.5,89470
2026-04-28 10:00:00-04:00,27201.75,27235.0,27012.5,27091.75,99884
2026-04-28 11:00:00-04:00,27091.25,27119.75,27009.5,27053.5,66006
2026-04-28 12:00:00-04:00,27053.5,27095.75,27028.0,27084.25,46493
2026-04-28 13:00:00-04:00,27084.5,27144.25,27047.5,27141.5,36318
2026-04-28 14:00:00-04:00,27141.5,27194.75,27120.75,27194.25,38574
2026-04-28 15:00:00-04:00,27194.75,27224.5,27154.5,27169.25,52149
2026-04-28 16:00:00-04:00,27169.25,27207.25,27147.25,27191.5,16309
2026-04-28 18:00:00-04:00,27197.25,27233.0,27197.25,27223.75,4363
2026-04-28 19:00:00-04:00,27224.25,27247.75,27213.75,27247.5,3511
2026-04-28 20:00:00-04:00,27246.25,27294.0,27246.25,27264.0,6851
2026-04-28 21:00:00-04:00,27263.5,27270.0,27191.75,27246.5,10059
2026-04-28 22:00:00-04:00,27247.25,27281.5,27242.25,27267.5,6120
2026-04-28 23:00:00-04:00,27269.0,27293.5,27266.0,27283.25,2890
2026-04-29 00:00:00-04:00,27284.0,27312.25,27282.0,27297.75,2819
2026-04-29 01:00:00-04:00,27299.25,27309.75,27276.25,27297.25,2827
2026-04-29 02:00:00-04:00,27297.25,27317.25,27260.5,27265.75,5122
2026-04-29 03:00:00-04:00,27265.5,27288.5,27210.0,27237.75,7591
2026-04-29 04:00:00-04:00,27238.75,27261.5,27198.0,27241.25,8876
2026-04-29 05:00:00-04:00,27241.0,27270.0,27222.25,27229.0,5403
2026-04-29 06:00:00-04:00,27227.0,27288.5,27212.0,27264.0,5794
2026-04-29 07:00:00-04:00,27262.25,27285.0,27235.0,27251.25,6673
2026-04-29 08:00:00-04:00,27251.75,27253.0,27191.75,27225.75,11135
2026-04-29 09:00:00-04:00,27225.75,27251.25,27124.25,27220.25,57029
2026-04-29 10:00:00-04:00,27220.75,27315.5,27177.75,27302.25,59364
2026-04-29 11:00:00-04:00,27303.0,27309.5,27199.25,27240.25,62889
2026-04-29 12:00:00-04:00,27239.75,27273.5,27153.5,27199.25,46643
2026-04-29 13:00:00-04:00,27199.0,27254.0,27170.0,27249.5,32093
2026-04-29 14:00:00-04:00,27249.5,27301.0,27158.0,27295.25,49600
2026-04-29 15:00:00-04:00,27295.5,27340.25,27262.25,27337.25,57259
2026-04-29 16:00:00-04:00,27337.0,27414.0,27094.0,27148.75,56561
2026-04-29 18:00:00-04:00,27207.0,27500.0,27207.0,27471.25,22695
2026-04-29 19:00:00-04:00,27473.25,27557.5,27452.0,27550.5,10924
2026-04-29 20:00:00-04:00,27551.75,27622.75,27551.25,27595.25,13302
2026-04-29 21:00:00-04:00,27594.25,27601.25,27556.0,27581.25,7817
2026-04-29 22:00:00-04:00,27581.25,27588.5,27386.5,27427.5,16627
2026-04-29 23:00:00-04:00,27424.75,27453.5,27402.5,27410.25,6645
2026-04-30 00:00:00-04:00,27410.25,27410.5,27231.5,27234.25,15483
2026-04-30 01:00:00-04:00,27233.5,27308.75,27221.75,27223.75,9232
2026-04-30 02:00:00-04:00,27223.5,27307.5,27185.25,27283.5,12416
2026-04-30 03:00:00-04:00,27282.25,27377.25,27269.75,27352.25,11229
2026-04-30 04:00:00-04:00,27351.5,27396.75,27324.75,27360.0,9077
2026-04-30 05:00:00-04:00,27359.5,27442.0,27330.75,27367.75,9918
2026-04-30 06:00:00-04:00,27368.25,27432.75,27350.5,27374.75,11924
2026-04-30 07:00:00-04:00,27376.5,27494.25,27371.5,27440.5,13467
2026-04-30 08:00:00-04:00,27440.25,27550.0,27438.0,27524.75,19814
2026-04-30 09:00:00-04:00,27522.75,27540.0,27203.0,27245.75,92731
2026-04-30 10:00:00-04:00,27247.25,27376.0,27163.25,27359.5,107189
2026-04-30 11:00:00-04:00,27359.25,27435.75,27331.25,27388.5,73204
2026-04-30 12:00:00-04:00,27388.25,27435.0,27347.75,27371.25,43028
2026-04-30 13:00:00-04:00,27370.75,27548.0,27369.5,27543.25,50536
2026-04-30 14:00:00-04:00,27543.5,27591.75,27542.0,27551.25,41981
2026-04-30 15:00:00-04:00,27551.25,27622.0,27542.0,27577.5,61808
2026-04-30 16:00:00-04:00,27578.5,27617.5,27557.0,27598.5,27445
2026-04-30 18:00:00-04:00,27631.75,27646.5,27556.25,27579.75,8811
2026-04-30 19:00:00-04:00,27579.75,27624.25,27576.5,27594.25,5097
2026-04-30 20:00:00-04:00,27594.5,27641.5,27591.0,27625.5,5912
2026-04-30 21:00:00-04:00,27624.75,27658.25,27613.0,27650.25,4461
2026-04-30 22:00:00-04:00,27648.5,27652.25,27624.5,27642.0,3203
2026-04-30 23:00:00-04:00,27642.5,27674.5,27634.25,27643.0,4276
2026-05-01 00:00:00-04:00,27643.5,27643.5,27620.75,27628.5,2437
2026-05-01 01:00:00-04:00,27628.25,27640.75,27612.25,27616.75,2548
2026-05-01 02:00:00-04:00,27617.75,27628.5,27591.5,27596.5,3784
2026-05-01 03:00:00-04:00,27595.75,27625.75,27572.0,27579.5,5562
2026-05-01 04:00:00-04:00,27580.5,27597.75,27554.5,27566.75,3915
2026-05-01 05:00:00-04:00,27566.0,27576.0,27545.5,27569.75,3148
2026-05-01 06:00:00-04:00,27570.25,27580.75,27536.25,27569.75,3780
2026-05-01 07:00:00-04:00,27570.25,27575.0,27537.25,27564.25,5243
2026-05-01 08:00:00-04:00,27564.5,27625.75,27547.0,27577.0,14603
2026-05-01 09:00:00-04:00,27576.5,27875.75,27575.75,27873.5,82389
2026-05-01 10:00:00-04:00,27873.5,27909.25,27751.0,27814.75,91973
2026-05-01 11:00:00-04:00,27815.25,27917.0,27769.0,27890.75,59793
2026-05-01 12:00:00-04:00,27890.75,27901.5,27805.5,27831.5,47471
2026-05-01 13:00:00-04:00,27831.0,27897.0,27828.5,27883.75,30021
2026-05-01 14:00:00-04:00,27883.25,27890.25,27794.75,27821.75,38761
2026-05-01 15:00:00-04:00,27822.25,27900.75,27818.0,27837.25,54075
2026-05-01 16:00:00-04:00,27837.25,27837.5,27755.75,27783.25,18313
2026-05-03 18:00:00-04:00,27890.0,27926.0,27836.0,27849.75,11749
2026-05-03 19:00:00-04:00,27850.0,27857.5,27815.0,27825.0,4883
2026-05-03 20:00:00-04:00,27823.25,27897.25,27800.25,27892.75,13049
2026-05-03 21:00:00-04:00,27893.0,27922.0,27858.5,27919.5,8504
2026-05-03 22:00:00-04:00,27919.5,27944.0,27878.25,27928.75,7274
2026-05-03 23:00:00-04:00,27929.25,27945.0,27918.75,27931.75,3814
2026-05-04 00:00:00-04:00,27931.75,27953.25,27927.25,27938.75,3360
2026-05-04 01:00:00-04:00,27938.0,27965.75,27930.5,27935.5,4370
2026-05-04 02:00:00-04:00,27935.75,27940.25,27872.25,27895.5,6665
2026-05-04 03:00:00-04:00,27896.5,27951.25,27881.25,27912.25,6911
2026-05-04 04:00:00-04:00,27912.0,27914.25,27864.25,27892.5,7612
2026-05-04 05:00:00-04:00,27894.5,27924.75,27883.5,27890.25,4384
2026-05-04 06:00:00-04:00,27891.0,27897.0,27662.25,27813.75,34623
2026-05-04 07:00:00-04:00,27815.0,27847.75,27778.75,27826.75,13470
2026-05-04 08:00:00-04:00,27828.5,27881.5,27828.25,27844.5,13042
2026-05-04 09:00:00-04:00,27845.25,27898.75,27787.5,27896.0,63647
2026-05-04 10:00:00-04:00,27895.25,27941.0,27844.0,27882.0,63319
2026-05-04 11:00:00-04:00,27882.0,27914.25,27697.25,27734.75,93790
2026-05-04 12:00:00-04:00,27734.25,27747.75,27613.0,27706.25,67955
2026-05-04 13:00:00-04:00,27705.25,27803.75,27704.0,27792.25,41674
2026-05-04 14:00:00-04:00,27792.25,27818.75,27718.0,27759.75,35843
2026-05-04 15:00:00-04:00,27759.0,27794.0,27739.75,27780.25,43298
2026-05-04 16:00:00-04:00,27779.75,27781.0,27738.75,27743.0,10186
2026-05-04 18:00:00-04:00,27760.0,27789.5,27740.75,27753.5,3723
2026-05-04 19:00:00-04:00,27752.0,27764.75,27731.75,27745.5,2821
2026-05-04 20:00:00-04:00,27747.0,27793.0,27739.75,27785.0,6544
2026-05-04 21:00:00-04:00,27785.0,27833.25,27767.75,27815.25,5227
2026-05-04 22:00:00-04:00,27815.5,27841.0,27801.0,27815.5,4597
2026-05-04 23:00:00-04:00,27816.0,27848.5,27811.25,27841.0,2681
2026-05-05 00:00:00-04:00,27840.0,27860.25,27826.75,27828.25,2711
2026-05-05 01:00:00-04:00,27827.25,27855.0,27818.75,27852.75,3131
2026-05-05 02:00:00-04:00,27852.5,27887.0,27818.25,27880.75,5896
2026-05-05 03:00:00-04:00,27880.0,27926.75,27874.75,27882.0,7445
2026-05-05 04:00:00-04:00,27882.5,27942.25,27879.5,27929.75,6465
2026-05-05 05:00:00-04:00,27930.0,27958.5,27908.5,27936.75,6281
2026-05-05 06:00:00-04:00,27936.75,27959.0,27921.75,27934.75,6065
2026-05-05 07:00:00-04:00,27934.0,27947.25,27900.0,27943.75,7289
2026-05-05 08:00:00-04:00,27942.5,28006.0,27928.5,27973.5,12701
2026-05-05 09:00:00-04:00,27973.5,28112.0,27971.0,28085.25,71020
2026-05-05 10:00:00-04:00,28085.0,28139.25,28031.75,28096.0,80735
2026-05-05 11:00:00-04:00,28095.75,28149.75,28087.75,28127.0,41637
2026-05-05 12:00:00-04:00,28126.75,28152.5,28090.25,28125.5,36568
2026-05-05 13:00:00-04:00,28125.5,28167.75,28107.75,28159.0,27679
2026-05-05 14:00:00-04:00,28159.5,28186.25,28154.25,28168.75,24312
2026-05-05 15:00:00-04:00,28168.75,28188.25,28108.75,28135.75,48780
2026-05-05 16:00:00-04:00,28135.25,28247.0,28110.0,28207.25,28879
2026-05-05 18:00:00-04:00,28250.0,28422.0,28243.0,28376.25,14370
2026-05-05 19:00:00-04:00,28375.25,28385.25,28345.5,28370.0,9867
2026-05-05 20:00:00-04:00,28369.5,28372.75,28248.0,28275.75,15419
2026-05-05 21:00:00-04:00,28275.25,28309.0,28267.75,28292.0,8248
2026-05-05 22:00:00-04:00,28291.75,28296.5,28261.5,28288.0,5358
2026-05-05 23:00:00-04:00,28287.75,28334.5,28282.75,28312.25,4621
2026-05-06 00:00:00-04:00,28313.5,28344.5,28310.25,28335.5,4177
2026-05-06 01:00:00-04:00,28334.75,28359.75,28326.0,28355.0,4414
2026-05-06 02:00:00-04:00,28354.25,28369.0,28300.0,28336.25,6627
2026-05-06 03:00:00-04:00,28335.25,28352.75,28308.0,28347.75,7508
2026-05-06 04:00:00-04:00,28348.0,28517.75,28323.75,28482.75,19677
2026-05-06 05:00:00-04:00,28482.5,28514.25,28415.0,28506.25,15780
2026-05-06 06:00:00-04:00,28507.75,28614.5,28501.5,28585.0,20803
2026-05-06 07:00:00-04:00,28584.0,28634.25,28512.0,28538.25,22838
2026-05-06 08:00:00-04:00,28539.25,28540.25,28426.25,28458.0,26430
2026-05-06 09:00:00-04:00,28457.75,28506.0,28336.0,28469.0,95512
2026-05-06 10:00:00-04:00,28468.25,28550.75,28385.0,28537.25,95998
2026-05-06 11:00:00-04:00,28537.5,28586.75,28518.0,28560.25,51598
2026-05-06 12:00:00-04:00,28560.5,28601.25,28512.25,28539.25,36060
2026-05-06 13:00:00-04:00,28539.5,28610.25,28528.5,28600.0,27470
2026-05-06 14:00:00-04:00,28599.5,28665.75,28591.75,28640.25,34307
2026-05-06 15:00:00-04:00,28640.0,28725.75,28637.75,28710.25,64417
2026-05-06 16:00:00-04:00,28710.25,28800.0,28694.5,28712.25,29220
2026-05-06 18:00:00-04:00,28662.75,28702.0,28650.0,28676.5,6879
2026-05-06 19:00:00-04:00,28677.25,28694.5,28654.25,28670.25,4449
2026-05-06 20:00:00-04:00,28669.5,28695.0,28637.0,28662.0,7189
2026-05-06 21:00:00-04:00,28661.5,28716.0,28638.25,28697.0,5922
2026-05-06 22:00:00-04:00,28698.5,28706.75,28652.5,28687.0,5385
2026-05-06 23:00:00-04:00,28686.5,28702.5,28673.75,28691.75,2816
2026-05-07 00:00:00-04:00,28691.5,28713.5,28686.0,28705.0,2387
2026-05-07 01:00:00-04:00,28704.75,28727.75,28694.25,28720.25,3478
2026-05-07 02:00:00-04:00,28720.0,28748.75,28695.0,28737.5,5651
2026-05-07 03:00:00-04:00,28737.25,28805.25,28728.5,28777.5,11346
2026-05-07 04:00:00-04:00,28779.5,28814.5,28728.75,28736.75,8715
2026-05-07 05:00:00-04:00,28736.25,28762.5,28711.0,28730.25,6294
2026-05-07 06:00:00-04:00,28729.75,28743.0,28690.25,28727.0,5723
2026-05-07 07:00:00-04:00,28728.0,28751.0,28705.25,28732.0,7894
2026-05-07 08:00:00-04:00,28732.25,28760.75,28717.0,28755.25,10325
2026-05-07 09:00:00-04:00,28755.25,28803.0,28708.0,28781.5,73069
2026-05-07 10:00:00-04:00,28781.5,28944.75,28779.0,28928.0,82526
2026-05-07 11:00:00-04:00,28928.5,28930.5,28772.75,28784.25,71349
2026-05-07 12:00:00-04:00,28785.5,28788.25,28637.0,28696.75,90986
2026-05-07 13:00:00-04:00,28697.5,28713.5,28552.0,28696.5,83695
2026-05-07 14:00:00-04:00,28696.75,28721.5,28582.75,28644.75,63601
2026-05-07 15:00:00-04:00,28645.0,28708.75,28586.75,28684.25,63637
2026-05-07 16:00:00-04:00,28684.25,28766.25,28633.0,28644.0,24785
2026-05-07 18:00:00-04:00,28582.0,28670.75,28541.0,28614.5,10586
2026-05-07 19:00:00-04:00,28615.25,28679.75,28607.75,28679.5,3216
2026-05-07 20:00:00-04:00,28679.75,28747.5,28679.75,28744.75,6886
2026-05-07 21:00:00-04:00,28744.75,28782.25,28744.0,28760.5,5575
2026-05-07 22:00:00-04:00,28761.0,28773.25,28709.5,28747.5,6106
2026-05-07 23:00:00-04:00,28748.25,28776.75,28743.75,28773.75,2462
2026-05-08 00:00:00-04:00,28773.75,28796.0,28758.25,28779.0,2728
2026-05-08 01:00:00-04:00,28780.25,28829.5,28779.25,28804.5,4085
2026-05-08 02:00:00-04:00,28803.75,28838.5,28783.5,28836.25,4704
2026-05-08 03:00:00-04:00,28835.5,28837.0,28803.5,28828.0,5895
2026-05-08 04:00:00-04:00,28827.75,28869.0,28824.25,28862.0,6687
2026-05-08 05:00:00-04:00,28863.0,28897.0,28831.5,28852.25,7215
2026-05-08 06:00:00-04:00,28851.5,28890.0,28841.25,28863.5,5578
2026-05-08 07:00:00-04:00,28864.0,28915.0,28864.0,28898.5,7237
2026-05-08 08:00:00-04:00,28897.75,28976.0,28877.0,28912.25,20816
2026-05-08 09:00:00-04:00,28911.5,29111.25,28859.5,29107.25,76719
2026-05-08 10:00:00-04:00,29106.5,29175.25,29073.5,29162.0,79960
2026-05-08 11:00:00-04:00,29162.25,29217.75,29124.75,29191.5,59422
2026-05-08 12:00:00-04:00,29191.0,29247.75,29190.25,29241.0,42023
2026-05-08 13:00:00-04:00,29241.25,29317.5,29235.0,29264.25,48458
2026-05-08 14:00:00-04:00,29264.25,29305.5,29237.75,29240.5,34212
2026-05-08 15:00:00-04:00,29240.5,29341.0,29238.5,29339.75,63237
2026-05-08 16:00:00-04:00,29339.5,29386.75,29330.25,29333.75,23847
2026-05-10 18:00:00-04:00,29294.0,29320.0,29225.75,29294.5,11253
2026-05-10 19:00:00-04:00,29293.75,29346.25,29290.5,29305.0,9801
2026-05-10 20:00:00-04:00,29304.5,29399.75,29264.75,29295.75,17543
2026-05-10 21:00:00-04:00,29295.0,29353.0,29245.0,29339.25,14774
2026-05-10 22:00:00-04:00,29338.75,29361.0,29322.5,29337.25,6973
2026-05-10 23:00:00-04:00,29337.5,29348.25,29310.75,29324.75,6479
2026-05-11 00:00:00-04:00,29324.25,29344.25,29293.0,29342.25,3540
2026-05-11 01:00:00-04:00,29342.25,29356.25,29317.5,29321.75,4881
2026-05-11 02:00:00-04:00,29321.5,29354.0,29300.25,29321.5,5639
2026-05-11 03:00:00-04:00,29322.0,29330.0,29287.5,29322.5,6220
2026-05-11 04:00:00-04:00,29322.5,29330.75,29263.25,29298.0,7649
2026-05-11 05:00:00-04:00,29297.0,29366.0,29295.0,29315.5,8663
2026-05-11 06:00:00-04:00,29315.25,29333.5,29289.25,29301.25,5867
2026-05-11 07:00:00-04:00,29301.5,29389.0,29300.75,29347.75,10488
2026-05-11 08:00:00-04:00,29349.0,29353.25,29259.25,29297.75,17549
2026-05-11 09:00:00-04:00,29297.0,29434.75,29281.5,29310.25,78430
2026-05-11 10:00:00-04:00,29311.25,29417.75,29246.75,29391.5,79919
2026-05-11 11:00:00-04:00,29390.75,29475.25,29359.75,29465.25,51046
2026-05-11 12:00:00-04:00,29465.25,29480.0,29369.0,29405.0,43144
2026-05-11 13:00:00-04:00,29404.5,29476.5,29377.25,29441.5,35803
2026-05-11 14:00:00-04:00,29442.0,29475.0,29386.0,29387.75,32393
2026-05-11 15:00:00-04:00,29388.75,29434.5,29371.25,29429.25,62342
2026-05-11 16:00:00-04:00,29428.5,29430.0,29314.75,29400.0,18816
2026-05-11 18:00:00-04:00,29399.0,29455.75,29398.0,29444.5,4894
2026-05-11 19:00:00-04:00,29446.5,29454.0,29418.25,29428.25,3730
2026-05-11 20:00:00-04:00,29428.25,29428.25,29353.25,29378.5,8179
2026-05-11 21:00:00-04:00,29378.5,29392.0,29227.0,29270.0,15886
2026-05-11 22:00:00-04:00,29270.5,29365.25,29260.0,29361.25,10917
2026-05-11 23:00:00-04:00,29361.5,29364.0,29320.25,29323.5,4398
2026-05-12 00:00:00-04:00,29325.25,29337.5,29282.5,29282.75,4213
2026-05-12 01:00:00-04:00,29282.75,29303.0,29271.0,29282.5,4643
2026-05-12 02:00:00-04:00,29282.25,29292.25,29214.0,29219.5,6274
2026-05-12 03:00:00-04:00,29219.25,29254.5,29176.0,29240.0,9734
2026-05-12 04:00:00-04:00,29240.75,29245.25,29174.0,29214.0,9819
2026-05-12 05:00:00-04:00,29213.75,29246.5,29175.25,29221.0,8720
2026-05-12 06:00:00-04:00,29221.5,29250.25,29184.5,29207.75,6824
2026-05-12 07:00:00-04:00,29207.5,29217.0,29133.0,29166.25,13134
2026-05-12 08:00:00-04:00,29165.75,29232.25,29113.0,29224.0,23086
2026-05-12 09:00:00-04:00,29222.75,29296.0,29109.75,29129.5,99211
2026-05-12 10:00:00-04:00,29129.0,29228.25,29000.0,29014.25,112201
2026-05-12 11:00:00-04:00,29013.75,29031.0,28828.5,28839.75,86826
2026-05-12 12:00:00-04:00,28840.0,28913.5,28742.0,28749.0,64611
2026-05-12 13:00:00-04:00,28749.5,28929.75,28749.0,28920.5,57269
2026-05-12 14:00:00-04:00,28920.25,29007.25,28911.25,28956.0,53889
2026-05-12 15:00:00-04:00,28956.25,29188.25,28955.75,29174.25,74154
2026-05-12 16:00:00-04:00,29174.5,29176.0,29103.0,29134.25,20586
2026-05-12 18:00:00-04:00,29143.75,29187.0,29133.5,29142.5,5065
2026-05-12 19:00:00-04:00,29142.0,29158.75,29077.5,29082.0,7132
2026-05-12 20:00:00-04:00,29081.75,29157.0,29055.5,29145.25,9630
2026-05-12 21:00:00-04:00,29144.0,29260.25,29142.25,29214.75,12040
2026-05-12 22:00:00-04:00,29214.75,29240.5,29202.25,29223.0,5770
2026-05-12 23:00:00-04:00,29222.25,29264.75,29203.25,29249.0,5044
2026-05-13 00:00:00-04:00,29248.75,29297.75,29244.0,29287.5,5321
2026-05-13 01:00:00-04:00,29287.0,29310.0,29275.5,29297.0,4949
2026-05-13 02:00:00-04:00,29296.25,29352.0,29290.5,29309.0,7305
2026-05-13 03:00:00-04:00,29309.75,29371.5,29289.5,29370.25,6765
2026-05-13 04:00:00-04:00,29371.25,29447.0,29369.5,29412.75,10817
2026-05-13 05:00:00-04:00,29412.75,29426.5,29366.75,29421.0,6878
2026-05-13 06:00:00-04:00,29421.0,29423.25,29367.5,29384.5,5648
2026-05-13 07:00:00-04:00,29384.25,29394.5,29348.0,29370.0,7836
2026-05-13 08:00:00-04:00,29369.5,29404.75,29200.0,29236.25,29277
2026-05-13 09:00:00-04:00,29237.5,29304.75,29075.0,29169.25,95767
2026-05-13 10:00:00-04:00,29170.25,29322.0,29112.0,29317.5,84175
2026-05-13 11:00:00-04:00,29317.5,29386.75,29281.5,29310.0,51987
2026-05-13 12:00:00-04:00,29310.25,29463.5,29299.25,29447.75,49016
2026-05-13 13:00:00-04:00,29448.0,29496.25,29442.5,29444.25,33821
2026-05-13 14:00:00-04:00,29445.25,29565.5,29441.5,29472.25,47806
2026-05-13 15:00:00-04:00,29472.5,29540.0,29449.5,29476.0,51198
2026-05-13 16:00:00-04:00,29476.0,29547.0,29448.75,29536.0,16715
2026-05-13 18:00:00-04:00,29537.0,29609.25,29528.0,29590.25,8052
2026-05-13 19:00:00-04:00,29590.25,29648.5,29590.25,29631.25,9297
2026-05-13 20:00:00-04:00,29631.75,29693.0,29590.5,29681.0,13579
2026-05-13 21:00:00-04:00,29680.75,29682.75,29603.0,29607.75,8875
2026-05-13 22:00:00-04:00,29609.0,29635.0,29572.0,29587.25,5769
2026-05-13 23:00:00-04:00,29586.75,29610.75,29521.5,29536.0,7337
2026-05-14 00:00:00-04:00,29535.25,29598.75,29514.0,29567.5,5809
2026-05-14 01:00:00-04:00,29568.0,29613.0,29535.25,29603.25,7297
2026-05-14 02:00:00-04:00,29603.75,29640.75,29602.75,29607.25,6683
2026-05-14 03:00:00-04:00,29608.75,29633.0,29567.0,29573.5,6339
2026-05-14 04:00:00-04:00,29574.75,29629.75,29546.5,29576.0,8554
2026-05-14 05:00:00-04:00,29577.25,29589.5,29480.5,29533.25,9074
2026-05-14 06:00:00-04:00,29532.75,29593.5,29514.5,29545.0,9876
2026-05-14 07:00:00-04:00,29544.0,29577.25,29508.25,29540.0,7375
2026-05-14 08:00:00-04:00,29540.0,29575.0,29476.5,29494.5,12427
2026-05-14 09:00:00-04:00,29494.25,29684.75,29448.25,29541.75,96011
2026-05-14 10:00:00-04:00,29542.0,29730.0,29533.0,29674.25,88828
2026-05-14 11:00:00-04:00,29674.75,29773.75,29665.0,29755.25,53736
2026-05-14 12:00:00-04:00,29756.0,29782.0,29692.25,29728.0,49705
2026-05-14 13:00:00-04:00,29728.25,29754.5,29595.25,29731.0,65665
2026-05-14 14:00:00-04:00,29730.75,29730.75,29640.5,29708.5,51000
2026-05-14 15:00:00-04:00,29709.0,29735.0,29678.5,29686.75,52950
2026-05-14 16:00:00-04:00,29686.75,29737.75,29633.75,29688.5,17219
2026-05-14 18:00:00-04:00,29690.0,29720.5,29670.0,29708.5,5358
2026-05-14 19:00:00-04:00,29708.5,29734.0,29674.75,29687.5,4699
2026-05-14 20:00:00-04:00,29687.0,29727.0,29636.5,29684.0,9242
2026-05-14 21:00:00-04:00,29684.25,29691.5,29512.75,29519.0,13156
2026-05-14 22:00:00-04:00,29519.0,29600.25,29493.75,29581.0,11826
2026-05-14 23:00:00-04:00,29581.25,29593.5,29531.25,29563.25,6925
2026-05-15 00:00:00-04:00,29562.25,29563.5,29445.75,29462.5,8989
2026-05-15 01:00:00-04:00,29462.0,29464.0,29280.5,29282.5,15460
2026-05-15 02:00:00-04:00,29281.75,29414.5,29248.0,29404.5,20220
2026-05-15 03:00:00-04:00,29402.5,29469.25,29376.5,29405.75,13678
2026-05-15 04:00:00-04:00,29406.25,29413.0,29186.75,29264.25,22533
2026-05-15 05:00:00-04:00,29266.0,29289.25,29177.0,29223.25,17085
2026-05-15 06:00:00-04:00,29225.5,29375.5,29200.0,29328.25,20655
2026-05-15 07:00:00-04:00,29328.75,29355.0,29250.75,29254.5,11825
2026-05-15 08:00:00-04:00,29255.0,29255.5,29142.5,29190.0,25096
2026-05-15 09:00:00-04:00,29191.0,29291.0,29089.75,29143.25,113094
2026-05-15 10:00:00-04:00,29144.0,29382.75,29132.0,29281.25,110966
2026-05-15 11:00:00-04:00,29281.0,29382.0,29212.0,29281.25,72966
2026-05-15 12:00:00-04:00,29282.0,29351.0,29251.5,29322.75,46777
2026-05-15 13:00:00-04:00,29323.25,29453.75,29312.0,29447.25,40072
2026-05-15 14:00:00-04:00,29449.0,29486.75,29316.0,29389.75,52213
2026-05-15 15:00:00-04:00,29389.5,29398.25,29208.25,29231.25,66244
2026-05-15 16:00:00-04:00,29230.5,29233.75,29111.0,29173.0,30104
2026-05-17 18:00:00-04:00,29135.0,29283.75,29110.0,29232.75,16299
2026-05-17 19:00:00-04:00,29233.0,29248.5,29011.75,29119.0,20874
2026-05-17 20:00:00-04:00,29116.75,29145.0,28937.5,29033.75,27251
2026-05-17 21:00:00-04:00,29033.25,29051.0,28926.0,29023.25,16332
2026-05-17 22:00:00-04:00,29021.5,29093.5,28991.0,29010.75,11404
2026-05-17 23:00:00-04:00,29011.75,29071.25,29003.75,29055.5,7380
2026-05-18 00:00:00-04:00,29056.0,29116.5,29020.0,29051.0,8540
2026-05-18 01:00:00-04:00,29051.25,29097.25,29021.25,29043.25,8036
2026-05-18 02:00:00-04:00,29042.0,29113.0,28990.5,29111.5,11619
2026-05-18 03:00:00-04:00,29111.75,29175.75,29060.0,29121.0,16503
2026-05-18 04:00:00-04:00,29121.75,29242.5,29121.75,29241.0,14460
2026-05-18 05:00:00-04:00,29240.75,29249.25,29169.0,29189.0,9147
2026-05-18 06:00:00-04:00,29190.0,29195.75,29080.25,29120.0,9147
2026-05-18 07:00:00-04:00,29120.25,29274.25,29052.0,29177.5,23609
2026-05-18 08:00:00-04:00,29178.75,29419.75,29171.75,29408.0,33807
2026-05-18 09:00:00-04:00,29408.25,29419.0,29135.0,29243.75,107560
2026-05-18 10:00:00-04:00,29242.5,29299.0,28970.75,29082.5,125082
2026-05-18 11:00:00-04:00,29082.25,29126.25,28941.5,28997.25,77124
2026-05-18 12:00:00-04:00,28996.25,29074.0,28842.5,29006.0,76220
2026-05-18 13:00:00-04:00,29004.75,29038.0,28959.75,29014.0,44120
2026-05-18 14:00:00-04:00,29014.25,29020.5,28814.75,28840.0,61277
2026-05-18 15:00:00-04:00,28842.25,29114.0,28837.75,29098.75,98786
2026-05-18 16:00:00-04:00,29098.75,29110.0,29068.5,29076.0,13644
2026-05-18 18:00:00-04:00,29100.0,29173.5,29090.25,29158.0,8740
2026-05-18 19:00:00-04:00,29158.0,29185.0,29114.25,29134.75,6939
2026-05-18 20:00:00-04:00,29134.5,29188.5,29076.25,29084.0,11922
2026-05-18 21:00:00-04:00,29080.75,29097.5,28989.5,29013.5,11075
2026-05-18 22:00:00-04:00,29012.5,29014.5,28929.75,28972.0,9936
2026-05-18 23:00:00-04:00,28971.5,29038.0,28944.75,28989.75,5596
2026-05-19 00:00:00-04:00,28991.0,28991.0,28905.0,28963.5,8113
2026-05-19 01:00:00-04:00,28964.25,28982.0,28885.0,28935.0,8215
2026-05-19 02:00:00-04:00,28936.25,29021.75,28905.0,29020.5,8748
2026-05-19 03:00:00-04:00,29020.75,29125.25,29005.75,29102.75,9578
2026-05-19 04:00:00-04:00,29103.25,29117.0,28973.75,29005.75,9987
2026-05-19 05:00:00-04:00,29004.75,29005.5,28836.0,28915.25,13583
2026-05-19 06:00:00-04:00,28914.5,28931.0,28840.0,28923.75,13327
2026-05-19 07:00:00-04:00,28923.25,28950.75,28853.75,28853.75,10446
2026-05-19 08:00:00-04:00,28854.5,28937.75,28831.0,28912.75,16308
2026-05-19 09:00:00-04:00,28912.25,29068.0,28802.75,28938.75,115446
2026-05-19 10:00:00-04:00,28938.0,28944.0,28663.0,28804.0,134830
2026-05-19 11:00:00-04:00,28803.75,28877.75,28726.0,28815.75,68706
2026-05-19 12:00:00-04:00,28818.0,29034.75,28791.5,29021.75,57032
2026-05-19 13:00:00-04:00,29022.5,29126.5,29007.0,29068.75,56092
2026-05-19 14:00:00-04:00,29069.25,29101.75,28941.75,28959.5,44642
2026-05-19 15:00:00-04:00,28959.75,29059.75,28867.0,28924.5,63417
2026-05-19 16:00:00-04:00,28924.5,28941.5,28887.5,28899.25,13311
2026-05-19 18:00:00-04:00,28929.75,28956.5,28863.25,28911.5,8997
2026-05-19 19:00:00-04:00,28910.5,29024.25,28904.0,28950.0,7021
2026-05-19 20:00:00-04:00,28950.0,28971.5,28797.25,28938.75,16734
2026-05-19 21:00:00-04:00,28939.5,28999.0,28858.25,28980.25,11679
2026-05-19 22:00:00-04:00,28982.0,29017.25,28866.25,28884.75,9437
2026-05-19 23:00:00-04:00,28884.75,28914.0,28839.0,28895.5,6356
2026-05-20 00:00:00-04:00,28898.5,28949.5,28870.5,28882.25,4040
2026-05-20 01:00:00-04:00,28885.0,28982.5,28885.0,28955.0,6188
2026-05-20 02:00:00-04:00,28952.5,29039.75,28950.75,29038.75,6254
2026-05-20 03:00:00-04:00,29039.5,29065.0,29014.25,29027.25,6285
2026-05-20 04:00:00-04:00,29027.5,29136.75,29024.0,29099.25,9209
2026-05-20 05:00:00-04:00,29095.75,29149.75,29066.75,29124.0,5607
2026-05-20 06:00:00-04:00,29124.75,29157.75,29103.5,29109.0,6714
2026-05-20 07:00:00-04:00,29110.0,29129.0,29063.5,29080.75,6849
2026-05-20 08:00:00-04:00,29081.75,29169.25,29073.25,29104.5,14584
2026-05-20 09:00:00-04:00,29103.75,29194.75,29023.25,29100.5,94543
2026-05-20 10:00:00-04:00,29100.75,29279.5,29008.5,29261.5,108813
2026-05-20 11:00:00-04:00,29261.5,29395.5,29230.75,29331.5,68389
2026-05-20 12:00:00-04:00,29331.5,29337.5,29210.0,29261.75,51178
2026-05-20 13:00:00-04:00,29263.0,29326.0,29229.0,29301.25,34125
2026-05-20 14:00:00-04:00,29302.5,29345.0,29275.25,29300.5,30239
2026-05-20 15:00:00-04:00,29301.25,29396.75,29298.25,29396.25,49528
2026-05-20 16:00:00-04:00,29396.25,29397.5,29247.25,29278.5,31787
2026-05-20 18:00:00-04:00,29253.0,29278.5,29113.0,29191.5,10496
2026-05-20 19:00:00-04:00,29191.75,29225.0,29164.0,29192.25,5142
2026-05-20 20:00:00-04:00,29193.0,29232.5,29171.0,29222.0,6479
2026-05-20 21:00:00-04:00,29221.75,29320.5,29221.75,29313.25,7629
2026-05-20 22:00:00-04:00,29315.0,29377.25,29312.5,29329.0,6299
2026-05-20 23:00:00-04:00,29329.75,29381.5,29325.25,29360.75,3920
2026-05-21 00:00:00-04:00,29362.75,29428.75,29360.0,29418.25,4809
2026-05-21 01:00:00-04:00,29420.75,29439.75,29298.0,29368.0,7008
2026-05-21 02:00:00-04:00,29366.25,29393.5,29280.0,29300.25,7431
2026-05-21 03:00:00-04:00,29299.0,29333.25,29200.0,29321.25,9925
2026-05-21 04:00:00-04:00,29321.5,29464.5,29311.25,29373.25,12140
2026-05-21 05:00:00-04:00,29374.0,29429.75,29367.0,29380.25,5386
2026-05-21 06:00:00-04:00,29381.5,29393.0,29192.25,29246.5,14021
2026-05-21 07:00:00-04:00,29247.25,29293.75,29204.0,29253.25,9445
2026-05-21 08:00:00-04:00,29252.75,29292.75,29185.5,29194.0,17395
2026-05-21 09:00:00-04:00,29193.5,29315.0,29174.0,29288.25,90185
2026-05-21 10:00:00-04:00,29287.5,29340.0,29127.0,29235.75,98726
2026-05-21 11:00:00-04:00,29235.5,29304.5,29139.0,29266.25,63445
2026-05-21 12:00:00-04:00,29267.0,29310.5,29207.75,29257.75,33611
2026-05-21 13:00:00-04:00,29258.75,29554.0,29258.25,29497.25,69594
2026-05-21 14:00:00-04:00,29497.0,29521.5,29293.25,29337.0,55410
2026-05-21 15:00:00-04:00,29338.5,29466.0,29335.25,29446.25,54221
2026-05-21 16:00:00-04:00,29446.25,29471.0,29433.75,29455.5,10734
2026-05-21 18:00:00-04:00,29444.0,29543.75,29444.0,29537.75,6815
2026-05-21 19:00:00-04:00,29538.5,29584.75,29534.5,29550.5,5114
2026-05-21 20:00:00-04:00,29550.75,29603.5,29534.5,29566.0,8876
2026-05-21 21:00:00-04:00,29563.5,29578.75,29491.0,29529.5,7362
2026-05-21 22:00:00-04:00,29530.0,29556.75,29504.25,29549.75,4798
2026-05-21 23:00:00-04:00,29548.5,29573.25,29527.75,29572.25,2784
2026-05-22 00:00:00-04:00,29572.75,29598.0,29564.5,29592.5,3632
2026-05-22 01:00:00-04:00,29592.5,29606.25,29534.75,29547.0,5151
2026-05-22 02:00:00-04:00,29545.25,29593.25,29533.25,29563.75,5465
2026-05-22 03:00:00-04:00,29562.25,29587.5,29528.75,29583.75,5921
2026-05-22 04:00:00-04:00,29584.0,29665.25,29562.75,29565.25,10252
2026-05-22 05:00:00-04:00,29564.25,29566.0,29477.0,29527.25,9217
2026-05-22 06:00:00-04:00,29527.0,29527.25,29436.0,29465.5,7152
2026-05-22 07:00:00-04:00,29464.75,29527.75,29452.75,29509.5,6569
2026-05-22 08:00:00-04:00,29508.25,29595.75,29495.75,29593.75,14743
2026-05-22 09:00:00-04:00,29594.25,29715.5,29548.5,29643.0,79235
2026-05-22 10:00:00-04:00,29640.5,29655.0,29490.25,29647.25,76757
2026-05-22 11:00:00-04:00,29647.0,29713.75,29644.5,29687.5,44557
2026-05-22 12:00:00-04:00,29687.0,29694.75,29632.5,29671.5,33517
2026-05-22 13:00:00-04:00,29671.75,29749.0,29645.0,29678.5,44638
2026-05-22 14:00:00-04:00,29679.25,29688.75,29624.0,29650.25,30287
2026-05-22 15:00:00-04:00,29650.5,29664.5,29532.0,29552.5,55465
2026-05-22 16:00:00-04:00,29552.5,29580.75,29502.25,29520.75,14635
2026-05-24 18:00:00-04:00,29676.25,29825.5,29676.25,29808.5,12544
2026-05-24 19:00:00-04:00,29807.5,29883.0,29805.25,29842.5,7697
2026-05-24 20:00:00-04:00,29842.25,29935.75,29826.25,29914.75,9121
2026-05-24 21:00:00-04:00,29915.25,29949.0,29906.0,29924.75,5675
2026-05-24 22:00:00-04:00,29925.75,29960.75,29903.0,29957.0,5186
2026-05-24 23:00:00-04:00,29958.0,29988.0,29955.5,29962.5,6777
2026-05-25 00:00:00-04:00,29962.25,29987.5,29961.0,29974.5,2511
2026-05-25 01:00:00-04:00,29974.0,29995.0,29968.25,29969.25,3215
2026-05-25 02:00:00-04:00,29968.25,29985.0,29950.0,29967.5,4171
2026-05-25 03:00:00-04:00,29968.25,29987.75,29889.5,29972.25,8769
2026-05-25 04:00:00-04:00,29971.75,29974.5,29927.0,29962.75,3565
2026-05-25 05:00:00-04:00,29963.25,29976.75,29954.25,29956.25,2037
2026-05-25 06:00:00-04:00,29955.75,29974.75,29947.0,29973.0,1855
2026-05-25 07:00:00-04:00,29971.75,29989.25,29965.5,29972.25,2621
2026-05-25 08:00:00-04:00,29972.25,29990.0,29936.75,29941.5,5181
2026-05-25 09:00:00-04:00,29941.25,29993.75,29937.75,29993.5,9408
2026-05-25 10:00:00-04:00,29992.75,29993.75,29910.0,29929.0,13978
2026-05-25 11:00:00-04:00,29928.75,29990.75,29915.5,29922.5,14718
2026-05-25 12:00:00-04:00,29923.0,29966.75,29913.0,29962.5,6131
2026-05-25 18:00:00-04:00,29962.0,29977.0,29881.25,29891.0,9548
2026-05-25 19:00:00-04:00,29889.0,29901.0,29834.25,29879.25,7711
2026-05-25 20:00:00-04:00,29879.5,29880.5,29800.5,29821.5,10017
2026-05-25 21:00:00-04:00,29820.75,29836.0,29770.25,29811.75,9116
2026-05-25 22:00:00-04:00,29814.5,29829.0,29797.0,29817.75,3933
2026-05-25 23:00:00-04:00,29818.25,29828.5,29802.25,29819.5,3146
2026-05-26 00:00:00-04:00,29821.0,29829.0,29793.0,29800.5,2902
2026-05-26 01:00:00-04:00,29800.0,29816.5,29782.5,29806.0,2865
2026-05-26 02:00:00-04:00,29807.0,29845.25,29798.75,29826.25,5221
2026-05-26 03:00:00-04:00,29825.25,29830.0,29744.0,29773.0,8089
2026-05-26 04:00:00-04:00,29774.5,29811.0,29758.0,29808.75,4409
2026-05-26 05:00:00-04:00,29809.0,29850.5,29805.0,29847.0,4433
2026-05-26 06:00:00-04:00,29848.25,29915.0,29844.0,29854.25,7697
2026-05-26 07:00:00-04:00,29855.75,29874.25,29818.0,29865.75,7919
2026-05-26 08:00:00-04:00,29864.0,29930.5,29851.0,29920.5,10544
2026-05-26 09:00:00-04:00,29920.0,30007.0,29826.75,30006.75,88823
2026-05-26 10:00:00-04:00,30007.0,30118.75,29976.0,30054.75,77494
2026-05-26 11:00:00-04:00,30055.5,30066.75,29886.0,29927.25,80451
2026-05-26 12:00:00-04:00,29926.75,30015.5,29921.75,29974.75,48402
2026-05-26 13:00:00-04:00,29975.5,30013.25,29954.5,29996.75,34623
2026-05-26 14:00:00-04:00,29996.5,30060.75,29982.0,30014.5,36324
2026-05-26 15:00:00-04:00,30014.0,30112.0,30005.75,30079.75,54247
2026-05-26 16:00:00-04:00,30079.5,30084.0,30031.5,30044.25,14918
2026-05-26 18:00:00-04:00,30050.0,30077.25,30028.5,30039.75,6135
2026-05-26 19:00:00-04:00,30040.0,30104.25,30039.25,30099.5,5455
2026-05-26 20:00:00-04:00,30098.0,30137.0,30071.0,30129.0,10309
2026-05-26 21:00:00-04:00,30129.75,30159.25,30115.0,30122.25,7755
2026-05-26 22:00:00-04:00,30125.0,30159.0,30120.75,30138.25,5038
2026-05-26 23:00:00-04:00,30138.0,30155.0,30093.75,30097.25,4957
2026-05-27 00:00:00-04:00,30097.0,30123.75,30074.75,30105.5,4951
2026-05-27 01:00:00-04:00,30105.25,30120.5,30067.75,30103.5,5148
2026-05-27 02:00:00-04:00,30103.5,30110.75,30055.75,30075.75,5636
2026-05-27 03:00:00-04:00,30076.5,30144.0,30076.25,30140.25,6614
2026-05-27 04:00:00-04:00,30141.0,30217.75,30130.25,30195.5,9988
2026-05-27 05:00:00-04:00,30197.25,30213.5,30173.25,30213.25,6296
2026-05-27 06:00:00-04:00,30214.0,30248.5,30212.25,30235.5,6177
2026-05-27 07:00:00-04:00,30236.0,30297.0,30235.25,30264.75,11762
2026-05-27 08:00:00-04:00,30265.25,30379.0,30243.25,30261.25,29027
2026-05-27 09:00:00-04:00,30260.75,30271.0,29937.0,30059.75,119125
2026-05-27 10:00:00-04:00,30060.75,30099.25,29877.5,29940.75,119443
2026-05-27 11:00:00-04:00,29940.5,29981.25,29882.5,29936.0,68737
2026-05-27 12:00:00-04:00,29934.75,30048.25,29917.25,29988.0,48398
2026-05-27 13:00:00-04:00,29989.75,29997.25,29894.75,29972.5,42917
2026-05-27 14:00:00-04:00,29972.5,30060.25,29963.0,30038.75,37359
2026-05-27 15:00:00-04:00,30039.0,30072.0,30009.5,30047.25,45974
2026-05-27 16:00:00-04:00,30047.5,30129.5,30031.0,30125.25,17813
2026-05-27 18:00:00-04:00,30120.0,30136.25,30026.5,30061.5,8942
2026-05-27 19:00:00-04:00,30061.5,30080.0,29966.75,29979.0,8173
2026-05-27 20:00:00-04:00,29978.0,30090.0,29963.25,30070.5,9671
2026-05-27 21:00:00-04:00,30073.25,30080.25,30034.0,30071.0,5930
2026-05-27 22:00:00-04:00,30071.25,30079.5,29970.75,29973.25,7841
2026-05-27 23:00:00-04:00,29974.25,29985.0,29795.75,29812.0,16240
2026-05-28 00:00:00-04:00,29811.0,29825.0,29763.0,29788.25,12043
2026-05-28 01:00:00-04:00,29789.0,29911.75,29769.0,29905.0,10089
2026-05-28 02:00:00-04:00,29905.5,29938.0,29880.5,29908.25,7437
2026-05-28 03:00:00-04:00,29908.5,29965.0,29908.5,29955.75,7499
2026-05-28 04:00:00-04:00,29958.25,29995.25,29947.5,29984.25,6401
2026-05-28 05:00:00-04:00,29984.25,29998.0,29941.75,29975.75,4781
2026-05-28 06:00:00-04:00,29975.25,29975.5,29863.5,29885.0,7391
2026-05-28 07:00:00-04:00,29884.5,29940.0,29871.25,29924.0,8024
2026-05-28 08:00:00-04:00,29923.25,30067.5,29922.0,30056.0,15582
2026-05-28 09:00:00-04:00,30056.75,30112.0,29920.25,29990.75,88380
2026-05-28 10:00:00-04:00,29992.25,30191.5,29963.25,30187.75,103368
2026-05-28 11:00:00-04:00,30188.0,30293.0,30180.75,30264.5,52304
2026-05-28 12:00:00-04:00,30264.75,30329.75,30238.5,30327.0,36036
2026-05-28 13:00:00-04:00,30326.75,30344.5,30282.5,30319.5,37112
2026-05-28 14:00:00-04:00,30319.5,30337.5,30280.5,30293.5,32720
2026-05-28 15:00:00-04:00,30292.0,30331.5,30274.25,30306.25,47408
2026-05-28 16:00:00-04:00,30306.0,30344.0,30292.0,30313.0,12936
2026-05-28 18:00:00-04:00,30328.0,30362.0,30287.25,30297.5,7007
2026-05-28 19:00:00-04:00,30297.0,30327.5,30295.0,30301.5,2785
2026-05-28 20:00:00-04:00,30301.25,30301.75,30234.0,30247.75,6835
2026-05-28 21:00:00-04:00,30248.25,30263.25,30216.5,30248.75,6703
2026-05-28 22:00:00-04:00,30246.75,30272.0,30227.75,30237.25,4106
2026-05-28 23:00:00-04:00,30241.25,30274.5,30235.75,30260.5,3085
2026-05-29 00:00:00-04:00,30261.0,30307.25,30260.0,30298.0,4358
2026-05-29 01:00:00-04:00,30298.0,30317.75,30292.0,30299.0,4429
2026-05-29 02:00:00-04:00,30301.0,30350.5,30299.75,30348.25,6049
2026-05-29 03:00:00-04:00,30348.25,30349.5,30265.75,30300.5,7628
2026-05-29 04:00:00-04:00,30299.5,30326.0,30287.0,30314.25,6320
2026-05-29 05:00:00-04:00,30316.25,30369.25,30309.0,30331.5,7777
2026-05-29 06:00:00-04:00,30332.0,30350.0,30301.0,30340.5,5669
2026-05-29 07:00:00-04:00,30339.75,30372.25,30298.75,30349.0,10322
2026-05-29 08:00:00-04:00,30350.0,30351.0,30297.0,30349.0,9321
2026-05-29 09:00:00-04:00,30349.5,30520.75,30336.0,30519.0,77041
2026-05-29 10:00:00-04:00,30518.0,30536.0,30270.0,30359.5,136784
2026-05-29 11:00:00-04:00,30359.75,30439.75,30335.25,30362.5,61067
2026-05-29 12:00:00-04:00,30364.0,30447.75,30357.75,30396.75,40748
2026-05-29 13:00:00-04:00,30398.0,30410.75,30296.0,30302.0,37597
2026-05-29 14:00:00-04:00,30301.75,30402.25,30291.0,30324.5,42243
2026-05-29 15:00:00-04:00,30324.0,30445.25,30315.25,30397.5,60947
2026-05-29 16:00:00-04:00,30398.0,30411.0,30376.5,30389.5,15648
2026-05-31 18:00:00-04:00,30415.5,30473.0,30361.25,30455.5,10118
2026-05-31 19:00:00-04:00,30456.0,30485.0,30450.25,30477.0,4484
2026-05-31 20:00:00-04:00,30478.25,30554.75,30470.25,30539.5,10807
2026-05-31 21:00:00-04:00,30541.0,30553.0,30519.75,30548.5,7187
2026-05-31 22:00:00-04:00,30548.5,30568.75,30543.25,30549.25,5299
2026-05-31 23:00:00-04:00,30549.75,30595.25,30535.5,30545.75,7711
2026-06-01 00:00:00-04:00,30546.5,30581.25,30543.75,30573.75,3745
2026-06-01 01:00:00-04:00,30572.75,30592.25,30551.0,30578.25,4822
2026-06-01 02:00:00-04:00,30579.5,30589.5,30554.5,30578.75,5378
2026-06-01 03:00:00-04:00,30578.75,30591.75,30486.5,30510.0,9535
2026-06-01 04:00:00-04:00,30510.5,30516.5,30443.75,30499.25,9389
2026-06-01 05:00:00-04:00,30499.75,30512.25,30453.75,30462.0,6213
2026-06-01 06:00:00-04:00,30462.5,30504.75,30453.5,30494.0,5243
2026-06-01 07:00:00-04:00,30493.5,30502.25,30451.75,30462.5,9022
2026-06-01 08:00:00-04:00,30462.25,30496.25,30415.0,30449.5,14818
2026-06-01 09:00:00-04:00,30449.0,30467.25,30291.5,30321.5,96410
2026-06-01 10:00:00-04:00,30314.5,30447.25,30292.0,30436.75,82151
2026-06-01 11:00:00-04:00,30437.0,30554.25,30412.5,30502.25,60379
2026-06-01 12:00:00-04:00,30501.5,30584.25,30450.0,30580.75,48969
2026-06-01 13:00:00-04:00,30581.25,30693.0,30535.0,30670.0,58031
2026-06-01 14:00:00-04:00,30670.0,30675.75,30614.0,30623.5,29900
2026-06-01 15:00:00-04:00,30622.75,30648.75,30555.75,30571.25,49672
2026-06-01 16:00:00-04:00,30571.5,30575.0,30506.75,30522.5,18585
2026-06-01 18:00:00-04:00,30544.75,30547.25,30431.0,30458.5,10244
2026-06-01 19:00:00-04:00,30457.75,30479.75,30442.0,30469.25,5203
2026-06-01 20:00:00-04:00,30469.75,30470.25,30363.25,30372.75,12767
2026-06-01 21:00:00-04:00,30372.75,30401.0,30333.0,30333.5,10287
2026-06-01 22:00:00-04:00,30333.25,30385.0,30321.75,30374.0,6850
2026-06-01 23:00:00-04:00,30373.0,30383.75,30317.75,30363.5,7492
2026-06-02 00:00:00-04:00,30363.0,30445.0,30357.5,30442.75,6637
2026-06-02 01:00:00-04:00,30444.0,30495.0,30428.75,30476.25,7049
2026-06-02 02:00:00-04:00,30476.0,30515.75,30469.0,30514.5,7106
2026-06-02 03:00:00-04:00,30514.25,30547.25,30509.75,30529.5,7381
2026-06-02 04:00:00-04:00,30529.75,30569.0,30529.75,30547.75,7415
2026-06-02 05:00:00-04:00,30548.0,30586.0,30525.75,30565.5,6107
2026-06-02 06:00:00-04:00,30565.75,30571.75,30527.75,30529.25,4277
2026-06-02 07:00:00-04:00,30529.75,30574.5,30502.5,30531.25,8822
2026-06-02 08:00:00-04:00,30531.5,30560.0,30523.0,30529.75,9116
2026-06-02 09:00:00-04:00,30529.75,30604.75,30423.75,30601.75,81444
2026-06-02 10:00:00-04:00,30603.0,30647.25,30537.75,30642.25,78192
2026-06-02 11:00:00-04:00,30642.5,30697.75,30611.75,30689.5,52373
2026-06-02 12:00:00-04:00,30690.0,30713.25,30640.5,30691.25,40941
2026-06-02 13:00:00-04:00,30691.0,30703.25,30608.75,30627.5,38712
2026-06-02 14:00:00-04:00,30628.5,30664.0,30598.5,30638.5,32564
2026-06-02 15:00:00-04:00,30639.0,30721.25,30637.5,30707.25,51828
2026-06-02 16:00:00-04:00,30707.25,30763.25,30697.75,30743.0,19540
2026-06-02 18:00:00-04:00,30741.75,30757.0,30698.0,30703.5,8125
2026-06-02 19:00:00-04:00,30705.0,30715.0,30561.25,30708.0,19050
2026-06-02 20:00:00-04:00,30708.25,30727.5,30671.0,30720.0,9408
2026-06-02 21:00:00-04:00,30720.5,30723.75,30653.0,30683.0,8535
2026-06-02 22:00:00-04:00,30683.75,30696.25,30662.75,30679.0,4601
2026-06-02 23:00:00-04:00,30678.75,30710.0,30668.5,30706.75,3832
2026-06-03 00:00:00-04:00,30706.0,30730.5,30700.5,30702.5,4292
2026-06-03 01:00:00-04:00,30702.5,30723.25,30675.0,30689.25,4013
2026-06-03 02:00:00-04:00,30689.75,30718.0,30670.25,30698.0,5816
2026-06-03 03:00:00-04:00,30697.75,30742.0,30687.0,30722.5,6138
2026-06-03 04:00:00-04:00,30722.75,30751.5,30700.0,30717.25,7734
2026-06-03 05:00:00-04:00,30717.0,30770.0,30711.5,30733.5,7088
2026-06-03 06:00:00-04:00,30733.75,30785.0,30716.0,30753.75,10047
2026-06-03 07:00:00-04:00,30753.5,30794.25,30753.25,30780.0,7481
2026-06-03 08:00:00-04:00,30780.5,30799.0,30700.0,30717.25,14856
2026-06-03 09:00:00-04:00,30716.75,30807.75,30496.0,30558.75,113059
2026-06-03 10:00:00-04:00,30562.0,30739.5,30547.5,30667.25,93712
2026-06-03 11:00:00-04:00,30667.75,30715.5,30568.0,30604.25,61388
2026-06-03 12:00:00-04:00,30605.0,30623.25,30505.75,30606.75,57164
2026-06-03 13:00:00-04:00,30607.25,30647.25,30516.25,30642.75,43601
2026-06-03 14:00:00-04:00,30643.25,30682.25,30608.0,30652.0,37905
2026-06-03 15:00:00-04:00,30652.0,30694.75,30611.25,30635.75,59200
2026-06-03 16:00:00-04:00,30635.75,30639.75,30478.25,30495.0,34239
2026-06-03 18:00:00-04:00,30453.0,30499.0,30368.5,30457.75,14753
2026-06-03 19:00:00-04:00,30458.75,30463.0,30370.75,30395.25,8972
2026-06-03 20:00:00-04:00,30393.0,30502.75,30377.5,30498.75,11521
2026-06-03 21:00:00-04:00,30498.0,30531.0,30438.25,30453.5,9242
2026-06-03 22:00:00-04:00,30453.75,30456.75,30352.5,30412.0,11118
2026-06-03 23:00:00-04:00,30412.25,30486.75,30409.25,30480.5,6592
2026-06-04 00:00:00-04:00,30481.0,30508.25,30466.0,30497.5,4059
2026-06-04 01:00:00-04:00,30497.25,30499.75,30450.0,30484.5,5363
2026-06-04 02:00:00-04:00,30484.5,30535.0,30465.5,30528.25,5510
2026-06-04 03:00:00-04:00,30530.0,30544.5,30490.25,30500.0,6873
2026-06-04 04:00:00-04:00,30499.25,30500.25,30326.5,30344.5,15785
2026-06-04 05:00:00-04:00,30344.0,30349.0,30248.5,30336.25,15687
2026-06-04 06:00:00-04:00,30337.0,30337.0,30204.25,30245.25,12834
2026-06-04 07:00:00-04:00,30245.25,30290.0,30164.25,30280.75,23522
2026-06-04 08:00:00-04:00,30279.25,30330.0,30223.0,30309.75,21278
2026-06-04 09:00:00-04:00,30310.25,30364.5,30187.75,30248.0,109719
2026-06-04 10:00:00-04:00,30247.75,30360.0,30151.0,30356.75,101278
2026-06-04 11:00:00-04:00,30357.25,30469.5,30354.5,30413.75,68101
2026-06-04 12:00:00-04:00,30413.25,30493.25,30393.0,30479.0,43366
2026-06-04 13:00:00-04:00,30479.0,30563.25,30464.25,30559.5,41776
2026-06-04 14:00:00-04:00,30559.25,30598.5,30550.0,30558.0,43491
2026-06-04 15:00:00-04:00,30558.0,30603.25,30481.25,30485.5,64643
2026-06-04 16:00:00-04:00,30485.5,30495.0,30397.5,30399.5,23401
2026-06-04 18:00:00-04:00,30414.0,30422.0,30316.0,30366.5,7900
2026-06-04 19:00:00-04:00,30365.75,30371.25,30255.0,30264.25,7935
2026-06-04 20:00:00-04:00,30262.25,30264.0,30130.75,30142.75,17154
2026-06-04 21:00:00-04:00,30143.5,30202.0,30052.25,30195.5,18525
2026-06-04 22:00:00-04:00,30196.5,30249.0,30170.75,30214.25,10455
2026-06-04 23:00:00-04:00,30214.5,30229.5,30146.0,30163.0,8259
2026-06-05 00:00:00-04:00,30163.25,30243.0,30156.0,30229.75,6159
2026-06-05 01:00:00-04:00,30230.25,30233.25,30163.0,30170.25,6747
2026-06-05 02:00:00-04:00,30170.25,30213.75,30113.0,30123.5,9964
2026-06-05 03:00:00-04:00,30124.25,30158.25,30062.0,30150.25,11768
2026-06-05 04:00:00-04:00,30151.25,30222.5,30120.25,30158.75,11624
2026-06-05 05:00:00-04:00,30159.5,30259.0,30152.25,30198.25,9959
2026-06-05 06:00:00-04:00,30199.0,30236.0,30192.0,30195.5,4847
2026-06-05 07:00:00-04:00,30194.25,30197.0,30135.5,30147.75,8428
2026-06-05 08:00:00-04:00,30147.5,30157.5,30042.5,30054.5,26457
2026-06-05 09:00:00-04:00,30054.25,30100.5,29771.0,29773.75,121980
2026-06-05 10:00:00-04:00,29774.25,29942.5,29758.0,29853.0,124384
2026-06-05 11:00:00-04:00,29853.25,29870.0,29614.5,29658.5,93366
2026-06-05 12:00:00-04:00,29658.75,29660.25,29379.0,29490.5,112378
2026-06-05 13:00:00-04:00,29490.5,29505.0,29361.75,29471.0,84883
2026-06-05 14:00:00-04:00,29471.5,29477.0,29096.0,29191.5,112373
2026-06-05 15:00:00-04:00,29191.75,29211.0,28974.25,29015.75,136168
2026-06-05 16:00:00-04:00,29016.25,29042.25,28781.25,28829.25,50161
2026-06-07 18:00:00-04:00,28844.5,29023.0,28822.25,28893.0,28389
2026-06-07 19:00:00-04:00,28894.75,29103.5,28894.5,29087.75,14264
2026-06-07 20:00:00-04:00,29083.5,29287.5,29059.5,29216.75,25933
2026-06-07 21:00:00-04:00,29218.5,29236.75,29025.25,29158.75,23195
2026-06-07 22:00:00-04:00,29161.5,29243.5,29105.0,29211.25,13852
2026-06-07 23:00:00-04:00,29211.75,29232.25,29176.5,29211.75,6728
2026-06-08 00:00:00-04:00,29212.5,29223.25,29088.5,29092.0,10344
2026-06-08 01:00:00-04:00,29089.75,29144.0,28972.75,29017.5,13354
2026-06-08 02:00:00-04:00,29016.75,29151.0,29000.0,29101.75,14265
2026-06-08 03:00:00-04:00,29101.0,29281.0,29082.75,29257.0,16854
2026-06-08 04:00:00-04:00,29255.25,29267.75,29157.0,29176.25,15179
2026-06-08 05:00:00-04:00,29179.0,29254.5,29145.0,29240.5,10631
2026-06-08 06:00:00-04:00,29239.0,29273.5,29175.0,29240.75,10707
2026-06-08 07:00:00-04:00,29241.5,29437.75,29212.0,29375.0,23166
2026-06-08 08:00:00-04:00,29374.75,29510.5,29364.75,29486.0,22947
2026-06-08 09:00:00-04:00,29484.5,29604.25,29341.0,29349.75,114758
2026-06-08 10:00:00-04:00,29350.25,29681.0,29331.5,29676.5,108987
2026-06-08 11:00:00-04:00,29676.5,29743.0,29559.0,29610.0,84395
2026-06-08 12:00:00-04:00,29610.25,29692.25,29554.0,29580.5,56877
2026-06-08 13:00:00-04:00,29580.75,29624.25,29485.25,29558.25,64103
2026-06-08 14:00:00-04:00,29559.25,29617.75,29527.5,29542.0,43280
2026-06-08 15:00:00-04:00,29543.0,29548.0,29377.0,29453.0,82389
2026-06-08 16:00:00-04:00,29453.0,29470.0,29401.0,29435.25,18391
2026-06-08 18:00:00-04:00,29435.0,29468.75,29321.25,29425.5,10885
2026-06-08 19:00:00-04:00,29426.5,29482.0,29385.0,29425.0,8539
2026-06-08 20:00:00-04:00,29425.75,29441.0,29303.5,29337.75,12594
2026-06-08 21:00:00-04:00,29341.75,29547.75,29329.0,29492.0,13098
2026-06-08 22:00:00-04:00,29492.5,29523.75,29460.5,29514.0,6762
2026-06-08 23:00:00-04:00,29514.0,29593.0,29501.0,29580.0,6467
2026-06-09 00:00:00-04:00,29580.0,29631.25,29569.0,29603.25,5913
2026-06-09 01:00:00-04:00,29604.5,29651.5,29588.75,29633.25,6819
2026-06-09 02:00:00-04:00,29634.75,29674.75,29601.5,29622.25,7447
2026-06-09 03:00:00-04:00,29623.0,29689.25,29583.5,29593.0,8597
2026-06-09 04:00:00-04:00,29593.5,29686.25,29566.0,29641.5,8721
2026-06-09 05:00:00-04:00,29641.75,29696.25,29636.0,29678.75,5109
2026-06-09 06:00:00-04:00,29680.5,29698.75,29617.75,29685.25,8921
2026-06-09 07:00:00-04:00,29686.0,29727.5,29670.75,29681.5,8851
2026-06-09 08:00:00-04:00,29681.0,29739.5,29652.25,29735.25,13443
2026-06-09 09:00:00-04:00,29735.75,29848.25,29633.25,29672.75,99634
2026-06-09 10:00:00-04:00,29672.75,29712.0,29083.75,29239.75,187457
2026-06-09 11:00:00-04:00,29242.0,29302.0,28681.5,28695.25,140706
2026-06-09 12:00:00-04:00,28696.0,28787.5,28227.75,28480.0,171341
2026-06-09 13:00:00-04:00,28480.25,28924.5,28462.5,28832.5,120931
2026-06-09 14:00:00-04:00,28831.5,29091.25,28784.75,29065.75,74790
2026-06-09 15:00:00-04:00,29066.0,29146.5,28839.0,29115.25,105994
2026-06-09 16:00:00-04:00,29115.75,29196.25,29082.25,29140.5,24060
2026-06-09 18:00:00-04:00,29094.75,29118.0,28982.0,29029.0,9809
2026-06-09 19:00:00-04:00,29029.25,29102.75,28980.25,29064.5,7488
2026-06-09 20:00:00-04:00,29065.75,29169.0,28960.0,29075.25,15747
2026-06-09 21:00:00-04:00,29077.25,29115.0,29011.25,29033.5,8943
2026-06-09 22:00:00-04:00,29035.0,29042.0,28960.25,28970.5,7148
2026-06-09 23:00:00-04:00,28972.5,29046.25,28967.25,28992.75,4596
2026-06-10 00:00:00-04:00,28992.75,29001.25,28867.25,28898.5,8331
2026-06-10 01:00:00-04:00,28898.75,28968.0,28853.75,28943.25,8193
2026-06-10 02:00:00-04:00,28945.0,29014.0,28935.75,28968.5,7799
2026-06-10 03:00:00-04:00,28969.0,29001.0,28926.25,28964.25,6726
2026-06-10 04:00:00-04:00,28964.25,28965.0,28742.25,28762.0,14050
2026-06-10 05:00:00-04:00,28763.5,28830.0,28684.0,28777.75,13238
2026-06-10 06:00:00-04:00,28779.5,28844.0,28699.25,28827.5,10524
2026-06-10 07:00:00-04:00,28831.5,28845.25,28610.0,28679.5,24058
2026-06-10 08:00:00-04:00,28680.75,28992.25,28657.75,28832.0,39431
2026-06-10 09:00:00-04:00,28833.25,29163.25,28772.5,29022.0,91930
2026-06-10 10:00:00-04:00,29022.0,29250.0,28856.0,28900.25,109587
2026-06-10 11:00:00-04:00,28901.25,28985.75,28627.0,28855.25,104493
2026-06-10 12:00:00-04:00,28855.25,28896.5,28664.75,28717.5,49007
2026-06-10 13:00:00-04:00,28717.75,28793.75,28616.0,28780.0,54765
2026-06-10 14:00:00-04:00,28779.5,28832.5,28574.0,28607.5,50052
2026-06-10 15:00:00-04:00,28608.25,28669.0,28493.0,28526.0,76740
2026-06-10 16:00:00-04:00,28525.75,28536.75,28409.0,28472.0,22481
2026-06-10 18:00:00-04:00,28455.0,28470.0,28328.25,28342.5,10875
2026-06-10 19:00:00-04:00,28344.5,28446.75,28265.75,28364.0,13819
2026-06-10 20:00:00-04:00,28363.5,28571.75,28332.0,28549.5,15574
2026-06-10 21:00:00-04:00,28551.5,28765.0,28549.25,28641.25,17856
2026-06-10 22:00:00-04:00,28643.0,28696.5,28531.25,28636.75,9435
2026-06-10 23:00:00-04:00,28636.0,28745.75,28581.25,28738.75,6839
2026-06-11 00:00:00-04:00,28741.25,28803.0,28704.75,28776.5,6246
2026-06-11 01:00:00-04:00,28776.5,28782.0,28712.0,28746.5,6178
2026-06-11 02:00:00-04:00,28746.0,28797.5,28685.5,28792.0,8901
2026-06-11 03:00:00-04:00,28791.75,28868.5,28764.0,28844.25,8639
2026-06-11 04:00:00-04:00,28845.0,28936.0,28839.25,28910.75,9068
2026-06-11 05:00:00-04:00,28909.0,28922.0,28858.0,28878.25,5825
2026-06-11 06:00:00-04:00,28877.5,28917.0,28873.5,28877.75,4783
2026-06-11 07:00:00-04:00,28878.0,28909.25,28812.5,28901.0,9395
2026-06-11 08:00:00-04:00,28900.25,28915.0,28637.5,28812.5,29191
2026-06-11 09:00:00-04:00,28814.5,29016.75,28650.75,28900.5,80439
2026-06-11 10:00:00-04:00,28899.5,29049.5,28607.5,28648.25,87215
2026-06-11 11:00:00-04:00,28649.5,28907.25,28577.5,28858.0,66819
2026-06-11 12:00:00-04:00,28858.5,28975.25,28763.25,28770.0,50328
2026-06-11 13:00:00-04:00,28771.5,29302.25,28678.5,29214.0,85891
2026-06-11 14:00:00-04:00,29213.5,29312.25,29068.5,29268.75,55865
2026-06-11 15:00:00-04:00,29269.0,29544.25,29229.5,29456.75,81203
2026-06-11 16:00:00-04:00,29456.75,29522.0,29408.0,29433.25,18896
2026-06-11 18:00:00-04:00,29456.75,29586.5,29443.0,29557.75,6715
2026-06-11 19:00:00-04:00,29560.0,29597.5,29480.25,29577.25,4406
2026-06-11 20:00:00-04:00,29576.25,29645.5,29536.0,29588.25,7004
2026-06-11 21:00:00-04:00,29589.0,29589.5,29464.75,29553.0,6773
2026-06-11 22:00:00-04:00,29553.0,29587.0,29503.0,29562.5,4309
2026-06-11 23:00:00-04:00,29562.0,29562.0,29488.75,29528.5,3150
2026-06-12 00:00:00-04:00,29531.25,29549.0,29488.0,29543.75,2466
2026-06-12 01:00:00-04:00,29546.25,29554.75,29375.0,29401.0,5697
2026-06-12 02:00:00-04:00,29401.75,29474.75,29335.0,29361.0,5612
2026-06-12 03:00:00-04:00,29361.75,29458.5,29260.0,29430.5,7765
2026-06-12 04:00:00-04:00,29434.5,29575.0,29416.25,29478.25,8179
2026-06-12 05:00:00-04:00,29481.25,29675.0,29477.25,29623.25,7287
2026-06-12 06:00:00-04:00,29623.5,29657.5,29517.75,29551.0,5916
2026-06-12 07:00:00-04:00,29553.0,29660.0,29549.0,29638.25,5135
2026-06-12 08:00:00-04:00,29637.0,29646.0,29383.25,29413.25,12889
2026-06-12 09:00:00-04:00,29412.25,29502.0,29230.0,29349.5,60932
2026-06-12 10:00:00-04:00,29354.0,29644.0,29339.0,29631.0,68285
2026-06-12 11:00:00-04:00,29634.0,29760.0,29410.0,29439.75,53152
2026-06-12 12:00:00-04:00,29440.25,29678.75,29409.0,29673.0,35490
2026-06-12 13:00:00-04:00,29674.0,29752.25,29647.75,29682.5,25112
2026-06-12 14:00:00-04:00,29684.0,29719.0,29608.5,29645.0,25532
2026-06-12 15:00:00-04:00,29643.0,29711.0,29580.5,29648.25,37965
2026-06-12 16:00:00-04:00,29648.25,29732.25,29646.0,29677.75,14883
2026-06-14 18:00:00-04:00,29907.0,30094.0,29907.0,30049.25,7802
2026-06-14 19:00:00-04:00,30051.5,30071.0,29987.75,30054.0,2314
2026-06-14 20:00:00-04:00,30052.5,30172.0,30043.5,30140.75,4464
2026-06-14 21:00:00-04:00,30139.75,30184.75,30126.25,30168.25,2245
2026-06-14 22:00:00-04:00,30167.25,30211.75,30165.0,30199.5,1665
2026-06-14 23:00:00-04:00,30202.75,30220.0,30181.0,30188.5,1284
2026-06-15 00:00:00-04:00,30188.75,30232.5,30171.0,30232.5,1047
2026-06-15 01:00:00-04:00,30230.0,30244.75,30204.0,30234.25,1652
2026-06-15 02:00:00-04:00,30235.75,30257.75,30220.0,30251.25,2381
2026-06-15 03:00:00-04:00,30251.75,30270.0,30220.75,30246.75,2968
2026-06-15 04:00:00-04:00,30243.5,30324.0,30241.0,30287.75,3262
2026-06-15 05:00:00-04:00,30288.5,30298.75,30204.75,30248.25,2366
2026-06-15 06:00:00-04:00,30246.0,30266.5,30228.75,30259.0,1315
2026-06-15 07:00:00-04:00,30258.75,30319.5,30251.0,30298.75,2831
2026-06-15 08:00:00-04:00,30297.5,30314.5,30238.5,30281.25,4308
2026-06-15 09:00:00-04:00,30280.5,30497.25,30260.75,30402.25,23237
2026-06-15 10:00:00-04:00,30399.5,30490.25,30370.5,30473.75,21794
2026-06-15 11:00:00-04:00,30475.75,30588.75,30472.5,30578.75,14778
2026-06-15 12:00:00-04:00,30579.25,30612.5,30549.5,30567.5,11156
2026-06-15 13:00:00-04:00,30566.25,30589.25,30530.25,30554.5,7669
2026-06-15 14:00:00-04:00,30555.5,30591.5,30523.25,30559.5,6704
2026-06-15 15:00:00-04:00,30560.0,30574.25,30513.0,30567.5,16338
2026-06-15 16:00:00-04:00,30567.0,30588.0,30522.75,30530.0,4211
2026-06-15 18:00:00-04:00,30539.75,30561.75,30454.75,30498.5,1638
2026-06-15 19:00:00-04:00,30501.75,30541.5,30483.25,30532.75,520
2026-06-15 20:00:00-04:00,30526.0,30549.5,30467.0,30472.25,1082
2026-06-15 21:00:00-04:00,30473.75,30499.75,30453.25,30481.0,950
2026-06-15 22:00:00-04:00,30481.25,30500.75,30466.75,30480.5,623
2026-06-15 23:00:00-04:00,30482.0,30552.75,30475.0,30528.0,789
2026-06-16 00:00:00-04:00,30527.75,30532.5,30491.25,30509.5,859
2026-06-16 01:00:00-04:00,30512.25,30540.5,30492.0,30500.5,909
2026-06-16 02:00:00-04:00,30501.5,30533.75,30494.0,30525.0,852
2026-06-16 03:00:00-04:00,30529.5,30544.75,30503.75,30533.5,1003
2026-06-16 04:00:00-04:00,30536.0,30638.75,30525.0,30620.25,1725
2026-06-16 05:00:00-04:00,30620.0,30626.5,30557.0,30564.25,818
2026-06-16 06:00:00-04:00,30564.25,30627.5,30564.25,30627.5,533
2026-06-16 07:00:00-04:00,30623.75,30664.5,30615.5,30631.0,1233
2026-06-16 08:00:00-04:00,30631.0,30645.0,30508.75,30520.5,1784
2026-06-16 09:00:00-04:00,30520.25,30580.75,30443.5,30499.75,11140
2026-06-16 10:00:00-04:00,30500.25,30546.25,30255.0,30293.5,12052
2026-06-16 11:00:00-04:00,30292.0,30357.0,30101.0,30160.5,9859
2026-06-16 12:00:00-04:00,30161.0,30267.0,30139.0,30186.75,6324
2026-06-16 13:00:00-04:00,30186.0,30204.25,30089.0,30163.5,4588
2026-06-16 14:00:00-04:00,30161.75,30182.0,30111.0,30128.5,2208
2026-06-16 15:00:00-04:00,30127.0,30165.0,29982.75,29991.25,11206
2026-06-16 16:00:00-04:00,29991.0,30011.0,29956.75,29986.5,2374
2026-06-16 18:00:00-04:00,30006.75,30071.5,30005.5,30060.0,597
2026-06-16 19:00:00-04:00,30063.75,30063.75,29996.75,30012.75,385
2026-06-16 20:00:00-04:00,30024.0,30086.75,30024.0,30066.75,420
2026-06-16 21:00:00-04:00,30066.75,30133.5,30053.5,30129.75,513
2026-06-16 22:00:00-04:00,30125.5,30146.25,30118.5,30130.0,291
2026-06-16 23:00:00-04:00,30124.75,30153.5,30103.25,30153.0,269
2026-06-17 00:00:00-04:00,30153.5,30171.0,30134.0,30171.0,195
2026-06-17 01:00:00-04:00,30171.0,30213.0,30166.75,30190.5,325
2026-06-17 02:00:00-04:00,30187.0,30230.0,30171.25,30228.25,334
2026-06-17 03:00:00-04:00,30232.0,30262.25,30225.25,30242.25,515
2026-06-17 04:00:00-04:00,30247.0,30268.5,30150.0,30188.25,651
2026-06-17 05:00:00-04:00,30195.75,30207.0,30129.5,30143.75,228
2026-06-17 06:00:00-04:00,30141.25,30180.0,30103.5,30144.0,574
2026-06-17 07:00:00-04:00,30142.5,30176.0,30074.5,30099.5,369
2026-06-17 08:00:00-04:00,30105.0,30201.5,30102.5,30173.5,676
2026-06-17 09:00:00-04:00,30173.0,30224.5,30031.5,30031.5,4123
2026-06-17 10:00:00-04:00,30031.0,30228.25,29975.0,30043.0,5223
2026-06-17 11:00:00-04:00,30046.5,30141.25,30032.5,30134.75,1591
2026-06-17 12:00:00-04:00,30138.25,30155.0,30082.25,30092.25,1162
2026-06-17 13:00:00-04:00,30085.75,30166.5,30009.75,30166.5,1374
2026-06-17 14:00:00-04:00,30146.25,30207.25,29766.75,29962.5,7760
2026-06-17 15:00:00-04:00,29961.0,30061.0,29616.0,29681.0,5773
2026-06-17 16:00:00-04:00,29681.5,29851.5,29678.75,29839.75,1501
2026-06-17 18:00:00-04:00,29758.5,29948.25,29758.5,29925.5,830
2026-06-17 19:00:00-04:00,29925.5,29988.0,29906.0,29987.0,770
2026-06-17 20:00:00-04:00,29994.75,30109.75,29994.75,30049.0,476
2026-06-17 21:00:00-04:00,30050.0,30119.25,30045.75,30063.0,249
2026-06-17 22:00:00-04:00,30057.25,30108.75,30057.25,30083.75,159
2026-06-17 23:00:00-04:00,30088.25,30096.0,30052.0,30079.75,148
2026-06-18 00:00:00-04:00,30079.5,30085.0,29970.0,30017.5,318
2026-06-18 01:00:00-04:00,30003.25,30051.0,30003.0,30030.5,125
2026-06-18 02:00:00-04:00,30027.75,30104.0,30000.0,30097.5,156
2026-06-18 03:00:00-04:00,30097.5,30128.75,30063.25,30128.75,194
2026-06-18 04:00:00-04:00,30129.0,30182.75,30083.25,30090.75,329
2026-06-18 05:00:00-04:00,30081.0,30184.5,30081.0,30175.25,131
2026-06-18 06:00:00-04:00,30168.5,30181.5,30115.25,30121.0,154
2026-06-18 07:00:00-04:00,30136.0,30139.75,30048.5,30108.75,259
2026-06-18 08:00:00-04:00,30112.0,30220.5,30087.5,30207.5,683
2026-06-18 09:00:00-04:00,30197.75,30285.75,30152.0,30275.25,540
2026-06-18 20:00:00-04:00,30690.0,30694.25,30628.0,30642.75,6027
2026-06-18 21:00:00-04:00,30644.0,30664.75,30592.0,30594.5,4718
2026-06-18 22:00:00-04:00,30594.25,30619.5,30575.0,30593.75,3205
2026-06-18 23:00:00-04:00,30593.0,30606.5,30505.5,30518.5,4600
2026-06-19 00:00:00-04:00,30520.25,30526.25,30405.0,30433.75,7083
2026-06-19 01:00:00-04:00,30435.0,30483.5,30388.0,30481.0,5908
2026-06-19 02:00:00-04:00,30482.5,30565.0,30479.5,30555.0,5145
2026-06-19 03:00:00-04:00,30553.75,30633.0,30552.25,30630.0,4769
2026-06-19 04:00:00-04:00,30630.0,30660.0,30608.0,30649.25,2965
2026-06-19 05:00:00-04:00,30651.25,30666.0,30610.25,30626.0,3211
2026-06-19 06:00:00-04:00,30628.75,30633.5,30539.0,30574.0,3930
2026-06-19 07:00:00-04:00,30571.25,30601.75,30535.75,30591.75,4097
2026-06-19 08:00:00-04:00,30592.5,30670.0,30525.25,30653.0,6338
2026-06-19 09:00:00-04:00,30653.5,30695.75,30626.0,30682.25,10903
2026-06-19 10:00:00-04:00,30680.25,30697.25,30648.0,30691.5,8556
2026-06-19 11:00:00-04:00,30690.0,30705.0,30653.0,30684.0,7785
2026-06-19 12:00:00-04:00,30684.5,30702.0,30640.0,30647.0,5093
2026-06-21 18:00:00-04:00,30577.0,30616.75,30463.0,30522.25,11488
2026-06-21 19:00:00-04:00,30520.75,30523.25,30337.5,30355.75,12908
2026-06-21 20:00:00-04:00,30353.25,30624.5,30347.75,30616.75,14756
2026-06-21 21:00:00-04:00,30620.0,30659.0,30603.5,30606.75,9337
2026-06-21 22:00:00-04:00,30608.5,30626.0,30577.25,30583.5,5516
2026-06-21 23:00:00-04:00,30585.25,30616.0,30545.0,30555.25,7043
2026-06-22 00:00:00-04:00,30556.5,30592.25,30524.0,30582.75,6225
2026-06-22 01:00:00-04:00,30582.75,30665.0,30571.25,30640.25,5398
2026-06-22 02:00:00-04:00,30641.5,30742.25,30638.0,30736.75,7662
2026-06-22 03:00:00-04:00,30737.25,30781.75,30733.5,30759.0,5929
2026-06-22 04:00:00-04:00,30758.0,30765.5,30687.25,30731.25,7263
2026-06-22 05:00:00-04:00,30730.75,30758.0,30699.0,30699.0,5240
2026-06-22 06:00:00-04:00,30700.5,30766.75,30700.5,30720.0,6474
2026-06-22 07:00:00-04:00,30720.25,30828.0,30710.75,30757.75,11294
2026-06-22 08:00:00-04:00,30755.75,30844.75,30752.5,30800.5,9715
2026-06-22 09:00:00-04:00,30801.0,30937.25,30756.75,30937.0,75492
2026-06-22 10:00:00-04:00,30936.25,30968.0,30545.0,30639.0,100849
2026-06-22 11:00:00-04:00,30639.75,30680.0,30541.25,30557.25,65963
2026-06-22 12:00:00-04:00,30556.75,30615.25,30503.0,30589.5,41465
2026-06-22 13:00:00-04:00,30589.25,30650.0,30532.0,30615.0,26555
2026-06-22 14:00:00-04:00,30614.5,30665.0,30550.5,30558.5,26165
2026-06-22 15:00:00-04:00,30560.5,30673.5,30534.5,30654.25,44389
2026-06-22 16:00:00-04:00,30653.25,30677.75,30639.0,30662.5,16106
2026-06-22 18:00:00-04:00,30662.75,30701.25,30566.5,30582.25,7830
2026-06-22 19:00:00-04:00,30581.5,30588.5,30540.0,30575.0,5246
2026-06-22 20:00:00-04:00,30574.25,30636.0,30461.25,30602.0,14194
2026-06-22 21:00:00-04:00,30602.75,30616.25,30406.0,30459.75,14542
2026-06-22 22:00:00-04:00,30462.25,30472.75,30389.0,30405.25,8747
2026-06-22 23:00:00-04:00,30406.0,30412.5,30301.0,30400.0,11045
2026-06-23 00:00:00-04:00,30400.75,30417.25,30231.0,30242.5,9975
2026-06-23 01:00:00-04:00,30243.0,30268.75,30093.0,30108.5,14284
2026-06-23 02:00:00-04:00,30107.25,30133.25,29950.0,29969.75,20712
2026-06-23 03:00:00-04:00,29969.5,30054.25,29889.0,29909.0,18423
2026-06-23 04:00:00-04:00,29909.5,29919.25,29776.0,29827.25,23857
2026-06-23 05:00:00-04:00,29830.0,29933.75,29824.0,29886.25,14795
2026-06-23 06:00:00-04:00,29887.25,29916.25,29752.0,29818.0,15095
2026-06-23 07:00:00-04:00,29818.5,29884.0,29787.5,29873.25,17823
2026-06-23 08:00:00-04:00,29872.0,29900.75,29706.5,29735.0,21776
2026-06-23 09:00:00-04:00,29735.0,29934.75,29616.5,29926.0,99855
2026-06-23 10:00:00-04:00,29926.5,30047.0,29812.5,29854.5,105207
2026-06-23 11:00:00-04:00,29854.25,29886.25,29695.25,29797.75,64553
2026-06-23 12:00:00-04:00,29798.0,29915.75,29790.25,29864.0,44094
2026-06-23 13:00:00-04:00,29864.0,29896.5,29732.0,29733.0,37967
2026-06-23 14:00:00-04:00,29732.75,29782.5,29577.25,29630.0,45182
2026-06-23 15:00:00-04:00,29628.75,29753.0,29612.5,29650.5,77424
2026-06-23 16:00:00-04:00,29650.25,29757.5,29633.25,29752.0,17251
2026-06-23 18:00:00-04:00,29770.0,29803.5,29632.5,29680.0,10238
2026-06-23 19:00:00-04:00,29680.0,29763.5,29585.5,29748.25,10416
2026-06-23 20:00:00-04:00,29745.0,29891.75,29736.75,29846.5,15128
2026-06-23 21:00:00-04:00,29848.25,29852.25,29761.0,29826.5,10761
2026-06-23 22:00:00-04:00,29827.5,29838.5,29636.75,29637.75,10772
2026-06-23 23:00:00-04:00,29638.5,29779.0,29616.5,29745.25,11118
2026-06-24 00:00:00-04:00,29746.75,29790.0,29654.75,29784.5,6939
2026-06-24 01:00:00-04:00,29784.5,29884.25,29780.0,29819.0,7739
2026-06-24 02:00:00-04:00,29819.5,29866.0,29797.25,29822.75,5595
2026-06-24 03:00:00-04:00,29824.25,29840.75,29764.5,29770.0,7076
2026-06-24 04:00:00-04:00,29771.25,29866.25,29763.0,29820.0,6566
2026-06-24 05:00:00-04:00,29819.25,29843.75,29755.0,29808.25,4522
2026-06-24 06:00:00-04:00,29809.25,29851.0,29774.0,29794.75,5385
2026-06-24 07:00:00-04:00,29794.75,29865.0,29734.0,29862.25,9673
2026-06-24 08:00:00-04:00,29861.0,29872.75,29752.5,29762.0,9799
2026-06-24 09:00:00-04:00,29764.25,29841.5,29562.25,29684.25,86397
2026-06-24 10:00:00-04:00,29686.75,29893.25,29525.0,29891.0,82887
2026-06-24 11:00:00-04:00,29891.25,29907.5,29700.0,29756.0,57443
2026-06-24 12:00:00-04:00,29757.25,29806.25,29596.25,29606.5,45018
2026-06-24 13:00:00-04:00,29606.5,29661.5,29364.75,29387.25,66854
2026-06-24 14:00:00-04:00,29389.25,29563.5,29325.0,29345.25,57432
2026-06-24 15:00:00-04:00,29346.0,29529.0,29264.75,29514.0,79876
2026-06-24 16:00:00-04:00,29514.25,30157.75,29486.75,30095.25,62082
2026-06-24 18:00:00-04:00,30089.75,30168.5,30046.25,30049.5,10618
2026-06-24 19:00:00-04:00,30050.25,30135.25,30047.25,30096.75,5579
2026-06-24 20:00:00-04:00,30097.0,30102.5,29936.0,29965.0,10210
2026-06-24 21:00:00-04:00,29967.5,30031.0,29950.25,29998.75,7853
2026-06-24 22:00:00-04:00,29997.5,30020.5,29924.5,29998.0,5933
2026-06-24 23:00:00-04:00,29999.25,30045.25,29981.75,30032.75,5750
2026-06-25 00:00:00-04:00,30034.75,30064.75,29998.5,30041.0,4553
2026-06-25 01:00:00-04:00,30040.25,30121.25,30040.0,30089.25,6124
2026-06-25 02:00:00-04:00,30091.0,30131.75,30077.5,30105.25,6956
2026-06-25 03:00:00-04:00,30106.5,30186.5,30105.75,30181.75,7414
2026-06-25 04:00:00-04:00,30182.0,30219.0,30111.0,30119.5,7941
2026-06-25 05:00:00-04:00,30121.0,30158.0,30114.0,30131.0,4744
2026-06-25 06:00:00-04:00,30131.75,30185.0,30125.75,30160.5,4847
2026-06-25 07:00:00-04:00,30160.25,30193.0,30099.0,30131.25,7991
2026-06-25 08:00:00-04:00,30130.25,30263.75,30117.0,30201.25,16558
2026-06-25 09:00:00-04:00,30202.75,30214.75,29295.75,29316.0,116096
2026-06-25 10:00:00-04:00,29316.75,29776.75,29306.5,29633.25,116557
2026-06-25 11:00:00-04:00,29633.25,29761.5,29462.5,29659.75,62856
2026-06-25 12:00:00-04:00,29661.75,29872.0,29586.5,29682.0,55970
2026-06-25 13:00:00-04:00,29681.5,29811.0,29671.75,29794.5,40939
2026-06-25 14:00:00-04:00,29793.75,29891.25,29678.75,29773.5,56382
2026-06-25 15:00:00-04:00,29773.75,29777.5,29616.25,29749.5,53646
2026-06-25 16:00:00-04:00,29748.75,29922.5,29747.75,29759.25,26238
2026-06-25 18:00:00-04:00,29742.0,29761.25,29605.5,29678.25,10850
2026-06-25 19:00:00-04:00,29678.75,29892.75,29666.25,29707.0,15334
2026-06-25 20:00:00-04:00,29704.25,29772.75,29615.75,29636.0,12294
2026-06-25 21:00:00-04:00,29638.0,29676.75,29461.75,29494.25,10832
2026-06-25 22:00:00-04:00,29494.0,29506.0,29230.0,29265.25,14313
2026-06-25 23:00:00-04:00,29267.25,29370.0,29160.5,29365.75,15347
2026-06-26 00:00:00-04:00,29366.75,29386.75,29252.25,29270.0,11424
2026-06-26 01:00:00-04:00,29270.75,29410.0,29255.5,29325.25,9219
2026-06-26 02:00:00-04:00,29326.5,29535.25,29289.0,29503.75,11131
2026-06-26 03:00:00-04:00,29502.25,29562.75,29435.0,29527.75,10302
2026-06-26 04:00:00-04:00,29528.25,29557.75,29364.0,29399.5,8916
2026-06-26 05:00:00-04:00,29400.75,29444.25,29344.0,29370.75,9415
2026-06-26 06:00:00-04:00,29372.5,29400.25,29317.75,29361.5,5868
2026-06-26 07:00:00-04:00,29363.25,29425.5,29304.75,29351.0,9072
2026-06-26 08:00:00-04:00,29350.0,29450.0,29298.25,29315.25,13157
2026-06-26 09:00:00-04:00,29317.25,29464.5,29181.5,29440.5,71666
2026-06-26 10:00:00-04:00,29444.0,29665.25,29414.0,29501.75,74664
2026-06-26 11:00:00-04:00,29505.25,29716.0,29408.75,29621.25,61132
2026-06-26 12:00:00-04:00,29620.75,29645.5,29493.75,29612.25,39822
2026-06-26 13:00:00-04:00,29612.0,29700.0,29535.75,29544.0,33346
2026-06-26 14:00:00-04:00,29545.25,29582.0,29388.75,29415.5,33147
2026-06-26 15:00:00-04:00,29417.0,29569.5,29283.75,29316.0,58953
2026-06-26 16:00:00-04:00,29318.0,29410.0,29255.0,29283.0,32991
2026-06-28 18:00:00-04:00,29282.5,29598.75,29280.25,29560.5,12218
2026-06-28 19:00:00-04:00,29558.25,29683.25,29548.75,29617.0,8562
2026-06-28 20:00:00-04:00,29621.0,29622.0,29363.25,29494.0,18576
2026-06-28 21:00:00-04:00,29494.0,29558.25,29420.25,29516.25,9482
2026-06-28 22:00:00-04:00,29518.5,29544.25,29389.0,29523.25,7118
2026-06-28 23:00:00-04:00,29525.75,29605.75,29482.25,29593.0,6631
2026-06-29 00:00:00-04:00,29592.0,29593.25,29505.0,29518.0,5564
2026-06-29 01:00:00-04:00,29520.0,29672.25,29491.5,29670.75,7069
2026-06-29 02:00:00-04:00,29670.25,29684.75,29590.0,29631.5,6982
2026-06-29 03:00:00-04:00,29631.5,29698.5,29575.75,29664.25,6296
2026-06-29 04:00:00-04:00,29663.5,29732.75,29652.75,29660.25,6770
2026-06-29 05:00:00-04:00,29658.75,29688.25,29620.0,29664.0,5169
2026-06-29 06:00:00-04:00,29666.25,29746.0,29666.25,29740.5,6218
2026-06-29 07:00:00-04:00,29742.25,29759.75,29683.5,29705.5,7446
2026-06-29 08:00:00-04:00,29705.25,29739.25,29650.25,29705.0,7432
2026-06-29 09:00:00-04:00,29705.75,29840.0,29557.0,29617.75,63315
2026-06-29 10:00:00-04:00,29618.75,29716.5,29273.75,29713.75,103922
2026-06-29 11:00:00-04:00,29714.25,29847.25,29659.25,29838.75,55071
2026-06-29 12:00:00-04:00,29839.75,29932.5,29834.25,29915.5,38599
2026-06-29 13:00:00-04:00,29916.0,30038.25,29915.75,30003.5,35179
2026-06-29 14:00:00-04:00,30004.0,30069.5,29986.5,30032.25,29217
2026-06-29 15:00:00-04:00,30032.75,30069.0,29973.75,30046.25,52970
2026-06-29 16:00:00-04:00,30046.75,30051.75,29991.25,29995.0,16211
2026-06-29 18:00:00-04:00,30007.25,30035.5,29970.25,30012.25,5603
2026-06-29 19:00:00-04:00,30011.25,30054.0,30006.0,30041.0,4216
2026-06-29 20:00:00-04:00,30040.0,30086.0,29934.75,30009.5,11288
2026-06-29 21:00:00-04:00,30010.75,30079.25,29951.0,30053.25,8775
2026-06-29 22:00:00-04:00,30054.5,30056.75,29977.5,30020.25,4807
2026-06-29 23:00:00-04:00,30021.5,30130.75,30011.0,30095.0,5279
2026-06-30 00:00:00-04:00,30095.5,30209.5,30094.75,30186.5,6410
2026-06-30 01:00:00-04:00,30187.75,30217.0,30117.0,30167.0,7162
2026-06-30 02:00:00-04:00,30167.75,30173.25,30098.0,30132.5,6617
2026-06-30 03:00:00-04:00,30133.25,30151.25,30069.25,30081.25,5257
2026-06-30 04:00:00-04:00,30081.0,30135.0,30018.75,30069.25,7892
2026-06-30 05:00:00-04:00,30071.25,30093.75,30034.5,30082.5,4515
2026-06-30 06:00:00-04:00,30083.0,30151.5,30068.25,30139.75,6663
2026-06-30 07:00:00-04:00,30141.25,30175.5,30114.25,30137.0,7705
2026-06-30 08:00:00-04:00,30139.0,30142.75,30004.75,30013.5,13046
2026-06-30 09:00:00-04:00,30014.25,30366.75,29997.0,30366.75,74730
2026-06-30 10:00:00-04:00,30366.75,30442.5,30274.5,30305.25,74994
2026-06-30 11:00:00-04:00,30305.25,30482.0,30299.75,30459.75,43362
2026-06-30 12:00:00-04:00,30460.5,30546.5,30452.5,30528.0,32727
2026-06-30 13:00:00-04:00,30528.25,30562.75,30515.75,30524.5,28581
2026-06-30 14:00:00-04:00,30524.75,30575.25,30498.75,30554.5,26598
2026-06-30 15:00:00-04:00,30554.0,30599.75,30510.0,30513.5,62624
2026-06-30 16:00:00-04:00,30513.75,30543.0,30484.75,30500.75,21641
2026-06-30 18:00:00-04:00,30505.75,30536.0,30492.25,30510.0,5113
2026-06-30 19:00:00-04:00,30511.5,30543.5,30509.75,30534.0,3992
2026-06-30 20:00:00-04:00,30535.25,30553.75,30507.0,30524.0,7176
2026-06-30 21:00:00-04:00,30523.75,30530.25,30450.5,30453.5,9212
2026-06-30 22:00:00-04:00,30453.5,30456.25,30367.75,30438.5,7546
2026-06-30 23:00:00-04:00,30438.5,30477.75,30429.5,30467.0,4362
2026-07-01 00:00:00-04:00,30467.25,30474.5,30429.0,30443.5,3587
2026-07-01 01:00:00-04:00,30445.75,30463.0,30422.25,30429.5,3148
2026-07-01 02:00:00-04:00,30430.0,30444.0,30364.5,30391.5,8396
2026-07-01 03:00:00-04:00,30391.75,30394.75,30299.0,30374.0,9971
2026-07-01 04:00:00-04:00,30374.75,30378.0,30317.5,30377.0,6040
2026-07-01 05:00:00-04:00,30376.25,30386.25,30338.75,30385.0,3044
2026-07-01 06:00:00-04:00,30384.75,30414.5,30351.75,30407.75,5372
2026-07-01 07:00:00-04:00,30406.75,30435.25,30355.0,30362.75,6906
2026-07-01 08:00:00-04:00,30363.0,30395.0,30233.25,30268.75,25169
2026-07-01 09:00:00-04:00,30267.75,30314.5,30087.75,30283.75,93057
2026-07-01 10:00:00-04:00,30280.0,30327.25,30137.25,30192.25,74818
2026-07-01 11:00:00-04:00,30193.0,30356.5,30186.0,30254.75,54360
2026-07-01 12:00:00-04:00,30255.0,30284.25,30172.75,30190.25,32688
2026-07-01 13:00:00-04:00,30190.0,30240.5,30152.25,30163.75,30407
2026-07-01 14:00:00-04:00,30164.25,30190.0,30099.0,30132.75,29247
2026-07-01 15:00:00-04:00,30132.75,30231.5,30054.0,30080.75,59185
2026-07-01 16:00:00-04:00,30080.75,30086.25,30008.5,30064.25,24395
2026-07-01 18:00:00-04:00,30089.75,30118.0,30051.5,30107.25,5745
2026-07-01 19:00:00-04:00,30108.25,30111.0,30010.25,30042.75,5437
2026-07-01 20:00:00-04:00,30046.0,30117.25,29952.5,30110.25,11301
2026-07-01 21:00:00-04:00,30110.5,30229.0,30098.0,30203.75,7897
2026-07-01 22:00:00-04:00,30203.75,30239.5,30180.75,30207.5,5703
2026-07-01 23:00:00-04:00,30208.25,30212.75,30134.5,30172.0,5427
2026-07-02 00:00:00-04:00,30173.5,30188.25,30050.0,30111.25,5650
2026-07-02 01:00:00-04:00,30114.0,30159.75,30037.25,30051.0,6964
2026-07-02 02:00:00-04:00,30052.0,30066.0,29895.0,29919.75,10894
2026-07-02 03:00:00-04:00,29921.25,29944.5,29826.25,29891.25,10690
2026-07-02 04:00:00-04:00,29893.5,30038.25,29827.25,30033.0,9730
2026-07-02 05:00:00-04:00,30032.75,30033.5,29943.5,29957.75,6395
2026-07-02 06:00:00-04:00,29959.5,30008.5,29920.0,30005.75,5871
2026-07-02 07:00:00-04:00,30005.25,30079.0,29967.0,30034.25,9644
2026-07-02 08:00:00-04:00,30035.25,30320.0,30022.25,30182.75,26532
2026-07-02 09:00:00-04:00,30185.0,30263.0,30007.75,30257.75,77448
2026-07-02 10:00:00-04:00,30258.0,30293.5,29730.75,29840.25,108400
2026-07-02 11:00:00-04:00,29840.25,29852.0,29610.75,29676.0,72654
2026-07-02 12:00:00-04:00,29676.75,29688.25,29434.0,29462.25,61695
2026-07-02 13:00:00-04:00,29461.0,29482.75,29328.5,29338.5,48138
2026-07-02 14:00:00-04:00,29339.5,29528.0,29330.5,29489.0,46973
2026-07-02 15:00:00-04:00,29488.75,29588.0,29349.5,29538.25,62918
2026-07-02 16:00:00-04:00,29538.0,29564.75,29514.0,29551.75,18964
2026-07-02 18:00:00-04:00,29566.0,29622.25,29559.25,29618.75,3563
2026-07-02 19:00:00-04:00,29615.75,29618.75,29552.0,29600.5,4936
2026-07-02 20:00:00-04:00,29598.75,29638.75,29522.0,29536.5,6700
2026-07-02 21:00:00-04:00,29539.5,29699.5,29535.25,29682.5,6840
2026-07-02 22:00:00-04:00,29684.75,29755.75,29680.5,29750.75,4048
2026-07-02 23:00:00-04:00,29749.75,29775.25,29717.75,29767.5,3669
2026-07-03 00:00:00-04:00,29769.25,29820.0,29764.0,29802.25,4064
2026-07-03 01:00:00-04:00,29803.75,29841.5,29789.25,29825.25,5345
2026-07-03 02:00:00-04:00,29826.25,29888.0,29821.0,29840.75,7475
2026-07-03 03:00:00-04:00,29842.0,29869.0,29825.75,29846.0,3655
2026-07-03 04:00:00-04:00,29845.25,29873.25,29831.25,29848.5,3134
2026-07-03 05:00:00-04:00,29848.75,29900.25,29827.75,29870.5,3730
2026-07-03 06:00:00-04:00,29869.75,29894.5,29856.0,29879.5,2192
2026-07-03 07:00:00-04:00,29880.75,29908.0,29866.75,29903.25,2328
2026-07-03 08:00:00-04:00,29902.75,29924.25,29875.5,29903.0,3338
2026-07-03 09:00:00-04:00,29902.5,29955.25,29886.75,29940.0,10415
2026-07-03 10:00:00-04:00,29940.0,29946.25,29888.5,29918.5,7769
2026-07-03 11:00:00-04:00,29919.0,29925.0,29884.5,29906.0,4771
2026-07-03 12:00:00-04:00,29907.25,29925.0,29890.75,29901.75,3685
2026-07-05 18:00:00-04:00,29930.25,29979.5,29860.75,29946.0,8646
2026-07-05 19:00:00-04:00,29946.5,30011.25,29926.5,29983.75,6702
2026-07-05 20:00:00-04:00,29987.75,30004.75,29845.0,29928.25,11652
2026-07-05 21:00:00-04:00,29926.5,29932.0,29750.0,29792.75,11359
2026-07-05 22:00:00-04:00,29793.25,29818.75,29683.0,29725.25,10053
2026-07-05 23:00:00-04:00,29726.5,29806.5,29693.25,29730.25,8608
2026-07-06 00:00:00-04:00,29730.25,29840.5,29703.0,29828.25,5896
2026-07-06 01:00:00-04:00,29829.5,29830.5,29752.5,29790.5,4022
2026-07-06 02:00:00-04:00,29791.5,29858.25,29754.75,29847.25,5157
2026-07-06 03:00:00-04:00,29846.25,29876.25,29816.25,29852.5,3582
2026-07-06 04:00:00-04:00,29852.75,29884.0,29780.0,29867.0,4667
2026-07-06 05:00:00-04:00,29869.75,29888.5,29827.5,29877.0,3442
2026-07-06 06:00:00-04:00,29878.0,29891.5,29847.25,29884.5,3091
2026-07-06 07:00:00-04:00,29884.25,29915.0,29841.75,29877.75,5843
2026-07-06 08:00:00-04:00,29879.0,29936.0,29865.5,29934.0,9264
2026-07-06 09:00:00-04:00,29934.75,30009.0,29776.25,29932.5,69422
2026-07-06 10:00:00-04:00,29935.5,30067.5,29903.25,30025.25,62485
2026-07-06 11:00:00-04:00,30025.75,30083.75,29941.25,30074.25,44575
2026-07-06 12:00:00-04:00,30074.0,30094.0,29981.0,29990.0,31442
2026-07-06 13:00:00-04:00,29989.0,30036.75,29882.25,29896.75,39447
2026-07-06 14:00:00-04:00,29896.25,30004.0,29895.5,29990.0,32119
2026-07-06 15:00:00-04:00,29990.75,30052.0,29931.5,29951.75,51171
2026-07-06 16:00:00-04:00,29951.25,29972.75,29931.25,29947.75,14239
2026-07-06 18:00:00-04:00,29960.0,29973.75,29889.0,29894.75,5282
2026-07-06 19:00:00-04:00,29893.5,29928.75,29839.25,29852.25,6427
2026-07-06 20:00:00-04:00,29851.0,29914.25,29808.25,29816.75,10497
2026-07-06 21:00:00-04:00,29819.75,29835.75,29716.5,29773.0,10180
2026-07-06 22:00:00-04:00,29774.25,29819.25,29738.75,29748.0,6178
2026-07-06 23:00:00-04:00,29748.0,29784.75,29628.25,29668.25,10596
2026-07-07 00:00:00-04:00,29670.0,29680.0,29607.5,29625.5,5835
2026-07-07 01:00:00-04:00,29626.25,29704.5,29558.5,29689.75,8783
2026-07-07 02:00:00-04:00,29688.75,29701.25,29631.25,29688.75,6182
2026-07-07 03:00:00-04:00,29689.0,29744.0,29644.0,29645.5,8265
2026-07-07 04:00:00-04:00,29646.75,29709.25,29641.25,29660.25,5489
2026-07-07 05:00:00-04:00,29660.75,29693.5,29622.5,29662.25,5530
2026-07-07 06:00:00-04:00,29663.25,29689.5,29625.25,29659.25,9016
2026-07-07 07:00:00-04:00,29660.5,29661.75,29591.25,29642.5,6934
2026-07-07 08:00:00-04:00,29640.75,29716.0,29622.0,29642.25,12074
2026-07-07 09:00:00-04:00,29642.25,29685.75,29420.25,29469.0,87245
2026-07-07 10:00:00-04:00,29468.75,29505.75,29210.0,29302.5,99855
2026-07-07 11:00:00-04:00,29302.25,29389.25,29248.25,29386.75,54085
2026-07-07 12:00:00-04:00,29388.0,29558.25,29377.0,29540.0,56157
2026-07-07 13:00:00-04:00,29539.5,29580.75,29510.0,29567.25,35192
2026-07-07 14:00:00-04:00,29567.5,29574.25,29385.25,29391.0,39998
2026-07-07 15:00:00-04:00,29390.25,29410.0,29271.0,29394.5,65458
2026-07-07 16:00:00-04:00,29395.0,29437.25,29387.75,29419.5,17151
2026-07-07 18:00:00-04:00,29373.75,29400.0,29319.5,29382.75,5711
2026-07-07 19:00:00-04:00,29382.5,29407.0,29292.5,29300.5,6280
2026-07-07 20:00:00-04:00,29300.0,29547.0,29266.0,29543.5,16410
2026-07-07 21:00:00-04:00,29543.75,29558.75,29427.0,29438.0,10575
2026-07-07 22:00:00-04:00,29437.75,29475.0,29388.0,29461.25,7486
2026-07-07 23:00:00-04:00,29461.5,29532.25,29461.25,29467.0,5426
2026-07-08 00:00:00-04:00,29470.0,29473.5,29376.75,29415.0,6789
2026-07-08 01:00:00-04:00,29417.0,29447.25,29311.75,29347.5,6883
2026-07-08 02:00:00-04:00,29346.75,29363.5,29282.25,29329.25,7704
2026-07-08 03:00:00-04:00,29328.25,29409.5,29281.0,29381.0,8311
2026-07-08 04:00:00-04:00,29383.0,29414.75,28957.25,29009.5,26766
2026-07-08 05:00:00-04:00,29010.75,29034.0,28909.75,28957.75,14250
2026-07-08 06:00:00-04:00,28960.75,29063.0,28922.75,29018.75,9686
2026-07-08 07:00:00-04:00,29020.75,29124.75,28973.0,29089.25,12640
2026-07-08 08:00:00-04:00,29088.0,29239.5,29054.25,29155.0,17061
2026-07-08 09:00:00-04:00,29154.75,29399.0,29148.0,29367.5,72603
2026-07-08 10:00:00-04:00,29366.25,29389.25,29151.0,29212.0,77278
2026-07-08 11:00:00-04:00,29212.25,29224.25,29034.0,29096.25,54962
2026-07-08 12:00:00-04:00,29097.25,29377.0,29092.75,29373.25,53134
2026-07-08 13:00:00-04:00,29372.25,29457.75,29324.25,29352.5,38844
2026-07-08 14:00:00-04:00,29352.25,29429.25,29330.0,29405.75,29548
2026-07-08 15:00:00-04:00,29405.75,29500.0,29375.75,29457.5,42860
2026-07-08 16:00:00-04:00,29457.0,29468.5,29353.25,29391.25,16143
2026-07-08 18:00:00-04:00,29412.0,29449.25,29402.75,29425.5,4049
2026-07-08 19:00:00-04:00,29424.0,29503.25,29395.0,29491.25,5863
2026-07-08 20:00:00-04:00,29491.0,29583.0,29486.25,29503.5,11270
2026-07-08 21:00:00-04:00,29504.5,29555.25,29444.5,29449.0,8307
2026-07-08 22:00:00-04:00,29450.5,29579.0,29419.0,29429.5,10385
2026-07-08 23:00:00-04:00,29430.75,29518.0,29396.5,29506.75,5714
2026-07-09 00:00:00-04:00,29507.5,29558.5,29462.5,29554.0,4462
2026-07-09 01:00:00-04:00,29554.75,29610.0,29474.75,29607.75,7882
2026-07-09 02:00:00-04:00,29606.5,29644.25,29572.25,29612.0,7240
2026-07-09 03:00:00-04:00,29613.25,29706.75,29603.75,29686.25,8869
2026-07-09 04:00:00-04:00,29684.75,29735.75,29643.0,29661.25,7193
2026-07-09 05:00:00-04:00,29663.5,29669.0,29613.75,29644.0,4155
2026-07-09 06:00:00-04:00,29645.5,29669.0,29564.5,29600.25,5617
2026-07-09 07:00:00-04:00,29601.75,29721.75,29579.0,29696.0,9800
2026-07-09 08:00:00-04:00,29696.75,29786.5,29681.0,29736.0,14082
2026-07-09 09:00:00-04:00,29735.25,29931.25,29672.0,29909.5,68192
2026-07-09 10:00:00-04:00,29910.0,29922.75,29614.5,29787.75,83651
2026-07-09 11:00:00-04:00,29788.25,29905.25,29779.5,29886.25,39757
2026-07-09 12:00:00-04:00,29886.5,29924.25,29864.0,29897.25,29518
2026-07-09 13:00:00-04:00,29897.0,29993.5,29893.5,29973.75,31823
2026-07-09 14:00:00-04:00,29974.75,29985.0,29929.5,29939.25,25260
2026-07-09 15:00:00-04:00,29939.75,29958.25,29896.75,29948.75,48996
2026-07-09 16:00:00-04:00,29948.75,29973.75,29926.25,29931.25,14338
2026-07-09 18:00:00-04:00,29937.75,29961.0,29904.0,29922.0,4527
2026-07-09 19:00:00-04:00,29921.5,29964.25,29907.0,29932.5,4502
2026-07-09 20:00:00-04:00,29933.25,29952.0,29804.25,29866.5,13167
2026-07-09 21:00:00-04:00,29866.5,29922.75,29817.5,29891.5,7734
2026-07-09 22:00:00-04:00,29895.0,29952.5,29854.25,29952.0,6748
2026-07-09 23:00:00-04:00,29952.0,29963.5,29912.5,29932.25,3430
2026-07-10 00:00:00-04:00,29933.0,29948.75,29875.25,29881.75,4219
2026-07-10 01:00:00-04:00,29883.75,29897.0,29840.0,29845.5,5128
2026-07-10 02:00:00-04:00,29847.25,29856.75,29775.25,29819.5,9287
2026-07-10 03:00:00-04:00,29819.25,29827.75,29761.75,29774.0,4722
2026-07-10 04:00:00-04:00,29773.75,29803.75,29743.75,29773.25,6067
2026-07-10 05:00:00-04:00,29776.75,29827.75,29717.25,29814.75,6145
2026-07-10 06:00:00-04:00,29820.75,29862.25,29805.5,29850.75,4590
2026-07-10 07:00:00-04:00,29850.0,29887.75,29806.75,29816.0,7011
2026-07-10 08:00:00-04:00,29816.75,29878.75,29771.25,29800.0,12494
2026-07-10 09:00:00-04:00,29800.5,29968.5,29790.5,29923.0,60947
2026-07-10 10:00:00-04:00,29922.75,29966.0,29675.0,29818.25,71945
2026-07-10 11:00:00-04:00,29818.5,29991.5,29780.0,29944.25,57528
2026-07-10 12:00:00-04:00,29944.25,30043.25,29943.75,30026.75,35079
2026-07-10 13:00:00-04:00,30026.5,30072.25,29996.5,30038.0,22692
2026-07-10 14:00:00-04:00,30039.0,30071.0,30021.5,30038.25,24370
2026-07-10 15:00:00-04:00,30038.5,30077.75,30024.75,30037.5,36458
2026-07-10 16:00:00-04:00,30037.75,30073.75,30031.75,30068.5,10510
2026-07-12 18:00:00-04:00,29952.0,29979.5,29855.0,29910.25,12410
2026-07-12 19:00:00-04:00,29909.75,29910.5,29845.0,29893.25,6041
2026-07-12 20:00:00-04:00,29892.0,30041.0,29807.5,29832.5,17303
2026-07-12 21:00:00-04:00,29836.75,29851.25,29737.25,29761.25,12665
2026-07-12 22:00:00-04:00,29762.75,29808.75,29714.5,29717.0,9368
2026-07-12 23:00:00-04:00,29717.5,29727.25,29682.0,29688.0,7464
2026-07-13 00:00:00-04:00,29689.75,29690.0,29612.75,29627.0,6703
2026-07-13 01:00:00-04:00,29627.75,29693.75,29542.75,29649.0,10955
2026-07-13 02:00:00-04:00,29650.5,29666.0,29585.5,29632.5,7266
2026-07-13 03:00:00-04:00,29631.5,29690.25,29607.0,29652.75,5927
2026-07-13 04:00:00-04:00,29654.25,29754.0,29647.5,29747.5,7465
2026-07-13 05:00:00-04:00,29747.5,29776.5,29718.0,29770.75,3657
2026-07-13 06:00:00-04:00,29772.0,29778.0,29735.75,29756.75,4108
2026-07-13 07:00:00-04:00,29755.75,29799.75,29728.75,29741.0,6444
2026-07-13 08:00:00-04:00,29742.0,29757.25,29655.5,29719.0,11769
2026-07-13 09:00:00-04:00,29719.25,29748.0,29518.0,29630.0,69597
2026-07-13 10:00:00-04:00,29631.0,29724.0,29488.5,29717.75,75919
2026-07-13 11:00:00-04:00,29718.0,29752.5,29596.75,29612.25,39122
2026-07-13 12:00:00-04:00,29611.25,29638.5,29460.75,29525.75,50432
2026-07-13 13:00:00-04:00,29526.5,29580.75,29468.0,29479.5,29035
2026-07-13 14:00:00-04:00,29480.0,29539.5,29454.5,29493.5,28681
2026-07-13 15:00:00-04:00,29493.5,29525.75,29393.25,29467.0,66841
2026-07-13 16:00:00-04:00,29466.75,29474.0,29386.5,29428.75,15950
2026-07-13 18:00:00-04:00,29446.0,29479.5,29393.75,29399.5,5021
2026-07-13 19:00:00-04:00,29399.5,29423.75,29327.25,29420.75,7698
2026-07-13 20:00:00-04:00,29422.5,29535.0,29325.75,29521.0,15661
2026-07-13 21:00:00-04:00,29521.0,29541.25,29437.0,29445.0,9392
2026-07-13 22:00:00-04:00,29447.25,29489.0,29365.25,29389.0,8242
2026-07-13 23:00:00-04:00,29390.75,29428.0,29303.5,29423.0,9983
2026-07-14 00:00:00-04:00,29425.25,29516.5,29371.25,29508.5,5397
2026-07-14 01:00:00-04:00,29509.75,29631.25,29490.0,29593.0,8001
2026-07-14 02:00:00-04:00,29592.0,29649.75,29562.75,29564.25,6501
2026-07-14 03:00:00-04:00,29564.0,29621.25,29545.5,29574.5,5395
2026-07-14 04:00:00-04:00,29575.0,29636.25,29547.75,29573.0,5619
2026-07-14 05:00:00-04:00,29573.0,29629.5,29557.75,29602.25,3751
2026-07-14 06:00:00-04:00,29603.25,29633.0,29578.75,29607.25,2940
2026-07-14 07:00:00-04:00,29606.75,29670.5,29555.0,29632.0,10787
2026-07-14 08:00:00-04:00,29635.0,29921.75,29570.0,29772.5,29784
2026-07-14 09:00:00-04:00,29773.75,29832.0,29685.0,29781.25,56905
2026-07-14 10:00:00-04:00,29780.25,29839.75,29567.5,29772.5,77264
2026-07-14 11:00:00-04:00,29773.5,29895.75,29753.75,29785.5,54893
2026-07-14 12:00:00-04:00,29786.0,29830.0,29704.5,29826.75,36130
2026-07-14 13:00:00-04:00,29826.75,29867.0,29807.0,29863.25,24228
2026-07-14 14:00:00-04:00,29863.0,29878.25,29810.5,29824.0,22888
2026-07-14 15:00:00-04:00,29824.5,29837.75,29771.0,29786.0,41398
2026-07-14 16:00:00-04:00,29785.75,29810.0,29767.75,29793.5,13457
2026-07-14 18:00:00-04:00,29805.0,29806.25,29745.5,29773.25,4144
2026-07-14 19:00:00-04:00,29772.75,29900.0,29758.0,29889.25,6031
2026-07-14 20:00:00-04:00,29889.0,29938.0,29837.5,29918.0,8489
2026-07-14 21:00:00-04:00,29920.0,29959.25,29860.0,29957.25,6605
2026-07-14 22:00:00-04:00,29958.75,29987.25,29949.25,29960.75,4634
2026-07-14 23:00:00-04:00,29961.0,30019.25,29947.25,30012.5,4145
2026-07-15 00:00:00-04:00,30012.75,30025.0,29983.25,30021.75,3152
2026-07-15 01:00:00-04:00,30022.5,30058.25,29967.75,30032.0,8058
2026-07-15 02:00:00-04:00,30031.75,30050.0,30009.75,30030.0,4961
2026-07-15 03:00:00-04:00,30030.5,30062.5,29928.0,29996.25,7986
2026-07-15 04:00:00-04:00,29997.25,29998.75,29872.0,29936.5,6822
2026-07-15 05:00:00-04:00,29937.75,29963.5,29914.25,29924.75,2785
2026-07-15 06:00:00-04:00,29926.0,29947.25,29886.0,29927.25,3415
2026-07-15 07:00:00-04:00,29926.0,29953.0,29904.5,29912.5,3536
2026-07-15 08:00:00-04:00,29914.5,29995.25,29856.25,29980.0,13316
2026-07-15 09:00:00-04:00,29980.0,29999.75,29754.5,29823.5,62640
2026-07-15 10:00:00-04:00,29822.75,29892.5,29536.75,29630.75,91993
2026-07-15 11:00:00-04:00,29632.0,29661.75,29526.5,29582.0,50386
2026-07-15 12:00:00-04:00,29580.25,29599.5,29397.0,29512.75,55044
2026-07-15 13:00:00-04:00,29512.75,29705.75,29504.75,29686.5,42168
2026-07-15 14:00:00-04:00,29686.75,29742.75,29595.0,29613.25,42008
2026-07-15 15:00:00-04:00,29613.0,29707.0,29589.0,29701.0,49639
2026-07-15 16:00:00-04:00,29701.25,29737.0,29664.0,29707.5,12457
2026-07-15 18:00:00-04:00,29709.0,29749.0,29677.0,29716.25,5221
2026-07-15 19:00:00-04:00,29716.0,29736.25,29682.0,29690.0,3815
2026-07-15 20:00:00-04:00,29690.0,29763.25,29622.25,29651.25,8942
2026-07-15 21:00:00-04:00,29653.75,29685.75,29593.5,29651.0,6737
2026-07-15 22:00:00-04:00,29651.25,29736.0,29620.0,29727.0,6424
2026-07-15 23:00:00-04:00,29728.0,29751.75,29701.75,29743.0,3648
2026-07-16 00:00:00-04:00,29744.25,29756.25,29691.25,29708.0,2836
2026-07-16 01:00:00-04:00,29709.0,29797.0,29666.5,29686.5,6187
2026-07-16 02:00:00-04:00,29687.75,29749.75,29641.25,29683.75,7880
2026-07-16 03:00:00-04:00,29684.75,29686.5,29548.5,29562.25,6264
2026-07-16 04:00:00-04:00,29563.5,29595.5,29478.75,29591.5,6946
2026-07-16 05:00:00-04:00,29593.25,29645.25,29528.0,29531.25,5503
2026-07-16 06:00:00-04:00,29530.25,29561.25,29502.5,29531.0,4539
2026-07-16 07:00:00-04:00,29528.75,29532.0,29361.0,29446.75,10292
2026-07-16 08:00:00-04:00,29445.75,29457.25,29363.5,29392.25,11903
2026-07-16 09:00:00-04:00,29393.25,29532.0,29255.5,29347.5,69721
2026-07-16 10:00:00-04:00,29346.5,29513.5,29315.25,29433.75,68746
2026-07-16 11:00:00-04:00,29435.5,29468.0,29336.0,29392.5,52416
2026-07-16 12:00:00-04:00,29392.5,29395.25,29260.75,29338.25,43056
2026-07-16 13:00:00-04:00,29339.0,29345.0,29219.0,29244.5,35687
2026-07-16 14:00:00-04:00,29244.25,29304.0,29198.5,29210.5,35623
2026-07-16 15:00:00-04:00,29210.0,29242.0,29078.5,29217.0,68259
2026-07-16 16:00:00-04:00,29216.75,29231.25,29162.75,29179.0,18243
2026-07-16 18:00:00-04:00,29191.0,29220.0,29115.25,29136.5,5506
2026-07-16 19:00:00-04:00,29134.75,29144.75,29060.0,29096.5,5735
2026-07-16 20:00:00-04:00,29095.5,29124.25,28993.5,29057.0,11615
2026-07-16 21:00:00-04:00,29059.75,29105.5,28945.75,28972.0,10230
2026-07-16 22:00:00-04:00,28970.75,28985.75,28902.25,28925.0,7207
2026-07-16 23:00:00-04:00,28926.25,29026.0,28910.0,28911.0,8001
2026-07-17 00:00:00-04:00,28911.0,28912.75,28774.5,28804.75,11917
2026-07-17 01:00:00-04:00,28806.0,28823.0,28725.0,28756.25,8774
2026-07-17 02:00:00-04:00,28755.0,28825.0,28722.5,28743.0,9682
2026-07-17 03:00:00-04:00,28744.25,28767.5,28682.5,28688.0,8717
2026-07-17 04:00:00-04:00,28687.5,28735.0,28550.0,28630.0,15791
2026-07-17 05:00:00-04:00,28628.75,28728.0,28618.75,28711.5,8416
2026-07-17 06:00:00-04:00,28711.75,28825.5,28691.5,28785.0,12364
2026-07-17 07:00:00-04:00,28786.75,28808.25,28713.5,28741.5,9385
2026-07-17 08:00:00-04:00,28740.0,28744.75,28645.5,28664.5,11806
2026-07-17 09:00:00-04:00,28664.75,28686.0,28408.25,28676.0,86433
2026-07-17 10:00:00-04:00,28676.0,28896.0,28665.25,28727.0,103664
2026-07-17 11:00:00-04:00,28727.0,28948.5,28672.25,28933.5,64558
2026-07-17 12:00:00-04:00,28934.0,29028.0,28846.0,28974.25,56585
2026-07-17 13:00:00-04:00,28974.75,29050.25,28883.75,28895.75,41795
2026-07-17 14:00:00-04:00,28896.25,28937.0,28797.0,28861.25,41946
2026-07-17 15:00:00-04:00,28861.0,28869.25,28718.5,28764.25,59233
2026-07-17 16:00:00-04:00,28764.5,28779.75,28712.5,28768.25,19562
2026-07-19 18:00:00-04:00,28747.75,28851.0,28709.75,28814.5,10994
2026-07-19 19:00:00-04:00,28818.0,28880.25,28781.0,28868.25,6202
2026-07-19 20:00:00-04:00,28870.0,28963.5,28806.0,28859.25,11735
2026-07-19 21:00:00-04:00,28861.75,28917.5,28762.75,28795.75,9505
2026-07-19 22:00:00-04:00,28798.5,28948.0,28793.0,28886.0,8289
2026-07-19 23:00:00-04:00,28888.0,28937.75,28851.0,28897.25,5303
2026-07-20 00:00:00-04:00,28900.0,28942.0,28844.5,28897.75,5081
2026-07-20 01:00:00-04:00,28898.0,28901.75,28789.0,28807.25,5620
2026-07-20 02:00:00-04:00,28808.0,28823.75,28766.0,28803.5,4758
2026-07-20 03:00:00-04:00,28805.75,28926.0,28797.75,28911.0,7043
2026-07-20 04:00:00-04:00,28908.25,28939.75,28860.0,28882.0,4920
2026-07-20 05:00:00-04:00,28879.25,28998.25,28854.0,28952.5,5825
2026-07-20 06:00:00-04:00,28952.75,28980.0,28920.5,28969.0,4816
2026-07-20 07:00:00-04:00,28970.75,29109.5,28963.75,29072.5,13737
2026-07-20 08:00:00-04:00,29072.5,29075.5,28981.75,29025.0,10768
2026-07-20 09:00:00-04:00,29025.0,29192.5,28979.75,28994.75,68333
2026-07-20 10:00:00-04:00,28996.0,29053.75,28874.0,28891.5,75409
2026-07-20 11:00:00-04:00,28891.75,29066.75,28873.25,29050.75,50609
2026-07-20 12:00:00-04:00,29050.75,29119.0,28956.0,28983.75,46115
2026-07-20 13:00:00-04:00,28983.0,28999.75,28900.75,28956.5,32686
2026-07-20 14:00:00-04:00,28957.0,29009.75,28855.75,28870.0,35068
2026-07-20 15:00:00-04:00,28871.0,28896.0,28767.75,28785.25,58237
2026-07-20 16:00:00-04:00,28785.0,28831.5,28750.5,28777.0,13454
2026-07-20 18:00:00-04:00,28778.25,28803.5,28701.0,28717.75,4870
2026-07-20 19:00:00-04:00,28717.75,28832.5,28711.25,28779.25,6831
2026-07-20 20:00:00-04:00,28777.5,28897.0,28707.25,28856.25,11898
2026-07-20 21:00:00-04:00,28859.75,28920.5,28837.5,28885.25,7398
2026-07-20 22:00:00-04:00,28885.25,28956.75,28859.0,28955.0,5770
2026-07-20 23:00:00-04:00,28954.0,29078.0,28951.25,29072.5,7628
2026-07-21 00:00:00-04:00,29073.0,29089.5,29048.0,29054.0,5108
2026-07-21 01:00:00-04:00,29055.75,29105.0,29016.5,29098.25,5657
2026-07-21 02:00:00-04:00,29096.25,29155.5,29096.25,29146.5,6902
2026-07-21 03:00:00-04:00,29147.75,29162.0,29088.0,29117.25,6003
2026-07-21 04:00:00-04:00,29118.0,29176.75,29104.0,29167.0,6306
2026-07-21 05:00:00-04:00,29168.0,29195.25,29151.25,29155.0,5093
2026-07-21 06:00:00-04:00,29155.25,29207.0,29154.75,29166.25,5685
2026-07-21 07:00:00-04:00,29167.75,29184.0,29119.5,29154.25,8671
2026-07-21 08:00:00-04:00,29153.5,29195.25,29111.5,29171.5,11533
2026-07-21 09:00:00-04:00,29173.5,29246.25,29092.5,29152.75,68222
2026-07-21 10:00:00-04:00,29153.5,29256.5,29064.25,29237.5,71856
2026-07-21 11:00:00-04:00,29237.25,29320.0,29181.0,29259.25,48484
2026-07-21 12:00:00-04:00,29259.25,29352.5,29254.25,29331.75,32834
2026-07-21 13:00:00-04:00,29331.5,29364.75,29323.0,29341.25,24391
2026-07-21 14:00:00-04:00,29341.5,29361.75,29310.5,29328.5,24125
2026-07-21 15:00:00-04:00,29328.25,29352.0,29290.75,29310.75,51968
2026-07-21 16:00:00-04:00,29312.0,29316.75,29279.0,29289.75,15464
2026-07-21 18:00:00-04:00,29310.75,29310.75,29253.0,29273.75,3712
2026-07-21 19:00:00-04:00,29273.5,29304.75,29261.0,29298.5,3879
2026-07-21 20:00:00-04:00,29298.5,29337.0,29258.25,29288.0,7688
2026-07-21 21:00:00-04:00,29289.75,29307.0,29232.0,29277.25,6547
2026-07-21 22:00:00-04:00,29277.25,29284.5,29228.0,29238.25,4924
2026-07-21 23:00:00-04:00,29239.25,29267.25,29190.25,29200.0,5916
2026-07-22 00:00:00-04:00,29199.0,29238.5,29187.75,29221.5,3922
2026-07-22 01:00:00-04:00,29222.25,29225.25,29140.25,29172.75,5426
2026-07-22 02:00:00-04:00,29171.25,29173.0,29060.0,29092.75,8745
2026-07-22 03:00:00-04:00,29091.75,29124.5,29025.75,29056.0,8740
2026-07-22 04:00:00-04:00,29059.75,29117.75,29038.75,29110.0,5882
2026-07-22 05:00:00-04:00,29110.25,29150.0,29089.25,29127.0,5024
2026-07-22 06:00:00-04:00,29128.25,29173.0,29113.0,29153.0,5959
2026-07-22 07:00:00-04:00,29154.0,29164.75,29017.5,29054.0,9894
2026-07-22 08:00:00-04:00,29056.5,29071.0,28952.0,29017.25,17970
2026-07-22 09:00:00-04:00,29017.5,29277.25,29017.5,29276.75,64297
2026-07-22 10:00:00-04:00,29277.0,29283.75,29172.75,29241.0,68052
2026-07-22 11:00:00-04:00,29241.25,29342.25,29240.25,29329.5,44355
2026-07-22 12:00:00-04:00,29330.25,29335.0,29276.75,29310.5,25125
2026-07-22 13:00:00-04:00,29310.5,29331.25,29234.25,29244.25,27684
2026-07-22 14:00:00-04:00,29244.0,29271.25,29207.75,29245.25,31332
2026-07-22 15:00:00-04:00,29245.75,29260.0,29158.25,29160.5,44286
2026-07-22 16:00:00-04:00,29161.0,29260.0,29119.0,29165.0,27650
2026-07-22 18:00:00-04:00,29100.0,29142.5,29039.25,29072.75,8648
2026-07-22 19:00:00-04:00,29073.5,29145.5,29021.75,29142.25,6627
2026-07-22 20:00:00-04:00,29143.75,29282.5,29132.5,29255.0,10969
2026-07-22 21:00:00-04:00,29256.25,29273.5,29175.5,29176.0,8531
2026-07-22 22:00:00-04:00,29176.0,29201.0,29057.0,29089.0,8571
2026-07-22 23:00:00-04:00,29093.5,29128.0,29029.5,29111.75,7475
2026-07-23 00:00:00-04:00,29112.0,29165.25,29068.5,29125.25,6179
2026-07-23 01:00:00-04:00,29126.0,29183.25,29079.25,29088.0,5777
2026-07-23 02:00:00-04:00,29088.0,29119.25,29074.0,29084.0,5186
2026-07-23 03:00:00-04:00,29083.75,29086.75,28922.25,28987.5,12549
2026-07-23 04:00:00-04:00,28988.75,29111.0,28958.25,29103.0,8276
2026-07-23 05:00:00-04:00,29103.5,29137.75,29045.0,29055.25,5832
2026-07-23 06:00:00-04:00,29054.25,29122.25,29036.0,29103.0,5968
2026-07-23 07:00:00-04:00,29103.0,29106.5,28913.0,28965.0,13476
2026-07-23 08:00:00-04:00,28964.0,28967.75,28754.75,28787.5,23539
2026-07-23 09:00:00-04:00,28786.5,28883.0,28657.0,28707.75,100699
2026-07-23 10:00:00-04:00,28709.25,28801.25,28577.25,28596.75,99488
2026-07-23 11:00:00-04:00,28597.25,28604.5,28432.5,28588.5,84014
2026-07-23 12:00:00-04:00,28588.5,28738.25,28573.25,28640.75,56767
2026-07-23 13:00:00-04:00,28641.25,28676.75,28565.5,28568.0,42647
2026-07-23 14:00:00-04:00,28568.25,28603.5,28525.25,28550.0,35812
2026-07-23 15:00:00-04:00,28550.0,28633.5,28486.25,28615.0,63869
2026-07-23 16:00:00-04:00,28615.25,28782.0,28610.5,28739.25,27994
2026-07-23 18:00:00-04:00,28700.25,28732.75,28624.0,28731.25,7025
2026-07-23 19:00:00-04:00,28729.5,28736.0,28658.25,28679.0,6238
2026-07-23 20:00:00-04:00,28680.25,28724.0,28615.75,28672.0,11147
2026-07-23 21:00:00-04:00,28672.25,28701.5,28607.0,28614.25,7004
2026-07-23 22:00:00-04:00,28612.75,28632.0,28515.0,28519.25,7440
2026-07-23 23:00:00-04:00,28520.0,28560.75,28481.0,28485.0,7907
2026-07-24 00:00:00-04:00,28486.5,28571.5,28465.5,28565.25,6342
2026-07-24 01:00:00-04:00,28564.5,28607.0,28544.0,28545.0,5632
2026-07-24 02:00:00-04:00,28546.75,28576.25,28481.0,28543.75,7378
2026-07-24 03:00:00-04:00,28544.0,28663.0,28539.25,28614.25,8331
2026-07-24 04:00:00-04:00,28615.75,28649.5,28556.5,28622.0,6432
2026-07-24 05:00:00-04:00,28623.5,28704.25,28612.0,28700.5,6443
2026-07-24 06:00:00-04:00,28700.25,28706.25,28633.25,28640.5,5535
2026-07-24 07:00:00-04:00,28640.0,28700.0,28601.5,28680.5,8728
2026-07-24 08:00:00-04:00,28678.5,28698.5,28587.25,28592.0,12843
2026-07-24 09:00:00-04:00,28591.25,28622.0,28313.5,28322.25,78066
2026-07-24 10:00:00-04:00,28323.0,28461.5,28254.5,28449.25,97870
2026-07-24 11:00:00-04:00,28449.0,28583.75,28355.0,28576.0,78911
2026-07-24 12:00:00-04:00,28576.75,28630.75,28460.25,28495.75,45956
2026-07-24 13:00:00-04:00,28494.75,28544.0,28427.0,28466.0,39407
2026-07-24 14:00:00-04:00,28467.0,28486.0,28259.0,28302.5,45270
2026-07-24 15:00:00-04:00,28301.75,28328.5,28212.5,28283.25,65933
2026-07-24 16:00:00-04:00,28283.5,28329.5,28259.25,28306.5,15295
2026-07-26 18:00:00-04:00,28500.0,28682.25,28500.0,28609.5,9916
2026-07-26 19:00:00-04:00,28612.25,28731.0,28597.75,28727.5,6876
2026-07-26 20:00:00-04:00,28728.25,28733.75,28581.75,28598.25,12459
2026-07-26 21:00:00-04:00,28599.75,28634.5,28525.0,28614.0,9961
2026-07-26 22:00:00-04:00,28614.75,28658.5,28587.0,28615.5,5462
2026-07-26 23:00:00-04:00,28615.5,28650.75,28592.75,28614.0,4060
2026-07-27 00:00:00-04:00,28614.0,28663.0,28597.75,28644.0,3535
2026-07-27 01:00:00-04:00,28646.25,28704.25,28638.0,28694.5,4323
2026-07-27 02:00:00-04:00,28694.5,28728.5,28680.0,28695.0,5599
2026-07-27 03:00:00-04:00,28692.75,28732.0,28661.25,28661.75,5655
2026-07-27 04:00:00-04:00,28661.0,28749.5,28658.5,28736.0,5273
2026-07-27 05:00:00-04:00,28737.0,28763.25,28718.25,28744.75,4894
2026-07-27 06:00:00-04:00,28744.0,28758.0,28726.25,28740.75,3808
2026-07-27 07:00:00-04:00,28742.0,28743.5,28645.5,28673.0,8279
2026-07-27 08:00:00-04:00,28673.25,28697.75,28629.25,28690.25,9855
2026-07-27 09:00:00-04:00,28692.0,28700.0,28341.25,28347.75,78136
2026-07-27 10:00:00-04:00,28347.75,28372.75,27939.0,28169.25,126917
2026-07-27 11:00:00-04:00,28171.0,28198.5,27980.25,28062.5,73106
2026-07-27 12:00:00-04:00,28062.75,28204.5,28027.75,28048.5,58991
2026-07-27 13:00:00-04:00,28047.0,28106.25,27986.0,28104.75,37766
2026-07-27 14:00:00-04:00,28104.75,28191.0,28019.25,28188.25,39552
2026-07-27 15:00:00-04:00,28188.75,28255.75,28155.25,28192.25,52715
2026-07-27 16:00:00-04:00,28192.5,28230.0,28169.25,28210.0,13629
2026-07-27 18:00:00-04:00,28210.5,28228.0,28123.5,28132.5,5442
2026-07-27 19:00:00-04:00,28131.75,28179.25,28105.25,28163.5,5657
2026-07-27 20:00:00-04:00,28164.75,28195.0,28052.75,28072.0,10329
2026-07-27 21:00:00-04:00,28072.0,28097.0,27969.0,28022.0,11340
2026-07-27 22:00:00-04:00,28021.75,28030.25,27951.5,27993.0,8344
2026-07-27 23:00:00-04:00,27993.0,28070.5,27932.5,28049.25,9835
2026-07-28 00:00:00-04:00,28049.0,28049.25,27951.0,27954.75,5287
2026-07-28 01:00:00-04:00,27957.0,27983.0,27870.75,27880.0,7887
2026-07-28 02:00:00-04:00,27882.25,27958.25,27839.5,27947.25,11016
2026-07-28 03:00:00-04:00,27945.5,27989.0,27908.0,27933.5,8236
2026-07-28 04:00:00-04:00,27934.25,28052.0,27880.0,27994.25,11611
2026-07-28 05:00:00-04:00,27992.25,28016.5,27941.5,27956.0,5551
2026-07-28 06:00:00-04:00,27956.0,27980.5,27904.25,27942.75,7721
2026-07-28 07:00:00-04:00,27945.75,27975.0,27848.25,27963.75,15246
2026-07-28 08:00:00-04:00,27962.5,28032.75,27949.25,27993.25,16125
2026-07-28 09:00:00-04:00,27993.75,28028.5,27641.75,27665.25,102550
2026-07-28 10:00:00-04:00,27665.5,27890.0,27603.5,27801.75,117855
2026-07-28 11:00:00-04:00,27803.0,28062.5,27768.0,28048.0,80986
2026-07-28 12:00:00-04:00,28047.75,28080.0,27953.5,28057.5,52130
2026-07-28 13:00:00-04:00,28057.5,28066.5,27925.0,27972.5,44507
2026-07-28 14:00:00-04:00,27974.0,27999.5,27912.5,27972.75,35000
2026-07-28 15:00:00-04:00,27972.25,28023.75,27911.0,27918.5,54838
2026-07-28 16:00:00-04:00,27919.5,27991.25,27884.25,27960.5,20779
2026-07-28 18:00:00-04:00,27962.0,28013.25,27756.25,27756.75,12694
2026-07-28 19:00:00-04:00,27758.25,28104.5,27728.5,28102.5,18592
2026-07-28 20:00:00-04:00,28102.75,28178.25,28000.25,28013.25,14578
2026-07-28 21:00:00-04:00,28011.75,28041.25,27784.0,27785.25,13855
2026-07-28 22:00:00-04:00,27785.0,27912.75,27770.25,27839.5,11401
2026-07-28 23:00:00-04:00,27839.0,27882.5,27702.0,27716.0,9735
2026-07-29 00:00:00-04:00,27719.0,27759.0,27640.0,27756.0,10263
2026-07-29 01:00:00-04:00,27758.75,27852.75,27735.75,27794.0,9919
2026-07-29 02:00:00-04:00,27794.0,27942.25,27736.25,27928.75,9771
2026-07-29 03:00:00-04:00,27928.75,27962.75,27891.25,27906.0,7945
2026-07-29 04:00:00-04:00,27906.25,27939.25,27820.0,27904.0,7978
2026-07-29 05:00:00-04:00,27904.5,28060.0,27901.0,28019.75,8532
2026-07-29 06:00:00-04:00,28018.25,28046.0,27931.5,27948.0,7821
2026-07-29 07:00:00-04:00,27950.25,28023.75,27934.5,28002.75,8384
2026-07-29 08:00:00-04:00,28002.0,28007.75,27844.25,27907.75,13515
2026-07-29 09:00:00-04:00,27909.0,27996.0,27667.75,27733.75,76572
2026-07-29 10:00:00-04:00,27735.25,27826.5,27510.0,27600.0,107284
2026-07-29 11:00:00-04:00,27600.5,27657.5,27464.5,27517.0,67741
2026-07-29 12:00:00-04:00,27518.25,27603.5,27409.25,27603.25,56858
2026-07-29 13:00:00-04:00,27603.75,27750.0,27595.25,27721.75,48370
2026-07-29 14:00:00-04:00,27723.0,28096.75,27709.0,28056.75,99483
2026-07-29 15:00:00-04:00,28057.5,28099.5,27317.5,27335.0,133522
2026-07-29 16:00:00-04:00,27338.0,27364.0,27201.5,27259.25,41846
2026-07-29 18:00:00-04:00,27202.0,27489.5,27202.0,27451.5,17419
2026-07-29 19:00:00-04:00,27449.5,27559.25,27446.25,27520.75,12580
2026-07-29 20:00:00-04:00,27521.75,27611.0,27472.25,27547.25,16310
2026-07-29 21:00:00-04:00,27547.25,27696.75,27535.25,27653.0,13348
2026-07-29 22:00:00-04:00,27652.0,27687.5,27539.0,27541.75,9745
2026-07-29 23:00:00-04:00,27542.0,27576.25,27471.25,27533.5,9070
2026-07-30 00:00:00-04:00,27532.5,27544.25,27434.75,27447.75,6834
2026-07-30 01:00:00-04:00,27446.25,27546.25,27421.0,27487.75,7076
2026-07-30 02:00:00-04:00,27487.0,27507.0,27415.0,27434.25,5773
2026-07-30 03:00:00-04:00,27433.75,27521.75,27351.25,27395.25,12028
2026-07-30 04:00:00-04:00,27394.5,27527.25,27337.5,27485.25,9594
2026-07-30 05:00:00-04:00,27486.0,27586.0,27469.75,27514.75,7445
2026-07-30 06:00:00-04:00,27515.5,27648.0,27488.25,27618.5,9689
2026-07-30 07:00:00-04:00,27619.0,27745.25,27613.0,27725.0,12676
2026-07-30 08:00:00-04:00,27723.5,27821.75,27695.75,27805.5,19802
2026-07-30 09:00:00-04:00,27807.0,28162.25,27793.0,28151.75,106940
2026-07-30 10:00:00-04:00,28150.5,28246.5,28022.5,28070.75,118321
2026-07-30 11:00:00-04:00,28071.5,28137.75,27996.25,28079.5,79366
2026-07-30 12:00:00-04:00,28078.75,28192.75,28054.5,28126.75,51320
2026-07-30 13:00:00-04:00,28127.0,28208.5,28126.0,28177.5,37772
2026-07-30 14:00:00-04:00,28177.5,28205.0,28148.5,28180.75,28848
2026-07-30 15:00:00-04:00,28181.0,28297.75,28179.75,28229.0,78484
2026-07-30 16:00:00-04:00,28228.75,28414.5,28205.5,28333.5,31953
2026-07-30 18:00:00-04:00,28317.0,28413.75,28300.0,28395.0,9358
2026-07-30 19:00:00-04:00,28394.25,28445.0,28362.25,28422.75,6669
2026-07-30 20:00:00-04:00,28424.0,28524.5,28397.25,28521.75,11013
2026-07-30 21:00:00-04:00,28523.0,28572.0,28455.5,28478.0,9802
2026-07-30 22:00:00-04:00,28478.0,28499.5,28389.5,28431.25,8222
2026-07-30 23:00:00-04:00,28431.5,28478.25,28398.0,28459.5,5891
2026-07-31 00:00:00-04:00,28458.25,28557.0,28423.0,28549.0,5114
2026-07-31 01:00:00-04:00,28548.75,28590.75,28538.5,28585.0,6135
2026-07-31 02:00:00-04:00,28585.5,28611.75,28450.0,28488.25,10519
2026-07-31 03:00:00-04:00,28484.25,28584.25,28455.0,28575.0,9607
2026-07-31 04:00:00-04:00,28572.75,28611.0,28524.75,28602.75,7917
2026-07-31 05:00:00-04:00,28603.25,28640.75,28528.5,28533.0,8198
2026-07-31 06:00:00-04:00,28531.75,28591.25,28519.5,28565.5,5795
2026-07-31 07:00:00-04:00,28563.25,28626.0,28523.0,28553.5,7967
2026-07-31 08:00:00-04:00,28554.75,28555.25,28432.25,28468.25,15477
2026-07-31 09:00:00-04:00,28468.5,28725.75,28295.5,28360.5,111095
2026-07-31 10:00:00-04:00,28356.75,28393.0,28079.75,28307.5,129516
2026-07-31 11:00:00-04:00,28308.75,28342.25,28115.5,28274.0,80163
2026-07-31 12:00:00-04:00,28274.0,28390.0,28243.75,28366.75,50009
2026-07-31 13:00:00-04:00,28367.25,28503.0,28360.0,28429.0,43750
2026-07-31 14:00:00-04:00,28429.0,28462.0,28395.25,28433.75,30777
2026-07-31 15:00:00-04:00,28433.5,28524.0,28380.0,28402.75,63467
2026-07-31 16:00:00-04:00,28402.5,28434.25,28258.25,28287.0,25778
2026-08-02 18:00:00-04:00,28565.0,28641.25,28549.25,28570.25,10625
2026-08-02 19:00:00-04:00,28568.75,28637.5,28545.0,28614.0,8512
2026-08-02 20:00:00-04:00,28611.0,28630.5,28537.5,28622.0,12434
2026-08-02 21:00:00-04:00,28622.25,28650.0,28564.25,28644.0,8764
2026-08-02 22:00:00-04:00,28644.75,28681.5,28631.0,28660.5,5988
2026-08-02 23:00:00-04:00,28662.5,28698.25,28640.0,28670.0,4141
2026-08-03 00:00:00-04:00,28669.0,28688.5,28648.5,28651.0,2938
2026-08-03 01:00:00-04:00,28650.75,28666.25,28617.0,28641.25,4008
2026-08-03 02:00:00-04:00,28642.0,28661.0,28575.75,28593.25,5967
2026-08-03 03:00:00-04:00,28594.25,28634.5,28558.5,28588.25,7475
2026-08-03 04:00:00-04:00,28588.0,28595.0,28471.75,28594.0,9541
2026-08-03 05:00:00-04:00,28594.75,28601.0,28521.0,28559.0,5777
2026-08-03 06:00:00-04:00,28559.25,28565.25,28488.5,28541.0,5646
2026-08-03 07:00:00-04:00,28541.25,28547.0,28403.5,28420.25,10158
2026-08-03 08:00:00-04:00,28420.25,28491.5,28383.5,28459.25,13771
2026-08-03 09:00:00-04:00,28459.25,28628.0,28313.5,28626.25,87745
2026-08-03 10:00:00-04:00,28623.75,28803.75,28529.5,28801.75,89575
2026-08-03 11:00:00-04:00,28801.0,28814.5,28722.0,28792.5,51751
2026-08-03 12:00:00-04:00,28792.5,28847.25,28790.0,28822.5,35108
2026-08-03 13:00:00-04:00,28822.75,28921.75,28813.0,28917.5,33764
2026-08-03 14:00:00-04:00,28917.5,28964.25,28882.75,28907.0,41440
2026-08-03 15:00:00-04:00,28907.5,28943.75,28865.25,28901.25,56471
2026-08-03 16:00:00-04:00,28901.5,28945.0,28878.25,28929.25,13938
2026-08-03 18:00:00-04:00,28930.0,28962.25,28919.0,28945.75,4926
2026-08-03 19:00:00-04:00,28944.0,28972.25,28930.25,28971.0,4264
2026-08-03 20:00:00-04:00,28971.25,28976.25,28864.25,28876.75,11460
2026-08-03 21:00:00-04:00,28876.0,29048.0,28831.75,29041.25,13267
2026-08-03 22:00:00-04:00,29041.75,29044.75,28942.5,28972.75,9385
2026-08-03 23:00:00-04:00,28972.5,29005.5,28931.75,28995.5,6452
2026-08-04 00:00:00-04:00,28995.5,29023.25,28968.5,29015.5,3090
2026-08-04 01:00:00-04:00,29016.25,29074.75,28978.25,29072.25,5439
2026-08-04 02:00:00-04:00,29073.5,29098.75,29042.5,29073.75,5578
2026-08-04 03:00:00-04:00,29072.0,29119.25,29036.5,29071.25,9093
2026-08-04 04:00:00-04:00,29072.0,29131.5,29039.0,29068.75,7804
2026-08-04 05:00:00-04:00,29069.0,29089.25,29007.5,29077.75,6350
2026-08-04 06:00:00-04:00,29078.5,29145.0,29067.25,29115.5,8500
2026-08-04 07:00:00-04:00,29116.75,29245.75,29114.25,29237.5,13168
2026-08-04 08:00:00-04:00,29238.0,29238.0,29188.0,29202.75,10326
2026-08-04 09:00:00-04:00,29203.25,29503.75,29191.25,29466.0,91519
2026-08-04 10:00:00-04:00,29465.25,29572.75,29432.0,29549.75,87195
2026-08-04 11:00:00-04:00,29549.75,29696.75,29544.0,29671.0,62571
2026-08-04 12:00:00-04:00,29671.0,29744.5,29661.25,29742.75,40860
2026-08-04 13:00:00-04:00,29742.75,29898.75,29739.25,29834.75,52307
2026-08-04 14:00:00-04:00,29835.25,29895.5,29808.0,29881.5,40049
2026-08-04 15:00:00-04:00,29881.75,29956.5,29847.5,29877.75,77828
2026-08-04 16:00:00-04:00,29877.0,29949.75,29761.25,29818.25,32832
2026-08-04 18:00:00-04:00,29777.25,29844.25,29776.5,29827.5,6935
2026-08-04 19:00:00-04:00,29825.75,29857.25,29802.0,29834.75,6053
2026-08-04 20:00:00-04:00,29835.5,29877.0,29810.0,29848.75,9418
2026-08-04 21:00:00-04:00,29849.25,29887.5,29797.0,29869.0,8721
2026-08-04 22:00:00-04:00,29870.0,29889.25,29842.25,29860.75,4983
2026-08-04 23:00:00-04:00,29859.0,29893.75,29855.75,29888.5,4366
2026-08-05 00:00:00-04:00,29889.0,29917.0,29859.75,29902.75,4451
2026-08-05 01:00:00-04:00,29902.5,29985.25,29895.0,29980.5,6937
2026-08-05 02:00:00-04:00,29980.0,29990.0,29925.5,29969.75,6095
2026-08-05 03:00:00-04:00,29969.0,29987.0,29885.0,29903.25,7196
2026-08-05 04:00:00-04:00,29905.0,29926.0,29797.75,29836.5,10246
2026-08-05 05:00:00-04:00,29837.75,29893.5,29814.25,29857.5,7813
2026-08-05 06:00:00-04:00,29857.25,29871.75,29833.75,29862.25,5151
2026-08-05 07:00:00-04:00,29865.5,29943.5,29865.5,29919.5,9692
2026-08-05 08:00:00-04:00,29919.5,29950.0,29891.25,29915.0,11620
2026-08-05 09:00:00-04:00,29917.25,30074.0,29894.75,30048.75,85760
2026-08-05 10:00:00-04:00,30048.5,30048.5,29788.0,29848.25,106831
2026-08-05 11:00:00-04:00,29849.0,29890.75,29713.25,29738.25,67838
2026-08-05 12:00:00-04:00,29738.25,29839.75,29702.0,29808.25,48587
2026-08-05 13:00:00-04:00,29809.75,29819.75,29734.25,29757.0,29214
2026-08-05 14:00:00-04:00,29756.75,29788.5,29722.75,29725.75,26877
2026-08-05 15:00:00-04:00,29726.75,29779.25,29592.75,29606.75,52381
2026-08-05 16:00:00-04:00,29607.0,29618.25,29530.75,29600.25,29757
2026-08-05 18:00:00-04:00,29569.5,29679.5,29563.5,29623.25,8240
2026-08-05 19:00:00-04:00,29622.75,29649.5,29566.0,29583.5,6134
2026-08-05 20:00:00-04:00,29584.25,29608.0,29535.25,29537.5,9474
2026-08-05 21:00:00-04:00,29539.25,29540.75,29454.25,29498.0,10412
2026-08-05 22:00:00-04:00,29497.75,29621.0,29490.75,29593.0,8700
2026-08-05 23:00:00-04:00,29593.75,29608.5,29525.0,29580.75,6134
2026-08-06 00:00:00-04:00,29582.25,29600.0,29535.5,29574.75,4378
2026-08-06 01:00:00-04:00,29575.25,29596.25,29544.25,29580.75,4172
2026-08-06 02:00:00-04:00,29580.0,29581.75,29485.0,29523.0,7486
2026-08-06 03:00:00-04:00,29520.25,29563.0,29500.75,29507.25,5665
2026-08-06 04:00:00-04:00,29507.25,29532.5,29443.75,29517.25,7995
2026-08-06 05:00:00-04:00,29517.25,29531.0,29437.5,29526.75,4997
2026-08-06 06:00:00-04:00,29526.75,29533.75,29468.0,29484.5,4729
2026-08-06 07:00:00-04:00,29484.5,29516.5,29364.75,29467.25,15671
2026-08-06 08:00:00-04:00,29466.0,29476.5,29387.5,29399.5,13730
2026-08-06 09:00:00-04:00,29400.25,29551.0,29241.25,29528.25,93100
2026-08-06 10:00:00-04:00,29528.75,29667.0,29488.0,29656.75,91365
2026-08-06 11:00:00-04:00,29656.5,29686.25,29506.0,29516.25,69508
2026-08-06 12:00:00-04:00,29515.75,29558.5,29448.5,29556.5,51387
2026-08-06 13:00:00-04:00,29557.25,29574.25,29493.75,29529.0,30644
2026-08-06 14:00:00-04:00,29529.0,29575.5,29498.5,29515.5,29789
2026-08-06 15:00:00-04:00,29515.75,29570.25,29475.0,29496.75,47629
2026-08-06 16:00:00-04:00,29496.75,29552.0,29480.25,29504.25,15356
2026-08-06 18:00:00-04:00,29514.25,29581.75,29494.5,29566.0,4769
2026-08-06 19:00:00-04:00,29564.75,29603.5,29554.25,29593.25,4014
2026-08-06 20:00:00-04:00,29595.25,29618.75,29497.25,29561.25,11690
2026-08-06 21:00:00-04:00,29561.75,29582.0,29482.5,29526.25,9790
2026-08-06 22:00:00-04:00,29527.0,29548.0,29475.5,29527.0,6484
2026-08-06 23:00:00-04:00,29526.0,29548.0,29485.25,29488.5,3746
2026-08-07 00:00:00-04:00,29488.75,29526.0,29453.5,29511.5,5830
2026-08-07 01:00:00-04:00,29510.75,29556.75,29507.5,29523.5,4201
2026-08-07 02:00:00-04:00,29523.5,29583.5,29520.0,29553.0,6167
2026-08-07 03:00:00-04:00,29552.0,29592.5,29533.0,29583.75,5089
2026-08-07 04:00:00-04:00,29584.25,29647.25,29584.0,29632.5,7523
2026-08-07 05:00:00-04:00,29633.5,29649.0,29616.0,29616.5,3480
2026-08-07 06:00:00-04:00,29618.25,29628.0,29591.25,29607.25,3367
2026-08-07 07:00:00-04:00,29606.5,29673.25,29604.25,29614.0,7320
2026-08-07 08:00:00-04:00,29614.5,29867.75,29604.75,29843.25,27991
2026-08-07 09:00:00-04:00,29843.75,29850.5,29643.75,29677.25,92939
2026-08-07 10:00:00-04:00,29679.5,29779.5,29564.5,29721.0,102974
2026-08-07 11:00:00-04:00,29720.25,29855.25,29709.0,29814.0,53077
2026-08-07 12:00:00-04:00,29814.75,29830.0,29668.75,29739.5,47597
2026-08-07 13:00:00-04:00,29739.75,29768.0,29726.25,29743.25,23786
2026-08-07 14:00:00-04:00,29743.5,29754.75,29676.5,29725.0,23413
2026-08-07 15:00:00-04:00,29725.25,29860.25,29723.0,29833.25,54071
2026-08-07 16:00:00-04:00,29834.0,29850.75,29802.5,29839.5,13892
2026-08-09 18:00:00-04:00,29851.25,29896.75,29805.25,29844.25,7755
2026-08-09 19:00:00-04:00,29845.25,29882.25,29828.25,29829.5,4678
2026-08-09 20:00:00-04:00,29830.25,29906.5,29788.5,29802.0,9614
2026-08-09 21:00:00-04:00,29803.25,29895.0,29791.0,29885.0,6151
2026-08-09 22:00:00-04:00,29886.0,29899.5,29848.25,29880.25,3612
2026-08-09 23:00:00-04:00,29881.25,29899.0,29869.25,29878.0,2625
2026-08-10 00:00:00-04:00,29878.25,29904.0,29863.0,29882.75,2841
2026-08-10 01:00:00-04:00,29882.25,29930.5,29881.0,29930.5,3715
2026-08-10 02:00:00-04:00,29930.0,29962.75,29906.0,29908.5,5543
2026-08-10 03:00:00-04:00,29909.25,29984.0,29886.25,29951.5,5588
2026-08-10 04:00:00-04:00,29952.5,29981.0,29939.5,29971.5,3799
2026-08-10 05:00:00-04:00,29971.5,29983.75,29936.0,29938.75,2946
2026-08-10 06:00:00-04:00,29939.25,29959.0,29909.25,29912.25,4019
2026-08-10 07:00:00-04:00,29912.75,29926.0,29846.0,29871.0,8432
2026-08-10 08:00:00-04:00,29870.25,29883.75,29771.75,29777.0,9175
2026-08-10 09:00:00-04:00,29778.5,29841.75,29718.75,29806.75,69320
2026-08-10 10:00:00-04:00,29807.0,29900.0,29777.75,29779.75,64883
2026-08-10 11:00:00-04:00,29780.0,29854.5,29740.75,29844.0,45571
2026-08-10 12:00:00-04:00,29844.5,29858.75,29729.5,29780.0,35994
2026-08-10 13:00:00-04:00,29780.25,29811.25,29744.25,29759.75,23599
2026-08-10 14:00:00-04:00,29759.0,29784.5,29741.5,29782.0,18618
2026-08-10 15:00:00-04:00,29782.75,29796.0,29722.5,29744.0,39231
2026-08-10 16:00:00-04:00,29744.25,29770.0,29737.0,29764.25,10551
2026-08-10 18:00:00-04:00,29764.5,29788.5,29722.25,29732.5,3867
2026-08-10 19:00:00-04:00,29732.5,29735.5,29677.5,29704.5,4407
2026-08-10 20:00:00-04:00,29703.75,29793.75,29666.0,29785.0,9471
2026-08-10 21:00:00-04:00,29784.75,29842.5,29764.5,29818.25,7168
2026-08-10 22:00:00-04:00,29818.0,29844.5,29812.0,29818.25,3268
2026-08-10 23:00:00-04:00,29817.75,29847.5,29815.0,29832.0,2724
2026-08-11 00:00:00-04:00,29832.5,29861.75,29832.5,29838.75,2644
2026-08-11 01:00:00-04:00,29838.75,29854.25,29786.75,29793.25,4030
2026-08-11 02:00:00-04:00,29792.5,29827.75,29732.5,29754.25,7285
2026-08-11 03:00:00-04:00,29755.75,29780.25,29728.0,29774.75,4693
2026-08-11 04:00:00-04:00,29776.0,29804.25,29717.75,29749.5,5622
2026-08-11 05:00:00-04:00,29748.0,29784.0,29718.75,29768.75,4124
2026-08-11 06:00:00-04:00,29770.25,29832.75,29750.25,29818.0,4300
2026-08-11 07:00:00-04:00,29818.75,29886.75,29811.0,29832.0,9500
2026-08-11 08:00:00-04:00,29832.75,29871.5,29819.0,29833.75,8145
2026-08-11 09:00:00-04:00,29832.5,29851.25,29631.75,29732.75,76735
2026-08-11 10:00:00-04:00,29732.5,29804.75,29718.25,29777.0,67830
2026-08-11 11:00:00-04:00,29776.5,29792.25,29658.75,29663.25,49991
2026-08-11 12:00:00-04:00,29663.75,29681.75,29614.75,29626.0,36977
2026-08-11 13:00:00-04:00,29626.75,29640.75,29573.0,29628.75,32366
2026-08-11 14:00:00-04:00,29629.25,29635.75,29533.5,29582.75,33787
2026-08-11 15:00:00-04:00,29582.25,29660.25,29571.5,29636.0,46642
2026-08-11 16:00:00-04:00,29635.75,29676.5,29614.75,29646.75,14066
2026-08-11 18:00:00-04:00,29657.75,29666.0,29626.75,29650.25,3232
2026-08-11 19:00:00-04:00,29649.5,29663.0,29634.25,29662.25,2053
2026-08-11 20:00:00-04:00,29661.75,29680.0,29624.5,29665.75,5487
2026-08-11 21:00:00-04:00,29662.75,29683.5,29639.5,29658.25,4388
2026-08-11 22:00:00-04:00,29659.0,29703.0,29650.0,29702.5,3075
2026-08-11 23:00:00-04:00,29702.75,29710.0,29684.5,29694.0,2536
2026-08-12 00:00:00-04:00,29694.75,29715.5,29683.5,29713.0,2149
2026-08-12 01:00:00-04:00,29714.0,29718.0,29668.25,29715.5,2778
2026-08-12 02:00:00-04:00,29715.0,29737.25,29698.25,29736.75,3476
2026-08-12 03:00:00-04:00,29737.25,29753.75,29727.5,29751.5,4008
2026-08-12 04:00:00-04:00,29752.25,29799.5,29748.25,29793.75,4595
2026-08-12 05:00:00-04:00,29794.5,29848.25,29793.5,29815.25,5425
2026-08-12 06:00:00-04:00,29815.5,29845.25,29785.0,29814.5,5353
2026-08-12 07:00:00-04:00,29816.0,29846.5,29805.5,29845.5,4677
2026-08-12 08:00:00-04:00,29846.0,29960.0,29750.25,29919.25,21287
2026-08-12 09:00:00-04:00,29920.0,30001.75,29853.25,29907.25,79147
2026-08-12 10:00:00-04:00,29907.0,29945.75,29828.25,29868.0,73557
2026-08-12 11:00:00-04:00,29868.0,29892.0,29818.5,29831.75,38474
2026-08-12 12:00:00-04:00,29832.75,29918.0,29829.0,29905.5,31336
2026-08-12 13:00:00-04:00,29906.25,29924.5,29889.25,29910.25,23903
2026-08-12 14:00:00-04:00,29910.0,29932.0,29885.0,29889.75,20975
2026-08-12 15:00:00-04:00,29890.25,29905.0,29825.75,29853.0,42702
2026-08-12 16:00:00-04:00,29852.75,29906.0,29804.5,29805.75,15549
2026-08-12 18:00:00-04:00,29825.0,29831.75,29780.5,29797.75,4215
2026-08-12 19:00:00-04:00,29797.25,29815.0,29792.0,29804.5,3003
2026-08-12 20:00:00-04:00,29805.25,29866.75,29796.75,29845.5,7096
2026-08-12 21:00:00-04:00,29846.0,29866.0,29808.25,29857.25,5659
2026-08-12 22:00:00-04:00,29858.0,29877.75,29833.5,29868.5,4373
2026-08-12 23:00:00-04:00,29868.5,29880.0,29865.5,29878.5,1978
2026-08-13 00:00:00-04:00,29878.25,29896.0,29853.75,29879.25,3593
2026-08-13 01:00:00-04:00,29878.5,29924.0,29874.0,29884.5,4486
2026-08-13 02:00:00-04:00,29884.5,29905.5,29858.25,29888.5,4413
2026-08-13 03:00:00-04:00,29888.0,29893.25,29845.0,29860.0,4813
2026-08-13 04:00:00-04:00,29859.75,29875.75,29827.0,29860.75,5111
2026-08-13 05:00:00-04:00,29861.5,29879.25,29821.0,29876.5,3096
2026-08-13 06:00:00-04:00,29876.25,29886.5,29863.25,29881.25,2655
2026-08-13 07:00:00-04:00,29881.5,29895.0,29855.5,29869.0,4033
2026-08-13 08:00:00-04:00,29869.5,29890.5,29812.25,29880.75,12682
2026-08-13 09:00:00-04:00,29880.75,30182.25,29863.5,30176.0,79422
2026-08-13 10:00:00-04:00,30175.75,30267.5,30155.75,30199.5,77614
2026-08-13 11:00:00-04:00,30199.25,30238.75,30104.0,30115.5,62081
2026-08-13 12:00:00-04:00,30117.25,30203.25,30114.25,30193.75,32457
2026-08-13 13:00:00-04:00,30193.75,30250.0,30193.25,30204.5,29296
2026-08-13 14:00:00-04:00,30205.0,30246.0,30181.0,30244.25,29124
2026-08-13 15:00:00-04:00,30244.25,30272.75,30173.0,30194.75,52292
2026-08-13 16:00:00-04:00,30194.5,30220.0,30144.5,30214.25,16426
2026-08-13 18:00:00-04:00,30210.75,30216.75,30186.0,30203.25,3211
2026-08-13 19:00:00-04:00,30204.0,30226.0,30189.5,30203.25,3232
2026-08-13 20:00:00-04:00,30203.75,30232.0,30166.25,30170.0,7159
2026-08-13 21:00:00-04:00,30169.25,30169.75,30124.25,30151.5,7287
2026-08-13 22:00:00-04:00,30151.5,30181.5,30149.75,30154.75,3571
2026-08-13 23:00:00-04:00,30153.75,30182.5,30150.0,30152.25,2861
2026-08-14 00:00:00-04:00,30152.25,30165.0,30137.5,30147.0,3539
2026-08-14 01:00:00-04:00,30148.25,30182.0,30127.75,30174.0,3323
2026-08-14 02:00:00-04:00,30174.75,30178.0,30147.5,30172.5,2672
2026-08-14 03:00:00-04:00,30173.5,30203.75,30171.5,30194.75,3496
2026-08-14 04:00:00-04:00,30194.5,30240.25,30187.75,30220.75,4704
2026-08-14 05:00:00-04:00,30220.0,30236.0,30207.0,30235.0,3108
2026-08-14 06:00:00-04:00,30234.25,30252.5,30223.0,30252.0,3817
2026-08-14 07:00:00-04:00,30251.75,30268.0,30237.25,30263.75,4792
2026-08-14 08:00:00-04:00,30265.25,30280.25,30208.5,30268.25,11013
2026-08-14 09:00:00-04:00,30268.5,30283.0,30169.75,30228.25,70385
2026-08-14 10:00:00-04:00,30226.0,30272.25,30123.0,30123.0,66744
2026-08-14 11:00:00-04:00,30124.0,30143.0,30028.5,30065.75,55820
2026-08-14 12:00:00-04:00,30066.5,30107.75,30050.5,30059.0,35065
2026-08-14 13:00:00-04:00,30059.25,30084.5,30046.5,30081.5,24803
2026-08-14 14:00:00-04:00,30081.25,30104.0,30062.5,30088.5,22028
2026-08-14 15:00:00-04:00,30088.5,30148.0,30076.0,30144.5,42657
2026-08-14 16:00:00-04:00,30144.25,30154.75,30127.25,30154.0,12596
2026-08-16 18:00:00-04:00,30170.0,30211.75,30163.75,30205.0,3999
2026-08-16 19:00:00-04:00,30205.25,30228.0,30191.5,30214.25,2937
2026-08-16 20:00:00-04:00,30215.0,30227.25,30185.5,30201.75,4765
2026-08-16 21:00:00-04:00,30201.0,30239.0,30187.0,30192.0,6106
2026-08-16 22:00:00-04:00,30192.0,30231.25,30185.25,30222.25,3765
2026-08-16 23:00:00-04:00,30223.0,30247.25,30220.75,30246.5,2469
2026-08-17 00:00:00-04:00,30246.75,30255.0,30233.0,30234.75,2524
2026-08-17 01:00:00-04:00,30234.5,30274.0,30230.5,30272.0,2780
2026-08-17 02:00:00-04:00,30273.25,30327.0,30266.75,30324.5,6666
2026-08-17 03:00:00-04:00,30324.75,30331.5,30261.0,30313.0,6432
2026-08-17 04:00:00-04:00,30312.0,30328.0,30283.75,30298.25,4125
2026-08-17 05:00:00-04:00,30298.25,30301.5,30267.75,30282.0,2756
2026-08-17 06:00:00-04:00,30282.0,30343.0,30276.0,30315.0,4959
2026-08-17 07:00:00-04:00,30313.75,30325.0,30286.0,30286.75,5077
2026-08-17 08:00:00-04:00,30286.75,30288.75,30180.0,30202.5,13292
2026-08-17 09:00:00-04:00,30202.5,30266.0,30165.5,30235.0,64732
2026-08-17 10:00:00-04:00,30234.75,30246.0,30155.25,30244.0,58544
2026-08-17 11:00:00-04:00,30244.0,30287.5,30207.75,30239.5,47979
2026-08-17 12:00:00-04:00,30239.75,30243.25,30175.25,30183.5,27219
2026-08-17 13:00:00-04:00,30183.5,30187.25,30086.5,30102.25,44993
2026-08-17 14:00:00-04:00,30102.0,30136.5,30079.25,30122.25,27840
2026-08-17 15:00:00-04:00,30122.5,30124.75,30066.5,30091.5,42344
2026-08-17 16:00:00-04:00,30091.0,30098.0,30054.5,30078.25,11529
2026-08-17 18:00:00-04:00,30077.0,30091.75,30062.25,30079.75,3661
2026-08-17 19:00:00-04:00,30079.25,30103.0,30070.0,30094.5,3639
2026-08-17 20:00:00-04:00,30094.25,30121.25,30083.75,30098.0,5238
2026-08-17 21:00:00-04:00,30099.25,30110.0,29968.25,30011.5,12217
2026-08-17 22:00:00-04:00,30013.0,30022.0,29880.25,29908.25,15165
2026-08-17 23:00:00-04:00,29909.0,29915.5,29853.0,29893.75,9344
2026-08-18 00:00:00-04:00,29892.0,29927.25,29870.25,29918.0,6653
2026-08-18 01:00:00-04:00,29917.75,29918.5,29835.25,29842.0,6347
2026-08-18 02:00:00-04:00,29841.5,29896.0,29786.0,29893.0,9154
2026-08-18 03:00:00-04:00,29892.0,29896.5,29808.0,29810.75,6187
2026-08-18 04:00:00-04:00,29811.0,29814.25,29735.75,29765.5,11537
2026-08-18 05:00:00-04:00,29765.0,29778.0,29687.25,29733.0,9185
2026-08-18 06:00:00-04:00,29732.25,29752.75,29703.75,29739.0,5549
2026-08-18 07:00:00-04:00,29739.0,29775.75,29727.0,29747.25,7658
2026-08-18 08:00:00-04:00,29748.5,29786.0,29680.5,29713.0,12524
2026-08-18 09:00:00-04:00,29713.0,29769.75,29604.75,29646.25,91335
2026-08-18 10:00:00-04:00,29647.5,29705.75,29536.25,29547.75,100969
2026-08-18 11:00:00-04:00,29547.5,29641.0,29514.0,29636.75,66243
2026-08-18 12:00:00-04:00,29637.0,29670.75,29603.25,29649.75,43579
2026-08-18 13:00:00-04:00,29649.75,29660.75,29565.0,29565.75,31737
2026-08-18 14:00:00-04:00,29566.0,29615.0,29547.25,29571.25,33116
2026-08-18 15:00:00-04:00,29571.0,29610.0,29559.25,29585.75,52876
2026-08-18 16:00:00-04:00,29585.5,29596.75,29550.25,29559.5,11662
2026-08-18 18:00:00-04:00,29566.5,29593.5,29516.75,29519.5,7131
2026-08-18 19:00:00-04:00,29520.0,29567.25,29514.25,29528.5,6379
2026-08-18 20:00:00-04:00,29527.5,29586.0,29442.0,29539.25,15811
2026-08-18 21:00:00-04:00,29538.25,29609.5,29530.25,29577.75,11195
2026-08-18 22:00:00-04:00,29579.0,29583.25,29514.0,29532.0,7168
2026-08-18 23:00:00-04:00,29532.0,29567.0,29516.25,29526.0,5504
2026-08-19 00:00:00-04:00,29525.25,29543.5,29463.75,29506.0,6182
2026-08-19 01:00:00-04:00,29506.75,29535.0,29446.0,29457.5,6438
2026-08-19 02:00:00-04:00,29456.5,29561.5,29430.5,29559.75,8886
2026-08-19 03:00:00-04:00,29558.75,29606.5,29520.25,29601.25,8887
2026-08-19 04:00:00-04:00,29600.25,29640.75,29593.0,29609.5,9873
2026-08-19 05:00:00-04:00,29606.25,29630.0,29536.5,29553.75,6056
2026-08-19 06:00:00-04:00,29553.25,29558.75,29510.75,29521.0,6083
2026-08-19 07:00:00-04:00,29522.5,29578.0,29506.75,29536.0,6807
2026-08-19 08:00:00-04:00,29535.0,29757.25,29511.5,29742.75,31840
2026-08-19 09:00:00-04:00,29743.0,29748.25,29406.5,29496.5,113480
2026-08-19 10:00:00-04:00,29496.25,29624.5,29375.75,29623.25,103061
2026-08-19 11:00:00-04:00,29623.0,29631.25,29550.25,29606.25,47441
2026-08-19 12:00:00-04:00,29607.25,29667.25,29553.0,29559.5,33638
2026-08-19 13:00:00-04:00,29560.0,29573.25,29510.5,29544.25,28165
2026-08-19 14:00:00-04:00,29544.0,29592.5,29492.0,29535.0,35063
2026-08-19 15:00:00-04:00,29535.25,29590.0,29485.25,29522.0,46628
2026-08-19 16:00:00-04:00,29521.25,29562.5,29514.25,29561.0,11282
2026-08-19 18:00:00-04:00,29561.5,29654.25,29556.5,29649.5,7326
2026-08-19 19:00:00-04:00,29650.75,29689.75,29626.0,29628.5,5459
2026-08-19 20:00:00-04:00,29629.0,29675.75,29581.5,29669.75,8731
2026-08-19 21:00:00-04:00,29670.5,29684.25,29623.75,29642.25,6961
2026-08-19 22:00:00-04:00,29641.75,29683.25,29610.0,29630.25,5938
2026-08-19 23:00:00-04:00,29632.0,29657.25,29593.5,29620.25,4887
2026-08-20 00:00:00-04:00,29617.75,29656.0,29608.5,29615.0,3135
2026-08-20 01:00:00-04:00,29617.0,29641.0,29587.75,29605.5,3919
2026-08-20 02:00:00-04:00,29607.0,29686.5,29602.25,29672.5,5358
2026-08-20 03:00:00-04:00,29672.75,29672.75,29592.75,29594.5,6540
2026-08-20 04:00:00-04:00,29595.75,29605.5,29452.75,29475.75,12536
2026-08-20 05:00:00-04:00,29477.25,29546.75,29468.0,29528.25,4766
2026-08-20 06:00:00-04:00,29527.25,29567.0,29511.75,29566.0,5039
2026-08-20 07:00:00-04:00,29566.0,29582.25,29348.75,29362.0,16098
2026-08-20 08:00:00-04:00,29361.25,29375.0,29240.0,29346.0,26310
2026-08-20 09:00:00-04:00,29346.75,29470.25,29308.75,29354.0,94726
2026-08-20 10:00:00-04:00,29354.0,29433.5,29305.0,29392.75,88864
2026-08-20 11:00:00-04:00,29392.5,29457.5,29269.25,29329.75,63941
2026-08-20 12:00:00-04:00,29329.75,29389.0,29302.75,29380.0,35614
2026-08-20 13:00:00-04:00,29380.0,29382.0,29282.75,29292.75,31899
2026-08-20 14:00:00-04:00,29292.5,29293.0,29202.75,29243.75,42643
2026-08-20 15:00:00-04:00,29243.75,29335.25,29242.25,29306.5,56591
2026-08-20 16:00:00-04:00,29306.5,29320.5,29262.5,29317.25,12435
2026-08-20 18:00:00-04:00,29327.0,29345.75,29274.25,29323.0,4787
2026-08-20 19:00:00-04:00,29321.5,29328.5,29286.75,29293.0,3882
2026-08-20 20:00:00-04:00,29292.5,29365.5,29289.75,29320.5,7792
2026-08-20 21:00:00-04:00,29320.5,29372.5,29291.75,29354.25,6831
2026-08-20 22:00:00-04:00,29353.75,29399.25,29343.25,29384.0,4372
2026-08-20 23:00:00-04:00,29384.0,29388.25,29342.75,29352.25,3926
2026-08-21 00:00:00-04:00,29353.75,29371.75,29321.25,29356.25,3720
2026-08-21 01:00:00-04:00,29358.25,29380.75,29340.25,29366.25,3061
2026-08-21 02:00:00-04:00,29365.5,29401.5,29354.5,29386.5,4135
2026-08-21 03:00:00-04:00,29386.0,29458.75,29380.5,29446.0,7624
2026-08-21 04:00:00-04:00,29447.25,29467.5,29390.5,29453.0,8268
2026-08-21 05:00:00-04:00,29454.0,29495.0,29411.5,29485.0,7904
2026-08-21 06:00:00-04:00,29485.75,29518.5,29470.25,29479.5,6030
2026-08-21 07:00:00-04:00,29480.0,29539.0,29452.75,29500.0,10471
2026-08-21 08:00:00-04:00,29499.5,29539.0,29477.75,29511.5,10223
2026-08-21 09:00:00-04:00,29511.75,29516.0,29255.75,29303.5,86739
2026-08-21 10:00:00-04:00,29303.25,29335.5,29220.0,29331.75,89418
2026-08-21 11:00:00-04:00,29332.0,29488.75,29326.75,29443.0,66479
2026-08-21 12:00:00-04:00,29443.5,29452.75,29380.75,29412.25,39478
2026-08-21 13:00:00-04:00,29412.0,29424.0,29376.25,29383.75,25518
2026-08-21 14:00:00-04:00,29383.25,29405.25,29353.75,29400.25,23852
2026-08-21 15:00:00-04:00,29400.0,29432.25,29375.25,29395.75,46647
2026-08-21 16:00:00-04:00,29396.25,29398.0,29367.75,29374.0,12281
2026-08-23 18:00:00-04:00,29392.25,29409.75,29300.25,29390.5,7048
2026-08-23 19:00:00-04:00,29390.5,29480.5,29384.0,29467.75,5277
2026-08-23 20:00:00-04:00,29466.5,29472.5,29335.0,29427.25,13056
2026-08-23 21:00:00-04:00,29425.75,29449.0,29321.0,29323.25,8235
2026-08-23 22:00:00-04:00,29321.5,29377.25,29301.25,29370.5,8807
2026-08-23 23:00:00-04:00,29371.25,29372.5,29261.25,29272.25,6996
2026-08-24 00:00:00-04:00,29272.25,29304.0,29263.0,29265.75,4426
2026-08-24 01:00:00-04:00,29265.5,29297.25,29188.0,29200.75,8541
2026-08-24 02:00:00-04:00,29200.25,29219.25,29120.5,29164.5,9671
2026-08-24 03:00:00-04:00,29164.5,29212.5,29130.75,29143.75,6848
2026-08-24 04:00:00-04:00,29146.25,29240.0,29116.75,29215.0,7473
2026-08-24 05:00:00-04:00,29215.75,29249.75,29201.0,29231.5,4493
2026-08-24 06:00:00-04:00,29231.75,29247.0,29179.5,29184.75,4816
2026-08-24 07:00:00-04:00,29185.25,29283.0,29145.75,29245.5,11066
2026-08-24 08:00:00-04:00,29245.5,29245.75,29171.5,29206.0,9644
2026-08-24 09:00:00-04:00,29205.75,29243.0,28946.75,29021.75,92996
2026-08-24 10:00:00-04:00,29022.25,29110.75,28953.5,29082.75,78506
2026-08-24 11:00:00-04:00,29083.25,29205.5,29038.75,29168.75,62107
2026-08-24 12:00:00-04:00,29169.0,29224.75,29156.75,29171.0,34983
2026-08-24 13:00:00-04:00,29171.25,29210.5,29116.5,29123.0,35881
2026-08-24 14:00:00-04:00,29123.75,29233.25,29123.0,29154.0,36067
2026-08-24 15:00:00-04:00,29153.75,29173.0,29095.5,29099.5,48584
2026-08-24 16:00:00-04:00,29099.25,29136.5,29080.75,29131.25,12503
2026-08-24 18:00:00-04:00,29140.5,29152.75,29111.5,29121.0,3497
2026-08-24 19:00:00-04:00,29121.0,29128.25,29072.0,29096.25,4873
2026-08-24 20:00:00-04:00,29095.75,29146.0,29017.0,29126.5,11769
2026-08-24 21:00:00-04:00,29128.0,29155.5,29095.5,29128.25,7355
2026-08-24 22:00:00-04:00,29127.0,29168.25,29093.5,29101.75,7060
2026-08-24 23:00:00-04:00,29102.5,29190.0,29100.25,29164.75,6507
2026-08-25 00:00:00-04:00,29164.75,29217.25,29159.25,29198.75,4497
2026-08-25 01:00:00-04:00,29200.25,29241.0,29190.0,29232.0,6456
2026-08-25 02:00:00-04:00,29231.75,29288.5,29230.0,29263.25,6623
2026-08-25 03:00:00-04:00,29263.5,29290.75,29226.25,29231.75,6060
2026-08-25 04:00:00-04:00,29233.5,29326.0,29212.25,29301.75,8586
2026-08-25 05:00:00-04:00,29302.0,29425.75,29286.0,29392.5,10379
2026-08-25 06:00:00-04:00,29389.25,29410.25,29346.25,29358.5,6215
2026-08-25 07:00:00-04:00,29358.0,29390.5,29304.0,29373.0,8285
2026-08-25 08:00:00-04:00,29372.75,29409.5,29312.5,29334.0,11619
2026-08-25 09:00:00-04:00,29334.0,29414.75,29279.25,29312.75,86841
2026-08-25 10:00:00-04:00,29313.25,29315.0,29138.0,29232.5,89181
2026-08-25 11:00:00-04:00,29233.0,29309.75,29197.0,29262.0,47983
2026-08-25 12:00:00-04:00,29263.25,29299.75,29252.75,29274.75,31648
2026-08-25 13:00:00-04:00,29275.5,29279.0,29214.5,29227.25,27420
2026-08-25 14:00:00-04:00,29226.75,29275.0,29202.0,29255.5,29323
2026-08-25 15:00:00-04:00,29256.0,29289.5,29211.5,29270.25,43807
2026-08-25 16:00:00-04:00,29270.5,29313.5,29262.0,29287.5,14655
2026-08-25 18:00:00-04:00,29288.0,29309.75,29280.0,29284.5,3026
2026-08-25 19:00:00-04:00,29284.25,29288.5,29207.0,29211.5,5024
2026-08-25 20:00:00-04:00,29210.25,29238.5,29110.5,29112.25,12848
2026-08-25 21:00:00-04:00,29113.0,29147.0,29096.0,29133.5,8952
2026-08-25 22:00:00-04:00,29133.5,29229.75,29119.25,29220.25,8128
2026-08-25 23:00:00-04:00,29221.5,29275.25,29205.0,29264.25,6329
2026-08-26 00:00:00-04:00,29265.25,29283.25,29217.25,29226.75,5378
2026-08-26 01:00:00-04:00,29227.75,29262.75,29226.0,29243.0,4124
2026-08-26 02:00:00-04:00,29242.25,29277.25,29203.5,29252.75,5345
2026-08-26 03:00:00-04:00,29252.25,29257.75,29185.75,29212.25,6210
2026-08-26 04:00:00-04:00,29213.0,29251.0,29185.0,29228.0,5448
2026-08-26 05:00:00-04:00,29227.75,29236.5,29191.25,29234.5,3125
2026-08-26 06:00:00-04:00,29234.25,29242.25,29188.75,29237.5,4056
2026-08-26 07:00:00-04:00,29237.5,29278.75,29186.0,29219.5,8099
2026-08-26 08:00:00-04:00,29220.75,29263.25,29133.25,29152.0,20798
2026-08-26 09:00:00-04:00,29151.75,29332.75,29133.5,29331.25,76656
2026-08-26 10:00:00-04:00,29331.5,29332.5,29156.75,29252.25,62568
2026-08-26 11:00:00-04:00,29251.75,29291.5,29215.5,29217.75,42811
2026-08-26 12:00:00-04:00,29217.75,29224.75,29170.0,29216.75,30625
2026-08-26 13:00:00-04:00,29216.0,29293.75,29210.5,29284.25,28934
2026-08-26 14:00:00-04:00,29284.5,29329.75,29264.75,29321.75,26579
2026-08-26 15:00:00-04:00,29321.25,29368.25,29280.25,29296.75,50387
2026-08-26 16:00:00-04:00,29297.75,29437.75,29283.25,29432.5,26377
2026-08-26 18:00:00-04:00,29499.5,29628.5,29499.25,29606.5,13447
2026-08-26 19:00:00-04:00,29605.0,29653.0,29585.0,29646.5,5834
2026-08-26 20:00:00-04:00,29648.25,29654.75,29438.25,29445.75,15817
2026-08-26 21:00:00-04:00,29443.75,29554.25,29432.5,29529.75,11809
2026-08-26 22:00:00-04:00,29531.75,29560.5,29516.75,29548.75,5126
2026-08-26 23:00:00-04:00,29550.5,29575.75,29526.5,29538.75,4671
2026-08-27 00:00:00-04:00,29538.0,29551.75,29493.0,29497.25,3773
2026-08-27 01:00:00-04:00,29501.5,29504.25,29428.5,29438.75,7413
2026-08-27 02:00:00-04:00,29437.5,29500.0,29401.75,29499.5,8107
2026-08-27 03:00:00-04:00,29498.75,29549.75,29477.25,29539.5,8817
2026-08-27 04:00:00-04:00,29538.75,29662.0,29537.0,29623.75,12638
2026-08-27 05:00:00-04:00,29624.75,29634.5,29568.0,29602.0,9855
2026-08-27 06:00:00-04:00,29602.25,29606.25,29568.25,29597.5,4936
2026-08-27 07:00:00-04:00,29599.0,29630.0,29514.75,29558.5,9307
2026-08-27 08:00:00-04:00,29557.75,29590.5,29515.5,29522.5,11157
2026-08-27 09:00:00-04:00,29522.0,29605.0,29423.75,29483.0,106800
2026-08-27 10:00:00-04:00,29484.0,29623.5,29478.5,29601.5,79929
2026-08-27 11:00:00-04:00,29601.75,29635.0,29511.5,29598.0,53235
2026-08-27 12:00:00-04:00,29597.25,29659.5,29570.0,29651.75,35376
2026-08-27 13:00:00-04:00,29652.0,29678.5,29607.0,29611.5,34346
2026-08-27 14:00:00-04:00,29612.0,29622.0,29526.5,29571.25,43533
2026-08-27 15:00:00-04:00,29571.5,29704.5,29567.0,29691.75,57465
2026-08-27 16:00:00-04:00,29691.75,29708.0,29620.5,29635.25,16873
2026-08-27 18:00:00-04:00,29635.5,29644.75,29600.0,29634.75,3902
2026-08-27 19:00:00-04:00,29633.5,29637.5,29592.0,29600.75,3846
2026-08-27 20:00:00-04:00,29601.75,29667.25,29594.25,29645.0,8697
2026-08-27 21:00:00-04:00,29645.75,29679.75,29641.75,29677.75,6041
2026-08-27 22:00:00-04:00,29678.75,29703.0,29644.75,29663.75,5235
2026-08-27 23:00:00-04:00,29664.75,29707.0,29640.25,29668.25,5539
2026-08-28 00:00:00-04:00,29668.0,29670.5,29636.25,29641.75,3200
2026-08-28 01:00:00-04:00,29642.0,29643.75,29597.25,29598.25,4500
2026-08-28 02:00:00-04:00,29599.0,29645.25,29594.5,29645.25,5355
2026-08-28 03:00:00-04:00,29645.25,29653.5,29593.0,29607.0,6040
2026-08-28 04:00:00-04:00,29607.0,29633.5,29578.25,29619.75,6682
2026-08-28 05:00:00-04:00,29619.0,29620.5,29595.75,29605.5,3035
2026-08-28 06:00:00-04:00,29606.0,29625.0,29593.25,29622.0,3422
2026-08-28 07:00:00-04:00,29622.25,29640.0,29597.5,29603.5,4685
2026-08-28 08:00:00-04:00,29601.5,29665.0,29597.5,29659.0,9200
2026-08-28 09:00:00-04:00,29659.0,29703.25,29562.75,29629.0,70208
2026-08-28 10:00:00-04:00,29632.0,29799.0,29505.0,29796.5,123181
2026-08-28 11:00:00-04:00,29796.5,29811.5,29544.25,29552.5,81028
2026-08-28 12:00:00-04:00,29553.0,29593.0,29464.5,29501.25,75464
2026-08-28 13:00:00-04:00,29502.0,29529.25,29436.25,29514.75,45130
2026-08-28 14:00:00-04:00,29515.75,29521.5,29441.0,29455.5,30706
2026-08-28 15:00:00-04:00,29456.0,29521.5,29443.5,29496.5,54237
2026-08-28 16:00:00-04:00,29496.5,29519.25,29478.25,29509.5,11817
2026-08-30 18:00:00-04:00,29540.0,29546.25,29428.0,29442.5,9095
2026-08-30 19:00:00-04:00,29442.5,29449.25,29289.0,29289.75,12414
2026-08-30 20:00:00-04:00,29291.0,29398.5,29273.5,29357.0,11958
2026-08-30 21:00:00-04:00,29358.25,29358.25,29292.5,29327.0,10864
2026-08-30 22:00:00-04:00,29325.75,29362.75,29287.0,29344.25,9371
2026-08-30 23:00:00-04:00,29346.0,29367.25,29336.75,29352.25,3920
2026-08-31 00:00:00-04:00,29352.5,29423.75,29333.75,29414.75,4572
2026-08-31 01:00:00-04:00,29415.0,29477.25,29407.75,29462.25,6850
2026-08-31 02:00:00-04:00,29462.0,29528.5,29448.75,29517.75,6979
2026-08-31 03:00:00-04:00,29516.25,29522.75,29493.5,29508.25,3311
2026-08-31 04:00:00-04:00,29508.5,29535.0,29475.0,29485.0,6283
2026-08-31 05:00:00-04:00,29485.25,29509.25,29445.5,29450.5,4014
2026-08-31 06:00:00-04:00,29451.5,29471.5,29440.5,29458.75,4027
2026-08-31 07:00:00-04:00,29458.25,29471.0,29425.25,29429.75,5604
2026-08-31 08:00:00-04:00,29429.75,29486.0,29380.0,29389.0,12744
2026-08-31 09:00:00-04:00,29389.5,29516.75,29377.5,29438.75,75078
2026-08-31 10:00:00-04:00,29439.25,29447.75,29355.0,29416.0,65009
2026-08-31 11:00:00-04:00,29415.25,29445.75,29383.0,29388.75,45541
2026-08-31 12:00:00-04:00,29389.25,29443.25,29362.5,29440.5,34937
2026-08-31 13:00:00-04:00,29440.0,29457.5,29388.0,29442.0,26034
2026-08-31 14:00:00-04:00,29442.0,29464.25,29382.5,29403.75,28390
2026-08-31 15:00:00-04:00,29404.5,29538.25,29403.5,29506.5,57567
2026-08-31 16:00:00-04:00,29506.25,29527.5,29503.75,29521.0,11285
2026-08-31 18:00:00-04:00,29518.25,29522.5,29491.0,29493.5,2781
2026-08-31 19:00:00-04:00,29493.25,29519.5,29486.0,29501.25,3457
2026-08-31 20:00:00-04:00,29503.25,29521.75,29478.25,29506.0,7409
2026-08-31 21:00:00-04:00,29506.0,29516.25,29475.0,29499.75,6482
2026-08-31 22:00:00-04:00,29498.0,29502.75,29434.75,29492.0,6678
2026-08-31 23:00:00-04:00,29491.5,29493.75,29459.25,29485.75,3618
2026-09-01 00:00:00-04:00,29487.25,29503.0,29466.0,29473.75,4379
2026-09-01 01:00:00-04:00,29473.25,29571.25,29447.25,29561.5,8270
2026-09-01 02:00:00-04:00,29561.75,29568.0,29513.75,29515.75,6010
2026-09-01 03:00:00-04:00,29515.5,29556.75,29430.0,29436.25,9937
2026-09-01 04:00:00-04:00,29436.25,29449.0,29231.0,29235.25,19087
2026-09-01 05:00:00-04:00,29235.75,29243.25,29184.25,29212.5,9961
2026-09-01 06:00:00-04:00,29212.5,29257.75,29197.25,29210.0,7406
2026-09-01 07:00:00-04:00,29209.25,29238.0,29167.75,29172.5,10013
2026-09-01 08:00:00-04:00,29171.5,29179.5,29122.25,29125.75,16997
2026-09-01 09:00:00-04:00,29125.75,29158.0,29040.25,29105.0,85034
2026-09-01 10:00:00-04:00,29106.0,29268.0,29085.25,29228.0,74325
2026-09-01 11:00:00-04:00,29228.5,29317.75,29178.25,29296.25,52842
2026-09-01 12:00:00-04:00,29295.5,29300.75,29131.25,29191.75,57402
2026-09-01 13:00:00-04:00,29191.25,29191.75,29100.5,29140.75,34339
2026-09-01 14:00:00-04:00,29139.75,29151.5,29002.0,29076.0,44585
2026-09-01 15:00:00-04:00,29075.5,29141.0,29070.5,29126.75,57222
2026-09-01 16:00:00-04:00,29126.75,29159.0,29113.5,29139.0,16358
2026-09-01 18:00:00-04:00,29136.5,29149.0,29102.25,29132.0,4031
2026-09-01 19:00:00-04:00,29129.75,29148.25,29119.0,29134.5,2602
2026-09-01 20:00:00-04:00,29135.75,29170.0,29102.0,29104.0,8770
2026-09-01 21:00:00-04:00,29103.25,29129.5,29047.75,29075.5,9709
2026-09-01 22:00:00-04:00,29075.5,29100.0,29044.5,29084.25,5702
2026-09-01 23:00:00-04:00,29086.5,29089.5,29046.0,29047.25,3894
2026-09-02 00:00:00-04:00,29047.75,29065.0,29035.5,29058.25,3197
2026-09-02 01:00:00-04:00,29059.0,29104.25,29037.5,29073.0,5234
2026-09-02 02:00:00-04:00,29072.25,29098.25,29016.5,29077.25,7068
2026-09-02 03:00:00-04:00,29077.0,29120.75,29050.0,29061.75,6563
2026-09-02 04:00:00-04:00,29062.25,29097.25,28954.5,28977.75,8123
2026-09-02 05:00:00-04:00,28977.25,29027.5,28940.5,28973.25,8017
2026-09-02 06:00:00-04:00,28972.75,28996.0,28947.25,28988.0,5565
2026-09-02 07:00:00-04:00,28987.75,29084.5,28927.25,29084.5,13822
2026-09-02 08:00:00-04:00,29083.75,29149.5,29032.75,29040.0,16112
2026-09-02 09:00:00-04:00,29040.25,29119.0,29017.25,29062.25,68150
2026-09-02 10:00:00-04:00,29061.75,29213.0,29032.25,29120.25,75644
2026-09-02 11:00:00-04:00,29119.5,29208.5,29106.25,29185.25,49066
2026-09-02 12:00:00-04:00,29184.5,29198.5,29137.0,29155.0,26754
2026-09-02 13:00:00-04:00,29154.75,29182.5,29125.25,29158.75,29352
2026-09-02 14:00:00-04:00,29159.5,29199.75,29130.25,29145.5,29140
2026-09-02 15:00:00-04:00,29145.75,29197.25,29139.0,29190.5,35767
2026-09-02 16:00:00-04:00,29190.25,29212.0,29139.25,29141.0,13714
2026-09-02 18:00:00-04:00,29177.0,29208.75,29148.0,29180.5,4376
2026-09-02 19:00:00-04:00,29180.75,29213.0,29167.5,29201.25,4225
2026-09-02 20:00:00-04:00,29200.75,29201.75,29141.0,29151.0,5779
2026-09-02 21:00:00-04:00,29150.75,29200.75,29136.25,29137.5,7598
2026-09-02 22:00:00-04:00,29136.75,29199.0,29132.75,29180.75,5262
2026-09-02 23:00:00-04:00,29182.25,29243.0,29179.5,29236.5,5147
2026-09-03 00:00:00-04:00,29236.5,29255.0,29204.5,29207.5,3906
2026-09-03 01:00:00-04:00,29207.25,29208.5,29075.0,29188.75,14615
2026-09-03 02:00:00-04:00,29188.5,29203.25,29159.5,29174.25,6115
2026-09-03 03:00:00-04:00,29173.25,29245.5,29160.0,29220.25,7956
2026-09-03 04:00:00-04:00,29220.25,29292.75,29213.25,29216.25,11669
2026-09-03 05:00:00-04:00,29218.5,29225.75,29126.5,29137.75,5742
2026-09-03 06:00:00-04:00,29138.0,29158.5,29105.5,29128.0,6638
2026-09-03 07:00:00-04:00,29129.0,29186.75,29101.0,29105.5,10082
2026-09-03 08:00:00-04:00,29105.5,29258.75,29104.0,29244.5,19661
2026-09-03 09:00:00-04:00,29243.75,29375.5,29194.25,29333.0,90757
2026-09-03 10:00:00-04:00,29331.75,29368.0,29241.75,29363.5,89089
2026-09-03 11:00:00-04:00,29363.25,29542.5,29362.25,29538.0,76069
2026-09-03 12:00:00-04:00,29538.75,29544.0,29483.0,29528.0,34933
2026-09-03 13:00:00-04:00,29528.25,29552.5,29476.0,29543.75,29792
2026-09-03 14:00:00-04:00,29543.5,29584.25,29543.0,29568.25,30006
2026-09-03 15:00:00-04:00,29568.25,29570.5,29509.25,29530.75,49295
2026-09-03 16:00:00-04:00,29531.0,29536.25,29499.25,29502.25,10834
2026-09-03 18:00:00-04:00,29505.0,29512.75,29482.0,29508.75,3200
2026-09-03 19:00:00-04:00,29508.25,29516.75,29498.25,29504.0,2128
2026-09-03 20:00:00-04:00,29503.75,29542.25,29495.0,29530.75,5242
2026-09-03 21:00:00-04:00,29530.0,29548.75,29516.25,29548.0,5089
2026-09-03 22:00:00-04:00,29547.75,29568.0,29537.25,29564.5,3643
2026-09-03 23:00:00-04:00,29563.25,29578.75,29557.25,29570.5,2792
2026-09-04 00:00:00-04:00,29570.75,29601.25,29556.5,29598.25,3718
2026-09-04 01:00:00-04:00,29597.5,29643.0,29591.5,29620.75,6159
2026-09-04 02:00:00-04:00,29620.25,29643.75,29574.0,29576.75,5966
2026-09-04 03:00:00-04:00,29577.75,29658.25,29575.25,29652.25,5843
2026-09-04 04:00:00-04:00,29653.75,29673.0,29635.5,29658.5,5635
2026-09-04 05:00:00-04:00,29657.5,29661.75,29616.5,29657.25,4090
2026-09-04 06:00:00-04:00,29656.75,29704.5,29653.25,29680.0,4452
2026-09-04 07:00:00-04:00,29681.5,29690.0,29650.75,29683.25,4692
2026-09-04 08:00:00-04:00,29682.0,29694.0,29502.0,29546.5,29804
2026-09-04 09:00:00-04:00,29547.0,29691.75,29523.0,29691.0,76457
2026-09-04 10:00:00-04:00,29690.5,29691.0,29498.75,29521.0,84443
2026-09-04 11:00:00-04:00,29520.0,29543.0,29478.0,29515.0,51774
2026-09-04 12:00:00-04:00,29514.75,29595.75,29505.0,29576.0,35225
2026-09-04 13:00:00-04:00,29576.25,29580.5,29468.0,29491.75,35441
2026-09-04 14:00:00-04:00,29491.5,29542.5,29471.25,29538.75,28356
2026-09-04 15:00:00-04:00,29538.75,29586.5,29506.75,29568.75,45248
2026-09-04 16:00:00-04:00,29568.25,29569.0,29514.5,29523.0,12999
2026-09-06 18:00:00-04:00,29535.25,29595.25,29534.75,29576.75,3145
2026-09-06 19:00:00-04:00,29576.5,29582.75,29541.0,29557.5,4051
2026-09-06 20:00:00-04:00,29557.5,29583.0,29536.0,29537.25,5028
2026-09-06 21:00:00-04:00,29538.5,29595.75,29530.5,29593.5,5507
2026-09-06 22:00:00-04:00,29595.0,29621.75,29571.75,29583.25,3486
2026-09-06 23:00:00-04:00,29583.5,29622.75,29572.0,29586.0,3934
2026-09-07 00:00:00-04:00,29587.0,29600.25,29569.75,29597.25,2754
2026-09-07 01:00:00-04:00,29597.75,29639.0,29578.0,29610.5,4487
2026-09-07 02:00:00-04:00,29610.75,29682.25,29609.0,29663.5,5770
2026-09-07 03:00:00-04:00,29663.75,29683.5,29617.25,29657.75,4931
2026-09-07 04:00:00-04:00,29658.0,29664.5,29636.0,29644.5,3427
2026-09-07 05:00:00-04:00,29644.75,29655.25,29601.25,29607.25,2715
2026-09-07 06:00:00-04:00,29608.0,29621.75,29569.25,29575.75,2907
2026-09-07 07:00:00-04:00,29574.5,29579.5,29535.0,29545.0,4147
2026-09-07 08:00:00-04:00,29545.25,29589.75,29535.5,29588.5,3794
2026-09-07 09:00:00-04:00,29588.75,29645.25,29576.5,29618.5,9375
2026-09-07 10:00:00-04:00,29618.5,29635.0,29589.25,29592.25,7980
2026-09-07 11:00:00-04:00,29591.75,29609.75,29563.5,29592.25,6728
2026-09-07 12:00:00-04:00,29593.0,29613.5,29589.75,29603.5,3914
2026-09-07 18:00:00-04:00,29611.5,29622.0,29540.0,29558.5,4808
2026-09-07 19:00:00-04:00,29556.5,29599.0,29525.0,29584.5,5895
2026-09-07 20:00:00-04:00,29583.5,29642.0,29575.0,29631.5,9188
2026-09-07 21:00:00-04:00,29632.75,29709.5,29611.75,29706.0,8942
2026-09-07 22:00:00-04:00,29706.25,29722.75,29660.25,29660.5,6700
2026-09-07 23:00:00-04:00,29661.5,29747.0,29660.75,29743.75,7034
2026-09-08 00:00:00-04:00,29742.75,29764.75,29728.25,29737.25,5744
2026-09-08 01:00:00-04:00,29738.5,29739.75,29610.0,29612.25,12536
2026-09-08 02:00:00-04:00,29612.25,29622.25,29545.5,29600.25,12794
2026-09-08 03:00:00-04:00,29601.0,29638.75,29529.75,29535.5,9744
2026-09-08 04:00:00-04:00,29534.5,29541.25,29477.75,29507.0,12331
2026-09-08 05:00:00-04:00,29507.0,29600.5,29484.5,29599.75,6856
2026-09-08 06:00:00-04:00,29600.0,29649.0,29546.5,29568.0,8086
2026-09-08 07:00:00-04:00,29568.5,29601.75,29533.5,29601.0,8174
2026-09-08 08:00:00-04:00,29601.0,29654.75,29548.0,29654.0,11121
2026-09-08 09:00:00-04:00,29653.75,29686.5,29455.25,29502.75,86069
2026-09-08 10:00:00-04:00,29503.25,29563.5,29424.75,29563.0,73830
2026-09-08 11:00:00-04:00,29563.0,29645.25,29545.5,29604.25,50732
2026-09-08 12:00:00-04:00,29604.25,29622.0,29549.5,29573.5,37548
2026-09-08 13:00:00-04:00,29572.75,29641.5,29572.0,29590.0,26942
2026-09-08 14:00:00-04:00,29590.5,29615.5,29519.75,29576.25,37182
2026-09-08 15:00:00-04:00,29576.25,29586.25,29496.0,29543.5,51190
2026-09-08 16:00:00-04:00,29543.0,29550.75,29503.5,29525.75,13374
2026-09-08 18:00:00-04:00,29526.5,29547.0,29503.0,29544.75,4249
2026-09-08 19:00:00-04:00,29544.5,29546.5,29489.75,29498.5,4480
2026-09-08 20:00:00-04:00,29500.75,29564.0,29499.5,29559.75,9746
2026-09-08 21:00:00-04:00,29559.75,29608.5,29555.75,29593.25,8898
2026-09-08 22:00:00-04:00,29593.5,29625.5,29583.25,29611.0,5841
2026-09-08 23:00:00-04:00,29611.5,29613.75,29560.5,29562.0,5663
2026-09-09 00:00:00-04:00,29562.75,29620.25,29549.0,29614.0,6251
2026-09-09 01:00:00-04:00,29614.5,29621.5,29562.0,29621.25,5738
2026-09-09 02:00:00-04:00,29621.75,29633.75,29578.0,29579.5,6467
2026-09-09 03:00:00-04:00,29581.5,29614.0,29558.0,29588.0,7833
2026-09-09 04:00:00-04:00,29589.5,29609.0,29538.75,29564.75,7154
2026-09-09 05:00:00-04:00,29565.0,29575.0,29388.75,29400.5,11127
2026-09-09 06:00:00-04:00,29401.0,29432.25,29368.25,29391.5,13295
2026-09-09 07:00:00-04:00,29392.0,29452.0,29376.5,29396.75,12977
2026-09-09 08:00:00-04:00,29397.0,29404.0,29333.0,29390.5,14892
2026-09-09 09:00:00-04:00,29390.75,29567.25,29382.5,29558.5,73375
2026-09-09 10:00:00-04:00,29558.25,29593.75,29459.5,29528.25,74163
2026-09-09 11:00:00-04:00,29528.75,29562.25,29358.0,29448.0,81893
2026-09-09 12:00:00-04:00,29448.25,29478.0,29386.75,29458.0,36261
2026-09-09 13:00:00-04:00,29457.5,29483.75,29428.25,29468.75,27502
2026-09-09 14:00:00-04:00,29468.25,29474.0,29436.75,29447.5,21925
2026-09-09 15:00:00-04:00,29448.0,29471.25,29423.25,29454.5,36840
2026-09-09 16:00:00-04:00,29455.0,29460.0,29428.75,29460.0,11613
2026-09-09 18:00:00-04:00,29458.5,29472.75,29423.75,29431.5,3457
2026-09-09 19:00:00-04:00,29430.5,29470.75,29416.25,29463.5,3366
2026-09-09 20:00:00-04:00,29464.5,29480.25,29408.0,29412.0,8554
2026-09-09 21:00:00-04:00,29413.5,29426.25,29364.0,29410.5,10170
2026-09-09 22:00:00-04:00,29411.0,29423.25,29373.0,29418.25,5543
2026-09-09 23:00:00-04:00,29418.75,29437.0,29388.25,29427.75,4947
2026-09-10 00:00:00-04:00,29428.0,29462.5,29422.5,29458.75,3780
2026-09-10 01:00:00-04:00,29459.5,29508.25,29448.5,29484.75,5517
2026-09-10 02:00:00-04:00,29484.0,29492.5,29435.25,29476.25,6217
2026-09-10 03:00:00-04:00,29476.75,29478.25,29417.25,29445.0,5344
2026-09-10 04:00:00-04:00,29443.75,29460.25,29405.25,29414.0,5578
2026-09-10 05:00:00-04:00,29412.5,29431.0,29359.25,29406.5,5609
2026-09-10 06:00:00-04:00,29405.75,29423.75,29363.5,29376.0,6490
2026-09-10 07:00:00-04:00,29375.0,29376.0,29262.75,29264.5,11151
2026-09-10 08:00:00-04:00,29264.25,29278.25,29043.25,29056.5,39879
2026-09-10 09:00:00-04:00,29058.0,29203.25,29043.75,29099.75,101505
2026-09-10 10:00:00-04:00,29099.5,29275.0,29097.25,29263.25,94268
2026-09-10 11:00:00-04:00,29263.25,29272.75,29186.0,29205.0,53051
2026-09-10 12:00:00-04:00,29205.0,29242.75,29133.75,29232.5,46200
2026-09-10 13:00:00-04:00,29232.75,29267.5,29175.5,29186.0,30243
2026-09-10 14:00:00-04:00,29186.25,29199.75,29146.25,29174.25,31091
2026-09-10 15:00:00-04:00,29174.25,29176.0,29123.25,29138.0,48438
2026-09-10 16:00:00-04:00,29138.25,29156.75,29123.0,29143.25,11251
2026-09-10 18:00:00-04:00,29141.0,29157.5,29098.75,29107.5,5139
2026-09-10 19:00:00-04:00,29106.25,29115.0,29062.5,29064.75,4202
2026-09-10 20:00:00-04:00,29065.0,29166.25,29063.25,29161.0,10160
2026-09-10 21:00:00-04:00,29159.75,29171.5,29103.5,29128.75,6668
2026-09-10 22:00:00-04:00,29129.5,29138.5,29082.25,29093.25,6373
2026-09-10 23:00:00-04:00,29092.0,29096.75,29048.5,29059.5,6592
2026-09-11 00:00:00-04:00,29058.75,29151.5,29040.5,29125.0,8143
2026-09-11 01:00:00-04:00,29124.5,29242.75,29119.5,29233.25,7996
2026-09-11 02:00:00-04:00,29233.0,29261.5,29215.5,29255.0,7212
2026-09-11 03:00:00-04:00,29254.25,29268.75,29225.0,29242.5,5049
2026-09-11 04:00:00-04:00,29242.5,29326.0,29224.5,29322.75,9233
2026-09-11 05:00:00-04:00,29324.25,29334.0,29289.5,29319.0,4504
2026-09-11 06:00:00-04:00,29319.25,29339.75,29285.25,29309.25,4953
2026-09-11 07:00:00-04:00,29310.5,29337.5,29289.5,29323.25,5724
2026-09-11 08:00:00-04:00,29324.25,29475.75,29204.0,29469.5,35023
2026-09-11 09:00:00-04:00,29468.75,29500.25,29347.25,29472.75,96418
2026-09-11 10:00:00-04:00,29473.0,29473.25,29334.0,29369.75,91757
2026-09-11 11:00:00-04:00,29370.75,29499.75,29361.0,29450.0,50662
2026-09-11 12:00:00-04:00,29450.25,29485.25,29392.0,29436.75,35404
2026-09-11 13:00:00-04:00,29437.0,29479.0,29435.75,29452.5,24249
2026-09-11 14:00:00-04:00,29452.25,29460.5,29417.0,29429.5,24690
2026-09-11 15:00:00-04:00,29429.5,29433.25,29378.75,29386.75,43177
2026-09-11 16:00:00-04:00,29386.25,29397.5,29376.25,29391.75,10408
2026-09-13 18:00:00-04:00,28997.75,29111.0,28981.0,29068.5,12926
2026-09-13 19:00:00-04:00,29069.0,29101.5,29010.0,29017.5,4821
2026-09-13 20:00:00-04:00,29016.25,29075.25,29005.0,29014.5,7976
2026-09-13 21:00:00-04:00,29015.0,29074.75,28999.25,29068.25,5488
2026-09-13 22:00:00-04:00,29068.0,29080.75,29040.75,29053.5,3905
2026-09-13 23:00:00-04:00,29052.75,29059.25,29008.25,29016.5,4125
2026-09-14 00:00:00-04:00,29016.75,29036.25,29001.5,29015.0,3276
2026-09-14 01:00:00-04:00,29015.0,29025.0,28986.5,29013.25,2793
2026-09-14 02:00:00-04:00,29014.5,29037.5,28973.5,28976.5,4312
2026-09-14 03:00:00-04:00,28977.5,28991.5,28905.0,28917.25,6051
2026-09-14 04:00:00-04:00,28920.0,28949.0,28850.0,28877.25,6934
2026-09-14 05:00:00-04:00,28877.5,28891.5,28816.25,28855.75,6234
2026-09-14 06:00:00-04:00,28856.0,28941.0,28855.0,28926.0,4107
2026-09-14 07:00:00-04:00,28926.75,28977.5,28913.5,28928.75,5278
2026-09-14 08:00:00-04:00,28928.5,28945.5,28845.0,28879.25,13116
2026-09-14 09:00:00-04:00,28880.0,29045.75,28829.0,29003.25,46298
2026-09-14 10:00:00-04:00,29003.5,29089.0,28955.75,29012.0,43163
2026-09-14 11:00:00-04:00,29011.25,29208.5,28986.25,29175.0,42178
2026-09-14 12:00:00-04:00,29173.5,29277.25,29134.25,29259.25,26038
2026-09-14 13:00:00-04:00,29259.0,29303.0,29233.0,29280.75,16404
2026-09-14 14:00:00-04:00,29281.75,29301.25,29253.25,29258.0,14579
2026-09-14 15:00:00-04:00,29257.5,29259.25,29147.0,29151.25,25390
2026-09-14 16:00:00-04:00,29151.75,29199.75,29149.0,29193.75,6886
2026-09-14 18:00:00-04:00,29200.0,29200.0,29155.0,29163.0,1487
2026-09-14 19:00:00-04:00,29164.75,29171.0,29150.25,29165.75,779
