Datetime,Open,High,Low,Close,Volume
2026-03-18 20:00:00-04:00,24401.75,24428.0,24378.25,24401.5,246
2026-03-18 20:30:00-04:00,24410.25,24417.0,24371.0,24401.0,245
2026-03-18 21:00:00-04:00,24408.0,24425.0,24390.25,24422.75,109
2026-03-18 21:30:00-04:00,24422.75,24453.5,24415.0,24425.75,223
2026-03-18 22:00:00-04:00,24428.75,24488.0,24385.5,24479.0,322
2026-03-18 22:30:00-04:00,24481.5,24505.25,24474.0,24481.25,139
2026-03-18 23:00:00-04:00,24480.0,24499.25,24477.75,24481.25,62
2026-03-18 23:30:00-04:00,24476.5,24476.5,24450.25,24450.25,114
2026-03-19 00:00:00-04:00,24445.25,24446.0,24420.25,24426.0,158
2026-03-19 00:30:00-04:00,24425.75,24431.0,24395.0,24417.0,98
2026-03-19 01:00:00-04:00,24419.0,24432.0,24400.25,24400.25,150
2026-03-19 01:30:00-04:00,24405.25,24405.5,24365.75,24377.75,131
2026-03-19 02:00:00-04:00,24381.75,24421.75,24373.25,24390.0,128
2026-03-19 02:30:00-04:00,24390.0,24394.25,24359.75,24388.75,161
2026-03-19 03:00:00-04:00,24391.75,24411.25,24345.25,24373.75,185
2026-03-19 03:30:00-04:00,24370.0,24379.0,24331.5,24342.25,157
2026-03-19 04:00:00-04:00,24343.5,24379.0,24326.75,24334.0,501
2026-03-19 04:30:00-04:00,24334.25,24355.75,24293.0,24331.25,369
2026-03-19 05:00:00-04:00,24335.0,24382.25,24291.25,24300.25,559
2026-03-19 05:30:00-04:00,24302.75,24435.5,24299.25,24411.5,646
2026-03-19 06:00:00-04:00,24401.5,24412.25,24378.0,24397.0,247
2026-03-19 06:30:00-04:00,24398.25,24402.0,24360.0,24379.75,190
2026-03-19 07:00:00-04:00,24377.0,24394.75,24314.5,24329.75,217
2026-03-19 07:30:00-04:00,24332.5,24342.75,24295.25,24329.25,329
2026-03-19 08:00:00-04:00,24321.75,24342.75,24244.75,24266.0,750
2026-03-19 08:30:00-04:00,24262.0,24299.25,24211.0,24237.25,710
2026-03-19 09:00:00-04:00,24235.25,24291.75,24191.75,24212.5,1025
2026-03-19 09:30:00-04:00,24211.25,24306.5,24115.0,24291.75,3791
2026-03-19 10:00:00-04:00,24276.5,24332.0,24195.75,24213.75,3551
2026-03-19 10:30:00-04:00,24213.5,24327.0,24211.75,24277.75,2019
2026-03-19 11:00:00-04:00,24278.75,24364.5,24234.0,24253.5,1381
2026-03-19 11:30:00-04:00,24250.75,24262.75,24188.0,24261.75,986
2026-03-19 12:00:00-04:00,24262.0,24310.0,24223.25,24261.0,829
2026-03-19 12:30:00-04:00,24258.75,24288.0,24213.0,24241.5,1067
2026-03-19 13:00:00-04:00,24245.25,24251.0,24167.5,24237.0,1452
2026-03-19 13:30:00-04:00,24240.25,24267.75,24199.25,24240.5,502
2026-03-19 14:00:00-04:00,24239.25,24307.0,24214.5,24257.0,621
2026-03-19 14:30:00-04:00,24255.0,24309.0,24208.0,24288.75,908
2026-03-19 15:00:00-04:00,24294.25,24473.5,24294.25,24377.75,2888
2026-03-19 15:30:00-04:00,24379.5,24398.0,24330.0,24360.5,2380
2026-03-19 16:00:00-04:00,24360.0,24416.0,24348.0,24402.5,736
2026-03-19 16:30:00-04:00,24403.0,24408.0,24380.0,24394.25,266
2026-03-19 18:00:00-04:00,24417.25,24426.25,24385.5,24425.25,83
2026-03-19 18:30:00-04:00,24423.75,24430.5,24403.75,24422.75,41
2026-03-19 19:00:00-04:00,24418.5,24438.0,24397.5,24397.5,34
2026-03-19 19:30:00-04:00,24402.0,24417.75,24393.25,24417.25,131
2026-03-19 20:00:00-04:00,24396.25,24425.0,24372.0,24383.5,42
2026-03-19 20:30:00-04:00,24380.75,24396.25,24369.5,24376.5,91
2026-03-19 21:00:00-04:00,24385.75,24413.25,24376.25,24395.5,50
2026-03-19 21:30:00-04:00,24400.75,24444.0,24395.0,24402.0,123
2026-03-19 22:00:00-04:00,24405.0,24422.0,24393.5,24410.0,57
2026-03-19 22:30:00-04:00,24410.25,24424.25,24399.5,24409.25,63
2026-03-19 23:00:00-04:00,24409.25,24409.25,24391.75,24391.75,43
2026-03-19 23:30:00-04:00,24411.5,24419.25,24395.0,24398.0,58
2026-03-20 00:00:00-04:00,24401.5,24411.5,24384.75,24384.75,29
2026-03-20 00:30:00-04:00,24393.0,24395.25,24378.0,24379.0,23
2026-03-20 01:00:00-04:00,24374.0,24387.25,24352.0,24384.5,41
2026-03-20 01:30:00-04:00,24384.75,24391.25,24375.5,24382.25,84
2026-03-20 02:00:00-04:00,24391.25,24391.25,24338.0,24340.0,61
2026-03-20 02:30:00-04:00,24349.0,24354.25,24306.75,24317.5,90
2026-03-20 03:00:00-04:00,24314.0,24348.0,24275.5,24342.75,133
2026-03-20 03:30:00-04:00,24339.0,24391.25,24339.0,24384.75,147
2026-03-20 04:00:00-04:00,24375.75,24396.5,24349.25,24355.0,495
2026-03-20 04:30:00-04:00,24342.0,24381.0,24340.0,24350.5,332
2026-03-20 05:00:00-04:00,24348.0,24361.0,24286.0,24291.0,74
2026-03-20 05:30:00-04:00,24283.5,24303.5,24195.5,24212.0,422
2026-03-20 06:00:00-04:00,24217.0,24225.0,24108.75,24144.25,135
2026-03-20 06:30:00-04:00,24153.0,24215.75,24153.0,24193.0,137
2026-03-20 07:00:00-04:00,24194.0,24250.0,24190.75,24228.5,143
2026-03-20 07:30:00-04:00,24239.75,24246.5,24197.5,24232.75,109
2026-03-20 08:00:00-04:00,24237.25,24281.0,24215.0,24280.5,149
2026-03-20 08:30:00-04:00,24276.5,24284.25,24223.75,24279.25,151
2026-03-20 09:00:00-04:00,24288.0,24312.25,24239.75,24284.25,288
2026-03-22 18:00:00-04:00,23902.0,24095.0,23890.0,24068.25,13192
2026-03-22 18:30:00-04:00,24070.75,24093.75,24020.75,24044.0,5864
2026-03-22 19:00:00-04:00,24046.75,24084.5,24031.0,24036.5,3426
2026-03-22 19:30:00-04:00,24033.5,24051.0,23975.5,24007.25,5614
2026-03-22 20:00:00-04:00,24008.0,24091.0,23973.0,24050.25,7511
2026-03-22 20:30:00-04:00,24049.0,24056.75,23940.25,23949.25,8026
2026-03-22 21:00:00-04:00,23950.25,24036.5,23936.25,24028.0,6276
2026-03-22 21:30:00-04:00,24029.5,24072.75,24013.0,24044.5,4924
2026-03-22 22:00:00-04:00,24045.0,24068.5,24022.5,24044.5,3553
2026-03-22 22:30:00-04:00,24043.5,24047.75,23989.75,24009.25,3301
2026-03-22 23:00:00-04:00,24010.0,24027.25,23972.25,23994.25,3076
2026-03-22 23:30:00-04:00,23996.5,24003.0,23950.0,23950.75,2596
2026-03-23 00:00:00-04:00,23955.75,23995.5,23946.0,23990.5,2392
2026-03-23 00:30:00-04:00,23989.0,24004.0,23976.75,23996.0,1877
2026-03-23 01:00:00-04:00,23995.75,24033.75,23979.0,23985.5,2837
2026-03-23 01:30:00-04:00,23985.5,24002.25,23932.75,23974.5,4111
2026-03-23 02:00:00-04:00,23972.75,23975.75,23915.0,23928.5,3841
2026-03-23 02:30:00-04:00,23928.75,23929.0,23827.0,23854.5,6309
2026-03-23 03:00:00-04:00,23855.75,23913.25,23772.5,23799.75,8357
2026-03-23 03:30:00-04:00,23801.25,23878.5,23790.75,23842.75,5635
2026-03-23 04:00:00-04:00,23841.5,23926.75,23839.75,23898.0,8933
2026-03-23 04:30:00-04:00,23898.5,23955.25,23891.75,23932.0,6560
2026-03-23 05:00:00-04:00,23932.25,23971.5,23896.25,23933.5,6028
2026-03-23 05:30:00-04:00,23932.0,23935.25,23845.25,23882.25,7083
2026-03-23 06:00:00-04:00,23884.0,23929.0,23843.75,23852.5,6311
2026-03-23 06:30:00-04:00,23851.0,23925.75,23815.75,23881.25,7991
2026-03-23 07:00:00-04:00,23881.25,24763.0,23875.5,24516.75,44045
2026-03-23 07:30:00-04:00,24516.0,24697.0,24370.0,24390.0,20464
2026-03-23 08:00:00-04:00,24392.75,24522.0,24345.0,24497.75,16587
2026-03-23 08:30:00-04:00,24496.75,24621.0,24453.25,24608.5,22804
2026-03-23 09:00:00-04:00,24610.0,24648.0,24481.75,24492.75,19902
2026-03-23 09:30:00-04:00,24493.25,24610.0,24432.5,24599.25,53353
2026-03-23 10:00:00-04:00,24600.5,24688.25,24527.5,24637.25,43629
2026-03-23 10:30:00-04:00,24636.75,24654.25,24579.25,24609.5,28481
2026-03-23 11:00:00-04:00,24611.0,24690.0,24597.25,24612.25,29627
2026-03-23 11:30:00-04:00,24612.25,24631.5,24370.25,24381.5,38394
2026-03-23 12:00:00-04:00,24382.0,24465.5,24308.5,24317.5,35399
2026-03-23 12:30:00-04:00,24317.5,24426.0,24311.75,24368.75,28124
2026-03-23 13:00:00-04:00,24369.0,24393.25,24311.25,24355.25,18250
2026-03-23 13:30:00-04:00,24355.75,24473.75,24354.75,24468.25,23272
2026-03-23 14:00:00-04:00,24468.5,24489.0,24416.75,24446.5,16912
2026-03-23 14:30:00-04:00,24446.75,24536.75,24446.25,24514.0,21930
2026-03-23 15:00:00-04:00,24514.25,24516.5,24459.25,24474.25,16380
2026-03-23 15:30:00-04:00,24473.5,24514.0,24398.25,24398.75,32961
2026-03-23 16:00:00-04:00,24398.75,24425.0,24359.0,24411.25,13221
2026-03-23 16:30:00-04:00,24412.75,24433.75,24391.0,24400.0,3065
2026-03-23 18:00:00-04:00,24417.25,24440.25,24377.25,24431.5,3391
2026-03-23 18:30:00-04:00,24430.5,24489.75,24413.75,24482.0,2649
2026-03-23 19:00:00-04:00,24483.25,24484.0,24460.0,24466.25,1644
2026-03-23 19:30:00-04:00,24465.25,24474.25,24426.75,24455.5,3239
2026-03-23 20:00:00-04:00,24454.75,24457.75,24301.75,24391.25,7515
2026-03-23 20:30:00-04:00,24389.25,24401.0,24266.75,24322.5,5548
2026-03-23 21:00:00-04:00,24326.25,24326.5,24257.0,24303.25,4564
2026-03-23 21:30:00-04:00,24302.0,24302.0,24232.25,24263.75,3202
2026-03-23 22:00:00-04:00,24263.0,24294.0,24222.75,24275.75,3371
2026-03-23 22:30:00-04:00,24274.75,24290.75,24245.5,24249.5,2652
2026-03-23 23:00:00-04:00,24250.0,24282.5,24234.0,24274.0,1701
2026-03-23 23:30:00-04:00,24272.0,24278.0,24231.0,24277.0,1797
2026-03-24 00:00:00-04:00,24276.75,24303.5,24256.75,24259.0,2077
2026-03-24 00:30:00-04:00,24258.75,24272.25,24241.25,24256.5,1572
2026-03-24 01:00:00-04:00,24258.0,24305.0,24193.5,24198.25,5118
2026-03-24 01:30:00-04:00,24196.25,24269.0,24195.0,24262.5,2033
2026-03-24 02:00:00-04:00,24263.0,24345.0,24259.75,24323.5,3199
2026-03-24 02:30:00-04:00,24323.75,24397.75,24323.75,24376.5,3326
2026-03-24 03:00:00-04:00,24376.5,24507.25,24371.25,24467.5,8160
2026-03-24 03:30:00-04:00,24466.25,24473.5,24434.0,24467.0,3440
2026-03-24 04:00:00-04:00,24466.5,24491.0,24392.0,24398.0,6232
2026-03-24 04:30:00-04:00,24397.5,24424.25,24361.0,24377.5,5058
2026-03-24 05:00:00-04:00,24379.25,24399.0,24304.25,24359.5,5059
2026-03-24 05:30:00-04:00,24358.0,24429.25,24343.25,24420.25,4051
2026-03-24 06:00:00-04:00,24421.5,24434.0,24374.75,24388.0,3524
2026-03-24 06:30:00-04:00,24390.5,24430.0,24369.5,24406.5,3297
2026-03-24 07:00:00-04:00,24407.0,24424.25,24366.75,24385.0,3745
2026-03-24 07:30:00-04:00,24383.25,24415.75,24297.5,24383.0,7163
2026-03-24 08:00:00-04:00,24384.0,24397.75,24319.5,24356.25,5447
2026-03-24 08:30:00-04:00,24355.75,24359.75,24263.75,24280.25,9846
2026-03-24 09:00:00-04:00,24279.5,24295.0,24205.25,24254.5,14849
2026-03-24 09:30:00-04:00,24254.25,24317.5,24134.0,24215.75,53866
2026-03-24 10:00:00-04:00,24215.75,24283.0,24175.75,24204.75,37436
2026-03-24 10:30:00-04:00,24205.0,24343.0,24182.75,24242.5,46027
2026-03-24 11:00:00-04:00,24244.5,24385.25,24240.5,24341.5,29564
2026-03-24 11:30:00-04:00,24341.0,24378.25,24285.75,24295.5,22110
2026-03-24 12:00:00-04:00,24295.0,24346.25,24266.25,24331.0,17721
2026-03-24 12:30:00-04:00,24330.75,24338.5,24244.25,24281.25,19538
2026-03-24 13:00:00-04:00,24280.75,24294.75,24165.25,24200.0,25580
2026-03-24 13:30:00-04:00,24199.0,24253.25,24160.25,24242.5,23026
2026-03-24 14:00:00-04:00,24243.0,24275.25,24209.25,24259.75,16987
2026-03-24 14:30:00-04:00,24259.75,24348.0,24247.5,24276.25,24648
2026-03-24 15:00:00-04:00,24275.25,24319.75,24264.75,24267.75,14646
2026-03-24 15:30:00-04:00,24266.25,24280.75,24188.5,24219.25,29616
2026-03-24 16:00:00-04:00,24219.25,24550.0,24214.25,24422.0,23628
2026-03-24 16:30:00-04:00,24421.5,24540.0,24374.5,24403.75,15360
2026-03-24 18:00:00-04:00,24420.0,24458.5,24380.75,24398.75,5636
2026-03-24 18:30:00-04:00,24399.0,24431.25,24399.0,24426.5,2465
2026-03-24 19:00:00-04:00,24425.25,24444.0,24402.25,24430.0,2685
2026-03-24 19:30:00-04:00,24433.0,24438.25,24407.5,24411.75,2246
2026-03-24 20:00:00-04:00,24412.0,24454.5,24382.75,24427.75,5318
2026-03-24 20:30:00-04:00,24427.0,24494.0,24388.5,24449.75,4804
2026-03-24 21:00:00-04:00,24449.0,24468.5,24429.0,24442.25,3057
2026-03-24 21:30:00-04:00,24441.5,24448.5,24392.5,24395.25,3345
2026-03-24 22:00:00-04:00,24396.5,24401.0,24350.25,24372.75,3851
2026-03-24 22:30:00-04:00,24370.5,24378.5,24334.0,24335.25,2458
2026-03-24 23:00:00-04:00,24337.0,24356.25,24320.5,24339.75,2167
2026-03-24 23:30:00-04:00,24339.5,24389.0,24335.0,24381.25,2031
2026-03-25 00:00:00-04:00,24381.0,24420.5,24375.5,24412.75,1910
2026-03-25 00:30:00-04:00,24412.75,24421.5,24392.75,24418.5,1636
2026-03-25 01:00:00-04:00,24419.25,24429.0,24402.5,24409.0,1626
2026-03-25 01:30:00-04:00,24408.0,24425.25,24372.5,24382.0,1782
2026-03-25 02:00:00-04:00,24382.5,24383.0,24341.0,24345.0,2344
2026-03-25 02:30:00-04:00,24343.75,24390.0,24323.75,24378.0,3602
2026-03-25 03:00:00-04:00,24377.0,24403.0,24352.0,24362.75,3286
2026-03-25 03:30:00-04:00,24364.75,24419.75,24360.75,24408.25,2378
2026-03-25 04:00:00-04:00,24408.5,24535.0,24408.5,24503.75,8687
2026-03-25 04:30:00-04:00,24504.5,24524.75,24424.75,24439.0,6557
2026-03-25 05:00:00-04:00,24441.25,24481.25,24422.5,24449.0,4274
2026-03-25 05:30:00-04:00,24449.75,24480.25,24412.5,24453.75,5334
2026-03-25 06:00:00-04:00,24454.75,24487.5,24441.5,24443.75,4274
2026-03-25 06:30:00-04:00,24443.5,24462.5,24426.75,24449.0,3590
2026-03-25 07:00:00-04:00,24447.75,24500.5,24446.0,24487.25,4307
2026-03-25 07:30:00-04:00,24487.75,24522.0,24440.25,24495.0,8598
2026-03-25 08:00:00-04:00,24494.5,24539.75,24394.0,24432.75,15046
2026-03-25 08:30:00-04:00,24432.0,24477.75,24373.0,24448.0,9917
2026-03-25 09:00:00-04:00,24448.75,24485.25,24419.5,24430.0,9641
2026-03-25 09:30:00-04:00,24430.75,24526.0,24360.75,24368.75,49967
2026-03-25 10:00:00-04:00,24368.5,24507.0,24327.5,24480.5,46026
2026-03-25 10:30:00-04:00,24479.75,24519.5,24456.5,24484.25,24348
2026-03-25 11:00:00-04:00,24483.75,24494.25,24286.5,24426.25,46998
2026-03-25 11:30:00-04:00,24426.0,24444.75,24342.75,24378.25,28513
2026-03-25 12:00:00-04:00,24377.5,24438.75,24330.75,24412.25,24702
2026-03-25 12:30:00-04:00,24412.25,24450.25,24394.25,24422.0,19851
2026-03-25 13:00:00-04:00,24422.5,24445.75,24377.25,24430.5,18095
2026-03-25 13:30:00-04:00,24431.5,24493.75,24402.25,24427.75,26620
2026-03-25 14:00:00-04:00,24426.0,24453.0,24406.5,24413.0,13046
2026-03-25 14:30:00-04:00,24412.75,24422.5,24322.75,24354.5,19490
2026-03-25 15:00:00-04:00,24354.75,24395.0,24311.75,24354.25,24122
2026-03-25 15:30:00-04:00,24354.0,24391.5,24325.0,24371.75,24242
2026-03-25 16:00:00-04:00,24371.5,24393.0,24351.0,24352.25,8538
2026-03-25 16:30:00-04:00,24352.75,24373.5,24349.25,24367.75,2037
2026-03-25 18:00:00-04:00,24373.5,24373.5,24320.5,24323.75,2445
2026-03-25 18:30:00-04:00,24325.0,24345.25,24308.0,24316.25,2392
2026-03-25 19:00:00-04:00,24314.75,24330.0,24292.75,24310.5,2489
2026-03-25 19:30:00-04:00,24309.25,24332.5,24283.25,24323.75,3069
2026-03-25 20:00:00-04:00,24323.5,24410.0,24316.25,24391.5,4538
2026-03-25 20:30:00-04:00,24391.25,24406.0,24343.0,24354.75,3069
2026-03-25 21:00:00-04:00,24355.75,24381.75,24330.75,24346.75,2794
2026-03-25 21:30:00-04:00,24345.0,24365.75,24338.5,24363.75,1808
2026-03-25 22:00:00-04:00,24360.25,24378.75,24315.75,24321.0,2773
2026-03-25 22:30:00-04:00,24322.25,24329.5,24247.75,24284.25,5474
2026-03-25 23:00:00-04:00,24284.0,24346.5,24281.75,24335.75,3160
2026-03-25 23:30:00-04:00,24336.5,24421.25,24334.0,24380.0,4736
2026-03-26 00:00:00-04:00,24379.25,24385.0,24354.0,24361.5,1727
2026-03-26 00:30:00-04:00,24363.5,24367.25,24317.0,24324.75,1549
2026-03-26 01:00:00-04:00,24326.0,24340.25,24260.5,24277.0,3544
2026-03-26 01:30:00-04:00,24278.0,24294.25,24251.0,24255.5,2416
2026-03-26 02:00:00-04:00,24255.75,24287.25,24232.0,24282.75,3198
2026-03-26 02:30:00-04:00,24280.5,24295.75,24265.75,24288.25,1821
2026-03-26 03:00:00-04:00,24288.75,24298.0,24199.0,24255.5,4239
2026-03-26 03:30:00-04:00,24252.0,24274.0,24236.75,24259.5,2017
2026-03-26 04:00:00-04:00,24258.5,24288.0,24188.25,24193.0,5464
2026-03-26 04:30:00-04:00,24193.0,24218.5,24152.5,24193.75,5042
2026-03-26 05:00:00-04:00,24194.5,24197.75,24143.75,24152.75,5110
2026-03-26 05:30:00-04:00,24151.75,24166.0,24107.0,24155.0,5783
2026-03-26 06:00:00-04:00,24155.75,24202.25,24132.25,24196.5,4179
2026-03-26 06:30:00-04:00,24196.25,24202.0,24147.75,24176.5,4566
2026-03-26 07:00:00-04:00,24178.25,24188.5,24126.0,24143.5,4693
2026-03-26 07:30:00-04:00,24143.5,24152.5,24098.75,24101.75,5185
2026-03-26 08:00:00-04:00,24104.0,24147.75,24078.0,24132.0,7083
2026-03-26 08:30:00-04:00,24131.25,24131.75,24069.0,24118.0,9841
2026-03-26 09:00:00-04:00,24117.25,24159.75,24110.75,24156.25,9778
2026-03-26 09:30:00-04:00,24156.25,24233.25,24064.0,24216.0,58921
2026-03-26 10:00:00-04:00,24215.75,24242.5,24168.75,24170.75,30444
2026-03-26 10:30:00-04:00,24171.25,24225.75,24030.25,24103.0,43772
2026-03-26 11:00:00-04:00,24104.0,24129.75,24067.75,24085.5,24331
2026-03-26 11:30:00-04:00,24084.5,24127.25,24051.25,24092.5,23134
2026-03-26 12:00:00-04:00,24092.5,24101.75,24001.0,24007.25,25983
2026-03-26 12:30:00-04:00,24007.5,24014.5,23970.0,23998.0,22824
2026-03-26 13:00:00-04:00,23998.5,24018.0,23932.75,23954.5,17457
2026-03-26 13:30:00-04:00,23954.5,23972.5,23851.5,23861.25,23002
2026-03-26 14:00:00-04:00,23860.75,23900.75,23844.5,23848.25,19908
2026-03-26 14:30:00-04:00,23849.0,23889.75,23848.0,23882.75,18016
2026-03-26 15:00:00-04:00,23882.75,23886.5,23820.25,23842.5,23228
2026-03-26 15:30:00-04:00,23842.75,23845.75,23775.0,23786.75,42847
2026-03-26 16:00:00-04:00,23787.25,24022.25,23763.25,23864.5,31333
2026-03-26 16:30:00-04:00,23866.25,23901.75,23812.5,23822.0,7621
2026-03-26 18:00:00-04:00,23824.0,23882.5,23824.0,23864.0,5022
2026-03-26 18:30:00-04:00,23863.0,23890.75,23847.75,23870.5,3323
2026-03-26 19:00:00-04:00,23868.75,23879.25,23841.5,23850.5,2552
2026-03-26 19:30:00-04:00,23849.25,23892.25,23849.25,23876.75,3019
2026-03-26 20:00:00-04:00,23877.0,23908.75,23822.0,23836.5,5936
2026-03-26 20:30:00-04:00,23838.0,23849.25,23807.0,23818.25,3619
2026-03-26 21:00:00-04:00,23818.75,23865.5,23806.0,23864.0,3231
2026-03-26 21:30:00-04:00,23863.0,23875.0,23850.25,23872.0,2331
2026-03-26 22:00:00-04:00,23872.25,23886.0,23845.0,23861.0,2547
2026-03-26 22:30:00-04:00,23861.25,23882.0,23850.5,23854.25,1828
2026-03-26 23:00:00-04:00,23855.5,23868.0,23839.0,23848.25,1509
2026-03-26 23:30:00-04:00,23849.0,23898.0,23849.0,23895.25,2146
2026-03-27 00:00:00-04:00,23895.75,23902.75,23882.0,23893.75,1561
2026-03-27 00:30:00-04:00,23893.0,23921.0,23890.5,23917.75,1879
2026-03-27 01:00:00-04:00,23916.25,23976.0,23914.5,23940.5,5411
2026-03-27 01:30:00-04:00,23941.0,23946.25,23924.5,23927.25,2326
2026-03-27 02:00:00-04:00,23926.5,23955.25,23910.5,23945.75,3167
2026-03-27 02:30:00-04:00,23946.0,23946.75,23894.75,23905.25,3164
2026-03-27 03:00:00-04:00,23905.0,23906.75,23856.75,23857.5,3105
2026-03-27 03:30:00-04:00,23859.75,23893.75,23853.75,23872.0,3354
2026-03-27 04:00:00-04:00,23872.0,23897.5,23792.5,23797.0,9027
2026-03-27 04:30:00-04:00,23797.5,23823.0,23770.5,23779.25,6557
2026-03-27 05:00:00-04:00,23779.5,23798.25,23710.0,23789.25,8820
2026-03-27 05:30:00-04:00,23790.75,23812.5,23731.25,23738.75,5043
2026-03-27 06:00:00-04:00,23739.5,23769.25,23720.5,23731.0,4329
2026-03-27 06:30:00-04:00,23731.5,23742.5,23633.0,23649.5,8741
2026-03-27 07:00:00-04:00,23649.5,23659.75,23608.25,23653.25,9349
2026-03-27 07:30:00-04:00,23653.5,23690.0,23638.75,23664.0,6075
2026-03-27 08:00:00-04:00,23663.0,23667.5,23610.75,23649.0,6386
2026-03-27 08:30:00-04:00,23650.25,23654.5,23596.75,23613.0,7723
2026-03-27 09:00:00-04:00,23615.5,23661.0,23574.0,23654.25,14323
2026-03-27 09:30:00-04:00,23654.5,23664.0,23470.0,23478.75,56474
2026-03-27 10:00:00-04:00,23481.0,23558.5,23453.0,23477.0,40089
2026-03-27 10:30:00-04:00,23477.25,23537.75,23440.0,23511.5,30353
2026-03-27 11:00:00-04:00,23511.5,23568.0,23458.5,23556.25,33379
2026-03-27 11:30:00-04:00,23557.25,23610.5,23518.75,23549.5,30016
2026-03-27 12:00:00-04:00,23550.5,23556.75,23473.5,23482.0,19042
2026-03-27 12:30:00-04:00,23481.75,23515.0,23444.25,23473.5,19404
2026-03-27 13:00:00-04:00,23473.5,23529.5,23377.0,23380.5,26130
2026-03-27 13:30:00-04:00,23379.0,23409.0,23344.0,23360.25,20939
2026-03-27 14:00:00-04:00,23359.75,23376.75,23328.0,23362.0,21189
2026-03-27 14:30:00-04:00,23362.25,23396.25,23325.25,23340.0,17893
2026-03-27 15:00:00-04:00,23339.25,23360.5,23309.25,23331.25,19982
2026-03-27 15:30:00-04:00,23331.25,23351.5,23269.0,23308.75,43679
2026-03-27 16:00:00-04:00,23308.75,23330.5,23232.5,23257.25,17780
2026-03-27 16:30:00-04:00,23257.25,23278.25,23243.0,23254.25,6606
2026-03-29 18:00:00-04:00,23189.5,23242.25,23135.0,23219.0,9715
2026-03-29 18:30:00-04:00,23220.0,23238.75,23154.75,23208.25,5499
2026-03-29 19:00:00-04:00,23209.5,23224.0,23156.75,23166.25,4295
2026-03-29 19:30:00-04:00,23164.0,23169.25,23108.5,23127.5,6384
2026-03-29 20:00:00-04:00,23128.25,23263.75,23093.0,23222.75,11267
2026-03-29 20:30:00-04:00,23222.25,23239.0,23126.0,23149.75,6348
2026-03-29 21:00:00-04:00,23151.25,23188.0,23136.0,23162.75,4259
2026-03-29 21:30:00-04:00,23164.75,23210.0,23158.5,23201.0,3548
2026-03-29 22:00:00-04:00,23201.75,23231.25,23195.5,23200.0,3407
2026-03-29 22:30:00-04:00,23201.5,23275.0,23195.25,23252.25,4732
2026-03-29 23:00:00-04:00,23252.0,23306.5,23250.25,23293.25,4816
2026-03-29 23:30:00-04:00,23294.0,23299.75,23278.75,23296.25,2241
2026-03-30 00:00:00-04:00,23296.25,23352.5,23288.25,23338.25,5055
2026-03-30 00:30:00-04:00,23338.25,23356.25,23314.5,23321.5,2702
2026-03-30 01:00:00-04:00,23321.5,23362.75,23319.0,23341.5,2463
2026-03-30 01:30:00-04:00,23340.5,23358.0,23322.75,23345.5,2660
2026-03-30 02:00:00-04:00,23345.5,23384.5,23337.25,23368.25,3714
2026-03-30 02:30:00-04:00,23369.0,23416.0,23368.25,23390.5,3931
2026-03-30 03:00:00-04:00,23389.5,23404.5,23363.75,23381.25,4566
2026-03-30 03:30:00-04:00,23382.25,23414.25,23360.0,23396.75,3727
2026-03-30 04:00:00-04:00,23397.5,23434.25,23374.0,23426.75,5829
2026-03-30 04:30:00-04:00,23424.75,23449.5,23417.75,23443.5,3724
2026-03-30 05:00:00-04:00,23443.5,23451.25,23395.0,23409.25,4787
2026-03-30 05:30:00-04:00,23410.25,23421.75,23390.0,23403.0,3385
2026-03-30 06:00:00-04:00,23403.75,23416.25,23392.75,23405.5,2386
2026-03-30 06:30:00-04:00,23405.0,23417.0,23373.25,23410.5,3293
2026-03-30 07:00:00-04:00,23412.0,23574.0,23406.25,23486.0,11223
2026-03-30 07:30:00-04:00,23488.75,23505.25,23448.0,23457.75,8312
2026-03-30 08:00:00-04:00,23459.75,23510.0,23436.5,23501.0,5969
2026-03-30 08:30:00-04:00,23501.25,23524.0,23490.25,23506.0,5774
2026-03-30 09:00:00-04:00,23505.75,23523.5,23482.25,23509.75,9623
2026-03-30 09:30:00-04:00,23508.75,23538.25,23292.75,23302.0,52938
2026-03-30 10:00:00-04:00,23302.5,23382.75,23298.0,23325.25,35482
2026-03-30 10:30:00-04:00,23325.0,23379.5,23262.25,23377.5,37714
2026-03-30 11:00:00-04:00,23377.5,23436.25,23282.0,23330.0,33528
2026-03-30 11:30:00-04:00,23329.25,23434.5,23313.5,23375.0,29814
2026-03-30 12:00:00-04:00,23374.5,23380.25,23272.75,23275.0,22932
2026-03-30 12:30:00-04:00,23275.5,23315.5,23267.0,23288.0,16111
2026-03-30 13:00:00-04:00,23288.0,23306.25,23192.0,23197.0,23850
2026-03-30 13:30:00-04:00,23196.25,23254.0,23169.5,23210.75,23306
2026-03-30 14:00:00-04:00,23210.5,23212.75,23153.75,23155.0,16092
2026-03-30 14:30:00-04:00,23154.75,23194.5,23115.25,23120.75,15542
2026-03-30 15:00:00-04:00,23120.75,23130.0,23024.5,23036.75,25199
2026-03-30 15:30:00-04:00,23037.25,23165.25,23025.0,23135.5,41342
2026-03-30 16:00:00-04:00,23136.0,23144.5,23091.75,23099.5,12542
2026-03-30 16:30:00-04:00,23099.5,23107.75,23094.0,23106.25,3442
2026-03-30 18:00:00-04:00,23119.5,23147.75,23108.75,23123.25,3353
2026-03-30 18:30:00-04:00,23122.5,23127.5,23097.75,23100.25,2710
2026-03-30 19:00:00-04:00,23100.0,23100.0,23021.25,23056.0,6621
2026-03-30 19:30:00-04:00,23057.0,23059.75,23023.25,23046.0,3264
2026-03-30 20:00:00-04:00,23045.5,23083.25,22961.5,23011.75,8966
2026-03-30 20:30:00-04:00,23011.75,23283.75,22992.0,23202.25,18064
2026-03-30 21:00:00-04:00,23203.0,23328.25,23160.25,23315.75,12467
2026-03-30 21:30:00-04:00,23314.75,23397.25,23313.0,23339.25,10588
2026-03-30 22:00:00-04:00,23340.0,23364.25,23322.75,23349.5,4652
2026-03-30 22:30:00-04:00,23346.75,23405.0,23325.25,23345.5,5596
2026-03-30 23:00:00-04:00,23346.25,23397.5,23340.75,23351.0,3669
2026-03-30 23:30:00-04:00,23352.5,23360.75,23310.0,23318.25,2991
2026-03-31 00:00:00-04:00,23319.5,23342.0,23295.25,23302.5,2805
2026-03-31 00:30:00-04:00,23300.25,23321.0,23277.75,23283.75,2764
2026-03-31 01:00:00-04:00,23283.0,23303.75,23235.0,23288.75,3746
2026-03-31 01:30:00-04:00,23289.25,23338.5,23279.5,23310.5,3209
2026-03-31 02:00:00-04:00,23311.25,23319.0,23266.5,23288.75,3482
2026-03-31 02:30:00-04:00,23290.0,23308.0,23265.25,23292.0,2640
2026-03-31 03:00:00-04:00,23292.25,23309.5,23238.25,23274.5,4628
2026-03-31 03:30:00-04:00,23274.75,23371.5,23274.75,23369.75,6734
2026-03-31 04:00:00-04:00,23369.5,23390.25,23322.5,23327.5,5675
2026-03-31 04:30:00-04:00,23328.25,23338.0,23293.25,23313.25,4915
2026-03-31 05:00:00-04:00,23311.75,23351.75,23309.75,23324.0,3515
2026-03-31 05:30:00-04:00,23323.25,23337.0,23293.75,23305.75,4507
2026-03-31 06:00:00-04:00,23306.5,23332.5,23296.0,23314.0,3341
2026-03-31 06:30:00-04:00,23315.25,23321.0,23238.5,23286.75,6586
2026-03-31 07:00:00-04:00,23284.5,23398.0,23264.0,23348.5,13604
2026-03-31 07:30:00-04:00,23348.5,23382.0,23326.0,23360.0,6920
2026-03-31 08:00:00-04:00,23359.75,23428.0,23312.0,23403.0,16400
2026-03-31 08:30:00-04:00,23400.25,23439.25,23368.25,23370.25,10901
2026-03-31 09:00:00-04:00,23370.75,23405.5,23357.0,23380.75,9282
2026-03-31 09:30:00-04:00,23381.75,23575.0,23378.75,23565.0,60960
2026-03-31 10:00:00-04:00,23569.0,23580.75,23495.75,23567.5,36975
2026-03-31 10:30:00-04:00,23567.75,23587.75,23376.5,23409.5,40936
2026-03-31 11:00:00-04:00,23409.25,23558.75,23407.5,23492.0,36523
2026-03-31 11:30:00-04:00,23492.0,23520.75,23442.25,23446.5,25347
2026-03-31 12:00:00-04:00,23446.25,23568.0,23435.75,23550.25,24821
2026-03-31 12:30:00-04:00,23550.25,23857.25,23531.25,23775.25,84542
2026-03-31 13:00:00-04:00,23775.75,23876.0,23761.0,23804.75,46349
2026-03-31 13:30:00-04:00,23805.25,23872.0,23747.5,23761.0,35056
2026-03-31 14:00:00-04:00,23760.0,23848.5,23760.0,23827.0,21287
2026-03-31 14:30:00-04:00,23826.25,23872.0,23804.0,23855.5,20651
2026-03-31 15:00:00-04:00,23856.25,23912.5,23833.5,23882.75,22017
2026-03-31 15:30:00-04:00,23882.0,23975.25,23875.0,23909.75,55905
2026-03-31 16:00:00-04:00,23909.5,23944.5,23868.25,23942.25,20714
2026-03-31 16:30:00-04:00,23942.75,23945.5,23894.5,23905.5,4699
2026-03-31 18:00:00-04:00,23889.0,23974.0,23880.0,23958.5,6337
2026-03-31 18:30:00-04:00,23959.25,23973.5,23938.25,23958.0,2934
2026-03-31 19:00:00-04:00,23957.0,23984.5,23943.0,23980.5,2990
2026-03-31 19:30:00-04:00,23977.0,24045.75,23973.75,24038.0,6204
2026-03-31 20:00:00-04:00,24036.25,24048.25,24005.25,24022.25,5456
2026-03-31 20:30:00-04:00,24022.0,24036.25,23992.25,24036.25,3358
2026-03-31 21:00:00-04:00,24037.0,24042.25,23975.0,24010.25,5735
2026-03-31 21:30:00-04:00,24008.5,24013.5,23967.0,23976.25,2849
2026-03-31 22:00:00-04:00,23978.25,23996.25,23965.5,23969.0,2141
2026-03-31 22:30:00-04:00,23969.0,23983.5,23956.25,23966.25,2124
2026-03-31 23:00:00-04:00,23966.75,23988.5,23963.25,23975.75,1308
2026-03-31 23:30:00-04:00,23976.5,23993.5,23976.5,23981.75,1279
2026-04-01 00:00:00-04:00,23982.0,24009.0,23978.5,24008.0,1963
2026-04-01 00:30:00-04:00,24007.0,24022.5,23999.5,24011.75,1437
2026-04-01 01:00:00-04:00,24013.75,24073.75,24007.5,24053.0,2883
2026-04-01 01:30:00-04:00,24053.5,24064.5,24030.75,24041.25,3173
2026-04-01 02:00:00-04:00,24041.5,24126.75,24039.0,24119.25,6300
2026-04-01 02:30:00-04:00,24118.5,24176.75,24112.75,24169.0,7844
2026-04-01 03:00:00-04:00,24169.5,24181.25,24131.0,24147.5,5154
2026-04-01 03:30:00-04:00,24147.75,24179.25,24072.25,24079.25,7443
2026-04-01 04:00:00-04:00,24078.75,24106.5,24033.5,24081.25,7371
2026-04-01 04:30:00-04:00,24082.5,24102.5,24026.75,24071.75,6435
2026-04-01 05:00:00-04:00,24072.0,24084.5,24003.5,24029.5,4867
2026-04-01 05:30:00-04:00,24029.25,24090.75,24029.0,24068.0,4776
2026-04-01 06:00:00-04:00,24070.75,24087.5,24050.75,24067.25,4206
2026-04-01 06:30:00-04:00,24069.5,24140.0,24062.5,24127.0,5046
2026-04-01 07:00:00-04:00,24128.5,24166.0,24123.5,24150.5,5373
2026-04-01 07:30:00-04:00,24151.25,24205.0,24146.0,24191.0,7262
2026-04-01 08:00:00-04:00,24189.75,24196.5,24123.5,24141.75,7723
2026-04-01 08:30:00-04:00,24144.25,24246.0,24050.0,24062.25,19025
2026-04-01 09:00:00-04:00,24061.0,24101.5,24036.0,24088.25,15307
2026-04-01 09:30:00-04:00,24087.75,24194.75,24043.25,24120.75,56805
2026-04-01 10:00:00-04:00,24121.75,24210.75,24108.75,24187.5,39199
2026-04-01 10:30:00-04:00,24186.75,24270.0,24131.0,24260.0,41967
2026-04-01 11:00:00-04:00,24260.25,24286.75,24248.5,24250.0,26040
2026-04-01 11:30:00-04:00,24249.5,24327.0,24229.75,24313.25,24712
2026-04-01 12:00:00-04:00,24314.0,24329.75,24294.5,24304.75,19587
2026-04-01 12:30:00-04:00,24304.75,24330.75,24288.25,24318.75,11563
2026-04-01 13:00:00-04:00,24319.75,24348.25,24314.25,24331.5,13772
2026-04-01 13:30:00-04:00,24331.5,24341.0,24265.5,24266.75,16765
2026-04-01 14:00:00-04:00,24266.75,24273.5,24140.5,24154.0,38860
2026-04-01 14:30:00-04:00,24154.0,24204.75,24124.5,24159.0,26786
2026-04-01 15:00:00-04:00,24159.0,24245.75,24153.75,24233.75,21196
2026-04-01 15:30:00-04:00,24234.0,24255.75,24171.5,24200.75,45836
2026-04-01 16:00:00-04:00,24201.0,24215.75,24176.5,24180.0,11276
2026-04-01 16:30:00-04:00,24181.25,24202.5,24177.25,24187.25,2735
2026-04-01 18:00:00-04:00,24180.0,24206.0,24167.5,24194.5,2888
2026-04-01 18:30:00-04:00,24193.25,24201.75,24158.0,24170.5,2410
2026-04-01 19:00:00-04:00,24170.5,24203.75,24163.5,24201.5,1770
2026-04-01 19:30:00-04:00,24198.5,24200.5,24159.25,24183.5,2231
2026-04-01 20:00:00-04:00,24183.0,24186.75,24156.75,24163.5,3467
2026-04-01 20:30:00-04:00,24164.5,24245.75,24154.5,24236.25,5429
2026-04-01 21:00:00-04:00,24236.0,24240.0,23962.0,23973.0,19237
2026-04-01 21:30:00-04:00,23974.75,23978.75,23912.5,23938.5,10252
2026-04-01 22:00:00-04:00,23940.5,23967.0,23862.0,23868.0,8318
2026-04-01 22:30:00-04:00,23868.25,23894.75,23856.0,23884.75,4401
2026-04-01 23:00:00-04:00,23885.5,23894.75,23851.75,23879.75,2774
2026-04-01 23:30:00-04:00,23879.5,23884.75,23815.0,23821.5,4241
2026-04-02 00:00:00-04:00,23821.75,23841.25,23809.25,23819.0,2932
2026-04-02 00:30:00-04:00,23819.0,23828.5,23795.0,23803.0,2645
2026-04-02 01:00:00-04:00,23805.25,23826.0,23793.25,23814.75,2590
2026-04-02 01:30:00-04:00,23815.25,23827.0,23753.75,23756.0,4421
2026-04-02 02:00:00-04:00,23757.5,23795.75,23752.5,23789.25,4503
2026-04-02 02:30:00-04:00,23789.0,23819.0,23783.25,23815.5,3590
2026-04-02 03:00:00-04:00,23815.75,23838.75,23795.25,23823.0,4944
2026-04-02 03:30:00-04:00,23824.0,23882.0,23819.0,23879.25,4103
2026-04-02 04:00:00-04:00,23878.5,23881.75,23823.25,23838.5,4510
2026-04-02 04:30:00-04:00,23837.25,23870.0,23831.5,23834.75,3066
2026-04-02 05:00:00-04:00,23835.25,23860.0,23823.75,23848.0,2195
2026-04-02 05:30:00-04:00,23849.5,23850.25,23818.5,23830.25,2045
2026-04-02 06:00:00-04:00,23831.5,23840.75,23776.0,23781.5,3409
2026-04-02 06:30:00-04:00,23781.5,23819.25,23775.0,23813.25,3513
2026-04-02 07:00:00-04:00,23811.75,23822.0,23723.5,23726.25,6149
2026-04-02 07:30:00-04:00,23727.75,23750.0,23682.0,23682.75,6496
2026-04-02 08:00:00-04:00,23684.0,23734.0,23666.0,23727.0,8418
2026-04-02 08:30:00-04:00,23726.0,23757.75,23712.0,23725.5,8905
2026-04-02 09:00:00-04:00,23725.25,23767.75,23707.25,23762.75,12142
2026-04-02 09:30:00-04:00,23763.5,23908.25,23678.0,23898.0,59003
2026-04-02 10:00:00-04:00,23897.75,24004.25,23859.0,23942.0,47962
2026-04-02 10:30:00-04:00,23941.5,24266.75,23931.75,24175.0,77040
2026-04-02 11:00:00-04:00,24174.5,24214.5,24105.0,24180.75,38153
2026-04-02 11:30:00-04:00,24181.5,24213.5,24089.0,24136.0,29119
2026-04-02 12:00:00-04:00,24136.0,24166.25,24057.5,24086.75,21656
2026-04-02 12:30:00-04:00,24085.25,24177.0,24069.0,24121.0,20948
2026-04-02 13:00:00-04:00,24120.5,24182.75,24098.5,24164.75,15213
2026-04-02 13:30:00-04:00,24164.5,24169.5,24063.5,24090.75,16376
2026-04-02 14:00:00-04:00,24091.25,24144.75,24091.0,24107.0,16050
2026-04-02 14:30:00-04:00,24107.75,24165.0,24101.0,24140.5,12963
2026-04-02 15:00:00-04:00,24141.0,24182.0,24135.0,24146.5,14665
2026-04-02 15:30:00-04:00,24146.5,24225.75,24136.75,24220.75,25259
2026-04-02 16:00:00-04:00,24220.75,24233.75,24199.75,24226.0,12036
2026-04-02 16:30:00-04:00,24225.0,24228.75,24203.5,24219.5,3053
2026-04-02 18:00:00-04:00,24219.5,24219.5,24177.5,24205.5,3642
2026-04-02 18:30:00-04:00,24205.5,24218.75,24200.0,24203.5,994
2026-04-02 19:00:00-04:00,24203.0,24212.25,24189.0,24208.75,1149
2026-04-02 19:30:00-04:00,24209.0,24216.75,24204.75,24213.25,1205
2026-04-02 20:00:00-04:00,24214.75,24255.0,24214.75,24236.5,2941
2026-04-02 20:30:00-04:00,24237.0,24240.0,24212.5,24225.25,1409
2026-04-02 21:00:00-04:00,24226.0,24231.75,24206.75,24217.5,1380
2026-04-02 21:30:00-04:00,24217.5,24220.0,24195.75,24196.75,1057
2026-04-02 22:00:00-04:00,24196.0,24205.5,24162.25,24169.0,1572
2026-04-02 22:30:00-04:00,24169.0,24197.75,24150.5,24181.25,2784
2026-04-02 23:00:00-04:00,24180.25,24192.5,24170.25,24172.75,1933
2026-04-02 23:30:00-04:00,24172.5,24179.75,24161.0,24167.25,586
2026-04-03 00:00:00-04:00,24166.25,24183.0,24165.0,24177.0,664
2026-04-03 00:30:00-04:00,24177.25,24179.5,24157.25,24166.25,735
2026-04-03 01:00:00-04:00,24167.5,24191.0,24159.25,24168.75,869
2026-04-03 01:30:00-04:00,24170.25,24193.5,24170.25,24180.75,779
2026-04-03 02:00:00-04:00,24183.0,24184.25,24167.75,24171.5,396
2026-04-03 02:30:00-04:00,24171.25,24171.5,24139.25,24152.75,1388
2026-04-03 03:00:00-04:00,24152.75,24154.25,24120.0,24149.75,1505
2026-04-03 03:30:00-04:00,24150.0,24163.5,24149.25,24155.25,942
2026-04-03 04:00:00-04:00,24154.25,24167.5,24142.0,24146.25,696
2026-04-03 04:30:00-04:00,24146.25,24158.5,24142.25,24149.0,466
2026-04-03 05:00:00-04:00,24150.5,24153.5,24131.75,24144.0,752
2026-04-03 05:30:00-04:00,24145.25,24148.75,24139.25,24140.25,264
2026-04-03 06:00:00-04:00,24140.25,24145.0,24126.0,24134.5,848
2026-04-03 06:30:00-04:00,24133.75,24144.25,24129.0,24138.5,658
2026-04-03 07:00:00-04:00,24139.75,24154.25,24114.25,24150.75,1397
2026-04-03 07:30:00-04:00,24150.5,24159.5,24146.5,24151.25,861
2026-04-03 08:00:00-04:00,24151.25,24180.0,24128.75,24166.25,2079
2026-04-03 08:30:00-04:00,24167.75,24245.25,24112.75,24116.5,5268
2026-04-03 09:00:00-04:00,24115.75,24137.25,24106.0,24129.75,1211
2026-04-05 18:00:00-04:00,24093.5,24094.25,23981.5,24063.5,12670
2026-04-05 18:30:00-04:00,24061.75,24097.0,24034.0,24079.25,6380
2026-04-05 19:00:00-04:00,24079.25,24094.5,24041.0,24070.5,9335
2026-04-05 19:30:00-04:00,24070.75,24092.5,24068.25,24091.75,1282
2026-04-05 20:00:00-04:00,24091.5,24204.25,24087.75,24171.5,6404
2026-04-05 20:30:00-04:00,24172.5,24216.0,24172.5,24208.75,3361
2026-04-05 21:00:00-04:00,24209.75,24240.0,24196.25,24234.0,3485
2026-04-05 21:30:00-04:00,24234.25,24234.25,24183.75,24193.75,2701
2026-04-05 22:00:00-04:00,24193.25,24326.75,24188.25,24311.25,6613
2026-04-05 22:30:00-04:00,24311.75,24316.25,24222.0,24223.0,4445
2026-04-05 23:00:00-04:00,24223.0,24230.0,24120.5,24185.0,5625
2026-04-05 23:30:00-04:00,24186.5,24216.5,24176.5,24213.0,1990
2026-04-06 00:00:00-04:00,24213.0,24237.25,24207.75,24227.25,2048
2026-04-06 00:30:00-04:00,24227.5,24265.0,24221.5,24253.5,2395
2026-04-06 01:00:00-04:00,24253.0,24268.0,24251.0,24251.25,1335
2026-04-06 01:30:00-04:00,24251.75,24253.25,24212.0,24232.75,1965
2026-04-06 02:00:00-04:00,24232.25,24277.25,24219.0,24228.0,2874
2026-04-06 02:30:00-04:00,24225.25,24290.75,24215.75,24255.5,4014
2026-04-06 03:00:00-04:00,24257.25,24261.75,24207.25,24237.25,3350
2026-04-06 03:30:00-04:00,24235.25,24325.5,24234.75,24309.5,3844
2026-04-06 04:00:00-04:00,24310.0,24360.25,24308.75,24350.0,4524
2026-04-06 04:30:00-04:00,24349.75,24393.25,24344.0,24370.5,3513
2026-04-06 05:00:00-04:00,24370.5,24398.25,24367.75,24381.25,2532
2026-04-06 05:30:00-04:00,24382.25,24388.75,24332.0,24337.5,2969
2026-04-06 06:00:00-04:00,24338.0,24359.0,24326.5,24344.5,2485
2026-04-06 06:30:00-04:00,24343.5,24356.75,24262.5,24315.5,4559
2026-04-06 07:00:00-04:00,24315.5,24316.5,24282.0,24300.75,3709
2026-04-06 07:30:00-04:00,24302.0,24316.25,24292.5,24306.5,2904
2026-04-06 08:00:00-04:00,24306.0,24317.5,24288.25,24310.0,3459
2026-04-06 08:30:00-04:00,24310.75,24338.0,24300.0,24307.0,4843
2026-04-06 09:00:00-04:00,24307.5,24314.0,24257.25,24265.0,8524
2026-04-06 09:30:00-04:00,24265.25,24416.75,24245.75,24411.0,54265
2026-04-06 10:00:00-04:00,24411.0,24452.25,24271.5,24364.75,41529
2026-04-06 10:30:00-04:00,24366.0,24390.0,24262.25,24306.25,34100
2026-04-06 11:00:00-04:00,24306.25,24337.5,24267.25,24280.75,19757
2026-04-06 11:30:00-04:00,24281.25,24332.75,24252.25,24324.0,17915
2026-04-06 12:00:00-04:00,24324.25,24329.0,24283.25,24312.5,12131
2026-04-06 12:30:00-04:00,24312.5,24346.75,24301.75,24309.25,13408
2026-04-06 13:00:00-04:00,24309.0,24312.5,24202.75,24305.75,23039
2026-04-06 13:30:00-04:00,24305.75,24334.25,24261.5,24263.5,14032
2026-04-06 14:00:00-04:00,24264.5,24364.25,24245.5,24341.75,20651
2026-04-06 14:30:00-04:00,24342.25,24358.0,24324.0,24351.25,11230
2026-04-06 15:00:00-04:00,24351.5,24356.0,24330.5,24336.25,9406
2026-04-06 15:30:00-04:00,24336.25,24376.25,24326.25,24363.75,21647
2026-04-06 16:00:00-04:00,24363.5,24370.0,24334.0,24344.25,8489
2026-04-06 16:30:00-04:00,24344.75,24356.5,24340.0,24349.75,2504
2026-04-06 18:00:00-04:00,24348.75,24384.0,24301.75,24322.25,4111
2026-04-06 18:30:00-04:00,24323.0,24328.0,24299.75,24303.25,2042
2026-04-06 19:00:00-04:00,24302.25,24333.0,24302.0,24313.0,1808
2026-04-06 19:30:00-04:00,24312.75,24325.25,24298.25,24299.5,1139
2026-04-06 20:00:00-04:00,24299.25,24358.5,24278.75,24330.0,4605
2026-04-06 20:30:00-04:00,24331.5,24335.5,24290.5,24303.5,2917
2026-04-06 21:00:00-04:00,24303.0,24310.5,24248.5,24279.5,4330
2026-04-06 21:30:00-04:00,24278.0,24282.75,24168.25,24177.0,5394
2026-04-06 22:00:00-04:00,24178.75,24197.5,24153.0,24193.75,4356
2026-04-06 22:30:00-04:00,24195.0,24220.25,24191.25,24211.0,2463
2026-04-06 23:00:00-04:00,24212.5,24219.25,24192.75,24216.25,1973
2026-04-06 23:30:00-04:00,24213.25,24231.5,24212.75,24220.25,1144
2026-04-07 00:00:00-04:00,24221.5,24242.0,24198.25,24226.0,1775
2026-04-07 00:30:00-04:00,24227.0,24264.0,24227.0,24247.25,2015
2026-04-07 01:00:00-04:00,24248.25,24259.5,24220.75,24224.0,1989
2026-04-07 01:30:00-04:00,24224.75,24232.0,24204.5,24228.5,1927
2026-04-07 02:00:00-04:00,24228.5,24243.0,24207.0,24238.5,1746
2026-04-07 02:30:00-04:00,24239.75,24244.75,24219.5,24241.25,1414
2026-04-07 03:00:00-04:00,24242.75,24257.5,24209.25,24218.5,2801
2026-04-07 03:30:00-04:00,24219.75,24251.25,24217.5,24246.25,1353
2026-04-07 04:00:00-04:00,24247.75,24369.5,24246.75,24338.5,8587
2026-04-07 04:30:00-04:00,24336.5,24382.5,24333.0,24359.25,3779
2026-04-07 05:00:00-04:00,24359.5,24412.0,24352.75,24401.75,3933
2026-04-07 05:30:00-04:00,24401.5,24422.0,24371.5,24385.25,3547
2026-04-07 06:00:00-04:00,24387.0,24400.25,24295.0,24347.25,8666
2026-04-07 06:30:00-04:00,24347.5,24351.75,24185.25,24202.75,7458
2026-04-07 07:00:00-04:00,24205.5,24258.0,24195.75,24223.75,7041
2026-04-07 07:30:00-04:00,24223.75,24227.5,24178.25,24210.75,5303
2026-04-07 08:00:00-04:00,24211.0,24244.0,24133.0,24242.5,13831
2026-04-07 08:30:00-04:00,24242.75,24281.0,24179.5,24214.75,9083
2026-04-07 09:00:00-04:00,24216.25,24250.5,24196.25,24243.5,10473
2026-04-07 09:30:00-04:00,24243.5,24308.0,24118.0,24120.25,50002
2026-04-07 10:00:00-04:00,24121.25,24132.0,23994.0,24107.5,50904
2026-04-07 10:30:00-04:00,24108.25,24144.5,24006.0,24009.25,31501
2026-04-07 11:00:00-04:00,24008.75,24087.25,23941.5,24065.75,38894
2026-04-07 11:30:00-04:00,24066.75,24133.0,24042.0,24108.5,22206
2026-04-07 12:00:00-04:00,24107.5,24237.5,24105.5,24189.75,33643
2026-04-07 12:30:00-04:00,24189.5,24241.75,24175.25,24202.25,16419
2026-04-07 13:00:00-04:00,24201.75,24238.5,24169.75,24188.5,17483
2026-04-07 13:30:00-04:00,24188.75,24299.75,24183.25,24225.5,25182
2026-04-07 14:00:00-04:00,24226.0,24238.25,24187.0,24194.0,14977
2026-04-07 14:30:00-04:00,24194.25,24203.0,24076.75,24102.0,22377
2026-04-07 15:00:00-04:00,24102.5,24297.75,24083.25,24216.75,39297
2026-04-07 15:30:00-04:00,24216.5,24381.0,24191.5,24369.5,46576
2026-04-07 16:00:00-04:00,24369.25,24416.0,24345.75,24367.75,18534
2026-04-07 16:30:00-04:00,24368.0,24451.5,24363.75,24399.25,8406
2026-04-07 18:00:00-04:00,24514.0,24666.0,24502.5,24604.75,12302
2026-04-07 18:30:00-04:00,24605.5,24924.5,24355.0,24914.0,23273
2026-04-07 19:00:00-04:00,24915.0,25086.0,24913.5,25046.25,17961
2026-04-07 19:30:00-04:00,25047.25,25066.0,25010.75,25050.75,11428
2026-04-07 20:00:00-04:00,25049.75,25091.25,25026.75,25042.25,11771
2026-04-07 20:30:00-04:00,25042.25,25101.5,25007.75,25080.25,8354
2026-04-07 21:00:00-04:00,25080.0,25107.75,25040.75,25067.0,5367
2026-04-07 21:30:00-04:00,25066.25,25109.5,25064.75,25095.25,3739
2026-04-07 22:00:00-04:00,25095.5,25109.75,25093.75,25097.25,2966
2026-04-07 22:30:00-04:00,25098.0,25111.5,25091.75,25110.5,2473
2026-04-07 23:00:00-04:00,25110.25,25118.75,25086.75,25094.25,2554
2026-04-07 23:30:00-04:00,25094.25,25104.5,25089.75,25102.0,1627
2026-04-08 00:00:00-04:00,25103.25,25156.25,25102.5,25148.75,3812
2026-04-08 00:30:00-04:00,25147.25,25153.25,25121.0,25125.25,2383
2026-04-08 01:00:00-04:00,25125.25,25163.0,25119.0,25159.0,2619
2026-04-08 01:30:00-04:00,25158.5,25195.25,25139.75,25192.25,5273
2026-04-08 02:00:00-04:00,25192.0,25202.0,25161.25,25172.75,5993
2026-04-08 02:30:00-04:00,25172.5,25188.5,25164.0,25171.25,4249
2026-04-08 03:00:00-04:00,25171.25,25190.0,25142.25,25167.25,5962
2026-04-08 03:30:00-04:00,25167.0,25167.0,25136.0,25141.75,4836
2026-04-08 04:00:00-04:00,25141.5,25176.25,25134.25,25173.0,3870
2026-04-08 04:30:00-04:00,25173.25,25225.0,25147.0,25215.25,5680
2026-04-08 05:00:00-04:00,25216.0,25245.25,25203.75,25215.5,4608
2026-04-08 05:30:00-04:00,25216.5,25221.5,25184.5,25200.0,3877
2026-04-08 06:00:00-04:00,25199.5,25221.25,25185.5,25219.75,3009
2026-04-08 06:30:00-04:00,25220.75,25231.75,25202.0,25204.5,3698
2026-04-08 07:00:00-04:00,25204.75,25233.0,25180.25,25226.75,5916
2026-04-08 07:30:00-04:00,25226.75,25235.0,25205.25,25209.25,4774
2026-04-08 08:00:00-04:00,25210.75,25257.0,25155.0,25190.0,15355
2026-04-08 08:30:00-04:00,25189.0,25221.25,25176.5,25212.75,11186
2026-04-08 09:00:00-04:00,25213.0,25237.25,25186.75,25199.5,11985
2026-04-08 09:30:00-04:00,25199.5,25249.75,25064.0,25080.75,72695
2026-04-08 10:00:00-04:00,25080.75,25105.0,25042.5,25055.25,38663
2026-04-08 10:30:00-04:00,25055.75,25067.5,24926.5,24993.0,47072
2026-04-08 11:00:00-04:00,24993.25,25044.0,24978.75,25011.25,27613
2026-04-08 11:30:00-04:00,25011.25,25089.0,25004.75,25078.5,24697
2026-04-08 12:00:00-04:00,25078.75,25116.0,25061.75,25094.75,20731
2026-04-08 12:30:00-04:00,25095.0,25157.5,25087.0,25142.25,16920
2026-04-08 13:00:00-04:00,25142.5,25156.75,25072.25,25083.0,19648
2026-04-08 13:30:00-04:00,25082.5,25101.0,25065.0,25094.25,14751
2026-04-08 14:00:00-04:00,25094.5,25131.75,25032.0,25053.75,26194
2026-04-08 14:30:00-04:00,25054.5,25072.5,24948.75,24953.25,20601
2026-04-08 15:00:00-04:00,24953.25,25012.0,24943.25,24957.75,25784
2026-04-08 15:30:00-04:00,24957.5,25097.0,24956.0,25080.0,41808
2026-04-08 16:00:00-04:00,25079.75,25095.25,25048.25,25050.0,13836
2026-04-08 16:30:00-04:00,25049.75,25052.25,25033.25,25039.0,2852
2026-04-08 18:00:00-04:00,25037.75,25065.0,25010.75,25026.75,3967
2026-04-08 18:30:00-04:00,25028.75,25049.5,25026.5,25034.5,1965
2026-04-08 19:00:00-04:00,25034.25,25055.5,25023.75,25033.5,2538
2026-04-08 19:30:00-04:00,25034.25,25038.0,25022.5,25026.0,1958
2026-04-08 20:00:00-04:00,25026.5,25034.25,24999.0,25013.5,4354
2026-04-08 20:30:00-04:00,25011.75,25033.0,25007.0,25012.25,2448
2026-04-08 21:00:00-04:00,25012.0,25021.0,24980.5,24987.0,3634
2026-04-08 21:30:00-04:00,24989.5,25025.5,24983.75,25022.75,2887
2026-04-08 22:00:00-04:00,25022.75,25041.75,25022.75,25026.75,2636
2026-04-08 22:30:00-04:00,25026.75,25050.75,25026.25,25031.0,1537
2026-04-08 23:00:00-04:00,25031.75,25037.25,25016.25,25019.5,1169
2026-04-08 23:30:00-04:00,25019.25,25034.0,25009.0,25018.5,2134
2026-04-09 00:00:00-04:00,25019.5,25022.5,25007.75,25013.5,1357
2026-04-09 00:30:00-04:00,25013.5,25023.75,25006.0,25014.0,1119
2026-04-09 01:00:00-04:00,25014.5,25033.0,24994.25,25032.75,2114
2026-04-09 01:30:00-04:00,25032.75,25047.0,25022.0,25028.5,1582
2026-04-09 02:00:00-04:00,25030.0,25059.0,25024.75,25037.25,3455
2026-04-09 02:30:00-04:00,25037.0,25042.25,25017.0,25039.0,2437
2026-04-09 03:00:00-04:00,25039.75,25048.75,24996.75,25010.5,3476
2026-04-09 03:30:00-04:00,25013.0,25017.75,24965.0,24985.0,4592
2026-04-09 04:00:00-04:00,24986.0,24991.0,24953.0,24962.25,4545
2026-04-09 04:30:00-04:00,24962.0,25006.75,24962.0,24972.75,3718
2026-04-09 05:00:00-04:00,24972.5,25016.0,24964.25,25012.75,3778
2026-04-09 05:30:00-04:00,25012.0,25018.5,24993.0,25016.25,2462
2026-04-09 06:00:00-04:00,25017.25,25027.0,25002.25,25022.5,3499
2026-04-09 06:30:00-04:00,25021.0,25024.5,24981.0,24984.5,4023
2026-04-09 07:00:00-04:00,24983.75,24998.75,24976.75,24984.0,4315
2026-04-09 07:30:00-04:00,24985.0,25039.0,24983.0,25030.0,6320
2026-04-09 08:00:00-04:00,25030.25,25050.75,25027.0,25037.75,5204
2026-04-09 08:30:00-04:00,25037.5,25063.5,25016.5,25028.75,8609
2026-04-09 09:00:00-04:00,25029.25,25082.75,25026.5,25080.5,9277
2026-04-09 09:30:00-04:00,25081.0,25111.5,25005.5,25033.25,49751
2026-04-09 10:00:00-04:00,25033.0,25056.0,24963.75,24981.75,38664
2026-04-09 10:30:00-04:00,24981.75,25053.5,24960.5,25041.25,28496
2026-04-09 11:00:00-04:00,25041.5,25105.75,25016.0,25058.0,31579
2026-04-09 11:30:00-04:00,25058.25,25197.75,25048.5,25189.0,46018
2026-04-09 12:00:00-04:00,25189.0,25265.75,25188.5,25216.5,34452
2026-04-09 12:30:00-04:00,25217.0,25220.25,25161.75,25196.5,22026
2026-04-09 13:00:00-04:00,25196.75,25253.0,25188.0,25223.25,18122
2026-04-09 13:30:00-04:00,25224.25,25257.0,25189.0,25226.75,18222
2026-04-09 14:00:00-04:00,25227.0,25231.25,25145.0,25162.5,29661
2026-04-09 14:30:00-04:00,25162.25,25191.5,25145.75,25179.75,18121
2026-04-09 15:00:00-04:00,25180.25,25230.25,25175.75,25222.75,18304
2026-04-09 15:30:00-04:00,25222.5,25269.75,25220.5,25249.0,32044
2026-04-09 16:00:00-04:00,25248.75,25254.25,25220.25,25239.75,10501
2026-04-09 16:30:00-04:00,25239.75,25253.75,25235.5,25244.75,2731
2026-04-09 18:00:00-04:00,25237.0,25254.75,25212.25,25216.25,3093
2026-04-09 18:30:00-04:00,25216.25,25233.25,25202.75,25206.75,3218
2026-04-09 19:00:00-04:00,25209.25,25215.25,25193.0,25209.75,1732
2026-04-09 19:30:00-04:00,25210.5,25238.0,25207.5,25224.0,2136
2026-04-09 20:00:00-04:00,25224.0,25236.75,25206.0,25234.5,2184
2026-04-09 20:30:00-04:00,25234.75,25280.0,25231.5,25270.5,3658
2026-04-09 21:00:00-04:00,25270.5,25279.25,25255.75,25279.25,2369
2026-04-09 21:30:00-04:00,25278.5,25298.5,25274.25,25285.0,2796
2026-04-09 22:00:00-04:00,25284.75,25290.25,25254.0,25262.0,2248
2026-04-09 22:30:00-04:00,25261.75,25278.5,25260.0,25273.0,1012
2026-04-09 23:00:00-04:00,25274.25,25288.25,25271.0,25272.25,1190
2026-04-09 23:30:00-04:00,25272.0,25303.75,25272.0,25291.75,1655
2026-04-10 00:00:00-04:00,25291.75,25293.25,25272.5,25277.0,1075
2026-04-10 00:30:00-04:00,25276.75,25279.75,25265.5,25269.25,844
2026-04-10 01:00:00-04:00,25269.5,25284.75,25268.5,25269.25,1090
2026-04-10 01:30:00-04:00,25270.75,25278.5,25257.5,25263.0,1303
2026-04-10 02:00:00-04:00,25261.75,25268.0,25235.5,25237.75,2739
2026-04-10 02:30:00-04:00,25238.25,25243.0,25218.75,25228.25,2408
2026-04-10 03:00:00-04:00,25229.25,25248.0,25223.0,25246.25,2649
2026-04-10 03:30:00-04:00,25247.75,25256.0,25228.75,25242.0,2691
2026-04-10 04:00:00-04:00,25243.0,25243.75,25202.75,25227.5,4244
2026-04-10 04:30:00-04:00,25227.5,25235.75,25203.0,25209.5,2857
2026-04-10 05:00:00-04:00,25209.5,25274.75,25206.0,25237.75,5924
2026-04-10 05:30:00-04:00,25237.5,25262.0,25221.75,25259.0,3401
2026-04-10 06:00:00-04:00,25258.5,25282.0,25240.5,25270.5,2989
2026-04-10 06:30:00-04:00,25271.25,25283.75,25255.5,25271.25,2833
2026-04-10 07:00:00-04:00,25272.0,25299.25,25270.0,25292.25,3295
2026-04-10 07:30:00-04:00,25291.25,25302.25,25261.75,25268.75,3436
2026-04-10 08:00:00-04:00,25269.25,25386.0,25263.75,25336.25,4520
2026-04-10 08:30:00-04:00,25324.5,25371.75,25291.75,25304.5,8603
2026-04-10 09:00:00-04:00,25304.0,25322.25,25292.0,25315.25,7994
2026-04-10 09:30:00-04:00,25315.25,25369.25,25290.5,25320.5,47601
2026-04-10 10:00:00-04:00,25319.0,25353.0,25268.0,25340.5,32755
2026-04-10 10:30:00-04:00,25341.5,25373.75,25306.25,25352.5,32558
2026-04-10 11:00:00-04:00,25352.5,25393.0,25328.25,25348.0,27994
2026-04-10 11:30:00-04:00,25348.25,25357.5,25244.75,25264.5,31717
2026-04-10 12:00:00-04:00,25264.5,25301.5,25248.25,25275.75,22431
2026-04-10 12:30:00-04:00,25275.75,25284.0,25222.25,25264.5,21255
2026-04-10 13:00:00-04:00,25265.5,25266.25,25227.75,25233.5,16036
2026-04-10 13:30:00-04:00,25232.75,25276.0,25223.25,25272.0,13531
2026-04-10 14:00:00-04:00,25271.75,25281.25,25240.25,25267.5,16524
2026-04-10 14:30:00-04:00,25267.0,25271.0,25238.5,25260.75,12504
2026-04-10 15:00:00-04:00,25261.25,25302.0,25259.0,25294.5,15345
2026-04-10 15:30:00-04:00,25295.25,25295.25,25259.5,25284.25,28832
2026-04-10 16:00:00-04:00,25284.25,25310.5,25276.75,25305.25,9233
2026-04-10 16:30:00-04:00,25305.0,25338.0,25301.0,25333.0,3410
2026-04-12 18:00:00-04:00,24980.0,25019.25,24904.5,24954.0,15329
2026-04-12 18:30:00-04:00,24954.75,24965.5,24928.25,24956.25,6160
2026-04-12 19:00:00-04:00,24957.25,24958.25,24929.5,24944.5,3046
2026-04-12 19:30:00-04:00,24945.0,24989.25,24922.0,24984.0,4139
2026-04-12 20:00:00-04:00,24984.0,25009.5,24950.0,24996.5,6924
2026-04-12 20:30:00-04:00,24996.0,25056.0,24988.5,25055.0,4949
2026-04-12 21:00:00-04:00,25055.5,25083.25,25052.0,25073.75,4674
2026-04-12 21:30:00-04:00,25072.5,25093.75,25059.0,25083.0,3475
2026-04-12 22:00:00-04:00,25083.25,25085.5,25056.5,25061.5,2444
2026-04-12 22:30:00-04:00,25062.0,25082.5,25056.5,25077.25,1690
2026-04-12 23:00:00-04:00,25077.75,25084.25,25054.0,25072.0,2124
2026-04-12 23:30:00-04:00,25071.25,25074.0,25056.75,25059.75,1236
2026-04-13 00:00:00-04:00,25059.75,25076.0,25049.5,25070.75,1965
2026-04-13 00:30:00-04:00,25071.75,25096.0,25063.25,25081.0,1759
2026-04-13 01:00:00-04:00,25081.0,25089.25,25059.25,25078.5,1723
2026-04-13 01:30:00-04:00,25079.75,25085.0,25064.0,25079.75,1655
2026-04-13 02:00:00-04:00,25080.0,25119.0,25078.0,25108.5,3073
2026-04-13 02:30:00-04:00,25109.75,25115.5,25097.5,25115.5,1747
2026-04-13 03:00:00-04:00,25115.5,25128.25,25088.0,25109.75,3447
2026-04-13 03:30:00-04:00,25110.5,25117.0,25093.0,25101.5,1830
2026-04-13 04:00:00-04:00,25101.0,25130.25,25099.75,25118.5,3869
2026-04-13 04:30:00-04:00,25118.25,25123.0,25089.75,25097.75,3877
2026-04-13 05:00:00-04:00,25098.0,25129.5,25097.75,25122.0,2796
2026-04-13 05:30:00-04:00,25122.0,25133.0,25108.0,25116.0,1690
2026-04-13 06:00:00-04:00,25116.5,25123.75,25109.5,25119.0,1748
2026-04-13 06:30:00-04:00,25120.75,25164.25,25112.0,25156.75,3065
2026-04-13 07:00:00-04:00,25156.5,25194.75,25134.5,25139.0,6085
2026-04-13 07:30:00-04:00,25138.0,25141.5,25084.5,25089.25,6805
2026-04-13 08:00:00-04:00,25090.25,25129.0,25073.5,25124.75,6096
2026-04-13 08:30:00-04:00,25125.75,25179.5,25120.25,25168.75,7447
2026-04-13 09:00:00-04:00,25168.25,25217.5,25156.5,25215.25,10742
2026-04-13 09:30:00-04:00,25215.75,25310.0,25160.0,25308.0,63781
2026-04-13 10:00:00-04:00,25306.75,25333.0,25245.5,25296.25,42913
2026-04-13 10:30:00-04:00,25296.25,25360.75,25277.0,25351.75,28564
2026-04-13 11:00:00-04:00,25352.0,25352.75,25306.25,25312.25,24225
2026-04-13 11:30:00-04:00,25313.0,25355.0,25296.5,25309.5,19455
2026-04-13 12:00:00-04:00,25309.0,25396.5,25282.5,25385.0,28930
2026-04-13 12:30:00-04:00,25385.25,25435.0,25345.25,25410.75,36095
2026-04-13 13:00:00-04:00,25411.0,25439.5,25396.75,25430.0,16159
2026-04-13 13:30:00-04:00,25429.5,25438.5,25398.75,25404.0,14554
2026-04-13 14:00:00-04:00,25404.5,25425.25,25396.0,25399.75,10944
2026-04-13 14:30:00-04:00,25399.25,25454.5,25397.0,25445.25,15178
2026-04-13 15:00:00-04:00,25445.5,25461.25,25431.0,25458.75,12469
2026-04-13 15:30:00-04:00,25458.5,25550.25,25450.75,25538.25,40890
2026-04-13 16:00:00-04:00,25537.75,25563.75,25533.5,25551.5,14127
2026-04-13 16:30:00-04:00,25551.5,25599.25,25549.75,25585.5,4965
2026-04-13 18:00:00-04:00,25575.25,25597.25,25564.25,25581.25,3097
2026-04-13 18:30:00-04:00,25581.25,25597.5,25577.5,25594.0,2285
2026-04-13 19:00:00-04:00,25593.75,25619.25,25587.0,25601.25,3777
2026-04-13 19:30:00-04:00,25601.0,25613.0,25583.0,25585.25,3139
2026-04-13 20:00:00-04:00,25585.0,25588.75,25560.0,25575.25,4037
2026-04-13 20:30:00-04:00,25574.75,25600.0,25574.25,25590.25,2329
2026-04-13 21:00:00-04:00,25590.75,25593.5,25571.25,25585.5,1684
2026-04-13 21:30:00-04:00,25584.0,25588.5,25572.75,25581.25,1560
2026-04-13 22:00:00-04:00,25582.0,25597.75,25575.75,25590.75,1489
2026-04-13 22:30:00-04:00,25590.5,25597.0,25582.5,25596.5,1205
2026-04-13 23:00:00-04:00,25595.75,25595.75,25574.5,25578.5,1293
2026-04-13 23:30:00-04:00,25578.25,25586.0,25575.25,25582.75,791
2026-04-14 00:00:00-04:00,25583.0,25592.75,25580.75,25588.75,935
2026-04-14 00:30:00-04:00,25588.0,25594.5,25584.0,25593.75,720
2026-04-14 01:00:00-04:00,25593.5,25598.25,25584.5,25593.5,949
2026-04-14 01:30:00-04:00,25593.0,25593.0,25571.5,25574.25,1557
2026-04-14 02:00:00-04:00,25574.5,25580.75,25564.5,25574.25,1966
2026-04-14 02:30:00-04:00,25573.75,25593.25,25569.75,25584.75,2126
2026-04-14 03:00:00-04:00,25586.0,25637.5,25581.5,25621.75,5806
2026-04-14 03:30:00-04:00,25622.75,25643.5,25606.5,25618.0,3146
2026-04-14 04:00:00-04:00,25618.25,25645.0,25609.75,25644.75,3121
2026-04-14 04:30:00-04:00,25643.75,25665.0,25634.75,25662.5,2631
2026-04-14 05:00:00-04:00,25663.0,25674.0,25651.25,25652.0,2977
2026-04-14 05:30:00-04:00,25651.0,25651.25,25631.75,25638.25,2433
2026-04-14 06:00:00-04:00,25638.0,25655.5,25627.0,25648.0,2763
2026-04-14 06:30:00-04:00,25648.5,25649.25,25622.75,25625.75,2766
2026-04-14 07:00:00-04:00,25625.0,25659.75,25620.0,25657.0,2758
2026-04-14 07:30:00-04:00,25655.75,25698.0,25650.25,25666.75,5151
2026-04-14 08:00:00-04:00,25667.5,25701.0,25656.5,25694.5,6448
2026-04-14 08:30:00-04:00,25692.75,25723.0,25660.0,25676.25,8407
2026-04-14 09:00:00-04:00,25675.5,25682.25,25651.75,25656.5,7960
2026-04-14 09:30:00-04:00,25656.25,25763.75,25656.0,25722.25,54774
2026-04-14 10:00:00-04:00,25721.5,25806.25,25712.0,25803.75,36660
2026-04-14 10:30:00-04:00,25803.75,25820.25,25780.5,25806.0,27483
2026-04-14 11:00:00-04:00,25805.75,25846.0,25762.5,25834.0,29363
2026-04-14 11:30:00-04:00,25833.5,25899.75,25832.5,25875.75,27356
2026-04-14 12:00:00-04:00,25876.0,25931.5,25872.0,25927.75,19798
2026-04-14 12:30:00-04:00,25927.75,25938.0,25904.0,25914.0,20459
2026-04-14 13:00:00-04:00,25914.25,25959.5,25911.75,25943.25,17661
2026-04-14 13:30:00-04:00,25943.0,25969.25,25941.5,25958.0,13624
2026-04-14 14:00:00-04:00,25958.75,25964.75,25884.25,25909.75,23799
2026-04-14 14:30:00-04:00,25909.75,25936.0,25902.25,25917.75,16733
2026-04-14 15:00:00-04:00,25917.5,25990.0,25915.0,25987.75,22834
2026-04-14 15:30:00-04:00,25988.25,26003.25,25954.0,26000.75,43238
2026-04-14 16:00:00-04:00,26000.5,26003.0,25972.0,25993.25,13166
2026-04-14 16:30:00-04:00,25993.25,25999.75,25981.75,25990.0,3062
2026-04-14 18:00:00-04:00,25985.75,26015.0,25976.5,26004.0,3979
2026-04-14 18:30:00-04:00,26003.25,26007.75,25991.75,25995.75,1650
2026-04-14 19:00:00-04:00,25995.75,26015.0,25993.5,26012.25,1522
2026-04-14 19:30:00-04:00,26011.75,26035.5,26005.0,26018.25,4152
2026-04-14 20:00:00-04:00,26017.5,26023.0,26006.25,26018.5,2961
2026-04-14 20:30:00-04:00,26018.25,26021.5,25995.0,26018.75,3431
2026-04-14 21:00:00-04:00,26017.75,26040.75,26014.0,26037.25,2956
2026-04-14 21:30:00-04:00,26036.25,26042.5,26024.0,26038.5,1828
2026-04-14 22:00:00-04:00,26037.75,26038.5,26011.75,26012.25,1794
2026-04-14 22:30:00-04:00,26011.75,26013.0,25990.0,25996.0,3002
2026-04-14 23:00:00-04:00,25995.5,26004.5,25995.0,26002.0,1414
2026-04-14 23:30:00-04:00,26002.75,26026.25,26001.25,26021.75,1795
2026-04-15 00:00:00-04:00,26021.5,26025.5,26017.25,26023.25,788
2026-04-15 00:30:00-04:00,26024.0,26025.25,26009.75,26014.0,1104
2026-04-15 01:00:00-04:00,26014.0,26058.0,25978.75,25986.75,5591
2026-04-15 01:30:00-04:00,25987.25,25988.25,25966.0,25978.5,3142
2026-04-15 02:00:00-04:00,25979.0,25989.5,25968.0,25983.0,1953
2026-04-15 02:30:00-04:00,25982.0,25998.0,25981.5,25988.0,2082
2026-04-15 03:00:00-04:00,25988.5,25999.0,25977.0,25987.0,2681
2026-04-15 03:30:00-04:00,25987.5,26009.25,25970.5,26004.75,3570
2026-04-15 04:00:00-04:00,26004.5,26024.5,26000.0,26022.75,3130
2026-04-15 04:30:00-04:00,26022.5,26038.0,26019.25,26032.0,2023
2026-04-15 05:00:00-04:00,26032.0,26038.25,25982.75,25991.0,4514
2026-04-15 05:30:00-04:00,25990.5,25998.5,25975.0,25978.25,1923
2026-04-15 06:00:00-04:00,25978.75,25998.5,25940.5,25949.0,5957
2026-04-15 06:30:00-04:00,25949.25,25989.25,25933.75,25985.25,5309
2026-04-15 07:00:00-04:00,25985.5,25999.75,25972.5,25980.5,4337
2026-04-15 07:30:00-04:00,25979.75,26048.0,25977.5,25998.25,6389
2026-04-15 08:00:00-04:00,25998.5,26006.25,25960.5,25975.0,6132
2026-04-15 08:30:00-04:00,25974.5,26007.25,25970.0,25990.0,5027
2026-04-15 09:00:00-04:00,25990.0,26026.0,25979.0,26023.75,9070
2026-04-15 09:30:00-04:00,26023.5,26072.25,25982.25,26068.5,53952
2026-04-15 10:00:00-04:00,26069.25,26134.25,26048.5,26133.25,36806
2026-04-15 10:30:00-04:00,26133.25,26176.25,26106.5,26163.0,32319
2026-04-15 11:00:00-04:00,26163.0,26202.0,26138.75,26191.75,28620
2026-04-15 11:30:00-04:00,26191.75,26215.5,26167.0,26196.75,23309
2026-04-15 12:00:00-04:00,26197.25,26251.5,26187.0,26216.25,20083
2026-04-15 12:30:00-04:00,26216.0,26220.0,26102.25,26144.25,38696
2026-04-15 13:00:00-04:00,26144.25,26199.75,26136.75,26187.25,19571
2026-04-15 13:30:00-04:00,26187.5,26220.0,26177.25,26190.75,18130
2026-04-15 14:00:00-04:00,26190.25,26258.0,26173.25,26247.75,23937
2026-04-15 14:30:00-04:00,26247.5,26315.25,26247.25,26303.25,21969
2026-04-15 15:00:00-04:00,26303.0,26338.25,26292.25,26336.5,22570
2026-04-15 15:30:00-04:00,26336.25,26377.5,26329.25,26364.25,42695
2026-04-15 16:00:00-04:00,26364.25,26371.25,26330.0,26350.0,12057
2026-04-15 16:30:00-04:00,26350.5,26361.0,26343.0,26359.5,4336
2026-04-15 18:00:00-04:00,26350.0,26376.75,26345.0,26370.5,2685
2026-04-15 18:30:00-04:00,26371.75,26393.25,26371.75,26389.75,2133
2026-04-15 19:00:00-04:00,26389.5,26399.0,26383.5,26389.75,1680
2026-04-15 19:30:00-04:00,26389.75,26419.0,26385.75,26407.0,2476
2026-04-15 20:00:00-04:00,26408.0,26424.5,26388.75,26404.5,4043
2026-04-15 20:30:00-04:00,26406.0,26445.0,26405.0,26437.75,3367
2026-04-15 21:00:00-04:00,26437.5,26449.75,26426.0,26440.75,3017
2026-04-15 21:30:00-04:00,26439.75,26465.25,26430.25,26440.75,3327
2026-04-15 22:00:00-04:00,26440.75,26453.75,26440.25,26448.25,1633
2026-04-15 22:30:00-04:00,26448.5,26459.0,26439.75,26442.5,1668
2026-04-15 23:00:00-04:00,26442.0,26460.5,26442.0,26445.5,1794
2026-04-15 23:30:00-04:00,26446.75,26453.25,26437.5,26443.5,1581
2026-04-16 00:00:00-04:00,26442.75,26444.5,26430.75,26433.5,1617
2026-04-16 00:30:00-04:00,26434.5,26439.25,26429.0,26434.5,866
2026-04-16 01:00:00-04:00,26435.0,26445.75,26416.5,26443.0,2341
2026-04-16 01:30:00-04:00,26443.5,26461.25,26442.75,26455.0,2759
2026-04-16 02:00:00-04:00,26455.75,26486.0,26455.25,26475.75,4779
2026-04-16 02:30:00-04:00,26478.0,26485.0,26464.5,26480.75,2228
2026-04-16 03:00:00-04:00,26479.75,26481.5,26456.5,26476.25,2994
2026-04-16 03:30:00-04:00,26476.25,26488.0,26452.25,26460.0,2993
2026-04-16 04:00:00-04:00,26459.5,26464.5,26423.0,26428.25,5526
2026-04-16 04:30:00-04:00,26428.75,26444.0,26408.5,26440.5,3330
2026-04-16 05:00:00-04:00,26440.5,26458.0,26437.5,26446.75,2431
2026-04-16 05:30:00-04:00,26446.75,26455.0,26433.75,26453.25,1978
2026-04-16 06:00:00-04:00,26453.75,26465.75,26431.25,26432.75,2382
2026-04-16 06:30:00-04:00,26433.25,26433.25,26364.5,26406.0,7445
2026-04-16 07:00:00-04:00,26407.5,26422.5,26383.0,26396.25,4686
2026-04-16 07:30:00-04:00,26397.0,26425.25,26397.0,26418.25,3256
2026-04-16 08:00:00-04:00,26419.0,26430.5,26400.0,26425.5,4038
2026-04-16 08:30:00-04:00,26427.75,26432.5,26392.75,26402.0,5287
2026-04-16 09:00:00-04:00,26402.0,26451.0,26394.75,26439.75,10556
2026-04-16 09:30:00-04:00,26439.0,26453.25,26275.5,26321.25,72218
2026-04-16 10:00:00-04:00,26321.25,26386.5,26290.5,26352.0,46135
2026-04-16 10:30:00-04:00,26352.75,26422.75,26348.5,26404.25,35458
2026-04-16 11:00:00-04:00,26403.75,26506.0,26403.75,26458.0,38235
2026-04-16 11:30:00-04:00,26458.25,26543.0,26452.25,26533.25,36336
2026-04-16 12:00:00-04:00,26533.75,26564.0,26515.0,26517.75,21821
2026-04-16 12:30:00-04:00,26518.0,26523.0,26430.5,26473.25,35153
2026-04-16 13:00:00-04:00,26474.25,26488.75,26431.0,26476.0,28894
2026-04-16 13:30:00-04:00,26476.5,26509.75,26436.5,26460.75,22617
2026-04-16 14:00:00-04:00,26460.25,26484.25,26355.0,26373.5,38902
2026-04-16 14:30:00-04:00,26373.75,26452.25,26372.0,26438.0,30077
2026-04-16 15:00:00-04:00,26438.0,26466.75,26434.25,26445.25,20299
2026-04-16 15:30:00-04:00,26445.25,26498.5,26439.75,26484.75,34085
2026-04-16 16:00:00-04:00,26484.25,26490.75,26440.75,26458.0,12846
2026-04-16 16:30:00-04:00,26458.5,26471.5,26454.5,26464.25,3569
2026-04-16 18:00:00-04:00,26460.0,26484.5,26445.25,26482.25,3327
2026-04-16 18:30:00-04:00,26482.25,26487.25,26473.0,26475.25,1342
2026-04-16 19:00:00-04:00,26473.5,26488.0,26470.25,26477.25,1583
2026-04-16 19:30:00-04:00,26477.0,26488.5,26472.0,26479.5,1423
2026-04-16 20:00:00-04:00,26479.75,26494.5,26456.0,26490.5,4433
2026-04-16 20:30:00-04:00,26490.5,26497.25,26484.25,26487.5,1794
2026-04-16 21:00:00-04:00,26487.5,26497.75,26480.5,26482.75,2867
2026-04-16 21:30:00-04:00,26484.25,26497.0,26483.5,26488.25,1236
2026-04-16 22:00:00-04:00,26489.25,26495.0,26455.0,26467.75,2229
2026-04-16 22:30:00-04:00,26467.5,26476.5,26461.0,26465.0,1228
2026-04-16 23:00:00-04:00,26464.75,26468.25,26451.25,26457.0,1229
2026-04-16 23:30:00-04:00,26458.0,26462.5,26449.5,26459.25,1101
2026-04-17 00:00:00-04:00,26459.25,26481.75,26456.0,26475.75,1388
2026-04-17 00:30:00-04:00,26476.25,26479.0,26461.5,26463.25,955
2026-04-17 01:00:00-04:00,26463.25,26464.25,26440.0,26456.25,1744
2026-04-17 01:30:00-04:00,26456.5,26470.0,26443.25,26465.5,1374
2026-04-17 02:00:00-04:00,26466.0,26480.25,26458.5,26459.0,2279
2026-04-17 02:30:00-04:00,26458.0,26465.25,26446.75,26456.75,1498
2026-04-17 03:00:00-04:00,26457.0,26486.5,26457.0,26470.25,2636
2026-04-17 03:30:00-04:00,26470.75,26492.25,26468.75,26488.25,2033
2026-04-17 04:00:00-04:00,26488.75,26500.0,26476.75,26497.75,2290
2026-04-17 04:30:00-04:00,26497.75,26521.0,26491.5,26518.75,2464
2026-04-17 05:00:00-04:00,26518.75,26528.5,26506.25,26527.5,2539
2026-04-17 05:30:00-04:00,26527.5,26541.5,26508.75,26537.0,3319
2026-04-17 06:00:00-04:00,26537.0,26547.0,26520.25,26523.75,3193
2026-04-17 06:30:00-04:00,26523.75,26531.0,26505.5,26526.5,2462
2026-04-17 07:00:00-04:00,26525.75,26547.5,26521.75,26543.0,2774
2026-04-17 07:30:00-04:00,26543.25,26568.25,26540.25,26565.75,4179
2026-04-17 08:00:00-04:00,26566.5,26625.0,26561.5,26620.0,9549
2026-04-17 08:30:00-04:00,26620.25,26745.75,26602.25,26741.5,23244
2026-04-17 09:00:00-04:00,26742.0,26817.75,26684.0,26692.25,36597
2026-04-17 09:30:00-04:00,26692.5,26739.0,26629.5,26731.25,70554
2026-04-17 10:00:00-04:00,26731.75,26776.0,26714.5,26739.75,38642
2026-04-17 10:30:00-04:00,26740.0,26855.75,26740.0,26827.25,44375
2026-04-17 11:00:00-04:00,26827.75,26855.25,26807.0,26842.25,32558
2026-04-17 11:30:00-04:00,26842.75,26877.0,26799.25,26804.75,31753
2026-04-17 12:00:00-04:00,26804.75,26862.5,26791.5,26856.0,24027
2026-04-17 12:30:00-04:00,26856.75,26884.75,26853.5,26859.25,20039
2026-04-17 13:00:00-04:00,26859.5,26877.25,26735.5,26771.75,45449
2026-04-17 13:30:00-04:00,26771.75,26828.75,26760.0,26808.0,24895
2026-04-17 14:00:00-04:00,26808.25,26822.0,26755.5,26784.5,31119
2026-04-17 14:30:00-04:00,26785.0,26814.0,26768.0,26784.75,19807
2026-04-17 15:00:00-04:00,26785.0,26796.75,26757.75,26778.75,17071
2026-04-17 15:30:00-04:00,26778.75,26831.0,26778.5,26827.25,37547
2026-04-17 16:00:00-04:00,26827.5,26845.0,26816.0,26819.75,10975
2026-04-17 16:30:00-04:00,26820.25,26844.75,26818.5,26840.75,3343
2026-04-19 18:00:00-04:00,26599.75,26659.25,26535.0,26623.0,13597
2026-04-19 18:30:00-04:00,26623.5,26675.0,26618.5,26665.0,4983
2026-04-19 19:00:00-04:00,26665.75,26682.0,26646.75,26658.75,3772
2026-04-19 19:30:00-04:00,26660.0,26665.25,26636.75,26659.75,3065
2026-04-19 20:00:00-04:00,26658.25,26662.25,26616.0,26652.5,6626
2026-04-19 20:30:00-04:00,26652.0,26665.0,26640.0,26656.75,2592
2026-04-19 21:00:00-04:00,26657.75,26700.0,26653.0,26689.0,4947
2026-04-19 21:30:00-04:00,26688.25,26714.75,26688.25,26705.25,2555
2026-04-19 22:00:00-04:00,26705.75,26706.25,26688.0,26697.0,2085
2026-04-19 22:30:00-04:00,26697.25,26698.75,26684.75,26694.5,1248
2026-04-19 23:00:00-04:00,26694.25,26700.75,26682.0,26691.25,1472
2026-04-19 23:30:00-04:00,26692.0,26701.25,26677.0,26679.25,1290
2026-04-20 00:00:00-04:00,26679.0,26682.25,26665.5,26666.5,1437
2026-04-20 00:30:00-04:00,26666.5,26681.25,26654.25,26675.5,1773
2026-04-20 01:00:00-04:00,26675.5,26678.5,26646.0,26648.25,1678
2026-04-20 01:30:00-04:00,26648.25,26649.75,26612.0,26635.0,3733
2026-04-20 02:00:00-04:00,26636.0,26660.75,26633.25,26655.0,2607
2026-04-20 02:30:00-04:00,26656.75,26701.25,26648.0,26687.25,4062
2026-04-20 03:00:00-04:00,26689.0,26721.25,26682.25,26689.25,4882
2026-04-20 03:30:00-04:00,26688.25,26693.5,26646.25,26669.0,4241
2026-04-20 04:00:00-04:00,26668.5,26677.0,26619.0,26672.75,4709
2026-04-20 04:30:00-04:00,26673.75,26708.25,26660.0,26695.75,3098
2026-04-20 05:00:00-04:00,26697.0,26720.0,26685.5,26698.25,2810
2026-04-20 05:30:00-04:00,26697.5,26712.5,26693.0,26694.25,1819
2026-04-20 06:00:00-04:00,26695.25,26732.5,26691.5,26710.5,3262
2026-04-20 06:30:00-04:00,26711.5,26711.5,26693.0,26700.25,2056
2026-04-20 07:00:00-04:00,26701.0,26708.75,26680.75,26688.25,3114
2026-04-20 07:30:00-04:00,26689.0,26723.5,26683.0,26710.0,4561
2026-04-20 08:00:00-04:00,26710.5,26727.5,26702.0,26716.25,4829
2026-04-20 08:30:00-04:00,26717.5,26776.0,26710.75,26750.5,7269
2026-04-20 09:00:00-04:00,26751.75,26803.0,26739.0,26796.25,12560
2026-04-20 09:30:00-04:00,26796.5,26827.75,26715.75,26780.75,51194
2026-04-20 10:00:00-04:00,26782.75,26788.25,26717.5,26729.5,37607
2026-04-20 10:30:00-04:00,26730.0,26740.25,26611.25,26637.75,47902
2026-04-20 11:00:00-04:00,26638.25,26710.75,26568.75,26699.0,45847
2026-04-20 11:30:00-04:00,26700.25,26700.25,26634.25,26658.5,23543
2026-04-20 12:00:00-04:00,26658.25,26687.75,26639.25,26675.0,18528
2026-04-20 12:30:00-04:00,26675.0,26699.75,26666.25,26679.25,15620
2026-04-20 13:00:00-04:00,26679.5,26717.25,26660.5,26697.0,17087
2026-04-20 13:30:00-04:00,26697.0,26727.0,26684.75,26707.5,16165
2026-04-20 14:00:00-04:00,26707.5,26743.0,26696.75,26733.75,19724
2026-04-20 14:30:00-04:00,26733.75,26748.5,26710.0,26732.0,15355
2026-04-20 15:00:00-04:00,26732.75,26742.5,26720.25,26727.75,10750
2026-04-20 15:30:00-04:00,26727.5,26752.0,26709.25,26745.75,28840
2026-04-20 16:00:00-04:00,26745.25,26752.75,26734.5,26743.5,8974
2026-04-20 16:30:00-04:00,26743.25,26809.75,26729.25,26774.25,10709
2026-04-20 18:00:00-04:00,26776.75,26817.5,26756.5,26800.0,2942
2026-04-20 18:30:00-04:00,26800.75,26813.75,26794.5,26810.25,1216
2026-04-20 19:00:00-04:00,26810.5,26812.5,26793.5,26798.0,1072
2026-04-20 19:30:00-04:00,26796.75,26802.25,26791.5,26796.75,1378
2026-04-20 20:00:00-04:00,26796.75,26819.0,26794.25,26797.5,3214
2026-04-20 20:30:00-04:00,26798.75,26838.5,26785.0,26824.0,4456
2026-04-20 21:00:00-04:00,26825.0,26831.0,26812.25,26830.0,1896
2026-04-20 21:30:00-04:00,26829.75,26837.25,26807.25,26812.75,2435
2026-04-20 22:00:00-04:00,26813.0,26823.0,26808.25,26821.75,1165
2026-04-20 22:30:00-04:00,26821.75,26822.5,26810.5,26812.0,1089
2026-04-20 23:00:00-04:00,26813.25,26817.0,26790.0,26805.25,1746
2026-04-20 23:30:00-04:00,26804.5,26813.75,26800.5,26812.25,887
2026-04-21 00:00:00-04:00,26812.25,26827.5,26811.75,26824.0,1159
2026-04-21 00:30:00-04:00,26824.25,26831.25,26822.75,26825.5,745
2026-04-21 01:00:00-04:00,26825.5,26844.25,26820.75,26838.5,1996
2026-04-21 01:30:00-04:00,26838.0,26838.25,26819.0,26826.75,1195
2026-04-21 02:00:00-04:00,26826.5,26857.25,26823.25,26845.25,2559
2026-04-21 02:30:00-04:00,26846.25,26856.25,26842.25,26846.25,1211
2026-04-21 03:00:00-04:00,26846.25,26847.25,26808.0,26819.25,2847
2026-04-21 03:30:00-04:00,26820.5,26839.75,26806.5,26813.25,2121
2026-04-21 04:00:00-04:00,26813.25,26832.75,26797.25,26827.25,2443
2026-04-21 04:30:00-04:00,26826.75,26854.75,26819.0,26837.0,2364
2026-04-21 05:00:00-04:00,26837.25,26837.25,26805.5,26821.0,2499
2026-04-21 05:30:00-04:00,26822.25,26847.0,26820.5,26840.75,1965
2026-04-21 06:00:00-04:00,26841.25,26860.75,26834.5,26846.75,1839
2026-04-21 06:30:00-04:00,26847.0,26882.5,26845.0,26872.0,2707
2026-04-21 07:00:00-04:00,26871.75,26884.25,26840.0,26875.0,5002
2026-04-21 07:30:00-04:00,26875.5,26901.75,26868.5,26871.25,5148
2026-04-21 08:00:00-04:00,26871.5,26880.25,26828.0,26859.75,6406
2026-04-21 08:30:00-04:00,26860.5,26872.75,26812.0,26820.75,9966
2026-04-21 09:00:00-04:00,26823.25,26827.25,26798.5,26808.75,8114
2026-04-21 09:30:00-04:00,26808.0,26839.0,26726.75,26838.5,53133
2026-04-21 10:00:00-04:00,26838.75,26885.25,26815.0,26842.0,36876
2026-04-21 10:30:00-04:00,26842.0,26859.5,26730.0,26736.75,39432
2026-04-21 11:00:00-04:00,26737.75,26786.25,26662.5,26723.75,54085
2026-04-21 11:30:00-04:00,26723.25,26762.5,26692.5,26731.5,30814
2026-04-21 12:00:00-04:00,26733.0,26782.75,26702.0,26704.5,27948
2026-04-21 12:30:00-04:00,26704.25,26746.75,26668.25,26670.75,25264
2026-04-21 13:00:00-04:00,26670.75,26706.75,26600.0,26634.25,40800
2026-04-21 13:30:00-04:00,26635.0,26765.75,26632.25,26699.25,40831
2026-04-21 14:00:00-04:00,26699.0,26730.5,26659.5,26678.75,24371
2026-04-21 14:30:00-04:00,26679.0,26746.25,26664.75,26724.0,22154
2026-04-21 15:00:00-04:00,26724.25,26780.5,26719.0,26777.25,28927
2026-04-21 15:30:00-04:00,26777.5,26786.5,26551.75,26642.25,58917
2026-04-21 16:00:00-04:00,26642.0,26794.25,26601.75,26738.0,24146
2026-04-21 16:30:00-04:00,26738.5,26746.75,26706.5,26721.25,6194
2026-04-21 18:00:00-04:00,26729.5,26760.5,26727.75,26752.0,3227
2026-04-21 18:30:00-04:00,26752.25,26757.25,26733.75,26740.25,1615
2026-04-21 19:00:00-04:00,26740.25,26754.0,26735.0,26747.5,1591
2026-04-21 19:30:00-04:00,26748.75,26777.25,26739.0,26773.5,2522
2026-04-21 20:00:00-04:00,26774.75,26817.5,26771.75,26803.5,4470
2026-04-21 20:30:00-04:00,26803.25,26818.0,26790.0,26797.75,2206
2026-04-21 21:00:00-04:00,26797.25,26813.25,26792.75,26803.5,2096
2026-04-21 21:30:00-04:00,26803.0,26832.75,26802.25,26821.75,3371
2026-04-21 22:00:00-04:00,26821.25,26837.75,26816.75,26828.5,1945
2026-04-21 22:30:00-04:00,26828.75,26831.0,26816.0,26817.25,1431
2026-04-21 23:00:00-04:00,26817.25,26826.25,26804.0,26811.25,1565
2026-04-21 23:30:00-04:00,26812.0,26824.75,26804.75,26808.0,1734
2026-04-22 00:00:00-04:00,26808.5,26817.5,26795.25,26797.75,1869
2026-04-22 00:30:00-04:00,26797.5,26802.0,26774.5,26778.25,1677
2026-04-22 01:00:00-04:00,26777.25,26856.75,26765.5,26827.75,6195
2026-04-22 01:30:00-04:00,26827.75,26842.75,26820.5,26831.25,1787
2026-04-22 02:00:00-04:00,26833.0,26835.0,26802.0,26821.75,2208
2026-04-22 02:30:00-04:00,26821.5,26845.0,26821.0,26836.0,2189
2026-04-22 03:00:00-04:00,26835.75,26852.75,26825.75,26849.5,2980
2026-04-22 03:30:00-04:00,26850.0,26864.5,26839.75,26844.75,3262
2026-04-22 04:00:00-04:00,26845.5,26850.25,26808.0,26810.25,3804
2026-04-22 04:30:00-04:00,26811.0,26821.5,26779.75,26819.5,4373
2026-04-22 05:00:00-04:00,26818.0,26860.75,26815.5,26855.75,4033
2026-04-22 05:30:00-04:00,26856.5,26863.25,26807.75,26825.75,3482
2026-04-22 06:00:00-04:00,26826.0,26840.75,26806.0,26832.75,4994
2026-04-22 06:30:00-04:00,26832.75,26849.75,26822.75,26826.0,2868
2026-04-22 07:00:00-04:00,26826.25,26834.25,26811.0,26815.75,3406
2026-04-22 07:30:00-04:00,26815.5,26839.5,26806.0,26833.75,4060
2026-04-22 08:00:00-04:00,26835.0,26900.5,26834.75,26868.75,11099
2026-04-22 08:30:00-04:00,26867.0,26877.0,26819.5,26821.5,9677
2026-04-22 09:00:00-04:00,26821.75,26888.0,26817.0,26881.25,17440
2026-04-22 09:30:00-04:00,26881.0,26892.75,26811.5,26864.5,47418
2026-04-22 10:00:00-04:00,26864.25,26991.25,26852.0,26990.0,47732
2026-04-22 10:30:00-04:00,26989.5,27006.25,26944.75,26972.0,37311
2026-04-22 11:00:00-04:00,26972.25,27008.75,26940.25,26990.25,28672
2026-04-22 11:30:00-04:00,26990.25,27005.5,26963.0,26980.5,23177
2026-04-22 12:00:00-04:00,26980.5,27005.0,26967.0,26974.25,19581
2026-04-22 12:30:00-04:00,26973.5,26991.25,26957.25,26966.75,18743
2026-04-22 13:00:00-04:00,26966.5,27050.0,26965.75,27028.0,26484
2026-04-22 13:30:00-04:00,27028.0,27048.5,27020.75,27030.0,15512
2026-04-22 14:00:00-04:00,27029.75,27041.0,26992.5,26999.25,16337
2026-04-22 14:30:00-04:00,26999.75,27040.25,26997.0,27013.75,13976
2026-04-22 15:00:00-04:00,27014.0,27057.25,26978.0,27045.0,25501
2026-04-22 15:30:00-04:00,27045.25,27093.0,27036.75,27080.0,36725
2026-04-22 16:00:00-04:00,27079.75,27136.0,27069.0,27105.0,18250
2026-04-22 16:30:00-04:00,27105.0,27112.5,27073.0,27106.5,4032
2026-04-22 18:00:00-04:00,27075.0,27098.0,27066.0,27081.5,2670
2026-04-22 18:30:00-04:00,27082.75,27091.5,27077.0,27087.25,1017
2026-04-22 19:00:00-04:00,27088.0,27099.75,27082.0,27094.25,821
2026-04-22 19:30:00-04:00,27093.5,27098.75,27087.0,27096.0,759
2026-04-22 20:00:00-04:00,27095.5,27098.0,26848.0,27052.25,19488
2026-04-22 20:30:00-04:00,27050.5,27075.0,27036.0,27060.75,4393
2026-04-22 21:00:00-04:00,27060.5,27062.5,27013.5,27017.5,3106
2026-04-22 21:30:00-04:00,27018.75,27033.0,26993.0,27000.25,2889
2026-04-22 22:00:00-04:00,27000.75,27000.75,26950.0,26966.25,4193
2026-04-22 22:30:00-04:00,26965.75,26981.25,26943.75,26950.5,3513
2026-04-22 23:00:00-04:00,26952.5,26962.0,26895.25,26898.0,5333
2026-04-22 23:30:00-04:00,26896.75,26911.25,26865.0,26908.25,4918
2026-04-23 00:00:00-04:00,26906.25,26937.25,26893.25,26932.25,2469
2026-04-23 00:30:00-04:00,26930.75,26957.25,26930.5,26956.0,1613
2026-04-23 01:00:00-04:00,26956.0,26966.75,26939.0,26951.5,2259
2026-04-23 01:30:00-04:00,26952.75,26981.75,26939.0,26978.25,2845
2026-04-23 02:00:00-04:00,26979.0,27007.25,26977.0,27000.5,3291
2026-04-23 02:30:00-04:00,27000.25,27006.5,26981.5,26990.75,2185
2026-04-23 03:00:00-04:00,26991.25,27000.0,26974.75,26988.0,2556
2026-04-23 03:30:00-04:00,26987.0,27013.5,26970.25,26997.5,3316
2026-04-23 04:00:00-04:00,26995.75,27002.0,26955.0,26976.75,3274
2026-04-23 04:30:00-04:00,26977.5,26977.5,26918.0,26928.0,3787
2026-04-23 05:00:00-04:00,26927.25,26952.25,26890.0,26942.25,4500
2026-04-23 05:30:00-04:00,26942.5,26961.5,26940.25,26941.75,2075
2026-04-23 06:00:00-04:00,26941.75,26953.25,26916.25,26941.5,3697
2026-04-23 06:30:00-04:00,26942.25,26985.0,26937.25,26978.75,3727
2026-04-23 07:00:00-04:00,26979.5,26995.0,26955.75,26967.0,4178
2026-04-23 07:30:00-04:00,26970.0,27048.5,26941.75,27032.5,8374
2026-04-23 08:00:00-04:00,27032.5,27079.75,27020.75,27032.75,8648
2026-04-23 08:30:00-04:00,27032.25,27049.5,26956.75,27009.25,11038
2026-04-23 09:00:00-04:00,27009.25,27028.75,26977.25,27014.75,9975
2026-04-23 09:30:00-04:00,27014.25,27102.75,26965.0,27016.75,49252
2026-04-23 10:00:00-04:00,27017.25,27031.0,26970.0,27016.0,39111
2026-04-23 10:30:00-04:00,27016.0,27106.25,27004.75,27094.25,35496
2026-04-23 11:00:00-04:00,27094.5,27149.75,27093.75,27131.25,25034
2026-04-23 11:30:00-04:00,27131.5,27155.75,27061.0,27093.0,32353
2026-04-23 12:00:00-04:00,27093.25,27104.75,27038.75,27089.0,23984
2026-04-23 12:30:00-04:00,27088.25,27119.0,27073.75,27087.75,16064
2026-04-23 13:00:00-04:00,27089.0,27099.0,26860.0,26870.75,67751
2026-04-23 13:30:00-04:00,26871.0,26950.75,26681.75,26880.5,75239
2026-04-23 14:00:00-04:00,26879.0,26948.0,26860.25,26938.5,33692
2026-04-23 14:30:00-04:00,26938.0,26982.25,26842.5,26860.5,25452
2026-04-23 15:00:00-04:00,26861.0,26926.25,26842.25,26915.0,19868
2026-04-23 15:30:00-04:00,26915.25,26944.5,26840.25,26926.25,35405
2026-04-23 16:00:00-04:00,26926.0,26988.5,26909.25,26960.5,16287
2026-04-23 16:30:00-04:00,26960.5,26969.25,26932.75,26942.75,3394
2026-04-23 18:00:00-04:00,26992.0,27046.25,26992.0,27032.5,4563
2026-04-23 18:30:00-04:00,27032.75,27053.0,27021.0,27042.75,2780
2026-04-23 19:00:00-04:00,27041.75,27052.75,27033.5,27051.25,1678
2026-04-23 19:30:00-04:00,27050.25,27080.5,27050.0,27080.25,2410
2026-04-23 20:00:00-04:00,27081.0,27126.75,27070.75,27125.0,5090
2026-04-23 20:30:00-04:00,27125.5,27135.75,27106.5,27118.25,4078
2026-04-23 21:00:00-04:00,27119.75,27128.5,27110.25,27123.25,2756
2026-04-23 21:30:00-04:00,27122.5,27126.25,27099.5,27118.75,2411
2026-04-23 22:00:00-04:00,27118.0,27121.0,27072.5,27078.0,2947
2026-04-23 22:30:00-04:00,27078.0,27093.0,27059.0,27070.75,2243
2026-04-23 23:00:00-04:00,27070.25,27078.25,27034.0,27036.5,2299
2026-04-23 23:30:00-04:00,27037.0,27049.0,27023.25,27032.0,2495
2026-04-24 00:00:00-04:00,27031.0,27046.25,27016.25,27023.5,2248
2026-04-24 00:30:00-04:00,27025.25,27057.25,27023.75,27054.25,1517
2026-04-24 01:00:00-04:00,27054.5,27066.75,27031.75,27059.0,2240
2026-04-24 01:30:00-04:00,27059.25,27086.75,27059.25,27086.0,1596
2026-04-24 02:00:00-04:00,27086.25,27099.25,27070.75,27072.25,2062
2026-04-24 02:30:00-04:00,27072.25,27089.0,27066.75,27075.0,1553
2026-04-24 03:00:00-04:00,27074.25,27114.75,27071.25,27108.25,3037
2026-04-24 03:30:00-04:00,27107.25,27111.25,27080.0,27109.0,2378
2026-04-24 04:00:00-04:00,27109.5,27153.75,27073.25,27110.75,6364
2026-04-24 04:30:00-04:00,27110.5,27112.25,27081.5,27094.5,3592
2026-04-24 05:00:00-04:00,27096.0,27107.0,27064.5,27095.5,3281
2026-04-24 05:30:00-04:00,27095.0,27120.75,27089.25,27108.75,2318
2026-04-24 06:00:00-04:00,27109.25,27187.25,27108.0,27183.0,5555
2026-04-24 06:30:00-04:00,27183.25,27192.75,27169.5,27172.5,4469
2026-04-24 07:00:00-04:00,27171.5,27355.75,27170.5,27350.25,22986
2026-04-24 07:30:00-04:00,27351.0,27363.75,27265.25,27275.75,11687
2026-04-24 08:00:00-04:00,27277.0,27312.25,27263.25,27292.25,10199
2026-04-24 08:30:00-04:00,27292.5,27294.5,27203.0,27238.0,11312
2026-04-24 09:00:00-04:00,27238.0,27266.75,27206.25,27209.75,11992
2026-04-24 09:30:00-04:00,27210.0,27260.0,27130.25,27193.75,60065
2026-04-24 10:00:00-04:00,27193.75,27267.25,27158.5,27201.25,40859
2026-04-24 10:30:00-04:00,27201.5,27297.25,27167.75,27290.25,34215
2026-04-24 11:00:00-04:00,27290.5,27332.25,27286.25,27325.5,26732
2026-04-24 11:30:00-04:00,27326.0,27417.5,27307.5,27396.0,42563
2026-04-24 12:00:00-04:00,27396.25,27408.75,27360.0,27399.25,19931
2026-04-24 12:30:00-04:00,27399.5,27430.5,27378.0,27409.75,21710
2026-04-24 13:00:00-04:00,27410.0,27423.25,27367.0,27384.0,18191
2026-04-24 13:30:00-04:00,27383.0,27462.5,27372.5,27432.75,20859
2026-04-24 14:00:00-04:00,27433.0,27443.0,27383.75,27387.5,17248
2026-04-24 14:30:00-04:00,27387.75,27421.5,27385.0,27408.0,14398
2026-04-24 15:00:00-04:00,27408.5,27454.5,27407.75,27423.0,17563
2026-04-24 15:30:00-04:00,27422.75,27446.0,27404.0,27434.0,37270
2026-04-24 16:00:00-04:00,27434.0,27440.25,27409.0,27420.0,11415
2026-04-24 16:30:00-04:00,27419.5,27444.5,27419.0,27440.25,3260
2026-04-26 18:00:00-04:00,27403.25,27421.75,27344.25,27374.5,6669
2026-04-26 18:30:00-04:00,27373.5,27399.75,27363.75,27395.5,2671
2026-04-26 19:00:00-04:00,27395.25,27398.0,27376.5,27382.75,2614
2026-04-26 19:30:00-04:00,27382.0,27389.5,27366.75,27384.0,2254
2026-04-26 20:00:00-04:00,27385.0,27420.5,27379.0,27418.5,4976
2026-04-26 20:30:00-04:00,27418.0,27474.5,27405.0,27455.5,4216
2026-04-26 21:00:00-04:00,27456.0,27499.75,27456.0,27493.25,6667
2026-04-26 21:30:00-04:00,27495.75,27540.0,27490.0,27537.75,4089
2026-04-26 22:00:00-04:00,27537.5,27542.5,27511.0,27522.5,2897
2026-04-26 22:30:00-04:00,27521.5,27533.0,27515.0,27518.75,1769
2026-04-26 23:00:00-04:00,27518.75,27536.25,27512.75,27527.75,2148
2026-04-26 23:30:00-04:00,27528.25,27533.0,27520.0,27524.5,1478
2026-04-27 00:00:00-04:00,27524.5,27531.0,27508.0,27528.75,1696
2026-04-27 00:30:00-04:00,27529.25,27540.0,27512.5,27517.75,2071
2026-04-27 01:00:00-04:00,27518.75,27520.25,27458.25,27459.5,3773
2026-04-27 01:30:00-04:00,27459.0,27466.25,27443.5,27449.5,2852
2026-04-27 02:00:00-04:00,27449.25,27456.0,27428.0,27451.0,3213
2026-04-27 02:30:00-04:00,27450.0,27450.75,27421.25,27434.0,2736
2026-04-27 03:00:00-04:00,27433.75,27443.5,27408.0,27418.0,3822
2026-04-27 03:30:00-04:00,27418.5,27435.0,27405.75,27426.0,2101
2026-04-27 04:00:00-04:00,27425.0,27434.75,27388.0,27414.5,3803
2026-04-27 04:30:00-04:00,27414.0,27444.75,27413.0,27440.75,2518
2026-04-27 05:00:00-04:00,27439.25,27455.5,27435.75,27451.25,2574
2026-04-27 05:30:00-04:00,27451.25,27466.25,27447.25,27455.0,1876
2026-04-27 06:00:00-04:00,27455.25,27465.25,27440.0,27454.0,1981
2026-04-27 06:30:00-04:00,27454.0,27483.25,27451.75,27475.5,2383
2026-04-27 07:00:00-04:00,27475.5,27498.75,27475.0,27493.0,3074
2026-04-27 07:30:00-04:00,27493.0,27500.25,27478.0,27482.0,3600
2026-04-27 08:00:00-04:00,27482.0,27483.75,27398.0,27419.25,8387
2026-04-27 08:30:00-04:00,27418.75,27437.25,27390.0,27419.25,8608
2026-04-27 09:00:00-04:00,27419.75,27433.75,27384.25,27410.25,14503
2026-04-27 09:30:00-04:00,27410.75,27435.0,27298.5,27401.5,64659
2026-04-27 10:00:00-04:00,27402.25,27409.5,27348.25,27359.5,36636
2026-04-27 10:30:00-04:00,27360.25,27406.0,27321.5,27368.0,37580
2026-04-27 11:00:00-04:00,27369.0,27379.5,27307.5,27344.5,30774
2026-04-27 11:30:00-04:00,27344.75,27383.0,27335.25,27367.25,20067
2026-04-27 12:00:00-04:00,27367.0,27389.75,27347.75,27376.0,14213
2026-04-27 12:30:00-04:00,27376.5,27406.5,27376.5,27390.5,13595
2026-04-27 13:00:00-04:00,27391.0,27420.75,27380.25,27411.25,17609
2026-04-27 13:30:00-04:00,27411.25,27439.75,27410.75,27428.5,14226
2026-04-27 14:00:00-04:00,27428.5,27437.25,27417.25,27428.5,9002
2026-04-27 14:30:00-04:00,27428.25,27434.5,27391.0,27399.25,10998
2026-04-27 15:00:00-04:00,27399.75,27429.25,27390.5,27423.75,11229
2026-04-27 15:30:00-04:00,27423.25,27454.75,27411.0,27445.0,25404
2026-04-27 16:00:00-04:00,27444.75,27446.0,27411.25,27424.75,7796
2026-04-27 16:30:00-04:00,27424.5,27439.5,27417.25,27418.5,2839
2026-04-27 18:00:00-04:00,27423.0,27501.5,27420.25,27492.5,5329
2026-04-27 18:30:00-04:00,27493.5,27499.25,27478.5,27484.75,1904
2026-04-27 19:00:00-04:00,27484.75,27494.75,27474.75,27490.5,1585
2026-04-27 19:30:00-04:00,27489.5,27504.5,27484.75,27490.0,1831
2026-04-27 20:00:00-04:00,27490.25,27512.0,27450.25,27464.0,4317
2026-04-27 20:30:00-04:00,27466.0,27481.5,27456.25,27467.5,2033
2026-04-27 21:00:00-04:00,27468.0,27473.0,27450.0,27470.0,2683
2026-04-27 21:30:00-04:00,27470.75,27484.5,27417.5,27421.75,4738
2026-04-27 22:00:00-04:00,27423.5,27437.25,27411.5,27429.5,2591
2026-04-27 22:30:00-04:00,27430.0,27430.0,27386.0,27395.25,3061
2026-04-27 23:00:00-04:00,27394.0,27422.25,27388.5,27420.0,2132
2026-04-27 23:30:00-04:00,27420.25,27429.25,27406.25,27409.5,1388
2026-04-28 00:00:00-04:00,27412.75,27430.0,27404.75,27426.75,1155
2026-04-28 00:30:00-04:00,27427.75,27439.5,27415.5,27417.75,1278
2026-04-28 01:00:00-04:00,27417.75,27423.0,27373.75,27394.25,3234
2026-04-28 01:30:00-04:00,27392.5,27392.5,27350.0,27364.0,3189
2026-04-28 02:00:00-04:00,27363.0,27378.25,27354.25,27369.0,2224
2026-04-28 02:30:00-04:00,27368.25,27375.0,27322.0,27337.75,3863
2026-04-28 03:00:00-04:00,27337.0,27348.0,27320.0,27328.25,3347
2026-04-28 03:30:00-04:00,27328.75,27352.25,27321.75,27338.0,3834
2026-04-28 04:00:00-04:00,27338.0,27360.0,27302.5,27357.25,5394
2026-04-28 04:30:00-04:00,27356.75,27358.75,27333.75,27352.0,2861
2026-04-28 05:00:00-04:00,27352.0,27355.25,27308.25,27314.75,3468
2026-04-28 05:30:00-04:00,27314.25,27316.5,27256.5,27284.25,6769
2026-04-28 06:00:00-04:00,27284.75,27300.75,27251.0,27270.0,5693
2026-04-28 06:30:00-04:00,27270.5,27279.25,27238.75,27262.0,4322
2026-04-28 07:00:00-04:00,27261.25,27269.75,27137.0,27154.0,10786
2026-04-28 07:30:00-04:00,27154.25,27155.75,27080.5,27094.0,16293
2026-04-28 08:00:00-04:00,27094.75,27124.0,27042.0,27053.75,20084
2026-04-28 08:30:00-04:00,27055.25,27153.5,27036.5,27149.0,15074
2026-04-28 09:00:00-04:00,27148.75,27179.75,27113.75,27160.75,17525
2026-04-28 09:30:00-04:00,27161.0,27252.0,27068.25,27202.5,71945
2026-04-28 10:00:00-04:00,27201.75,27235.0,27148.75,27168.5,36837
2026-04-28 10:30:00-04:00,27169.0,27181.25,27012.5,27091.75,63047
2026-04-28 11:00:00-04:00,27091.25,27119.75,27031.5,27046.5,38447
2026-04-28 11:30:00-04:00,27046.0,27059.0,27009.5,27053.5,27559
2026-04-28 12:00:00-04:00,27053.5,27088.5,27040.0,27070.5,23935
2026-04-28 12:30:00-04:00,27070.0,27095.75,27028.0,27084.25,22558
2026-04-28 13:00:00-04:00,27084.5,27099.0,27047.5,27083.25,17744
2026-04-28 13:30:00-04:00,27083.0,27144.25,27082.25,27141.5,18574
2026-04-28 14:00:00-04:00,27141.5,27183.0,27120.75,27176.0,21627
2026-04-28 14:30:00-04:00,27175.75,27194.75,27150.75,27194.25,16947
2026-04-28 15:00:00-04:00,27194.75,27224.5,27173.75,27187.0,20698
2026-04-28 15:30:00-04:00,27186.75,27191.75,27154.5,27169.25,31451
2026-04-28 16:00:00-04:00,27169.25,27207.25,27147.25,27200.25,13252
2026-04-28 16:30:00-04:00,27200.5,27201.5,27185.25,27191.5,3057
2026-04-28 18:00:00-04:00,27197.25,27233.0,27197.25,27215.0,2928
2026-04-28 18:30:00-04:00,27215.0,27227.0,27215.0,27223.75,1435
2026-04-28 19:00:00-04:00,27224.25,27227.0,27213.75,27223.5,1767
2026-04-28 19:30:00-04:00,27224.25,27247.75,27223.5,27247.5,1744
2026-04-28 20:00:00-04:00,27246.25,27289.25,27246.25,27289.0,4469
2026-04-28 20:30:00-04:00,27288.5,27294.0,27260.5,27264.0,2382
2026-04-28 21:00:00-04:00,27263.5,27266.0,27191.75,27228.0,6782
2026-04-28 21:30:00-04:00,27228.0,27270.0,27223.75,27246.5,3277
2026-04-28 22:00:00-04:00,27247.25,27281.5,27242.25,27266.0,3698
2026-04-28 22:30:00-04:00,27266.75,27271.25,27247.5,27267.5,2422
2026-04-28 23:00:00-04:00,27269.0,27293.5,27266.0,27288.0,1822
2026-04-28 23:30:00-04:00,27286.75,27289.75,27276.25,27283.25,1068
2026-04-29 00:00:00-04:00,27284.0,27297.25,27282.0,27293.75,1167
2026-04-29 00:30:00-04:00,27294.0,27312.25,27292.75,27297.75,1652
2026-04-29 01:00:00-04:00,27299.25,27302.25,27276.25,27294.5,1572
2026-04-29 01:30:00-04:00,27294.75,27309.75,27288.0,27297.25,1255
2026-04-29 02:00:00-04:00,27297.25,27317.25,27281.75,27283.0,2184
2026-04-29 02:30:00-04:00,27283.0,27299.5,27260.5,27265.75,2938
2026-04-29 03:00:00-04:00,27265.5,27288.5,27246.5,27263.25,3091
2026-04-29 03:30:00-04:00,27263.0,27272.0,27210.0,27237.75,4500
2026-04-29 04:00:00-04:00,27238.75,27261.5,27198.0,27245.5,5075
2026-04-29 04:30:00-04:00,27245.25,27249.5,27205.5,27241.25,3801
2026-04-29 05:00:00-04:00,27241.0,27270.0,27229.75,27250.0,3127
2026-04-29 05:30:00-04:00,27249.25,27265.5,27222.25,27229.0,2276
2026-04-29 06:00:00-04:00,27227.0,27287.5,27212.0,27281.5,3227
2026-04-29 06:30:00-04:00,27282.25,27288.5,27254.25,27264.0,2567
2026-04-29 07:00:00-04:00,27262.25,27279.75,27254.5,27260.25,3008
2026-04-29 07:30:00-04:00,27260.0,27285.0,27235.0,27251.25,3665
2026-04-29 08:00:00-04:00,27251.75,27253.0,27217.75,27232.25,4414
2026-04-29 08:30:00-04:00,27232.0,27248.0,27191.75,27225.75,6721
2026-04-29 09:00:00-04:00,27225.75,27251.25,27198.5,27207.25,8984
2026-04-29 09:30:00-04:00,27206.75,27235.75,27124.25,27220.25,48045
2026-04-29 10:00:00-04:00,27220.75,27277.0,27177.75,27269.0,29611
2026-04-29 10:30:00-04:00,27268.75,27315.5,27248.5,27302.25,29753
2026-04-29 11:00:00-04:00,27303.0,27309.5,27219.75,27275.75,28826
2026-04-29 11:30:00-04:00,27275.25,27298.0,27199.25,27240.25,34063
2026-04-29 12:00:00-04:00,27239.75,27273.5,27200.0,27202.25,20761
2026-04-29 12:30:00-04:00,27202.0,27222.0,27153.5,27199.25,25882
2026-04-29 13:00:00-04:00,27199.0,27229.25,27170.0,27213.75,17674
2026-04-29 13:30:00-04:00,27214.0,27254.0,27205.75,27249.5,14419
2026-04-29 14:00:00-04:00,27249.5,27256.75,27158.0,27208.5,22429
2026-04-29 14:30:00-04:00,27209.25,27301.0,27170.5,27295.25,27171
2026-04-29 15:00:00-04:00,27295.5,27340.25,27263.5,27310.75,24680
2026-04-29 15:30:00-04:00,27311.0,27338.75,27262.25,27337.25,32579
2026-04-29 16:00:00-04:00,27337.0,27414.0,27094.0,27281.5,44067
2026-04-29 16:30:00-04:00,27282.0,27299.0,27148.5,27148.75,12494
2026-04-29 18:00:00-04:00,27207.0,27500.0,27207.0,27467.75,16935
2026-04-29 18:30:00-04:00,27469.75,27499.0,27452.0,27471.25,5760
2026-04-29 19:00:00-04:00,27473.25,27485.75,27452.0,27471.25,3634
2026-04-29 19:30:00-04:00,27472.0,27557.5,27471.5,27550.5,7290
2026-04-29 20:00:00-04:00,27551.75,27592.5,27551.25,27576.25,7605
2026-04-29 20:30:00-04:00,27578.0,27622.75,27577.5,27595.25,5697
2026-04-29 21:00:00-04:00,27594.25,27601.25,27564.5,27581.25,3691
2026-04-29 21:30:00-04:00,27581.5,27597.5,27556.0,27581.25,4126
2026-04-29 22:00:00-04:00,27581.25,27588.5,27512.75,27517.5,3604
2026-04-29 22:30:00-04:00,27516.5,27516.5,27386.5,27427.5,13023
2026-04-29 23:00:00-04:00,27424.75,27453.5,27402.5,27422.75,4332
2026-04-29 23:30:00-04:00,27423.0,27440.25,27406.0,27410.25,2313
2026-04-30 00:00:00-04:00,27410.25,27410.5,27278.5,27297.75,8424
2026-04-30 00:30:00-04:00,27296.5,27299.5,27231.5,27234.25,7059
2026-04-30 01:00:00-04:00,27233.5,27308.75,27233.5,27252.0,5931
2026-04-30 01:30:00-04:00,27252.25,27296.75,27221.75,27223.75,3301
2026-04-30 02:00:00-04:00,27223.5,27240.0,27185.25,27233.0,6097
2026-04-30 02:30:00-04:00,27234.0,27307.5,27234.0,27283.5,6319
2026-04-30 03:00:00-04:00,27282.25,27364.75,27269.75,27363.0,6806
2026-04-30 03:30:00-04:00,27362.25,27377.25,27334.75,27352.25,4423
2026-04-30 04:00:00-04:00,27351.5,27382.75,27324.75,27362.25,5095
2026-04-30 04:30:00-04:00,27362.5,27396.75,27359.25,27360.0,3982
2026-04-30 05:00:00-04:00,27359.5,27395.25,27330.75,27393.0,4025
2026-04-30 05:30:00-04:00,27392.5,27442.0,27356.0,27367.75,5893
2026-04-30 06:00:00-04:00,27368.25,27422.5,27368.25,27418.0,4662
2026-04-30 06:30:00-04:00,27417.25,27432.75,27350.5,27374.75,7262
2026-04-30 07:00:00-04:00,27376.5,27490.25,27371.5,27487.75,6734
2026-04-30 07:30:00-04:00,27489.5,27494.25,27434.5,27440.5,6733
2026-04-30 08:00:00-04:00,27440.25,27541.0,27438.0,27539.75,8918
2026-04-30 08:30:00-04:00,27538.25,27550.0,27466.25,27524.75,10896
2026-04-30 09:00:00-04:00,27522.75,27540.0,27483.5,27492.25,9337
2026-04-30 09:30:00-04:00,27491.25,27491.5,27203.0,27245.75,83394
2026-04-30 10:00:00-04:00,27247.25,27303.0,27163.25,27228.25,57469
2026-04-30 10:30:00-04:00,27228.5,27376.0,27171.25,27359.5,49720
2026-04-30 11:00:00-04:00,27359.25,27417.0,27356.5,27404.75,38659
2026-04-30 11:30:00-04:00,27404.25,27435.75,27331.25,27388.5,34545
2026-04-30 12:00:00-04:00,27388.25,27435.0,27356.25,27415.0,23092
2026-04-30 12:30:00-04:00,27415.5,27424.25,27347.75,27371.25,19936
2026-04-30 13:00:00-04:00,27370.75,27463.5,27369.5,27462.25,24121
2026-04-30 13:30:00-04:00,27461.75,27548.0,27461.5,27543.25,26415
2026-04-30 14:00:00-04:00,27543.5,27586.75,27542.0,27562.5,25581
2026-04-30 14:30:00-04:00,27563.0,27591.75,27548.75,27551.25,16400
2026-04-30 15:00:00-04:00,27551.25,27608.5,27542.0,27592.0,20438
2026-04-30 15:30:00-04:00,27592.25,27622.0,27572.25,27577.5,41370
2026-04-30 16:00:00-04:00,27578.5,27615.0,27557.0,27604.25,19918
2026-04-30 16:30:00-04:00,27604.75,27617.5,27576.75,27598.5,7527
2026-04-30 18:00:00-04:00,27631.75,27646.5,27603.0,27618.25,5088
2026-04-30 18:30:00-04:00,27618.75,27620.0,27556.25,27579.75,3723
2026-04-30 19:00:00-04:00,27579.75,27607.0,27576.5,27605.0,2584
2026-04-30 19:30:00-04:00,27604.5,27624.25,27588.0,27594.25,2513
2026-04-30 20:00:00-04:00,27594.5,27634.0,27591.0,27629.75,4067
2026-04-30 20:30:00-04:00,27629.25,27641.5,27621.75,27625.5,1845
2026-04-30 21:00:00-04:00,27624.75,27650.75,27613.0,27646.5,2515
2026-04-30 21:30:00-04:00,27648.0,27658.25,27640.25,27650.25,1946
2026-04-30 22:00:00-04:00,27648.5,27652.25,27635.25,27638.0,1219
2026-04-30 22:30:00-04:00,27638.0,27645.5,27624.5,27642.0,1984
2026-04-30 23:00:00-04:00,27642.5,27659.75,27637.0,27656.75,1938
2026-04-30 23:30:00-04:00,27658.25,27674.5,27634.25,27643.0,2338
2026-05-01 00:00:00-04:00,27643.5,27643.5,27621.75,27629.75,1447
2026-05-01 00:30:00-04:00,27629.0,27633.5,27620.75,27628.5,990
2026-05-01 01:00:00-04:00,27628.25,27640.75,27619.25,27636.75,1455
2026-05-01 01:30:00-04:00,27636.0,27636.5,27612.25,27616.75,1093
2026-05-01 02:00:00-04:00,27617.75,27628.5,27608.75,27609.75,1586
2026-05-01 02:30:00-04:00,27612.0,27613.0,27591.5,27596.5,2198
2026-05-01 03:00:00-04:00,27595.75,27625.75,27595.0,27605.0,2473
2026-05-01 03:30:00-04:00,27604.75,27606.25,27572.0,27579.5,3089
2026-05-01 04:00:00-04:00,27580.5,27597.75,27575.5,27583.0,1973
2026-05-01 04:30:00-04:00,27582.0,27582.25,27554.5,27566.75,1942
2026-05-01 05:00:00-04:00,27566.0,27569.0,27545.5,27563.5,1807
2026-05-01 05:30:00-04:00,27562.25,27576.0,27556.0,27569.75,1341
2026-05-01 06:00:00-04:00,27570.25,27580.75,27558.0,27564.5,1362
2026-05-01 06:30:00-04:00,27565.25,27571.0,27536.25,27569.75,2418
2026-05-01 07:00:00-04:00,27570.25,27575.0,27540.75,27547.5,2476
2026-05-01 07:30:00-04:00,27546.0,27564.75,27537.25,27564.25,2767
2026-05-01 08:00:00-04:00,27564.5,27625.75,27547.0,27614.25,8971
2026-05-01 08:30:00-04:00,27612.75,27614.5,27565.75,27577.0,5632
2026-05-01 09:00:00-04:00,27576.5,27638.0,27575.75,27632.5,9464
2026-05-01 09:30:00-04:00,27632.75,27875.75,27617.75,27873.5,72925
2026-05-01 10:00:00-04:00,27873.5,27909.25,27852.0,27871.5,41053
2026-05-01 10:30:00-04:00,27871.5,27873.25,27751.0,27814.75,50920
2026-05-01 11:00:00-04:00,27815.25,27870.25,27769.0,27863.0,29748
2026-05-01 11:30:00-04:00,27863.5,27917.0,27837.75,27890.75,30045
2026-05-01 12:00:00-04:00,27890.75,27901.5,27818.0,27832.75,25144
2026-05-01 12:30:00-04:00,27832.5,27856.25,27805.5,27831.5,22327
2026-05-01 13:00:00-04:00,27831.0,27887.75,27828.5,27885.5,15396
2026-05-01 13:30:00-04:00,27885.5,27897.0,27864.0,27883.75,14625
2026-05-01 14:00:00-04:00,27883.25,27890.25,27835.75,27867.5,18061
2026-05-01 14:30:00-04:00,27868.25,27869.25,27794.75,27821.75,20700
2026-05-01 15:00:00-04:00,27822.25,27900.0,27818.0,27896.25,19409
2026-05-01 15:30:00-04:00,27896.25,27900.75,27822.75,27837.25,34666
2026-05-01 16:00:00-04:00,27837.25,27837.5,27787.5,27798.75,12723
2026-05-01 16:30:00-04:00,27799.25,27800.75,27755.75,27783.25,5590
2026-05-03 18:00:00-04:00,27890.0,27926.0,27837.5,27845.5,7547
2026-05-03 18:30:00-04:00,27846.75,27876.0,27836.0,27849.75,4202
2026-05-03 19:00:00-04:00,27850.0,27857.5,27815.0,27821.75,2584
2026-05-03 19:30:00-04:00,27821.0,27836.0,27815.75,27825.0,2299
2026-05-03 20:00:00-04:00,27823.25,27866.75,27800.25,27835.5,7443
2026-05-03 20:30:00-04:00,27837.5,27897.25,27833.75,27892.75,5606
2026-05-03 21:00:00-04:00,27893.0,27898.5,27858.5,27876.0,3938
2026-05-03 21:30:00-04:00,27875.25,27922.0,27872.5,27919.5,4566
2026-05-03 22:00:00-04:00,27919.5,27924.0,27878.25,27886.25,3944
2026-05-03 22:30:00-04:00,27886.25,27944.0,27884.5,27928.75,3330
2026-05-03 23:00:00-04:00,27929.25,27945.0,27925.5,27929.0,1794
2026-05-03 23:30:00-04:00,27928.25,27939.5,27918.75,27931.75,2020
2026-05-04 00:00:00-04:00,27931.75,27951.5,27927.25,27949.0,1944
2026-05-04 00:30:00-04:00,27949.25,27953.25,27936.25,27938.75,1416
2026-05-04 01:00:00-04:00,27938.0,27965.75,27930.5,27937.0,2566
2026-05-04 01:30:00-04:00,27938.25,27953.0,27931.25,27935.5,1804
2026-05-04 02:00:00-04:00,27935.75,27940.25,27892.75,27910.0,3353
2026-05-04 02:30:00-04:00,27910.0,27918.25,27872.25,27895.5,3312
2026-05-04 03:00:00-04:00,27896.5,27946.75,27881.25,27936.25,3905
2026-05-04 03:30:00-04:00,27937.0,27951.25,27912.25,27912.25,3006
2026-05-04 04:00:00-04:00,27912.0,27914.25,27864.25,27903.0,5249
2026-05-04 04:30:00-04:00,27903.75,27911.5,27888.0,27892.5,2363
2026-05-04 05:00:00-04:00,27894.5,27915.25,27883.5,27911.5,1965
2026-05-04 05:30:00-04:00,27912.0,27924.75,27889.25,27890.25,2419
2026-05-04 06:00:00-04:00,27891.0,27897.0,27662.25,27753.5,23484
2026-05-04 06:30:00-04:00,27753.75,27854.25,27742.75,27813.75,11139
2026-05-04 07:00:00-04:00,27815.0,27847.75,27792.5,27820.25,6819
2026-05-04 07:30:00-04:00,27818.0,27834.75,27778.75,27826.75,6651
2026-05-04 08:00:00-04:00,27828.5,27881.5,27828.25,27864.0,8013
2026-05-04 08:30:00-04:00,27863.0,27876.0,27831.75,27844.5,5029
2026-05-04 09:00:00-04:00,27845.25,27880.75,27787.5,27854.75,15356
2026-05-04 09:30:00-04:00,27854.5,27898.75,27808.25,27896.0,48291
2026-05-04 10:00:00-04:00,27895.25,27913.25,27844.0,27871.25,32903
2026-05-04 10:30:00-04:00,27870.75,27941.0,27864.0,27882.0,30416
2026-05-04 11:00:00-04:00,27882.0,27914.25,27711.5,27776.25,52650
2026-05-04 11:30:00-04:00,27776.25,27783.75,27697.25,27734.75,41140
2026-05-04 12:00:00-04:00,27734.25,27747.75,27613.0,27713.25,45253
2026-05-04 12:30:00-04:00,27714.5,27744.25,27688.75,27706.25,22702
2026-05-04 13:00:00-04:00,27705.25,27803.75,27704.0,27794.0,26469
2026-05-04 13:30:00-04:00,27793.25,27802.5,27753.5,27792.25,15205
2026-05-04 14:00:00-04:00,27792.25,27818.75,27732.25,27770.75,18724
2026-05-04 14:30:00-04:00,27771.5,27777.0,27718.0,27759.75,17119
2026-05-04 15:00:00-04:00,27759.0,27789.25,27739.75,27778.5,19530
2026-05-04 15:30:00-04:00,27778.5,27794.0,27747.0,27780.25,23768
2026-05-04 16:00:00-04:00,27779.75,27781.0,27738.75,27761.5,7910
2026-05-04 16:30:00-04:00,27761.5,27764.0,27740.25,27743.0,2276
2026-05-04 18:00:00-04:00,27760.0,27789.5,27751.5,27778.0,1996
2026-05-04 18:30:00-04:00,27778.0,27779.75,27740.75,27753.5,1727
2026-05-04 19:00:00-04:00,27752.0,27764.75,27741.25,27752.75,1411
2026-05-04 19:30:00-04:00,27752.5,27761.0,27731.75,27745.5,1410
2026-05-04 20:00:00-04:00,27747.0,27791.25,27739.75,27753.0,4108
2026-05-04 20:30:00-04:00,27752.0,27793.0,27751.0,27785.0,2436
2026-05-04 21:00:00-04:00,27785.0,27814.25,27767.75,27802.5,2697
2026-05-04 21:30:00-04:00,27803.25,27833.25,27790.75,27815.25,2530
2026-05-04 22:00:00-04:00,27815.5,27834.25,27808.5,27831.25,1829
2026-05-04 22:30:00-04:00,27831.75,27841.0,27801.0,27815.5,2768
2026-05-04 23:00:00-04:00,27816.0,27848.5,27811.25,27841.5,1757
2026-05-04 23:30:00-04:00,27840.75,27847.5,27835.25,27841.0,924
2026-05-05 00:00:00-04:00,27840.0,27860.25,27837.5,27838.0,1420
2026-05-05 00:30:00-04:00,27838.5,27850.5,27826.75,27828.25,1291
2026-05-05 01:00:00-04:00,27827.25,27846.0,27818.75,27835.25,1388
2026-05-05 01:30:00-04:00,27836.0,27855.0,27825.0,27852.75,1743
2026-05-05 02:00:00-04:00,27852.5,27873.5,27818.25,27829.5,2877
2026-05-05 02:30:00-04:00,27829.5,27887.0,27829.0,27880.75,3019
2026-05-05 03:00:00-04:00,27880.0,27902.25,27875.25,27886.0,3410
2026-05-05 03:30:00-04:00,27886.0,27926.75,27874.75,27882.0,4035
2026-05-05 04:00:00-04:00,27882.5,27935.0,27879.5,27918.75,3563
2026-05-05 04:30:00-04:00,27918.75,27942.25,27912.0,27929.75,2902
2026-05-05 05:00:00-04:00,27930.0,27939.75,27908.5,27929.25,2958
2026-05-05 05:30:00-04:00,27929.75,27958.5,27928.75,27936.75,3323
2026-05-05 06:00:00-04:00,27936.75,27945.0,27921.75,27939.25,1804
2026-05-05 06:30:00-04:00,27939.75,27959.0,27927.5,27934.75,4261
2026-05-05 07:00:00-04:00,27934.0,27939.25,27900.0,27927.5,5105
2026-05-05 07:30:00-04:00,27928.25,27947.25,27927.25,27943.75,2184
2026-05-05 08:00:00-04:00,27942.5,28006.0,27928.5,27988.25,8829
2026-05-05 08:30:00-04:00,27989.75,27994.5,27970.25,27973.5,3872
2026-05-05 09:00:00-04:00,27973.5,28008.5,27972.75,27988.25,9164
2026-05-05 09:30:00-04:00,27988.5,28112.0,27971.0,28085.25,61856
2026-05-05 10:00:00-04:00,28085.0,28134.0,28031.75,28119.5,52834
2026-05-05 10:30:00-04:00,28119.5,28139.25,28077.5,28096.0,27901
2026-05-05 11:00:00-04:00,28095.75,28139.25,28087.75,28129.5,21051
2026-05-05 11:30:00-04:00,28129.5,28149.75,28110.5,28127.0,20586
2026-05-05 12:00:00-04:00,28126.75,28152.5,28090.25,28115.75,18940
2026-05-05 12:30:00-04:00,28115.75,28135.75,28092.75,28125.5,17628
2026-05-05 13:00:00-04:00,28125.5,28145.25,28107.75,28144.5,12930
2026-05-05 13:30:00-04:00,28144.75,28167.75,28135.0,28159.0,14749
2026-05-05 14:00:00-04:00,28159.5,28186.25,28156.75,28177.25,13731
2026-05-05 14:30:00-04:00,28177.0,28182.5,28154.25,28168.75,10581
2026-05-05 15:00:00-04:00,28168.75,28188.25,28161.0,28166.25,13619
2026-05-05 15:30:00-04:00,28166.0,28170.0,28108.75,28135.75,35161
2026-05-05 16:00:00-04:00,28135.25,28247.0,28110.0,28236.0,20871
2026-05-05 16:30:00-04:00,28236.25,28238.5,28183.75,28207.25,8008
2026-05-05 18:00:00-04:00,28250.0,28283.75,28243.0,28280.0,5213
2026-05-05 18:30:00-04:00,28281.25,28422.0,28276.25,28376.25,9157
2026-05-05 19:00:00-04:00,28375.25,28385.25,28345.5,28350.75,5978
2026-05-05 19:30:00-04:00,28351.25,28377.0,28348.75,28370.0,3889
2026-05-05 20:00:00-04:00,28369.5,28372.75,28248.0,28251.0,9823
2026-05-05 20:30:00-04:00,28250.75,28286.0,28248.75,28275.75,5596
2026-05-05 21:00:00-04:00,28275.25,28309.0,28267.75,28286.75,4774
2026-05-05 21:30:00-04:00,28284.75,28298.5,28271.25,28292.0,3474
2026-05-05 22:00:00-04:00,28291.75,28296.5,28271.25,28273.0,3053
2026-05-05 22:30:00-04:00,28272.0,28290.25,28261.5,28288.0,2305
2026-05-05 23:00:00-04:00,28287.75,28323.5,28282.75,28322.25,2432
2026-05-05 23:30:00-04:00,28322.0,28334.5,28307.75,28312.25,2189
2026-05-06 00:00:00-04:00,28313.5,28331.0,28310.25,28327.75,1629
2026-05-06 00:30:00-04:00,28328.5,28344.5,28312.0,28335.5,2548
2026-05-06 01:00:00-04:00,28334.75,28349.0,28326.0,28346.0,2188
2026-05-06 01:30:00-04:00,28345.5,28359.75,28331.0,28355.0,2226
2026-05-06 02:00:00-04:00,28354.25,28369.0,28318.0,28329.75,3130
2026-05-06 02:30:00-04:00,28330.25,28342.75,28300.0,28336.25,3497
2026-05-06 03:00:00-04:00,28335.25,28352.75,28308.0,28328.25,4375
2026-05-06 03:30:00-04:00,28329.25,28350.5,28316.25,28347.75,3133
2026-05-06 04:00:00-04:00,28348.0,28364.5,28323.75,28339.75,5476
2026-05-06 04:30:00-04:00,28339.25,28517.75,28334.75,28482.75,14201
2026-05-06 05:00:00-04:00,28482.5,28498.5,28415.0,28466.25,8376
2026-05-06 05:30:00-04:00,28465.5,28514.25,28457.75,28506.25,7404
2026-05-06 06:00:00-04:00,28507.75,28557.25,28501.5,28553.75,8838
2026-05-06 06:30:00-04:00,28553.25,28614.5,28551.25,28585.0,11965
2026-05-06 07:00:00-04:00,28584.0,28634.25,28577.75,28596.25,11200
2026-05-06 07:30:00-04:00,28597.25,28608.5,28512.0,28538.25,11638
2026-05-06 08:00:00-04:00,28539.25,28540.25,28426.25,28495.5,15694
2026-05-06 08:30:00-04:00,28498.25,28503.75,28432.0,28458.0,10736
2026-05-06 09:00:00-04:00,28457.75,28457.75,28372.0,28389.25,21871
2026-05-06 09:30:00-04:00,28389.5,28506.0,28336.0,28469.0,73641
2026-05-06 10:00:00-04:00,28468.25,28499.5,28385.0,28418.25,56916
2026-05-06 10:30:00-04:00,28420.25,28550.75,28418.25,28537.25,39082
2026-05-06 11:00:00-04:00,28537.5,28582.5,28518.0,28577.75,26550
2026-05-06 11:30:00-04:00,28577.75,28586.75,28530.25,28560.25,25048
2026-05-06 12:00:00-04:00,28560.5,28601.25,28554.0,28574.0,16762
2026-05-06 12:30:00-04:00,28574.0,28585.0,28512.25,28539.25,19298
2026-05-06 13:00:00-04:00,28539.5,28591.75,28528.5,28583.25,15155
2026-05-06 13:30:00-04:00,28583.5,28610.25,28581.75,28600.0,12315
2026-05-06 14:00:00-04:00,28599.5,28640.0,28591.75,28634.5,16380
2026-05-06 14:30:00-04:00,28634.5,28665.75,28625.25,28640.25,17927
2026-05-06 15:00:00-04:00,28640.0,28699.75,28637.75,28694.25,20090
2026-05-06 15:30:00-04:00,28694.0,28725.75,28666.75,28710.25,44327
2026-05-06 16:00:00-04:00,28710.25,28800.0,28701.75,28777.75,21642
2026-05-06 16:30:00-04:00,28777.25,28779.75,28694.5,28712.25,7578
2026-05-06 18:00:00-04:00,28662.75,28702.0,28650.0,28656.25,4742
2026-05-06 18:30:00-04:00,28656.25,28681.5,28652.25,28676.5,2137
2026-05-06 19:00:00-04:00,28677.25,28694.5,28669.5,28676.25,2039
2026-05-06 19:30:00-04:00,28676.0,28686.25,28654.25,28670.25,2410
2026-05-06 20:00:00-04:00,28669.5,28695.0,28642.25,28647.75,4464
2026-05-06 20:30:00-04:00,28647.75,28665.75,28637.0,28662.0,2725
2026-05-06 21:00:00-04:00,28661.5,28673.25,28638.25,28670.5,2831
2026-05-06 21:30:00-04:00,28669.0,28716.0,28665.5,28697.0,3091
2026-05-06 22:00:00-04:00,28698.5,28706.75,28652.5,28685.0,3656
2026-05-06 22:30:00-04:00,28685.75,28691.75,28667.5,28687.0,1729
2026-05-06 23:00:00-04:00,28686.5,28694.75,28673.75,28688.75,1669
2026-05-06 23:30:00-04:00,28688.0,28702.5,28687.25,28691.75,1147
2026-05-07 00:00:00-04:00,28691.5,28713.25,28686.0,28707.75,1258
2026-05-07 00:30:00-04:00,28707.75,28713.5,28697.5,28705.0,1129
2026-05-07 01:00:00-04:00,28704.75,28714.5,28694.25,28704.0,1732
2026-05-07 01:30:00-04:00,28704.5,28727.75,28704.0,28720.25,1746
2026-05-07 02:00:00-04:00,28720.0,28731.5,28695.0,28711.75,2348
2026-05-07 02:30:00-04:00,28711.0,28748.75,28710.0,28737.5,3303
2026-05-07 03:00:00-04:00,28737.25,28805.25,28728.5,28771.0,7856
2026-05-07 03:30:00-04:00,28771.25,28798.75,28766.0,28777.5,3490
2026-05-07 04:00:00-04:00,28779.5,28814.5,28733.75,28746.5,5814
2026-05-07 04:30:00-04:00,28747.25,28764.0,28728.75,28736.75,2901
2026-05-07 05:00:00-04:00,28736.25,28762.5,28711.0,28747.5,3625
2026-05-07 05:30:00-04:00,28748.5,28762.5,28721.75,28730.25,2669
2026-05-07 06:00:00-04:00,28729.75,28736.0,28690.25,28723.0,3376
2026-05-07 06:30:00-04:00,28722.5,28743.0,28717.0,28727.0,2347
2026-05-07 07:00:00-04:00,28728.0,28751.0,28710.5,28712.75,4339
2026-05-07 07:30:00-04:00,28713.75,28740.25,28705.25,28732.0,3555
2026-05-07 08:00:00-04:00,28732.25,28746.25,28717.0,28740.5,5262
2026-05-07 08:30:00-04:00,28740.0,28760.75,28729.25,28755.25,5063
2026-05-07 09:00:00-04:00,28755.25,28764.0,28727.25,28750.25,9287
2026-05-07 09:30:00-04:00,28750.0,28803.0,28708.0,28781.5,63782
2026-05-07 10:00:00-04:00,28781.5,28902.5,28779.0,28874.0,48916
2026-05-07 10:30:00-04:00,28874.25,28944.75,28860.25,28928.0,33610
2026-05-07 11:00:00-04:00,28928.5,28930.5,28823.75,28853.75,39413
2026-05-07 11:30:00-04:00,28854.5,28896.5,28772.75,28784.25,31936
2026-05-07 12:00:00-04:00,28785.5,28788.25,28637.0,28740.5,57639
2026-05-07 12:30:00-04:00,28740.5,28776.25,28661.0,28696.75,33347
2026-05-07 13:00:00-04:00,28697.5,28713.5,28552.0,28608.25,46904
2026-05-07 13:30:00-04:00,28608.5,28705.75,28590.5,28696.5,36791
2026-05-07 14:00:00-04:00,28696.75,28721.5,28642.5,28654.0,29430
2026-05-07 14:30:00-04:00,28654.25,28691.0,28582.75,28644.75,34171
2026-05-07 15:00:00-04:00,28645.0,28663.25,28586.75,28611.5,26583
2026-05-07 15:30:00-04:00,28611.75,28708.75,28608.75,28684.25,37054
2026-05-07 16:00:00-04:00,28684.25,28766.25,28652.25,28710.5,16491
2026-05-07 16:30:00-04:00,28711.0,28720.5,28633.0,28644.0,8294
2026-05-07 18:00:00-04:00,28582.0,28670.75,28541.0,28659.0,7368
2026-05-07 18:30:00-04:00,28662.0,28663.25,28602.25,28614.5,3218
2026-05-07 19:00:00-04:00,28615.25,28649.0,28607.75,28644.5,1501
2026-05-07 19:30:00-04:00,28646.0,28679.75,28636.25,28679.5,1715
2026-05-07 20:00:00-04:00,28679.75,28731.75,28679.75,28710.75,4281
2026-05-07 20:30:00-04:00,28710.25,28747.5,28708.5,28744.75,2605
2026-05-07 21:00:00-04:00,28744.75,28782.25,28744.0,28771.75,3801
2026-05-07 21:30:00-04:00,28772.5,28780.0,28758.0,28760.5,1774
2026-05-07 22:00:00-04:00,28761.0,28764.0,28727.75,28744.5,2591
2026-05-07 22:30:00-04:00,28744.0,28773.25,28709.5,28747.5,3515
2026-05-07 23:00:00-04:00,28748.25,28760.5,28743.75,28753.0,1010
2026-05-07 23:30:00-04:00,28752.5,28776.75,28748.25,28773.75,1452
2026-05-08 00:00:00-04:00,28773.75,28785.75,28760.0,28774.25,1400
2026-05-08 00:30:00-04:00,28774.5,28796.0,28758.25,28779.0,1328
2026-05-08 01:00:00-04:00,28780.25,28800.0,28779.25,28796.5,1662
2026-05-08 01:30:00-04:00,28797.0,28829.5,28797.0,28804.5,2423
2026-05-08 02:00:00-04:00,28803.75,28833.0,28783.5,28826.25,2673
2026-05-08 02:30:00-04:00,28827.25,28838.5,28810.25,28836.25,2031
2026-05-08 03:00:00-04:00,28835.5,28837.0,28803.5,28824.5,3495
2026-05-08 03:30:00-04:00,28824.25,28833.25,28810.75,28828.0,2400
2026-05-08 04:00:00-04:00,28827.75,28869.0,28824.25,28859.0,4242
2026-05-08 04:30:00-04:00,28858.25,28866.5,28842.75,28862.0,2445
2026-05-08 05:00:00-04:00,28863.0,28897.0,28860.5,28888.25,3598
2026-05-08 05:30:00-04:00,28888.25,28889.0,28831.5,28852.25,3617
2026-05-08 06:00:00-04:00,28851.5,28879.75,28851.25,28869.25,1999
2026-05-08 06:30:00-04:00,28868.5,28890.0,28841.25,28863.5,3579
2026-05-08 07:00:00-04:00,28864.0,28895.25,28864.0,28892.25,3556
2026-05-08 07:30:00-04:00,28893.25,28915.0,28888.5,28898.5,3681
2026-05-08 08:00:00-04:00,28897.75,28906.25,28877.0,28906.25,4206
2026-05-08 08:30:00-04:00,28900.25,28976.0,28890.0,28912.25,16610
2026-05-08 09:00:00-04:00,28911.5,28928.0,28862.75,28876.75,13807
2026-05-08 09:30:00-04:00,28878.5,29111.25,28859.5,29107.25,62912
2026-05-08 10:00:00-04:00,29106.5,29166.0,29075.5,29111.25,46884
2026-05-08 10:30:00-04:00,29111.0,29175.25,29073.5,29162.0,33076
2026-05-08 11:00:00-04:00,29162.25,29187.5,29124.75,29183.75,27349
2026-05-08 11:30:00-04:00,29183.75,29217.75,29153.25,29191.5,32073
2026-05-08 12:00:00-04:00,29191.0,29244.75,29190.25,29241.75,19811
2026-05-08 12:30:00-04:00,29241.5,29247.75,29195.5,29241.0,22212
2026-05-08 13:00:00-04:00,29241.25,29316.75,29235.0,29305.75,25654
2026-05-08 13:30:00-04:00,29305.5,29317.5,29254.75,29264.25,22804
2026-05-08 14:00:00-04:00,29264.25,29305.5,29259.5,29286.75,17926
2026-05-08 14:30:00-04:00,29286.25,29292.75,29237.75,29240.5,16286
2026-05-08 15:00:00-04:00,29240.5,29306.0,29238.5,29262.0,19017
2026-05-08 15:30:00-04:00,29262.0,29341.0,29256.25,29339.75,44220
2026-05-08 16:00:00-04:00,29339.5,29386.75,29331.5,29343.75,19319
2026-05-08 16:30:00-04:00,29343.5,29348.75,29330.25,29333.75,4528
2026-05-10 18:00:00-04:00,29294.0,29320.0,29225.75,29272.75,7836
2026-05-10 18:30:00-04:00,29274.0,29299.25,29253.75,29294.5,3417
2026-05-10 19:00:00-04:00,29293.75,29346.25,29290.5,29304.0,5429
2026-05-10 19:30:00-04:00,29303.25,29317.25,29291.0,29305.0,4372
2026-05-10 20:00:00-04:00,29304.5,29395.0,29303.5,29387.75,8409
2026-05-10 20:30:00-04:00,29387.5,29399.75,29264.75,29295.75,9134
2026-05-10 21:00:00-04:00,29295.0,29340.5,29245.0,29317.5,8830
2026-05-10 21:30:00-04:00,29317.0,29353.0,29303.0,29339.25,5944
2026-05-10 22:00:00-04:00,29338.75,29358.0,29322.5,29350.0,4247
2026-05-10 22:30:00-04:00,29350.0,29361.0,29326.75,29337.25,2726
2026-05-10 23:00:00-04:00,29337.5,29341.5,29310.75,29339.25,3852
2026-05-10 23:30:00-04:00,29340.25,29348.25,29322.0,29324.75,2627
2026-05-11 00:00:00-04:00,29324.25,29336.5,29293.0,29330.75,2345
2026-05-11 00:30:00-04:00,29332.0,29344.25,29328.0,29342.25,1195
2026-05-11 01:00:00-04:00,29342.25,29356.25,29329.25,29342.25,2539
2026-05-11 01:30:00-04:00,29342.0,29353.25,29317.5,29321.75,2342
2026-05-11 02:00:00-04:00,29321.5,29354.0,29320.5,29345.75,2527
2026-05-11 02:30:00-04:00,29343.75,29348.25,29300.25,29321.5,3112
2026-05-11 03:00:00-04:00,29322.0,29325.75,29287.5,29311.75,3705
2026-05-11 03:30:00-04:00,29312.75,29330.0,29300.0,29322.5,2515
2026-05-11 04:00:00-04:00,29322.5,29330.75,29267.0,29267.0,4727
2026-05-11 04:30:00-04:00,29267.75,29315.75,29263.25,29298.0,2922
2026-05-11 05:00:00-04:00,29297.0,29336.5,29295.0,29320.25,3137
2026-05-11 05:30:00-04:00,29319.5,29366.0,29315.0,29315.5,5526
2026-05-11 06:00:00-04:00,29315.25,29333.5,29297.75,29312.75,2574
2026-05-11 06:30:00-04:00,29313.25,29315.0,29289.25,29301.25,3293
2026-05-11 07:00:00-04:00,29301.5,29377.75,29300.75,29372.25,5689
2026-05-11 07:30:00-04:00,29373.25,29389.0,29324.25,29347.75,4799
2026-05-11 08:00:00-04:00,29349.0,29353.25,29278.0,29307.75,8003
2026-05-11 08:30:00-04:00,29307.0,29315.0,29259.25,29297.75,9546
2026-05-11 09:00:00-04:00,29297.0,29313.5,29281.75,29305.25,9189
2026-05-11 09:30:00-04:00,29305.25,29434.75,29281.5,29310.25,69241
2026-05-11 10:00:00-04:00,29311.25,29417.75,29274.5,29285.0,39481
2026-05-11 10:30:00-04:00,29286.25,29412.25,29246.75,29391.5,40438
2026-05-11 11:00:00-04:00,29390.75,29429.5,29359.75,29427.0,23092
2026-05-11 11:30:00-04:00,29427.0,29475.25,29405.75,29465.25,27954
2026-05-11 12:00:00-04:00,29465.25,29480.0,29446.25,29465.0,18441
2026-05-11 12:30:00-04:00,29464.5,29477.5,29369.0,29405.0,24703
2026-05-11 13:00:00-04:00,29404.5,29441.0,29377.25,29436.75,18252
2026-05-11 13:30:00-04:00,29436.25,29476.5,29435.5,29441.5,17551
2026-05-11 14:00:00-04:00,29442.0,29475.0,29440.75,29472.0,14324
2026-05-11 14:30:00-04:00,29471.75,29471.75,29386.0,29387.75,18069
2026-05-11 15:00:00-04:00,29388.75,29434.5,29371.25,29382.0,25730
2026-05-11 15:30:00-04:00,29381.75,29431.75,29371.5,29429.25,36612
2026-05-11 16:00:00-04:00,29428.5,29430.0,29314.75,29399.25,15306
2026-05-11 16:30:00-04:00,29398.25,29413.0,29389.5,29400.0,3510
2026-05-11 18:00:00-04:00,29399.0,29438.0,29398.0,29435.5,2531
2026-05-11 18:30:00-04:00,29434.5,29455.75,29433.0,29444.5,2363
2026-05-11 19:00:00-04:00,29446.5,29453.0,29422.0,29451.5,1957
2026-05-11 19:30:00-04:00,29450.0,29454.0,29418.25,29428.25,1773
2026-05-11 20:00:00-04:00,29428.25,29428.25,29353.25,29378.75,5048
2026-05-11 20:30:00-04:00,29378.0,29401.5,29363.75,29378.5,3131
2026-05-11 21:00:00-04:00,29378.5,29392.0,29315.5,29316.5,4125
2026-05-11 21:30:00-04:00,29317.25,29330.75,29227.0,29270.0,11761
2026-05-11 22:00:00-04:00,29270.5,29344.25,29260.0,29333.0,6763
2026-05-11 22:30:00-04:00,29330.75,29365.25,29304.75,29361.25,4154
2026-05-11 23:00:00-04:00,29361.5,29364.0,29322.0,29337.5,2737
2026-05-11 23:30:00-04:00,29339.5,29346.5,29320.25,29323.5,1661
2026-05-12 00:00:00-04:00,29325.25,29337.5,29315.0,29327.5,2163
2026-05-12 00:30:00-04:00,29327.25,29333.5,29282.5,29282.75,2050
2026-05-12 01:00:00-04:00,29282.75,29303.0,29272.0,29297.0,2557
2026-05-12 01:30:00-04:00,29296.5,29298.75,29271.0,29282.5,2086
2026-05-12 02:00:00-04:00,29282.25,29292.25,29246.25,29251.0,2924
2026-05-12 02:30:00-04:00,29253.0,29260.5,29214.0,29219.5,3350
2026-05-12 03:00:00-04:00,29219.25,29254.5,29176.0,29228.0,6883
2026-05-12 03:30:00-04:00,29229.75,29254.5,29229.75,29240.0,2851
2026-05-12 04:00:00-04:00,29240.75,29245.25,29174.0,29218.5,6032
2026-05-12 04:30:00-04:00,29219.25,29225.5,29185.0,29214.0,3787
2026-05-12 05:00:00-04:00,29213.75,29224.75,29175.25,29207.25,4069
2026-05-12 05:30:00-04:00,29208.5,29246.5,29208.5,29221.0,4651
2026-05-12 06:00:00-04:00,29221.5,29250.25,29216.0,29225.0,3010
2026-05-12 06:30:00-04:00,29225.5,29227.5,29184.5,29207.75,3814
2026-05-12 07:00:00-04:00,29207.5,29217.0,29133.0,29162.75,8800
2026-05-12 07:30:00-04:00,29163.0,29184.75,29153.5,29166.25,4334
2026-05-12 08:00:00-04:00,29165.75,29168.75,29121.25,29144.25,6790
2026-05-12 08:30:00-04:00,29159.5,29232.25,29113.0,29224.0,16296
2026-05-12 09:00:00-04:00,29222.75,29237.0,29185.0,29213.25,14270
2026-05-12 09:30:00-04:00,29213.0,29296.0,29109.75,29129.5,84941
2026-05-12 10:00:00-04:00,29129.0,29228.25,29081.0,29085.0,59492
2026-05-12 10:30:00-04:00,29085.75,29127.0,29000.0,29014.25,52709
2026-05-12 11:00:00-04:00,29013.75,29031.0,28856.5,28875.75,50754
2026-05-12 11:30:00-04:00,28875.75,28945.25,28828.5,28839.75,36072
2026-05-12 12:00:00-04:00,28840.0,28913.5,28811.0,28839.0,31450
2026-05-12 12:30:00-04:00,28839.5,28846.5,28742.0,28749.0,33161
2026-05-12 13:00:00-04:00,28749.5,28929.75,28749.0,28888.25,34594
2026-05-12 13:30:00-04:00,28888.75,28929.0,28876.75,28920.5,22675
2026-05-12 14:00:00-04:00,28920.25,29002.5,28911.25,28991.0,28133
2026-05-12 14:30:00-04:00,28990.75,29007.25,28947.5,28956.0,25756
2026-05-12 15:00:00-04:00,28956.25,29064.0,28955.75,29047.5,26056
2026-05-12 15:30:00-04:00,29047.5,29188.25,29047.0,29174.25,48098
2026-05-12 16:00:00-04:00,29174.5,29176.0,29103.0,29123.75,16543
2026-05-12 16:30:00-04:00,29124.0,29151.0,29108.0,29134.25,4043
2026-05-12 18:00:00-04:00,29143.75,29187.0,29133.5,29170.75,3136
2026-05-12 18:30:00-04:00,29169.0,29179.75,29141.25,29142.5,1929
2026-05-12 19:00:00-04:00,29142.0,29158.75,29126.5,29129.5,3128
2026-05-12 19:30:00-04:00,29129.5,29129.5,29077.5,29082.0,4004
2026-05-12 20:00:00-04:00,29081.75,29157.0,29055.5,29122.25,6239
2026-05-12 20:30:00-04:00,29122.25,29148.75,29094.25,29145.25,3391
2026-05-12 21:00:00-04:00,29144.0,29197.0,29142.25,29195.75,4750
2026-05-12 21:30:00-04:00,29194.25,29260.25,29172.5,29214.75,7290
2026-05-12 22:00:00-04:00,29214.75,29240.5,29202.25,29234.25,3801
2026-05-12 22:30:00-04:00,29235.25,29240.0,29211.0,29223.0,1969
2026-05-12 23:00:00-04:00,29222.25,29239.25,29203.25,29237.25,2111
2026-05-12 23:30:00-04:00,29237.0,29264.75,29236.75,29249.0,2933
2026-05-13 00:00:00-04:00,29248.75,29281.25,29244.0,29276.75,2418
2026-05-13 00:30:00-04:00,29276.0,29297.75,29259.5,29287.5,2903
2026-05-13 01:00:00-04:00,29287.0,29310.0,29275.5,29298.0,3312
2026-05-13 01:30:00-04:00,29299.75,29304.0,29285.0,29297.0,1637
2026-05-13 02:00:00-04:00,29296.25,29352.0,29290.75,29315.75,4704
2026-05-13 02:30:00-04:00,29315.0,29327.5,29290.5,29309.0,2601
2026-05-13 03:00:00-04:00,29309.75,29322.75,29289.5,29316.5,3084
2026-05-13 03:30:00-04:00,29316.75,29371.5,29311.75,29370.25,3681
2026-05-13 04:00:00-04:00,29371.25,29447.0,29369.5,29436.25,7353
2026-05-13 04:30:00-04:00,29436.75,29447.0,29401.75,29412.75,3464
2026-05-13 05:00:00-04:00,29412.75,29412.75,29366.75,29388.0,3984
2026-05-13 05:30:00-04:00,29387.25,29426.5,29376.0,29421.0,2894
2026-05-13 06:00:00-04:00,29421.0,29423.25,29381.25,29385.5,3169
2026-05-13 06:30:00-04:00,29387.5,29396.25,29367.5,29384.5,2479
2026-05-13 07:00:00-04:00,29384.25,29394.5,29348.0,29359.5,4305
2026-05-13 07:30:00-04:00,29359.75,29385.0,29354.0,29370.0,3531
2026-05-13 08:00:00-04:00,29369.5,29404.75,29309.25,29360.0,6832
2026-05-13 08:30:00-04:00,29358.75,29360.75,29200.0,29236.25,22445
2026-05-13 09:00:00-04:00,29237.5,29304.75,29236.75,29288.0,11739
2026-05-13 09:30:00-04:00,29286.5,29288.5,29075.0,29169.25,84028
2026-05-13 10:00:00-04:00,29170.25,29268.5,29112.0,29237.25,48943
2026-05-13 10:30:00-04:00,29236.0,29322.0,29218.75,29317.5,35232
2026-05-13 11:00:00-04:00,29317.5,29349.5,29281.5,29311.5,26251
2026-05-13 11:30:00-04:00,29312.0,29386.75,29284.25,29310.0,25736
2026-05-13 12:00:00-04:00,29310.25,29444.75,29299.25,29436.75,26146
2026-05-13 12:30:00-04:00,29436.5,29463.5,29413.25,29447.75,22870
2026-05-13 13:00:00-04:00,29448.0,29496.25,29448.0,29487.25,20285
2026-05-13 13:30:00-04:00,29486.5,29492.0,29442.5,29444.25,13536
2026-05-13 14:00:00-04:00,29445.25,29565.5,29441.5,29550.5,27384
2026-05-13 14:30:00-04:00,29549.75,29555.75,29466.75,29472.25,20422
2026-05-13 15:00:00-04:00,29472.5,29540.0,29471.0,29525.5,18627
2026-05-13 15:30:00-04:00,29526.0,29539.5,29449.5,29476.0,32571
2026-05-13 16:00:00-04:00,29476.0,29523.75,29448.75,29518.25,13071
2026-05-13 16:30:00-04:00,29518.25,29547.0,29518.0,29536.0,3644
2026-05-13 18:00:00-04:00,29537.0,29576.5,29528.0,29558.25,4391
2026-05-13 18:30:00-04:00,29557.25,29609.25,29556.25,29590.25,3661
2026-05-13 19:00:00-04:00,29590.25,29648.5,29590.25,29620.75,5725
2026-05-13 19:30:00-04:00,29619.25,29633.5,29596.75,29631.25,3572
2026-05-13 20:00:00-04:00,29631.75,29657.5,29590.5,29648.75,6733
2026-05-13 20:30:00-04:00,29649.75,29693.0,29649.75,29681.0,6846
2026-05-13 21:00:00-04:00,29680.75,29681.5,29637.25,29679.5,4532
2026-05-13 21:30:00-04:00,29678.0,29682.75,29603.0,29607.75,4343
2026-05-13 22:00:00-04:00,29609.0,29633.0,29600.0,29627.5,2524
2026-05-13 22:30:00-04:00,29625.75,29635.0,29572.0,29587.25,3245
2026-05-13 23:00:00-04:00,29586.75,29610.75,29563.5,29583.0,3218
2026-05-13 23:30:00-04:00,29583.5,29586.5,29521.5,29536.0,4119
2026-05-14 00:00:00-04:00,29535.25,29573.25,29514.0,29566.25,3141
2026-05-14 00:30:00-04:00,29566.25,29598.75,29564.75,29567.5,2668
2026-05-14 01:00:00-04:00,29568.0,29583.5,29535.25,29566.25,2898
2026-05-14 01:30:00-04:00,29568.0,29613.0,29546.25,29603.25,4399
2026-05-14 02:00:00-04:00,29603.75,29640.75,29602.75,29623.75,3740
2026-05-14 02:30:00-04:00,29623.0,29637.75,29603.25,29607.25,2943
2026-05-14 03:00:00-04:00,29608.75,29620.0,29581.25,29600.75,3153
2026-05-14 03:30:00-04:00,29600.75,29633.0,29567.0,29573.5,3186
2026-05-14 04:00:00-04:00,29574.75,29629.75,29548.25,29595.0,5171
2026-05-14 04:30:00-04:00,29593.75,29614.0,29546.5,29576.0,3383
2026-05-14 05:00:00-04:00,29577.25,29589.5,29526.75,29535.75,4110
2026-05-14 05:30:00-04:00,29536.0,29545.5,29480.5,29533.25,4964
2026-05-14 06:00:00-04:00,29532.75,29593.5,29530.25,29547.75,6022
2026-05-14 06:30:00-04:00,29548.0,29567.0,29514.5,29545.0,3854
2026-05-14 07:00:00-04:00,29544.0,29577.25,29508.25,29523.75,4052
2026-05-14 07:30:00-04:00,29524.75,29565.0,29524.5,29540.0,3323
2026-05-14 08:00:00-04:00,29540.0,29575.0,29535.0,29561.0,4110
2026-05-14 08:30:00-04:00,29562.75,29564.75,29476.5,29494.5,8317
2026-05-14 09:00:00-04:00,29494.25,29500.75,29448.25,29476.25,14294
2026-05-14 09:30:00-04:00,29476.25,29684.75,29458.5,29541.75,81717
2026-05-14 10:00:00-04:00,29542.0,29666.5,29533.0,29623.0,51504
2026-05-14 10:30:00-04:00,29622.25,29730.0,29607.0,29674.25,37324
2026-05-14 11:00:00-04:00,29674.75,29773.75,29665.0,29756.75,30660
2026-05-14 11:30:00-04:00,29756.75,29770.0,29727.75,29755.25,23076
2026-05-14 12:00:00-04:00,29756.0,29782.0,29714.5,29727.25,24630
2026-05-14 12:30:00-04:00,29727.5,29743.25,29692.25,29728.0,25075
2026-05-14 13:00:00-04:00,29728.25,29754.5,29595.25,29648.0,39428
2026-05-14 13:30:00-04:00,29648.25,29752.5,29636.75,29731.0,26237
2026-05-14 14:00:00-04:00,29730.75,29730.75,29640.5,29673.5,32485
2026-05-14 14:30:00-04:00,29673.75,29717.75,29655.0,29708.5,18515
2026-05-14 15:00:00-04:00,29709.0,29735.0,29692.5,29698.75,20607
2026-05-14 15:30:00-04:00,29699.5,29735.0,29678.5,29686.75,32343
2026-05-14 16:00:00-04:00,29686.75,29737.75,29674.25,29681.75,12628
2026-05-14 16:30:00-04:00,29681.5,29691.75,29633.75,29688.5,4591
2026-05-14 18:00:00-04:00,29690.0,29718.0,29670.0,29698.75,3722
2026-05-14 18:30:00-04:00,29698.25,29720.5,29697.5,29708.5,1636
2026-05-14 19:00:00-04:00,29708.5,29726.25,29705.75,29724.25,1627
2026-05-14 19:30:00-04:00,29724.5,29734.0,29674.75,29687.5,3072
2026-05-14 20:00:00-04:00,29687.0,29727.0,29655.75,29720.75,4740
2026-05-14 20:30:00-04:00,29721.5,29721.75,29636.5,29684.0,4502
2026-05-14 21:00:00-04:00,29684.25,29691.5,29581.5,29582.25,5717
2026-05-14 21:30:00-04:00,29581.0,29604.5,29512.75,29519.0,7439
2026-05-14 22:00:00-04:00,29519.0,29555.75,29493.75,29525.5,6353
2026-05-14 22:30:00-04:00,29524.0,29600.25,29503.5,29581.0,5473
2026-05-14 23:00:00-04:00,29581.25,29593.5,29563.5,29572.25,2978
2026-05-14 23:30:00-04:00,29570.75,29585.5,29531.25,29563.25,3947
2026-05-15 00:00:00-04:00,29562.25,29563.5,29515.5,29520.5,3188
2026-05-15 00:30:00-04:00,29519.75,29537.0,29445.75,29462.5,5801
2026-05-15 01:00:00-04:00,29462.0,29464.0,29406.5,29437.0,6346
2026-05-15 01:30:00-04:00,29439.0,29439.75,29280.5,29282.5,9114
2026-05-15 02:00:00-04:00,29281.75,29355.25,29248.0,29306.5,12515
2026-05-15 02:30:00-04:00,29307.5,29414.5,29298.25,29404.5,7705
2026-05-15 03:00:00-04:00,29402.5,29469.25,29394.75,29456.0,7117
2026-05-15 03:30:00-04:00,29457.5,29459.25,29376.5,29405.75,6561
2026-05-15 04:00:00-04:00,29406.25,29413.0,29218.0,29228.0,12230
2026-05-15 04:30:00-04:00,29227.5,29301.0,29186.75,29264.25,10303
2026-05-15 05:00:00-04:00,29266.0,29289.25,29190.0,29253.5,7778
2026-05-15 05:30:00-04:00,29252.25,29262.75,29177.0,29223.25,9307
2026-05-15 06:00:00-04:00,29225.5,29317.75,29200.0,29275.75,8375
2026-05-15 06:30:00-04:00,29274.0,29375.5,29245.0,29328.25,12280
2026-05-15 07:00:00-04:00,29328.75,29355.0,29292.25,29305.25,5995
2026-05-15 07:30:00-04:00,29306.25,29318.25,29250.75,29254.5,5830
2026-05-15 08:00:00-04:00,29255.0,29255.5,29168.75,29196.75,12179
2026-05-15 08:30:00-04:00,29197.0,29203.5,29142.5,29190.0,12917
2026-05-15 09:00:00-04:00,29191.0,29288.25,29153.25,29278.25,19765
2026-05-15 09:30:00-04:00,29278.0,29291.0,29089.75,29143.25,93329
2026-05-15 10:00:00-04:00,29144.0,29382.75,29132.0,29291.5,67180
2026-05-15 10:30:00-04:00,29292.25,29360.5,29247.5,29281.25,43786
2026-05-15 11:00:00-04:00,29281.0,29361.0,29240.5,29334.0,34479
2026-05-15 11:30:00-04:00,29333.75,29382.0,29212.0,29281.25,38487
2026-05-15 12:00:00-04:00,29282.0,29336.5,29251.5,29332.25,25657
2026-05-15 12:30:00-04:00,29333.0,29351.0,29279.75,29322.75,21120
2026-05-15 13:00:00-04:00,29323.25,29430.0,29312.0,29417.75,21374
2026-05-15 13:30:00-04:00,29417.75,29453.75,29404.75,29447.25,18698
2026-05-15 14:00:00-04:00,29449.0,29486.75,29376.0,29384.75,28579
2026-05-15 14:30:00-04:00,29385.5,29407.0,29316.0,29389.75,23634
2026-05-15 15:00:00-04:00,29389.5,29398.25,29283.75,29291.25,22689
2026-05-15 15:30:00-04:00,29289.75,29340.25,29208.25,29231.25,43555
2026-05-15 16:00:00-04:00,29230.5,29233.75,29111.0,29176.0,24663
2026-05-15 16:30:00-04:00,29175.75,29198.75,29160.5,29173.0,5441
2026-05-17 18:00:00-04:00,29135.0,29283.75,29110.0,29222.25,9826
2026-05-17 18:30:00-04:00,29223.75,29274.5,29197.5,29232.75,6473
2026-05-17 19:00:00-04:00,29233.0,29248.5,29127.0,29140.0,8794
2026-05-17 19:30:00-04:00,29139.0,29165.0,29011.75,29119.0,12080
2026-05-17 20:00:00-04:00,29116.75,29145.0,28937.5,29011.75,17490
2026-05-17 20:30:00-04:00,29011.5,29039.0,28945.5,29033.75,9761
2026-05-17 21:00:00-04:00,29033.25,29051.0,28938.75,28958.25,8403
2026-05-17 21:30:00-04:00,28957.75,29049.0,28926.0,29023.25,7929
2026-05-17 22:00:00-04:00,29021.5,29093.5,28991.0,29090.0,6538
2026-05-17 22:30:00-04:00,29089.75,29092.75,28996.5,29010.75,4866
2026-05-17 23:00:00-04:00,29011.75,29062.0,29008.25,29038.75,3977
2026-05-17 23:30:00-04:00,29039.5,29071.25,29003.75,29055.5,3403
2026-05-18 00:00:00-04:00,29056.0,29116.5,29022.0,29028.25,4831
2026-05-18 00:30:00-04:00,29028.0,29086.25,29020.0,29051.0,3709
2026-05-18 01:00:00-04:00,29051.25,29097.25,29021.25,29063.25,3648
2026-05-18 01:30:00-04:00,29064.75,29087.5,29040.0,29043.25,4388
2026-05-18 02:00:00-04:00,29042.0,29057.5,29000.75,29003.0,5225
2026-05-18 02:30:00-04:00,29005.75,29113.0,28990.5,29111.5,6394
2026-05-18 03:00:00-04:00,29111.75,29154.25,29060.0,29150.75,7040
2026-05-18 03:30:00-04:00,29150.25,29175.75,29069.0,29121.0,9463
2026-05-18 04:00:00-04:00,29121.75,29225.25,29121.75,29222.0,8404
2026-05-18 04:30:00-04:00,29221.25,29242.5,29187.5,29241.0,6056
2026-05-18 05:00:00-04:00,29240.75,29249.25,29183.25,29202.75,3685
2026-05-18 05:30:00-04:00,29204.0,29213.25,29169.0,29189.0,5462
2026-05-18 06:00:00-04:00,29190.0,29195.75,29116.5,29134.5,4606
2026-05-18 06:30:00-04:00,29136.0,29144.5,29080.25,29120.0,4541
2026-05-18 07:00:00-04:00,29120.25,29130.0,29052.0,29090.25,6315
2026-05-18 07:30:00-04:00,29090.0,29274.25,29087.5,29177.5,17294
2026-05-18 08:00:00-04:00,29178.75,29238.25,29171.75,29201.5,7683
2026-05-18 08:30:00-04:00,29201.75,29419.75,29187.0,29408.0,26124
2026-05-18 09:00:00-04:00,29408.25,29419.0,29333.75,29338.0,19565
2026-05-18 09:30:00-04:00,29338.5,29356.25,29135.0,29243.75,87995
2026-05-18 10:00:00-04:00,29242.5,29299.0,29129.0,29153.25,60065
2026-05-18 10:30:00-04:00,29154.0,29175.75,28970.75,29082.5,65017
2026-05-18 11:00:00-04:00,29082.25,29126.25,28956.25,28960.75,44520
2026-05-18 11:30:00-04:00,28960.25,29065.25,28941.5,28997.25,32604
2026-05-18 12:00:00-04:00,28996.25,29074.0,28859.25,28878.5,39075
2026-05-18 12:30:00-04:00,28877.75,29045.5,28842.5,29006.0,37145
2026-05-18 13:00:00-04:00,29004.75,29038.0,28966.25,29009.5,22715
2026-05-18 13:30:00-04:00,29009.75,29029.75,28959.75,29014.0,21405
2026-05-18 14:00:00-04:00,29014.25,29020.5,28834.75,28892.5,33921
2026-05-18 14:30:00-04:00,28892.75,28915.0,28814.75,28840.0,27356
2026-05-18 15:00:00-04:00,28842.25,29070.25,28837.75,28922.5,54515
2026-05-18 15:30:00-04:00,28923.0,29114.0,28913.25,29098.75,44271
2026-05-18 16:00:00-04:00,29098.75,29110.0,29068.5,29086.25,10946
2026-05-18 16:30:00-04:00,29086.5,29094.5,29072.0,29076.0,2698
2026-05-18 18:00:00-04:00,29100.0,29164.25,29090.25,29158.0,5736
2026-05-18 18:30:00-04:00,29158.0,29173.5,29132.5,29158.0,3004
2026-05-18 19:00:00-04:00,29158.0,29185.0,29144.0,29162.5,4054
2026-05-18 19:30:00-04:00,29160.5,29164.25,29114.25,29134.75,2885
2026-05-18 20:00:00-04:00,29134.5,29188.5,29086.5,29162.25,7520
2026-05-18 20:30:00-04:00,29162.5,29173.25,29076.25,29084.0,4402
2026-05-18 21:00:00-04:00,29080.75,29097.5,28989.5,29022.5,6678
2026-05-18 21:30:00-04:00,29022.5,29079.5,28997.25,29013.5,4397
2026-05-18 22:00:00-04:00,29012.5,29012.5,28929.75,28973.25,6376
2026-05-18 22:30:00-04:00,28971.5,29014.5,28964.0,28972.0,3560
2026-05-18 23:00:00-04:00,28971.5,29013.75,28944.75,29009.25,2773
2026-05-18 23:30:00-04:00,29009.0,29038.0,28981.75,28989.75,2823
2026-05-19 00:00:00-04:00,28991.0,28991.0,28905.0,28927.25,4303
2026-05-19 00:30:00-04:00,28928.25,28974.0,28923.75,28963.5,3810
2026-05-19 01:00:00-04:00,28964.25,28982.0,28885.0,28957.75,4839
2026-05-19 01:30:00-04:00,28958.75,28970.0,28920.5,28935.0,3376
2026-05-19 02:00:00-04:00,28936.25,28996.0,28905.0,28983.5,4947
2026-05-19 02:30:00-04:00,28983.25,29021.75,28965.75,29020.5,3801
2026-05-19 03:00:00-04:00,29020.75,29084.25,29005.75,29061.75,4790
2026-05-19 03:30:00-04:00,29061.75,29125.25,29042.0,29102.75,4788
2026-05-19 04:00:00-04:00,29103.25,29117.0,28973.75,28989.75,6311
2026-05-19 04:30:00-04:00,28989.0,29033.5,28983.25,29005.75,3676
2026-05-19 05:00:00-04:00,29004.75,29005.5,28893.0,28901.5,5042
2026-05-19 05:30:00-04:00,28903.5,28930.25,28836.0,28915.25,8541
2026-05-19 06:00:00-04:00,28914.5,28922.0,28875.0,28903.25,3960
2026-05-19 06:30:00-04:00,28903.75,28931.0,28840.0,28923.75,9367
2026-05-19 07:00:00-04:00,28923.25,28950.75,28894.5,28911.5,5306
2026-05-19 07:30:00-04:00,28911.5,28942.0,28853.75,28853.75,5140
2026-05-19 08:00:00-04:00,28854.5,28889.25,28831.0,28867.75,8456
2026-05-19 08:30:00-04:00,28866.75,28937.75,28857.75,28912.75,7852
2026-05-19 09:00:00-04:00,28912.25,28925.75,28802.75,28849.5,20102
2026-05-19 09:30:00-04:00,28850.25,29068.0,28850.25,28938.75,95344
2026-05-19 10:00:00-04:00,28938.0,28944.0,28663.0,28711.75,85232
2026-05-19 10:30:00-04:00,28711.5,28807.0,28675.0,28804.0,49598
2026-05-19 11:00:00-04:00,28803.75,28860.0,28726.0,28770.75,37900
2026-05-19 11:30:00-04:00,28770.5,28877.75,28757.75,28815.75,30806
2026-05-19 12:00:00-04:00,28818.0,28922.75,28791.5,28910.75,28178
2026-05-19 12:30:00-04:00,28908.0,29034.75,28902.25,29021.75,28854
2026-05-19 13:00:00-04:00,29022.5,29126.5,29011.0,29082.0,31734
2026-05-19 13:30:00-04:00,29082.25,29119.0,29007.0,29068.75,24358
2026-05-19 14:00:00-04:00,29069.25,29101.75,29006.75,29023.5,21528
2026-05-19 14:30:00-04:00,29023.75,29061.5,28941.75,28959.5,23114
2026-05-19 15:00:00-04:00,28959.75,29059.75,28924.5,28977.5,26602
2026-05-19 15:30:00-04:00,28977.25,29004.0,28867.0,28924.5,36815
2026-05-19 16:00:00-04:00,28924.5,28941.5,28897.0,28908.5,10391
2026-05-19 16:30:00-04:00,28908.5,28911.0,28887.5,28899.25,2920
2026-05-19 18:00:00-04:00,28929.75,28956.5,28863.25,28877.75,5572
2026-05-19 18:30:00-04:00,28877.0,28914.25,28869.0,28911.5,3425
2026-05-19 19:00:00-04:00,28910.5,28974.0,28904.0,28970.0,3085
2026-05-19 19:30:00-04:00,28970.0,29024.25,28945.0,28950.0,3936
2026-05-19 20:00:00-04:00,28950.0,28950.5,28797.25,28892.75,9700
2026-05-19 20:30:00-04:00,28894.25,28971.5,28891.25,28938.75,7034
2026-05-19 21:00:00-04:00,28939.5,28984.75,28900.0,28909.5,5254
2026-05-19 21:30:00-04:00,28909.5,28999.0,28858.25,28980.25,6425
2026-05-19 22:00:00-04:00,28982.0,29017.25,28957.0,28957.0,3705
2026-05-19 22:30:00-04:00,28956.25,28958.0,28866.25,28884.75,5732
2026-05-19 23:00:00-04:00,28884.75,28890.0,28839.0,28882.25,3719
2026-05-19 23:30:00-04:00,28883.0,28914.0,28858.25,28895.5,2637
2026-05-20 00:00:00-04:00,28898.5,28949.5,28898.5,28928.0,2361
2026-05-20 00:30:00-04:00,28929.25,28930.75,28870.5,28882.25,1679
2026-05-20 01:00:00-04:00,28885.0,28941.25,28885.0,28912.0,2543
2026-05-20 01:30:00-04:00,28914.0,28982.5,28914.0,28955.0,3645
2026-05-20 02:00:00-04:00,28952.5,29026.75,28950.75,29011.25,3619
2026-05-20 02:30:00-04:00,29012.5,29039.75,28981.75,29038.75,2635
2026-05-20 03:00:00-04:00,29039.5,29065.0,29023.5,29054.75,3145
2026-05-20 03:30:00-04:00,29054.0,29058.5,29014.25,29027.25,3140
2026-05-20 04:00:00-04:00,29027.5,29095.0,29024.0,29092.75,4538
2026-05-20 04:30:00-04:00,29094.75,29136.75,29087.0,29099.25,4671
2026-05-20 05:00:00-04:00,29095.75,29100.5,29066.75,29083.75,2376
2026-05-20 05:30:00-04:00,29085.0,29149.75,29084.25,29124.0,3231
2026-05-20 06:00:00-04:00,29124.75,29155.75,29118.0,29124.25,2995
2026-05-20 06:30:00-04:00,29125.5,29157.75,29103.5,29109.0,3719
2026-05-20 07:00:00-04:00,29110.0,29129.0,29091.25,29118.25,2854
2026-05-20 07:30:00-04:00,29119.25,29127.5,29063.5,29080.75,3995
2026-05-20 08:00:00-04:00,29081.75,29161.25,29073.25,29146.5,5677
2026-05-20 08:30:00-04:00,29147.5,29169.25,29103.0,29104.5,8907
2026-05-20 09:00:00-04:00,29103.75,29117.75,29056.5,29073.75,11531
2026-05-20 09:30:00-04:00,29073.5,29194.75,29023.25,29100.5,83012
2026-05-20 10:00:00-04:00,29100.75,29233.75,29008.5,29209.75,66679
2026-05-20 10:30:00-04:00,29208.75,29279.5,29173.0,29261.5,42134
2026-05-20 11:00:00-04:00,29261.5,29395.5,29230.75,29292.25,44386
2026-05-20 11:30:00-04:00,29293.5,29358.75,29289.0,29331.5,24003
2026-05-20 12:00:00-04:00,29331.5,29337.5,29210.0,29235.75,24646
2026-05-20 12:30:00-04:00,29236.25,29296.25,29221.0,29261.75,26532
2026-05-20 13:00:00-04:00,29263.0,29306.0,29229.0,29294.5,18879
2026-05-20 13:30:00-04:00,29295.25,29326.0,29273.75,29301.25,15246
2026-05-20 14:00:00-04:00,29302.5,29326.0,29275.25,29305.5,15125
2026-05-20 14:30:00-04:00,29306.25,29345.0,29288.25,29300.5,15114
2026-05-20 15:00:00-04:00,29301.25,29349.75,29298.25,29340.25,16137
2026-05-20 15:30:00-04:00,29340.75,29396.75,29326.75,29396.25,33391
2026-05-20 16:00:00-04:00,29396.25,29397.5,29247.25,29373.75,21751
2026-05-20 16:30:00-04:00,29373.0,29379.0,29252.25,29278.5,10036
2026-05-20 18:00:00-04:00,29253.0,29278.5,29113.0,29172.0,7814
2026-05-20 18:30:00-04:00,29169.5,29192.0,29157.25,29191.5,2682
2026-05-20 19:00:00-04:00,29191.75,29225.0,29164.0,29181.5,3097
2026-05-20 19:30:00-04:00,29180.5,29209.0,29173.5,29192.25,2045
2026-05-20 20:00:00-04:00,29193.0,29220.0,29171.0,29194.75,3701
2026-05-20 20:30:00-04:00,29194.75,29232.5,29182.0,29222.0,2778
2026-05-20 21:00:00-04:00,29221.75,29295.5,29221.75,29271.0,4018
2026-05-20 21:30:00-04:00,29269.5,29320.5,29262.75,29313.25,3611
2026-05-20 22:00:00-04:00,29315.0,29377.25,29312.5,29356.0,3541
2026-05-20 22:30:00-04:00,29355.5,29358.25,29319.0,29329.0,2758
2026-05-20 23:00:00-04:00,29329.75,29366.25,29325.25,29359.75,1970
2026-05-20 23:30:00-04:00,29359.25,29381.5,29350.75,29360.75,1950
2026-05-21 00:00:00-04:00,29362.75,29414.75,29360.0,29408.25,2416
2026-05-21 00:30:00-04:00,29407.0,29428.75,29380.5,29418.25,2393
2026-05-21 01:00:00-04:00,29420.75,29439.75,29390.5,29397.0,2531
2026-05-21 01:30:00-04:00,29398.0,29398.75,29298.0,29368.0,4477
2026-05-21 02:00:00-04:00,29366.25,29393.5,29340.25,29366.5,3938
2026-05-21 02:30:00-04:00,29366.0,29376.75,29280.0,29300.25,3493
2026-05-21 03:00:00-04:00,29299.0,29305.0,29200.0,29258.0,6372
2026-05-21 03:30:00-04:00,29257.5,29333.25,29253.5,29321.25,3553
2026-05-21 04:00:00-04:00,29321.5,29464.5,29311.25,29415.5,8527
2026-05-21 04:30:00-04:00,29413.75,29416.5,29349.25,29373.25,3613
2026-05-21 05:00:00-04:00,29374.0,29429.75,29367.0,29418.75,3135
2026-05-21 05:30:00-04:00,29419.0,29429.0,29373.25,29380.25,2251
2026-05-21 06:00:00-04:00,29381.5,29393.0,29242.5,29272.0,5953
2026-05-21 06:30:00-04:00,29274.0,29296.75,29192.25,29246.5,8068
2026-05-21 07:00:00-04:00,29247.25,29293.75,29204.0,29276.0,6084
2026-05-21 07:30:00-04:00,29276.0,29286.75,29239.0,29253.25,3361
2026-05-21 08:00:00-04:00,29252.75,29268.0,29219.5,29241.75,5347
2026-05-21 08:30:00-04:00,29244.25,29292.75,29185.5,29194.0,12048
2026-05-21 09:00:00-04:00,29193.5,29244.0,29180.0,29215.5,14431
2026-05-21 09:30:00-04:00,29217.25,29315.0,29174.0,29288.25,75754
2026-05-21 10:00:00-04:00,29287.5,29340.0,29127.0,29190.0,59388
2026-05-21 10:30:00-04:00,29189.25,29255.75,29166.0,29235.75,39338
2026-05-21 11:00:00-04:00,29235.5,29263.5,29139.0,29234.75,37654
2026-05-21 11:30:00-04:00,29234.5,29304.5,29175.5,29266.25,25791
2026-05-21 12:00:00-04:00,29267.0,29310.5,29215.25,29247.75,19847
2026-05-21 12:30:00-04:00,29247.25,29273.75,29207.75,29257.75,13764
2026-05-21 13:00:00-04:00,29258.75,29478.25,29258.25,29412.75,42441
2026-05-21 13:30:00-04:00,29412.5,29554.0,29407.25,29497.25,27153
2026-05-21 14:00:00-04:00,29497.0,29521.5,29428.0,29459.0,24270
2026-05-21 14:30:00-04:00,29459.75,29469.5,29293.25,29337.0,31140
2026-05-21 15:00:00-04:00,29338.5,29439.25,29335.25,29427.5,21577
2026-05-21 15:30:00-04:00,29428.0,29466.0,29399.0,29446.25,32644
2026-05-21 16:00:00-04:00,29446.25,29471.0,29433.75,29447.0,8419
2026-05-21 16:30:00-04:00,29447.75,29464.25,29445.0,29455.5,2315
2026-05-21 18:00:00-04:00,29444.0,29520.75,29444.0,29505.75,3711
2026-05-21 18:30:00-04:00,29505.25,29543.75,29486.75,29537.75,3104
2026-05-21 19:00:00-04:00,29538.5,29553.0,29534.5,29539.0,1658
2026-05-21 19:30:00-04:00,29539.5,29584.75,29534.5,29550.5,3456
2026-05-21 20:00:00-04:00,29550.75,29599.5,29534.5,29572.0,5571
2026-05-21 20:30:00-04:00,29572.25,29603.5,29564.75,29566.0,3305
2026-05-21 21:00:00-04:00,29563.5,29578.75,29537.0,29545.0,3467
2026-05-21 21:30:00-04:00,29543.0,29553.5,29491.0,29529.5,3895
2026-05-21 22:00:00-04:00,29530.0,29543.0,29504.25,29512.5,2768
2026-05-21 22:30:00-04:00,29511.5,29556.75,29509.25,29549.75,2030
2026-05-21 23:00:00-04:00,29548.5,29553.25,29527.75,29545.0,1515
2026-05-21 23:30:00-04:00,29545.25,29573.25,29545.25,29572.25,1269
2026-05-22 00:00:00-04:00,29572.75,29593.5,29572.75,29588.5,1886
2026-05-22 00:30:00-04:00,29588.75,29598.0,29564.5,29592.5,1746
2026-05-22 01:00:00-04:00,29592.5,29606.25,29573.25,29587.25,2024
2026-05-22 01:30:00-04:00,29585.75,29595.25,29534.75,29547.0,3127
2026-05-22 02:00:00-04:00,29545.25,29574.0,29533.25,29562.0,3034
2026-05-22 02:30:00-04:00,29565.25,29593.25,29552.5,29563.75,2431
2026-05-22 03:00:00-04:00,29562.25,29580.5,29528.75,29573.75,3305
2026-05-22 03:30:00-04:00,29575.25,29587.5,29532.25,29583.75,2616
2026-05-22 04:00:00-04:00,29584.0,29665.25,29582.75,29634.5,5874
2026-05-22 04:30:00-04:00,29633.0,29635.5,29562.75,29565.25,4378
2026-05-22 05:00:00-04:00,29564.25,29566.0,29486.0,29496.5,5017
2026-05-22 05:30:00-04:00,29497.5,29549.75,29477.0,29527.25,4200
2026-05-22 06:00:00-04:00,29527.0,29527.25,29449.0,29454.5,4449
2026-05-22 06:30:00-04:00,29455.0,29478.75,29436.0,29465.5,2703
2026-05-22 07:00:00-04:00,29464.75,29496.0,29452.75,29470.75,3107
2026-05-22 07:30:00-04:00,29470.0,29527.75,29462.0,29509.5,3462
2026-05-22 08:00:00-04:00,29508.25,29584.75,29495.75,29549.5,8547
2026-05-22 08:30:00-04:00,29549.75,29595.75,29545.0,29593.75,6196
2026-05-22 09:00:00-04:00,29594.25,29603.75,29548.5,29580.75,12997
2026-05-22 09:30:00-04:00,29580.0,29715.5,29551.25,29643.0,66238
2026-05-22 10:00:00-04:00,29640.5,29642.0,29490.25,29564.25,47116
2026-05-22 10:30:00-04:00,29563.75,29655.0,29553.0,29647.25,29641
2026-05-22 11:00:00-04:00,29647.0,29708.75,29644.5,29708.5,25923
2026-05-22 11:30:00-04:00,29708.0,29713.75,29660.0,29687.5,18634
2026-05-22 12:00:00-04:00,29687.0,29694.75,29640.25,29666.0,17653
2026-05-22 12:30:00-04:00,29666.5,29677.5,29632.5,29671.5,15864
2026-05-22 13:00:00-04:00,29671.75,29737.25,29645.0,29736.75,24610
2026-05-22 13:30:00-04:00,29736.5,29749.0,29661.5,29678.5,20028
2026-05-22 14:00:00-04:00,29679.25,29688.75,29646.0,29660.5,13734
2026-05-22 14:30:00-04:00,29661.0,29674.25,29624.0,29650.25,16553
2026-05-22 15:00:00-04:00,29650.5,29664.5,29543.25,29551.0,24636
2026-05-22 15:30:00-04:00,29551.5,29588.5,29532.0,29552.5,30829
2026-05-22 16:00:00-04:00,29552.5,29580.75,29540.0,29548.5,9417
2026-05-22 16:30:00-04:00,29549.0,29552.0,29502.25,29520.75,5218
2026-05-24 18:00:00-04:00,29676.25,29786.0,29676.25,29774.0,8640
2026-05-24 18:30:00-04:00,29775.5,29825.5,29774.5,29808.5,3904
2026-05-24 19:00:00-04:00,29807.5,29831.75,29805.25,29811.75,2917
2026-05-24 19:30:00-04:00,29812.0,29883.0,29812.0,29842.5,4780
2026-05-24 20:00:00-04:00,29842.25,29892.0,29826.25,29884.5,3960
2026-05-24 20:30:00-04:00,29884.5,29935.75,29883.75,29914.75,5161
2026-05-24 21:00:00-04:00,29915.25,29929.75,29906.0,29927.0,3044
2026-05-24 21:30:00-04:00,29927.25,29949.0,29921.0,29924.75,2631
2026-05-24 22:00:00-04:00,29925.75,29935.0,29905.0,29914.5,2233
2026-05-24 22:30:00-04:00,29915.0,29960.75,29903.0,29957.0,2953
2026-05-24 23:00:00-04:00,29958.0,29988.0,29955.5,29965.5,5149
2026-05-24 23:30:00-04:00,29966.75,29975.0,29957.0,29962.5,1628
2026-05-25 00:00:00-04:00,29962.25,29977.0,29962.0,29969.5,1118
2026-05-25 00:30:00-04:00,29968.5,29987.5,29961.0,29974.5,1393
2026-05-25 01:00:00-04:00,29974.0,29995.0,29973.0,29983.0,1824
2026-05-25 01:30:00-04:00,29983.0,29993.75,29968.25,29969.25,1391
2026-05-25 02:00:00-04:00,29968.25,29981.0,29950.0,29967.75,2277
2026-05-25 02:30:00-04:00,29968.25,29985.0,29960.0,29967.5,1894
2026-05-25 03:00:00-04:00,29968.25,29973.0,29889.5,29930.0,5117
2026-05-25 03:30:00-04:00,29931.0,29987.75,29927.0,29972.25,3652
2026-05-25 04:00:00-04:00,29971.75,29974.5,29927.0,29933.25,2395
2026-05-25 04:30:00-04:00,29935.5,29964.25,29927.5,29962.75,1170
2026-05-25 05:00:00-04:00,29963.25,29976.75,29957.25,29962.75,1076
2026-05-25 05:30:00-04:00,29962.25,29972.25,29954.25,29956.25,961
2026-05-25 06:00:00-04:00,29955.75,29971.0,29947.0,29962.5,1096
2026-05-25 06:30:00-04:00,29962.0,29974.75,29957.5,29973.0,759
2026-05-25 07:00:00-04:00,29971.75,29983.5,29965.5,29977.5,974
2026-05-25 07:30:00-04:00,29976.5,29989.25,29970.0,29972.25,1647
2026-05-25 08:00:00-04:00,29972.25,29990.0,29960.0,29965.5,2387
2026-05-25 08:30:00-04:00,29965.0,29968.0,29936.75,29941.5,2794
2026-05-25 09:00:00-04:00,29941.25,29955.5,29937.75,29940.5,1911
2026-05-25 09:30:00-04:00,29940.5,29993.75,29939.75,29993.5,7497
2026-05-25 10:00:00-04:00,29992.75,29993.75,29940.0,29942.25,7061
2026-05-25 10:30:00-04:00,29943.0,29945.5,29910.0,29929.0,6917
2026-05-25 11:00:00-04:00,29928.75,29990.75,29925.0,29934.25,10727
2026-05-25 11:30:00-04:00,29933.75,29941.0,29915.5,29922.5,3991
2026-05-25 12:00:00-04:00,29923.0,29936.25,29913.0,29924.0,2760
2026-05-25 12:30:00-04:00,29923.75,29966.75,29920.0,29962.5,3371
2026-05-25 18:00:00-04:00,29962.0,29977.0,29910.25,29939.5,5116
2026-05-25 18:30:00-04:00,29936.5,29936.5,29881.25,29891.0,4432
2026-05-25 19:00:00-04:00,29889.0,29901.0,29834.25,29840.75,4209
2026-05-25 19:30:00-04:00,29840.0,29898.75,29836.5,29879.25,3502
2026-05-25 20:00:00-04:00,29879.5,29880.5,29800.5,29844.0,6615
2026-05-25 20:30:00-04:00,29843.0,29856.25,29808.0,29821.5,3402
2026-05-25 21:00:00-04:00,29820.75,29836.0,29794.0,29802.0,4168
2026-05-25 21:30:00-04:00,29802.5,29817.25,29770.25,29811.75,4948
2026-05-25 22:00:00-04:00,29814.5,29829.0,29797.0,29813.75,2201
2026-05-25 22:30:00-04:00,29814.25,29825.5,29801.25,29817.75,1732
2026-05-25 23:00:00-04:00,29818.25,29826.25,29802.25,29825.25,1792
2026-05-25 23:30:00-04:00,29825.5,29828.5,29804.0,29819.5,1354
2026-05-26 00:00:00-04:00,29821.0,29829.0,29805.5,29813.0,1245
2026-05-26 00:30:00-04:00,29813.0,29823.0,29793.0,29800.5,1657
2026-05-26 01:00:00-04:00,29800.0,29812.5,29782.5,29807.25,1538
2026-05-26 01:30:00-04:00,29807.0,29816.5,29793.75,29806.0,1327
2026-05-26 02:00:00-04:00,29807.0,29845.25,29798.75,29816.5,3289
2026-05-26 02:30:00-04:00,29817.25,29842.5,29810.0,29826.25,1932
2026-05-26 03:00:00-04:00,29825.25,29830.0,29760.0,29771.5,4498
2026-05-26 03:30:00-04:00,29772.25,29796.25,29744.0,29773.0,3591
2026-05-26 04:00:00-04:00,29774.5,29793.0,29758.0,29790.25,2147
2026-05-26 04:30:00-04:00,29789.5,29811.0,29773.0,29808.75,2262
2026-05-26 05:00:00-04:00,29809.0,29843.75,29805.0,29839.5,2587
2026-05-26 05:30:00-04:00,29839.5,29850.5,29830.25,29847.0,1846
2026-05-26 06:00:00-04:00,29848.25,29906.0,29844.0,29897.5,3925
2026-05-26 06:30:00-04:00,29898.0,29915.0,29854.25,29854.25,3772
2026-05-26 07:00:00-04:00,29855.75,29866.75,29840.0,29859.5,3659
2026-05-26 07:30:00-04:00,29858.5,29874.25,29818.0,29865.75,4260
2026-05-26 08:00:00-04:00,29864.0,29902.5,29851.0,29898.0,5065
2026-05-26 08:30:00-04:00,29897.75,29930.5,29891.0,29920.5,5479
2026-05-26 09:00:00-04:00,29920.0,29929.0,29888.5,29902.5,9320
2026-05-26 09:30:00-04:00,29902.0,30007.0,29826.75,30006.75,79503
2026-05-26 10:00:00-04:00,30007.0,30084.0,29976.0,30067.75,42608
2026-05-26 10:30:00-04:00,30067.5,30118.75,30053.0,30054.75,34886
2026-05-26 11:00:00-04:00,30055.5,30066.75,29992.5,29999.25,41246
2026-05-26 11:30:00-04:00,29999.0,30007.5,29886.0,29927.25,39205
2026-05-26 12:00:00-04:00,29926.75,29992.5,29921.75,29992.25,25702
2026-05-26 12:30:00-04:00,29992.0,30015.5,29948.0,29974.75,22700
2026-05-26 13:00:00-04:00,29975.5,30002.25,29954.5,29969.25,18323
2026-05-26 13:30:00-04:00,29970.0,30013.25,29958.5,29996.75,16300
2026-05-26 14:00:00-04:00,29996.5,30054.25,29982.0,30046.0,18446
2026-05-26 14:30:00-04:00,30046.0,30060.75,30008.75,30014.5,17878
2026-05-26 15:00:00-04:00,30014.0,30062.5,30005.75,30053.0,16959
2026-05-26 15:30:00-04:00,30052.75,30112.0,30051.5,30079.75,37288
2026-05-26 16:00:00-04:00,30079.5,30084.0,30055.5,30061.25,11454
2026-05-26 16:30:00-04:00,30061.5,30070.0,30031.5,30044.25,3464
2026-05-26 18:00:00-04:00,30050.0,30077.25,30030.75,30043.75,4027
2026-05-26 18:30:00-04:00,30044.5,30062.75,30028.5,30039.75,2108
2026-05-26 19:00:00-04:00,30040.0,30076.5,30039.25,30075.0,2385
2026-05-26 19:30:00-04:00,30074.75,30104.25,30064.25,30099.5,3070
2026-05-26 20:00:00-04:00,30098.0,30115.0,30071.0,30097.25,4781
2026-05-26 20:30:00-04:00,30097.5,30137.0,30093.0,30129.0,5528
2026-05-26 21:00:00-04:00,30129.75,30159.25,30115.0,30150.0,4517
2026-05-26 21:30:00-04:00,30150.25,30153.75,30116.0,30122.25,3238
2026-05-26 22:00:00-04:00,30125.0,30153.25,30120.75,30146.0,2383
2026-05-26 22:30:00-04:00,30145.75,30159.0,30136.25,30138.25,2655
2026-05-26 23:00:00-04:00,30138.0,30155.0,30120.25,30127.0,2498
2026-05-26 23:30:00-04:00,30127.75,30132.0,30093.75,30097.25,2459
2026-05-27 00:00:00-04:00,30097.0,30123.75,30076.5,30079.0,3025
2026-05-27 00:30:00-04:00,30077.75,30121.25,30074.75,30105.5,1926
2026-05-27 01:00:00-04:00,30105.25,30120.5,30076.25,30100.75,2575
2026-05-27 01:30:00-04:00,30101.25,30109.5,30067.75,30103.5,2573
2026-05-27 02:00:00-04:00,30103.5,30110.75,30076.0,30081.5,2377
2026-05-27 02:30:00-04:00,30083.25,30088.0,30055.75,30075.75,3259
2026-05-27 03:00:00-04:00,30076.5,30130.0,30076.25,30124.75,3783
2026-05-27 03:30:00-04:00,30126.5,30144.0,30112.5,30140.25,2831
2026-05-27 04:00:00-04:00,30141.0,30217.0,30130.25,30208.5,6686
2026-05-27 04:30:00-04:00,30208.5,30217.75,30190.5,30195.5,3302
2026-05-27 05:00:00-04:00,30197.25,30199.75,30173.25,30188.5,3477
2026-05-27 05:30:00-04:00,30188.75,30213.5,30179.0,30213.25,2819
2026-05-27 06:00:00-04:00,30214.0,30248.5,30212.5,30231.75,3710
2026-05-27 06:30:00-04:00,30231.75,30240.75,30212.25,30235.5,2467
2026-05-27 07:00:00-04:00,30236.0,30291.5,30235.25,30270.25,6421
2026-05-27 07:30:00-04:00,30269.25,30297.0,30262.25,30264.75,5341
2026-05-27 08:00:00-04:00,30265.25,30379.0,30243.25,30353.75,17245
2026-05-27 08:30:00-04:00,30355.25,30357.0,30256.25,30261.25,11782
2026-05-27 09:00:00-04:00,30260.75,30271.0,30185.75,30188.25,15092
2026-05-27 09:30:00-04:00,30187.5,30192.0,29937.0,30059.75,104033
2026-05-27 10:00:00-04:00,30060.75,30099.25,29888.25,29916.0,69994
2026-05-27 10:30:00-04:00,29916.75,30024.0,29877.5,29940.75,49449
2026-05-27 11:00:00-04:00,29940.5,29977.75,29883.25,29951.5,34069
2026-05-27 11:30:00-04:00,29952.0,29981.25,29882.5,29936.0,34668
2026-05-27 12:00:00-04:00,29934.75,30017.0,29917.25,29991.75,26905
2026-05-27 12:30:00-04:00,29990.75,30048.25,29973.25,29988.0,21493
2026-05-27 13:00:00-04:00,29989.75,29997.25,29894.75,29956.25,25264
2026-05-27 13:30:00-04:00,29956.75,29994.75,29942.25,29972.5,17653
2026-05-27 14:00:00-04:00,29972.5,30054.25,29963.0,30053.5,18799
2026-05-27 14:30:00-04:00,30053.25,30060.25,30023.0,30038.75,18560
2026-05-27 15:00:00-04:00,30039.0,30062.25,30009.5,30027.25,16372
2026-05-27 15:30:00-04:00,30027.0,30072.0,30025.25,30047.25,29602
2026-05-27 16:00:00-04:00,30047.5,30114.25,30031.0,30093.5,12714
2026-05-27 16:30:00-04:00,30093.5,30129.5,30092.0,30125.25,5099
2026-05-27 18:00:00-04:00,30120.0,30136.25,30047.75,30047.75,5372
2026-05-27 18:30:00-04:00,30047.5,30068.5,30026.5,30061.5,3570
2026-05-27 19:00:00-04:00,30061.5,30080.0,30028.5,30041.5,3491
2026-05-27 19:30:00-04:00,30041.5,30041.75,29966.75,29979.0,4682
2026-05-27 20:00:00-04:00,29978.0,30018.5,29963.25,30007.75,5381
2026-05-27 20:30:00-04:00,30008.5,30090.0,29980.75,30070.5,4290
2026-05-27 21:00:00-04:00,30073.25,30080.25,30037.25,30058.25,3107
2026-05-27 21:30:00-04:00,30060.25,30077.0,30034.0,30071.0,2823
2026-05-27 22:00:00-04:00,30071.25,30079.5,30001.5,30002.5,3953
2026-05-27 22:30:00-04:00,30001.75,30015.25,29970.75,29973.25,3888
2026-05-27 23:00:00-04:00,29974.25,29985.0,29910.75,29911.75,5860
2026-05-27 23:30:00-04:00,29911.0,29911.5,29795.75,29812.0,10380
2026-05-28 00:00:00-04:00,29811.0,29825.0,29763.0,29785.0,8167
2026-05-28 00:30:00-04:00,29786.25,29822.5,29778.0,29788.25,3876
2026-05-28 01:00:00-04:00,29789.0,29841.75,29769.0,29840.75,5329
2026-05-28 01:30:00-04:00,29841.75,29911.75,29834.0,29905.0,4760
2026-05-28 02:00:00-04:00,29905.5,29938.0,29903.25,29916.5,3863
2026-05-28 02:30:00-04:00,29916.75,29923.25,29880.5,29908.25,3574
2026-05-28 03:00:00-04:00,29908.5,29965.0,29908.5,29946.75,4816
2026-05-28 03:30:00-04:00,29949.75,29963.5,29923.5,29955.75,2683
2026-05-28 04:00:00-04:00,29958.25,29995.25,29947.5,29964.0,4429
2026-05-28 04:30:00-04:00,29964.0,29988.0,29959.0,29984.25,1972
2026-05-28 05:00:00-04:00,29984.25,29998.0,29963.25,29970.75,2268
2026-05-28 05:30:00-04:00,29970.25,29980.5,29941.75,29975.75,2513
2026-05-28 06:00:00-04:00,29975.25,29975.5,29914.25,29934.75,2727
2026-05-28 06:30:00-04:00,29934.5,29940.25,29863.5,29885.0,4664
2026-05-28 07:00:00-04:00,29884.5,29912.75,29871.25,29894.75,4443
2026-05-28 07:30:00-04:00,29894.75,29940.0,29882.75,29924.0,3581
2026-05-28 08:00:00-04:00,29923.25,29962.25,29922.0,29951.5,4478
2026-05-28 08:30:00-04:00,29952.5,30067.5,29952.25,30056.0,11104
2026-05-28 09:00:00-04:00,30056.75,30099.0,30028.25,30053.5,13072
2026-05-28 09:30:00-04:00,30053.0,30112.0,29920.25,29990.75,75308
2026-05-28 10:00:00-04:00,29992.25,30187.0,29963.25,30147.5,65569
2026-05-28 10:30:00-04:00,30148.0,30191.5,30107.5,30187.75,37799
2026-05-28 11:00:00-04:00,30188.0,30274.75,30180.75,30262.5,30317
2026-05-28 11:30:00-04:00,30262.5,30293.0,30251.0,30264.5,21987
2026-05-28 12:00:00-04:00,30264.75,30318.25,30238.5,30301.75,20988
2026-05-28 12:30:00-04:00,30302.0,30329.75,30277.5,30327.0,15048
2026-05-28 13:00:00-04:00,30326.75,30335.75,30295.25,30299.25,17189
2026-05-28 13:30:00-04:00,30299.5,30344.5,30282.5,30319.5,19923
2026-05-28 14:00:00-04:00,30319.5,30337.5,30297.5,30315.25,18203
2026-05-28 14:30:00-04:00,30315.0,30317.0,30280.5,30293.5,14517
2026-05-28 15:00:00-04:00,30292.0,30312.0,30274.25,30306.0,16825
2026-05-28 15:30:00-04:00,30305.75,30331.5,30283.25,30306.25,30583
2026-05-28 16:00:00-04:00,30306.0,30344.0,30292.0,30321.75,9608
2026-05-28 16:30:00-04:00,30322.0,30333.75,30311.25,30313.0,3328
2026-05-28 18:00:00-04:00,30328.0,30362.0,30287.25,30301.5,5565
2026-05-28 18:30:00-04:00,30301.5,30314.25,30289.75,30297.5,1442
2026-05-28 19:00:00-04:00,30297.0,30327.5,30297.0,30318.25,1421
2026-05-28 19:30:00-04:00,30314.75,30317.75,30295.0,30301.5,1364
2026-05-28 20:00:00-04:00,30301.25,30301.75,30272.25,30280.75,3290
2026-05-28 20:30:00-04:00,30281.25,30282.0,30234.0,30247.75,3545
2026-05-28 21:00:00-04:00,30248.25,30262.25,30216.5,30231.25,3883
2026-05-28 21:30:00-04:00,30230.0,30263.25,30222.0,30248.75,2820
2026-05-28 22:00:00-04:00,30246.75,30272.0,30227.75,30235.25,2570
2026-05-28 22:30:00-04:00,30233.25,30255.0,30228.5,30237.25,1536
2026-05-28 23:00:00-04:00,30241.25,30266.5,30235.75,30261.0,1498
2026-05-28 23:30:00-04:00,30260.5,30274.5,30246.75,30260.5,1587
2026-05-29 00:00:00-04:00,30261.0,30286.75,30260.0,30283.5,1893
2026-05-29 00:30:00-04:00,30283.0,30307.25,30279.5,30298.0,2465
2026-05-29 01:00:00-04:00,30298.0,30317.75,30296.0,30312.25,2013
2026-05-29 01:30:00-04:00,30311.75,30315.5,30292.0,30299.0,2416
2026-05-29 02:00:00-04:00,30301.0,30342.25,30299.75,30316.75,3532
2026-05-29 02:30:00-04:00,30316.25,30350.5,30312.25,30348.25,2517
2026-05-29 03:00:00-04:00,30348.25,30349.5,30293.75,30300.0,4097
2026-05-29 03:30:00-04:00,30299.25,30303.0,30265.75,30300.5,3531
2026-05-29 04:00:00-04:00,30299.5,30318.5,30287.0,30313.0,3358
2026-05-29 04:30:00-04:00,30313.0,30326.0,30289.5,30314.25,2962
2026-05-29 05:00:00-04:00,30316.25,30369.25,30309.0,30352.5,4967
2026-05-29 05:30:00-04:00,30353.25,30354.5,30328.25,30331.5,2810
2026-05-29 06:00:00-04:00,30332.0,30333.5,30301.0,30329.25,3053
2026-05-29 06:30:00-04:00,30329.75,30350.0,30322.0,30340.5,2616
2026-05-29 07:00:00-04:00,30339.75,30372.25,30332.0,30334.0,4106
2026-05-29 07:30:00-04:00,30333.5,30354.75,30298.75,30349.0,6216
2026-05-29 08:00:00-04:00,30350.0,30351.0,30312.25,30326.75,3772
2026-05-29 08:30:00-04:00,30327.5,30349.5,30297.0,30349.0,5549
2026-05-29 09:00:00-04:00,30349.5,30384.5,30336.0,30382.25,10368
2026-05-29 09:30:00-04:00,30383.0,30520.75,30364.75,30519.0,66673
2026-05-29 10:00:00-04:00,30518.0,30536.0,30346.0,30405.5,67279
2026-05-29 10:30:00-04:00,30405.25,30437.5,30270.0,30359.5,69505
2026-05-29 11:00:00-04:00,30359.75,30439.75,30335.25,30397.5,35576
2026-05-29 11:30:00-04:00,30398.0,30419.75,30352.5,30362.5,25491
2026-05-29 12:00:00-04:00,30364.0,30447.75,30357.75,30403.75,20058
2026-05-29 12:30:00-04:00,30404.0,30447.5,30375.5,30396.75,20690
2026-05-29 13:00:00-04:00,30398.0,30410.75,30355.25,30368.0,17323
2026-05-29 13:30:00-04:00,30367.0,30376.5,30296.0,30302.0,20274
2026-05-29 14:00:00-04:00,30301.75,30385.5,30291.0,30379.5,20519
2026-05-29 14:30:00-04:00,30379.5,30402.25,30316.5,30324.5,21724
2026-05-29 15:00:00-04:00,30324.0,30384.25,30315.25,30381.25,16633
2026-05-29 15:30:00-04:00,30382.25,30445.25,30381.75,30397.5,44314
2026-05-29 16:00:00-04:00,30398.0,30411.0,30379.0,30386.5,12167
2026-05-29 16:30:00-04:00,30386.25,30397.0,30376.5,30389.5,3481
2026-05-31 18:00:00-04:00,30415.5,30440.75,30361.25,30423.75,6598
2026-05-31 18:30:00-04:00,30423.75,30473.0,30423.5,30455.5,3520
2026-05-31 19:00:00-04:00,30456.0,30479.0,30450.25,30468.0,2363
2026-05-31 19:30:00-04:00,30468.25,30485.0,30459.25,30477.0,2121
2026-05-31 20:00:00-04:00,30478.25,30546.5,30470.25,30543.5,6744
2026-05-31 20:30:00-04:00,30543.5,30554.75,30525.75,30539.5,4063
2026-05-31 21:00:00-04:00,30541.0,30551.5,30519.75,30533.25,4225
2026-05-31 21:30:00-04:00,30533.25,30553.0,30527.0,30548.5,2962
2026-05-31 22:00:00-04:00,30548.5,30568.75,30546.5,30562.25,3132
2026-05-31 22:30:00-04:00,30562.25,30564.5,30543.25,30549.25,2167
2026-05-31 23:00:00-04:00,30549.75,30577.75,30535.5,30574.5,3606
2026-05-31 23:30:00-04:00,30574.25,30595.25,30537.25,30545.75,4105
2026-06-01 00:00:00-04:00,30546.5,30568.0,30543.75,30561.25,1982
2026-06-01 00:30:00-04:00,30562.25,30581.25,30551.5,30573.75,1763
2026-06-01 01:00:00-04:00,30572.75,30581.0,30551.0,30553.75,2209
2026-06-01 01:30:00-04:00,30554.5,30592.25,30552.5,30578.25,2613
2026-06-01 02:00:00-04:00,30579.5,30589.5,30554.5,30558.5,2711
2026-06-01 02:30:00-04:00,30557.75,30589.0,30556.0,30578.75,2667
2026-06-01 03:00:00-04:00,30578.75,30591.75,30512.25,30522.25,5492
2026-06-01 03:30:00-04:00,30523.25,30531.75,30486.5,30510.0,4043
2026-06-01 04:00:00-04:00,30510.5,30516.5,30454.0,30454.25,4932
2026-06-01 04:30:00-04:00,30454.75,30504.75,30443.75,30499.25,4457
2026-06-01 05:00:00-04:00,30499.75,30512.25,30470.0,30472.5,3127
2026-06-01 05:30:00-04:00,30473.0,30479.25,30453.75,30462.0,3086
2026-06-01 06:00:00-04:00,30462.5,30489.5,30453.5,30486.75,2760
2026-06-01 06:30:00-04:00,30487.75,30504.75,30487.75,30494.0,2483
2026-06-01 07:00:00-04:00,30493.5,30497.25,30452.0,30461.25,4082
2026-06-01 07:30:00-04:00,30460.5,30502.25,30451.75,30462.5,4940
2026-06-01 08:00:00-04:00,30462.25,30464.25,30415.0,30450.25,7772
2026-06-01 08:30:00-04:00,30449.75,30496.25,30433.0,30449.5,7046
2026-06-01 09:00:00-04:00,30449.0,30456.0,30291.5,30343.0,27055
2026-06-01 09:30:00-04:00,30343.0,30467.25,30306.0,30321.5,69355
2026-06-01 10:00:00-04:00,30314.5,30421.75,30292.0,30381.75,52990
2026-06-01 10:30:00-04:00,30381.5,30447.25,30368.75,30436.75,29161
2026-06-01 11:00:00-04:00,30437.0,30490.0,30412.5,30479.5,26226
2026-06-01 11:30:00-04:00,30479.25,30554.25,30477.75,30502.25,34153
2026-06-01 12:00:00-04:00,30501.5,30538.5,30450.0,30510.0,24167
2026-06-01 12:30:00-04:00,30510.5,30584.25,30507.5,30580.75,24802
2026-06-01 13:00:00-04:00,30581.25,30605.0,30535.0,30600.75,20043
2026-06-01 13:30:00-04:00,30602.25,30693.0,30568.75,30670.0,37988
2026-06-01 14:00:00-04:00,30670.0,30675.75,30626.75,30646.75,16315
2026-06-01 14:30:00-04:00,30646.5,30654.5,30614.0,30623.5,13585
2026-06-01 15:00:00-04:00,30622.75,30648.75,30612.75,30625.0,15484
2026-06-01 15:30:00-04:00,30624.0,30625.0,30555.75,30571.25,34188
2026-06-01 16:00:00-04:00,30571.5,30575.0,30539.5,30546.0,9569
2026-06-01 16:30:00-04:00,30545.75,30574.0,30506.75,30522.5,9016
2026-06-01 18:00:00-04:00,30544.75,30547.25,30450.5,30455.0,6764
2026-06-01 18:30:00-04:00,30454.25,30463.5,30431.0,30458.5,3480
2026-06-01 19:00:00-04:00,30457.75,30465.75,30446.0,30457.5,1925
2026-06-01 19:30:00-04:00,30458.25,30479.75,30442.0,30469.25,3278
2026-06-01 20:00:00-04:00,30469.75,30470.25,30377.75,30402.75,7678
2026-06-01 20:30:00-04:00,30402.25,30422.25,30363.25,30372.75,5089
2026-06-01 21:00:00-04:00,30372.75,30401.0,30350.75,30375.75,5351
2026-06-01 21:30:00-04:00,30376.75,30390.75,30333.0,30333.5,4936
2026-06-01 22:00:00-04:00,30333.25,30368.25,30321.75,30356.0,4275
2026-06-01 22:30:00-04:00,30357.0,30385.0,30356.75,30374.0,2575
2026-06-01 23:00:00-04:00,30373.0,30383.75,30317.75,30323.75,4148
2026-06-01 23:30:00-04:00,30324.5,30365.0,30318.5,30363.5,3344
2026-06-02 00:00:00-04:00,30363.0,30412.5,30357.5,30405.25,4001
2026-06-02 00:30:00-04:00,30404.25,30445.0,30393.75,30442.75,2636
2026-06-02 01:00:00-04:00,30444.0,30475.5,30428.75,30470.5,3735
2026-06-02 01:30:00-04:00,30471.75,30495.0,30457.75,30476.25,3314
2026-06-02 02:00:00-04:00,30476.0,30503.25,30469.25,30487.5,3462
2026-06-02 02:30:00-04:00,30486.75,30515.75,30469.0,30514.5,3644
2026-06-02 03:00:00-04:00,30514.25,30547.25,30509.75,30531.0,4451
2026-06-02 03:30:00-04:00,30532.0,30539.25,30511.0,30529.5,2930
2026-06-02 04:00:00-04:00,30529.75,30569.0,30529.75,30546.0,5116
2026-06-02 04:30:00-04:00,30547.0,30566.0,30540.5,30547.75,2299
2026-06-02 05:00:00-04:00,30548.0,30553.0,30525.75,30535.75,2425
2026-06-02 05:30:00-04:00,30536.0,30586.0,30533.25,30565.5,3682
2026-06-02 06:00:00-04:00,30565.75,30571.75,30548.25,30554.75,2198
2026-06-02 06:30:00-04:00,30556.25,30557.5,30527.75,30529.25,2079
2026-06-02 07:00:00-04:00,30529.75,30549.5,30502.5,30548.0,3942
2026-06-02 07:30:00-04:00,30548.25,30574.5,30530.75,30531.25,4880
2026-06-02 08:00:00-04:00,30531.5,30559.75,30523.0,30548.25,4660
2026-06-02 08:30:00-04:00,30548.5,30560.0,30526.5,30529.75,4456
2026-06-02 09:00:00-04:00,30529.75,30560.0,30481.25,30557.0,12314
2026-06-02 09:30:00-04:00,30557.0,30604.75,30423.75,30601.75,69130
2026-06-02 10:00:00-04:00,30603.0,30647.25,30537.75,30559.5,48307
2026-06-02 10:30:00-04:00,30559.25,30643.5,30555.25,30642.25,29885
2026-06-02 11:00:00-04:00,30642.5,30676.5,30611.75,30665.5,28373
2026-06-02 11:30:00-04:00,30666.0,30697.75,30650.0,30689.5,24000
2026-06-02 12:00:00-04:00,30690.0,30713.25,30651.0,30658.25,22566
2026-06-02 12:30:00-04:00,30658.75,30694.0,30640.5,30691.25,18375
2026-06-02 13:00:00-04:00,30691.0,30703.25,30632.0,30643.75,19779
2026-06-02 13:30:00-04:00,30643.0,30650.0,30608.75,30627.5,18933
2026-06-02 14:00:00-04:00,30628.5,30664.0,30614.0,30637.75,15437
2026-06-02 14:30:00-04:00,30638.25,30654.5,30598.5,30638.5,17127
2026-06-02 15:00:00-04:00,30639.0,30686.5,30637.5,30664.25,18294
2026-06-02 15:30:00-04:00,30663.75,30721.25,30662.5,30707.25,33534
2026-06-02 16:00:00-04:00,30707.25,30763.25,30697.75,30737.25,16238
2026-06-02 16:30:00-04:00,30737.75,30749.25,30736.0,30743.0,3302
2026-06-02 18:00:00-04:00,30741.75,30751.75,30715.25,30740.5,4649
2026-06-02 18:30:00-04:00,30739.25,30757.0,30698.0,30703.5,3476
2026-06-02 19:00:00-04:00,30705.0,30710.0,30561.25,30610.75,10659
2026-06-02 19:30:00-04:00,30611.25,30715.0,30595.5,30708.0,8391
2026-06-02 20:00:00-04:00,30708.25,30719.5,30671.0,30691.5,5231
2026-06-02 20:30:00-04:00,30692.75,30727.5,30686.75,30720.0,4177
2026-06-02 21:00:00-04:00,30720.5,30723.75,30671.75,30685.0,3921
2026-06-02 21:30:00-04:00,30685.0,30701.25,30653.0,30683.0,4614
2026-06-02 22:00:00-04:00,30683.75,30696.25,30662.75,30680.0,2709
2026-06-02 22:30:00-04:00,30680.25,30688.75,30667.75,30679.0,1892
2026-06-02 23:00:00-04:00,30678.75,30705.25,30668.5,30684.75,2437
2026-06-02 23:30:00-04:00,30685.0,30710.0,30685.0,30706.75,1395
2026-06-03 00:00:00-04:00,30706.0,30727.25,30705.5,30722.0,2740
2026-06-03 00:30:00-04:00,30722.0,30730.5,30700.5,30702.5,1552
2026-06-03 01:00:00-04:00,30702.5,30723.25,30675.0,30707.0,2159
2026-06-03 01:30:00-04:00,30707.25,30710.5,30680.5,30689.25,1854
2026-06-03 02:00:00-04:00,30689.75,30716.0,30670.25,30691.75,2769
2026-06-03 02:30:00-04:00,30690.25,30718.0,30679.75,30698.0,3047
2026-06-03 03:00:00-04:00,30697.75,30742.0,30687.0,30707.75,3378
2026-06-03 03:30:00-04:00,30706.75,30722.5,30687.0,30722.5,2760
2026-06-03 04:00:00-04:00,30722.75,30751.5,30700.0,30738.25,5085
2026-06-03 04:30:00-04:00,30738.25,30742.0,30707.0,30717.25,2649
2026-06-03 05:00:00-04:00,30717.0,30770.0,30711.5,30766.5,3704
2026-06-03 05:30:00-04:00,30766.75,30769.25,30731.5,30733.5,3384
2026-06-03 06:00:00-04:00,30733.75,30785.0,30716.0,30764.0,6904
2026-06-03 06:30:00-04:00,30764.5,30783.5,30743.0,30753.75,3143
2026-06-03 07:00:00-04:00,30753.5,30787.0,30753.25,30776.0,3883
2026-06-03 07:30:00-04:00,30776.5,30794.25,30766.0,30780.0,3598
2026-06-03 08:00:00-04:00,30780.5,30799.0,30754.0,30755.5,5837
2026-06-03 08:30:00-04:00,30754.0,30755.5,30700.0,30717.25,9019
2026-06-03 09:00:00-04:00,30716.75,30763.25,30712.5,30753.75,11349
2026-06-03 09:30:00-04:00,30754.75,30807.75,30496.0,30558.75,101710
2026-06-03 10:00:00-04:00,30562.0,30724.75,30547.5,30723.0,57002
2026-06-03 10:30:00-04:00,30722.75,30739.5,30644.5,30667.25,36710
2026-06-03 11:00:00-04:00,30667.75,30715.5,30615.0,30668.75,28758
2026-06-03 11:30:00-04:00,30668.5,30692.25,30568.0,30604.25,32630
2026-06-03 12:00:00-04:00,30605.0,30623.25,30531.25,30553.75,27068
2026-06-03 12:30:00-04:00,30552.75,30607.5,30505.75,30606.75,30096
2026-06-03 13:00:00-04:00,30607.25,30609.0,30516.25,30572.75,24272
2026-06-03 13:30:00-04:00,30572.75,30647.25,30543.25,30642.75,19329
2026-06-03 14:00:00-04:00,30643.25,30680.0,30608.0,30677.0,20089
2026-06-03 14:30:00-04:00,30676.5,30682.25,30635.0,30652.0,17816
2026-06-03 15:00:00-04:00,30652.0,30660.25,30611.25,30635.25,21204
2026-06-03 15:30:00-04:00,30634.5,30694.75,30625.0,30635.75,37996
2026-06-03 16:00:00-04:00,30635.75,30639.75,30544.5,30564.0,22574
2026-06-03 16:30:00-04:00,30564.25,30566.5,30478.25,30495.0,11665
2026-06-03 18:00:00-04:00,30453.0,30499.0,30405.5,30438.25,7363
2026-06-03 18:30:00-04:00,30436.5,30471.5,30368.5,30457.75,7390
2026-06-03 19:00:00-04:00,30458.75,30463.0,30390.75,30405.5,4560
2026-06-03 19:30:00-04:00,30408.5,30423.0,30370.75,30395.25,4412
2026-06-03 20:00:00-04:00,30393.0,30463.0,30377.5,30455.0,6928
2026-06-03 20:30:00-04:00,30456.5,30502.75,30454.0,30498.75,4593
2026-06-03 21:00:00-04:00,30498.0,30531.0,30473.0,30491.5,4618
2026-06-03 21:30:00-04:00,30493.5,30524.75,30438.25,30453.5,4624
2026-06-03 22:00:00-04:00,30453.75,30456.75,30352.5,30414.5,7078
2026-06-03 22:30:00-04:00,30414.0,30440.75,30387.75,30412.0,4040
2026-06-03 23:00:00-04:00,30412.25,30470.0,30409.25,30470.0,3040
2026-06-03 23:30:00-04:00,30469.25,30486.75,30446.25,30480.5,3552
2026-06-04 00:00:00-04:00,30481.0,30502.25,30466.0,30487.5,2143
2026-06-04 00:30:00-04:00,30488.75,30508.25,30483.0,30497.5,1916
2026-06-04 01:00:00-04:00,30497.25,30499.75,30450.0,30461.75,2961
2026-06-04 01:30:00-04:00,30463.0,30493.25,30454.0,30484.5,2402
2026-06-04 02:00:00-04:00,30484.5,30500.75,30465.5,30488.5,2280
2026-06-04 02:30:00-04:00,30488.5,30535.0,30470.5,30528.25,3230
2026-06-04 03:00:00-04:00,30530.0,30544.5,30490.5,30518.0,4073
2026-06-04 03:30:00-04:00,30518.75,30533.0,30490.25,30500.0,2800
2026-06-04 04:00:00-04:00,30499.25,30500.25,30340.0,30371.5,9453
2026-06-04 04:30:00-04:00,30373.0,30402.0,30326.5,30344.5,6332
2026-06-04 05:00:00-04:00,30344.0,30346.25,30248.5,30303.0,9888
2026-06-04 05:30:00-04:00,30303.5,30349.0,30291.25,30336.25,5799
2026-06-04 06:00:00-04:00,30337.0,30337.0,30268.75,30271.5,4938
2026-06-04 06:30:00-04:00,30272.0,30292.0,30204.25,30245.25,7896
2026-06-04 07:00:00-04:00,30245.25,30279.5,30228.25,30270.0,8717
2026-06-04 07:30:00-04:00,30272.25,30290.0,30164.25,30280.75,14805
2026-06-04 08:00:00-04:00,30279.25,30286.0,30223.0,30248.0,10054
2026-06-04 08:30:00-04:00,30249.0,30330.0,30246.0,30309.75,11224
2026-06-04 09:00:00-04:00,30310.25,30330.75,30265.25,30268.25,13375
2026-06-04 09:30:00-04:00,30268.25,30364.5,30187.75,30248.0,96344
2026-06-04 10:00:00-04:00,30247.75,30348.5,30151.0,30341.25,64947
2026-06-04 10:30:00-04:00,30341.0,30360.0,30290.25,30356.75,36331
2026-06-04 11:00:00-04:00,30357.25,30469.5,30354.5,30442.0,37764
2026-06-04 11:30:00-04:00,30442.0,30448.75,30363.0,30413.75,30337
2026-06-04 12:00:00-04:00,30413.25,30486.25,30393.0,30480.0,22073
2026-06-04 12:30:00-04:00,30480.25,30493.25,30436.0,30479.0,21293
2026-06-04 13:00:00-04:00,30479.0,30519.75,30464.25,30513.75,20119
2026-06-04 13:30:00-04:00,30514.0,30563.25,30511.0,30559.5,21657
2026-06-04 14:00:00-04:00,30559.25,30598.5,30555.25,30586.25,23025
2026-06-04 14:30:00-04:00,30586.25,30592.25,30550.0,30558.0,20466
2026-06-04 15:00:00-04:00,30558.0,30596.0,30531.0,30594.75,23384
2026-06-04 15:30:00-04:00,30594.25,30603.25,30481.25,30485.5,41259
2026-06-04 16:00:00-04:00,30485.5,30495.0,30402.0,30413.75,18166
2026-06-04 16:30:00-04:00,30413.0,30424.0,30397.5,30399.5,5235
2026-06-04 18:00:00-04:00,30414.0,30422.0,30316.0,30341.5,5341
2026-06-04 18:30:00-04:00,30342.5,30369.0,30329.5,30366.5,2559
2026-06-04 19:00:00-04:00,30365.75,30371.25,30289.0,30310.5,4125
2026-06-04 19:30:00-04:00,30311.0,30311.5,30255.0,30264.25,3810
2026-06-04 20:00:00-04:00,30262.25,30264.0,30169.0,30193.5,8767
2026-06-04 20:30:00-04:00,30194.0,30214.75,30130.75,30142.75,8387
2026-06-04 21:00:00-04:00,30143.5,30153.75,30052.25,30085.25,9836
2026-06-04 21:30:00-04:00,30085.0,30202.0,30084.5,30195.5,8689
2026-06-04 22:00:00-04:00,30196.5,30239.75,30170.75,30234.25,6010
2026-06-04 22:30:00-04:00,30233.0,30249.0,30207.75,30214.25,4445
2026-06-04 23:00:00-04:00,30214.5,30229.5,30185.75,30188.5,4047
2026-06-04 23:30:00-04:00,30187.75,30208.25,30146.0,30163.0,4212
2026-06-05 00:00:00-04:00,30163.25,30204.25,30156.0,30177.0,2802
2026-06-05 00:30:00-04:00,30178.25,30243.0,30163.5,30229.75,3357
2026-06-05 01:00:00-04:00,30230.25,30233.25,30190.0,30202.5,3423
2026-06-05 01:30:00-04:00,30199.25,30224.75,30163.0,30170.25,3324
2026-06-05 02:00:00-04:00,30170.25,30213.75,30131.5,30142.25,5742
2026-06-05 02:30:00-04:00,30143.5,30157.5,30113.0,30123.5,4222
2026-06-05 03:00:00-04:00,30124.25,30127.0,30062.0,30106.5,6627
2026-06-05 03:30:00-04:00,30106.75,30158.25,30102.25,30150.25,5141
2026-06-05 04:00:00-04:00,30151.25,30218.0,30120.25,30216.25,6318
2026-06-05 04:30:00-04:00,30216.25,30222.5,30148.0,30158.75,5306
2026-06-05 05:00:00-04:00,30159.5,30259.0,30152.25,30182.25,6841
2026-06-05 05:30:00-04:00,30183.0,30212.75,30172.5,30198.25,3118
2026-06-05 06:00:00-04:00,30199.0,30235.75,30192.5,30231.5,2307
2026-06-05 06:30:00-04:00,30231.25,30236.0,30192.0,30195.5,2540
2026-06-05 07:00:00-04:00,30194.25,30197.0,30135.5,30184.25,4884
2026-06-05 07:30:00-04:00,30184.0,30194.25,30144.75,30147.75,3544
2026-06-05 08:00:00-04:00,30147.5,30157.5,30103.0,30115.25,7294
2026-06-05 08:30:00-04:00,30116.0,30151.75,30042.5,30054.5,19163
2026-06-05 09:00:00-04:00,30054.25,30071.5,30013.0,30036.25,16666
2026-06-05 09:30:00-04:00,30035.75,30100.5,29771.0,29773.75,105314
2026-06-05 10:00:00-04:00,29774.25,29942.5,29758.0,29824.5,75773
2026-06-05 10:30:00-04:00,29824.75,29929.25,29805.25,29853.0,48611
2026-06-05 11:00:00-04:00,29853.25,29870.0,29695.5,29717.25,49080
2026-06-05 11:30:00-04:00,29717.25,29739.75,29614.5,29658.5,44286
2026-06-05 12:00:00-04:00,29658.75,29660.25,29536.0,29543.75,47492
2026-06-05 12:30:00-04:00,29543.75,29549.0,29379.0,29490.5,64886
2026-06-05 13:00:00-04:00,29490.5,29493.0,29361.75,29440.75,46697
2026-06-05 13:30:00-04:00,29439.75,29505.0,29405.5,29471.0,38186
2026-06-05 14:00:00-04:00,29471.5,29477.0,29221.0,29243.5,51759
2026-06-05 14:30:00-04:00,29244.0,29256.75,29096.0,29191.5,60614
2026-06-05 15:00:00-04:00,29191.75,29211.0,28974.25,29155.0,58093
2026-06-05 15:30:00-04:00,29155.0,29194.75,29005.5,29015.75,78075
2026-06-05 16:00:00-04:00,29016.25,29042.25,28800.0,28866.5,36290
2026-06-05 16:30:00-04:00,28865.75,28866.25,28781.25,28829.25,13871
2026-06-07 18:00:00-04:00,28844.5,29023.0,28822.25,28967.25,18017
2026-06-07 18:30:00-04:00,28969.25,29017.75,28872.25,28893.0,10372
2026-06-07 19:00:00-04:00,28894.75,29002.75,28894.5,28979.0,6155
2026-06-07 19:30:00-04:00,28977.25,29103.5,28964.75,29087.75,8109
2026-06-07 20:00:00-04:00,29083.5,29225.75,29059.5,29223.0,11562
2026-06-07 20:30:00-04:00,29223.5,29287.5,29163.5,29216.75,14371
2026-06-07 21:00:00-04:00,29218.5,29236.75,29071.0,29074.75,13149
2026-06-07 21:30:00-04:00,29076.75,29179.25,29025.25,29158.75,10046
2026-06-07 22:00:00-04:00,29161.5,29181.75,29105.0,29173.75,6606
2026-06-07 22:30:00-04:00,29173.5,29243.5,29126.25,29211.25,7246
2026-06-07 23:00:00-04:00,29211.75,29232.0,29176.5,29218.0,4167
2026-06-07 23:30:00-04:00,29216.5,29232.25,29200.0,29211.75,2561
2026-06-08 00:00:00-04:00,29212.5,29223.25,29146.0,29171.5,5623
2026-06-08 00:30:00-04:00,29171.75,29178.75,29088.5,29092.0,4721
2026-06-08 01:00:00-04:00,29089.75,29144.0,29060.0,29092.0,5517
2026-06-08 01:30:00-04:00,29092.25,29098.0,28972.75,29017.5,7837
2026-06-08 02:00:00-04:00,29016.75,29138.0,29000.0,29130.75,7655
2026-06-08 02:30:00-04:00,29129.75,29151.0,29050.0,29101.75,6610
2026-06-08 03:00:00-04:00,29101.0,29241.0,29082.75,29228.5,9200
2026-06-08 03:30:00-04:00,29229.0,29281.0,29184.75,29257.0,7654
2026-06-08 04:00:00-04:00,29255.25,29256.5,29201.25,29223.25,7835
2026-06-08 04:30:00-04:00,29225.0,29267.75,29157.0,29176.25,7344
2026-06-08 05:00:00-04:00,29179.0,29223.0,29145.0,29193.25,4206
2026-06-08 05:30:00-04:00,29193.25,29254.5,29162.75,29240.5,6425
2026-06-08 06:00:00-04:00,29239.0,29241.0,29175.0,29194.0,4722
2026-06-08 06:30:00-04:00,29192.25,29273.5,29188.75,29240.75,5985
2026-06-08 07:00:00-04:00,29241.5,29410.0,29212.0,29407.75,13969
2026-06-08 07:30:00-04:00,29409.25,29437.75,29370.25,29375.0,9197
2026-06-08 08:00:00-04:00,29374.75,29457.75,29364.75,29457.75,10590
2026-06-08 08:30:00-04:00,29456.25,29510.5,29456.0,29486.0,12357
2026-06-08 09:00:00-04:00,29484.5,29604.25,29484.0,29525.75,23790
2026-06-08 09:30:00-04:00,29526.0,29584.0,29341.0,29349.75,90968
2026-06-08 10:00:00-04:00,29350.25,29531.0,29331.5,29517.25,58650
2026-06-08 10:30:00-04:00,29517.0,29681.0,29504.5,29676.5,50337
2026-06-08 11:00:00-04:00,29676.5,29743.0,29623.25,29630.0,42495
2026-06-08 11:30:00-04:00,29630.25,29710.75,29559.0,29610.0,41900
2026-06-08 12:00:00-04:00,29610.25,29692.25,29580.25,29584.75,31402
2026-06-08 12:30:00-04:00,29587.5,29630.5,29554.0,29580.5,25475
2026-06-08 13:00:00-04:00,29580.75,29605.5,29485.25,29602.0,33611
2026-06-08 13:30:00-04:00,29602.0,29624.25,29509.0,29558.25,30492
2026-06-08 14:00:00-04:00,29559.25,29611.75,29556.0,29590.5,21048
2026-06-08 14:30:00-04:00,29591.25,29617.75,29527.5,29542.0,22232
2026-06-08 15:00:00-04:00,29543.0,29548.0,29377.0,29436.75,35288
2026-06-08 15:30:00-04:00,29437.0,29495.0,29419.0,29453.0,47101
2026-06-08 16:00:00-04:00,29453.0,29470.0,29401.0,29432.0,14414
2026-06-08 16:30:00-04:00,29431.0,29448.75,29417.0,29435.25,3977
2026-06-08 18:00:00-04:00,29435.0,29468.75,29321.25,29328.25,7201
2026-06-08 18:30:00-04:00,29332.25,29429.0,29332.25,29425.5,3684
2026-06-08 19:00:00-04:00,29426.5,29463.25,29403.5,29433.0,3521
2026-06-08 19:30:00-04:00,29431.0,29482.0,29385.0,29425.0,5018
2026-06-08 20:00:00-04:00,29425.75,29441.0,29329.75,29368.75,6859
2026-06-08 20:30:00-04:00,29368.0,29378.0,29303.5,29337.75,5735
2026-06-08 21:00:00-04:00,29341.75,29476.5,29329.0,29456.25,7070
2026-06-08 21:30:00-04:00,29457.0,29547.75,29448.0,29492.0,6028
2026-06-08 22:00:00-04:00,29492.5,29516.25,29460.5,29490.5,3731
2026-06-08 22:30:00-04:00,29491.75,29523.75,29473.5,29514.0,3031
2026-06-08 23:00:00-04:00,29514.0,29555.0,29501.0,29539.0,3151
2026-06-08 23:30:00-04:00,29540.0,29593.0,29534.75,29580.0,3316
2026-06-09 00:00:00-04:00,29580.0,29623.5,29569.0,29611.5,3444
2026-06-09 00:30:00-04:00,29612.0,29631.25,29598.5,29603.25,2469
2026-06-09 01:00:00-04:00,29604.5,29626.0,29588.75,29592.75,2811
2026-06-09 01:30:00-04:00,29593.0,29651.5,29591.75,29633.25,4008
2026-06-09 02:00:00-04:00,29634.75,29674.75,29625.75,29635.75,4131
2026-06-09 02:30:00-04:00,29635.75,29652.0,29601.5,29622.25,3316
2026-06-09 03:00:00-04:00,29623.0,29689.25,29601.5,29612.75,5222
2026-06-09 03:30:00-04:00,29612.75,29638.5,29583.5,29593.0,3375
2026-06-09 04:00:00-04:00,29593.5,29674.25,29566.0,29663.25,5443
2026-06-09 04:30:00-04:00,29662.75,29686.25,29637.25,29641.5,3278
2026-06-09 05:00:00-04:00,29641.75,29691.25,29636.0,29685.75,2667
2026-06-09 05:30:00-04:00,29686.5,29696.25,29656.25,29678.75,2442
2026-06-09 06:00:00-04:00,29680.5,29697.5,29617.75,29672.5,5744
2026-06-09 06:30:00-04:00,29672.0,29698.75,29647.25,29685.25,3177
2026-06-09 07:00:00-04:00,29686.0,29705.0,29670.75,29688.5,4123
2026-06-09 07:30:00-04:00,29690.0,29727.5,29679.25,29681.5,4728
2026-06-09 08:00:00-04:00,29681.0,29701.25,29652.25,29669.0,4752
2026-06-09 08:30:00-04:00,29670.0,29739.5,29667.5,29735.25,8691
2026-06-09 09:00:00-04:00,29735.75,29747.25,29692.25,29736.75,14915
2026-06-09 09:30:00-04:00,29737.0,29848.25,29633.25,29672.75,84719
2026-06-09 10:00:00-04:00,29672.75,29712.0,29365.0,29444.0,95129
2026-06-09 10:30:00-04:00,29444.0,29487.5,29083.75,29239.75,92328
2026-06-09 11:00:00-04:00,29242.0,29302.0,28848.5,28859.25,63676
2026-06-09 11:30:00-04:00,28861.25,28972.0,28681.5,28695.25,77030
2026-06-09 12:00:00-04:00,28696.0,28787.5,28404.25,28523.5,89324
2026-06-09 12:30:00-04:00,28522.5,28572.0,28227.75,28480.0,82017
2026-06-09 13:00:00-04:00,28480.25,28787.25,28462.5,28743.25,64806
2026-06-09 13:30:00-04:00,28743.5,28924.5,28708.0,28832.5,56125
2026-06-09 14:00:00-04:00,28831.5,28980.0,28784.75,28972.75,39871
2026-06-09 14:30:00-04:00,28973.25,29091.25,28912.25,29065.75,34919
2026-06-09 15:00:00-04:00,29066.0,29146.5,28839.0,28953.75,44866
2026-06-09 15:30:00-04:00,28952.75,29135.25,28850.5,29115.25,61128
2026-06-09 16:00:00-04:00,29115.75,29196.25,29082.25,29122.75,19623
2026-06-09 16:30:00-04:00,29118.25,29159.75,29101.25,29140.5,4437
2026-06-09 18:00:00-04:00,29094.75,29118.0,29028.5,29071.0,5005
2026-06-09 18:30:00-04:00,29070.5,29072.0,28982.0,29029.0,4804
2026-06-09 19:00:00-04:00,29029.25,29102.75,28997.75,29005.0,3679
2026-06-09 19:30:00-04:00,29005.5,29071.5,28980.25,29064.5,3809
2026-06-09 20:00:00-04:00,29065.75,29169.0,29065.75,29118.0,7668
2026-06-09 20:30:00-04:00,29118.5,29123.25,28960.0,29075.25,8079
2026-06-09 21:00:00-04:00,29077.25,29115.0,29042.25,29073.25,4765
2026-06-09 21:30:00-04:00,29073.5,29098.75,29011.25,29033.5,4178
2026-06-09 22:00:00-04:00,29035.0,29042.0,28974.75,29016.25,3973
2026-06-09 22:30:00-04:00,29015.25,29035.25,28960.25,28970.5,3175
2026-06-09 23:00:00-04:00,28972.5,29046.25,28967.25,29008.5,2590
2026-06-09 23:30:00-04:00,29009.25,29024.5,28973.75,28992.75,2006
2026-06-10 00:00:00-04:00,28992.75,29001.25,28930.75,28942.0,3701
2026-06-10 00:30:00-04:00,28940.25,28946.0,28867.25,28898.5,4630
2026-06-10 01:00:00-04:00,28898.75,28951.0,28853.75,28937.5,4373
2026-06-10 01:30:00-04:00,28938.0,28968.0,28881.5,28943.25,3820
2026-06-10 02:00:00-04:00,28945.0,29001.25,28935.75,28983.25,4104
2026-06-10 02:30:00-04:00,28981.75,29014.0,28959.25,28968.5,3695
2026-06-10 03:00:00-04:00,28969.0,29001.0,28929.25,28942.5,3539
2026-06-10 03:30:00-04:00,28943.0,28984.5,28926.25,28964.25,3187
2026-06-10 04:00:00-04:00,28964.25,28965.0,28842.25,28861.0,6449
2026-06-10 04:30:00-04:00,28861.0,28888.0,28742.25,28762.0,7601
2026-06-10 05:00:00-04:00,28763.5,28797.0,28684.0,28778.25,7995
2026-06-10 05:30:00-04:00,28776.75,28830.0,28735.0,28777.75,5243
2026-06-10 06:00:00-04:00,28779.5,28786.0,28699.25,28766.75,5393
2026-06-10 06:30:00-04:00,28765.75,28844.0,28760.25,28827.5,5131
2026-06-10 07:00:00-04:00,28831.5,28845.25,28625.0,28671.5,15581
2026-06-10 07:30:00-04:00,28672.0,28703.0,28610.0,28679.5,8477
2026-06-10 08:00:00-04:00,28680.75,28755.0,28657.75,28753.75,8980
2026-06-10 08:30:00-04:00,28759.25,28992.25,28738.75,28832.0,30451
2026-06-10 09:00:00-04:00,28833.25,28891.75,28821.75,28852.25,14246
2026-06-10 09:30:00-04:00,28853.0,29163.25,28772.5,29022.0,77684
2026-06-10 10:00:00-04:00,29022.0,29231.0,28965.0,29170.75,55195
2026-06-10 10:30:00-04:00,29172.0,29250.0,28856.0,28900.25,54392
2026-06-10 11:00:00-04:00,28901.25,28985.75,28663.5,28790.5,54802
2026-06-10 11:30:00-04:00,28790.75,28875.0,28627.0,28855.25,49691
2026-06-10 12:00:00-04:00,28855.25,28896.5,28703.0,28742.25,22814
2026-06-10 12:30:00-04:00,28742.25,28851.75,28664.75,28717.5,26193
2026-06-10 13:00:00-04:00,28717.75,28781.5,28628.0,28688.5,24407
2026-06-10 13:30:00-04:00,28687.0,28793.75,28616.0,28780.0,30358
2026-06-10 14:00:00-04:00,28779.5,28832.5,28697.75,28713.0,24631
2026-06-10 14:30:00-04:00,28713.75,28717.75,28574.0,28607.5,25421
2026-06-10 15:00:00-04:00,28608.25,28669.0,28493.0,28546.75,29158
2026-06-10 15:30:00-04:00,28546.25,28664.0,28523.5,28526.0,47582
2026-06-10 16:00:00-04:00,28525.75,28536.75,28433.0,28485.5,17238
2026-06-10 16:30:00-04:00,28484.75,28499.25,28409.0,28472.0,5243
2026-06-10 18:00:00-04:00,28455.0,28470.0,28358.0,28412.0,5363
2026-06-10 18:30:00-04:00,28414.5,28469.75,28328.25,28342.5,5512
2026-06-10 19:00:00-04:00,28344.5,28405.75,28265.75,28398.25,8730
2026-06-10 19:30:00-04:00,28399.0,28446.75,28350.0,28364.0,5089
2026-06-10 20:00:00-04:00,28363.5,28571.75,28332.0,28480.5,9200
2026-06-10 20:30:00-04:00,28483.5,28565.25,28428.0,28549.5,6374
2026-06-10 21:00:00-04:00,28551.5,28765.0,28549.25,28751.25,12110
2026-06-10 21:30:00-04:00,28751.5,28757.25,28633.5,28641.25,5746
2026-06-10 22:00:00-04:00,28643.0,28696.5,28550.25,28559.0,4947
2026-06-10 22:30:00-04:00,28557.75,28648.0,28531.25,28636.75,4488
2026-06-10 23:00:00-04:00,28636.0,28677.5,28581.25,28621.5,3121
2026-06-10 23:30:00-04:00,28621.25,28745.75,28618.25,28738.75,3718
2026-06-11 00:00:00-04:00,28741.25,28758.0,28704.75,28742.0,2692
2026-06-11 00:30:00-04:00,28743.75,28803.0,28732.0,28776.5,3554
2026-06-11 01:00:00-04:00,28776.5,28782.0,28713.75,28734.0,3164
2026-06-11 01:30:00-04:00,28733.5,28756.0,28712.0,28746.5,3014
2026-06-11 02:00:00-04:00,28746.0,28774.0,28685.5,28749.5,5836
2026-06-11 02:30:00-04:00,28751.0,28797.5,28728.0,28792.0,3065
2026-06-11 03:00:00-04:00,28791.75,28868.5,28764.0,28849.75,6020
2026-06-11 03:30:00-04:00,28848.25,28867.0,28832.0,28844.25,2619
2026-06-11 04:00:00-04:00,28845.0,28933.5,28839.25,28907.25,5924
2026-06-11 04:30:00-04:00,28905.5,28936.0,28889.25,28910.75,3144
2026-06-11 05:00:00-04:00,28909.0,28922.0,28859.75,28874.5,3626
2026-06-11 05:30:00-04:00,28872.75,28907.5,28858.0,28878.25,2199
2026-06-11 06:00:00-04:00,28877.5,28917.0,28873.5,28876.5,2470
2026-06-11 06:30:00-04:00,28877.5,28914.5,28875.75,28877.75,2313
2026-06-11 07:00:00-04:00,28878.0,28878.75,28812.5,28854.25,5002
2026-06-11 07:30:00-04:00,28852.75,28909.25,28848.5,28901.0,4393
2026-06-11 08:00:00-04:00,28900.25,28915.0,28716.5,28754.5,11973
2026-06-11 08:30:00-04:00,28747.0,28827.5,28637.5,28812.5,17218
2026-06-11 09:00:00-04:00,28814.5,28815.5,28738.75,28753.0,9287
2026-06-11 09:30:00-04:00,28753.25,29016.75,28650.75,28900.5,71152
2026-06-11 10:00:00-04:00,28899.5,29049.5,28752.5,28868.25,49645
2026-06-11 10:30:00-04:00,28873.5,28944.0,28607.5,28648.25,37570
2026-06-11 11:00:00-04:00,28649.5,28860.0,28577.5,28757.75,41153
2026-06-11 11:30:00-04:00,28757.75,28907.25,28741.0,28858.0,25666
2026-06-11 12:00:00-04:00,28858.5,28975.25,28827.5,28846.0,26732
2026-06-11 12:30:00-04:00,28845.5,28969.0,28763.25,28770.0,23596
2026-06-11 13:00:00-04:00,28771.5,29093.25,28678.5,29085.25,31526
2026-06-11 13:30:00-04:00,29086.75,29302.25,29086.25,29214.0,54365
2026-06-11 14:00:00-04:00,29213.5,29266.5,29068.5,29188.25,32141
2026-06-11 14:30:00-04:00,29187.5,29312.25,29172.5,29268.75,23724
2026-06-11 15:00:00-04:00,29269.0,29448.0,29229.5,29424.0,30908
2026-06-11 15:30:00-04:00,29424.25,29544.25,29404.0,29456.75,50295
2026-06-11 16:00:00-04:00,29456.75,29522.0,29416.0,29474.75,14957
2026-06-11 16:30:00-04:00,29474.25,29485.5,29408.0,29433.25,3939
2026-06-11 18:00:00-04:00,29456.75,29547.25,29443.0,29529.0,4258
2026-06-11 18:30:00-04:00,29530.5,29586.5,29517.25,29557.75,2457
2026-06-11 19:00:00-04:00,29560.0,29567.5,29480.25,29520.0,2371
2026-06-11 19:30:00-04:00,29521.25,29597.5,29521.25,29577.25,2035
2026-06-11 20:00:00-04:00,29576.25,29625.0,29536.0,29611.0,4089
2026-06-11 20:30:00-04:00,29612.5,29645.5,29563.5,29588.25,2915
2026-06-11 21:00:00-04:00,29589.0,29589.5,29470.5,29483.5,4050
2026-06-11 21:30:00-04:00,29483.25,29557.5,29464.75,29553.0,2723
2026-06-11 22:00:00-04:00,29553.0,29587.0,29510.0,29512.5,2498
2026-06-11 22:30:00-04:00,29512.5,29576.0,29503.0,29562.5,1811
2026-06-11 23:00:00-04:00,29562.0,29562.0,29488.75,29524.5,1588
2026-06-11 23:30:00-04:00,29522.0,29554.25,29500.25,29528.5,1562
2026-06-12 00:00:00-04:00,29531.25,29540.25,29488.0,29535.25,1386
2026-06-12 00:30:00-04:00,29535.0,29549.0,29520.0,29543.75,1080
2026-06-12 01:00:00-04:00,29546.25,29554.75,29503.25,29535.0,1382
2026-06-12 01:30:00-04:00,29532.75,29532.75,29375.0,29401.0,4315
2026-06-12 02:00:00-04:00,29401.75,29474.75,29390.25,29426.25,2839
2026-06-12 02:30:00-04:00,29423.75,29424.5,29335.0,29361.0,2773
2026-06-12 03:00:00-04:00,29361.75,29370.0,29260.0,29298.25,3784
2026-06-12 03:30:00-04:00,29291.75,29458.5,29285.25,29430.5,3981
2026-06-12 04:00:00-04:00,29434.5,29575.0,29416.25,29530.25,5059
2026-06-12 04:30:00-04:00,29531.25,29536.75,29447.75,29478.25,3120
2026-06-12 05:00:00-04:00,29481.25,29619.5,29477.25,29611.5,3196
2026-06-12 05:30:00-04:00,29611.75,29675.0,29588.5,29623.25,4091
2026-06-12 06:00:00-04:00,29623.5,29657.5,29517.75,29530.25,3967
2026-06-12 06:30:00-04:00,29531.0,29571.5,29528.25,29551.0,1949
2026-06-12 07:00:00-04:00,29553.0,29646.25,29549.0,29631.25,2573
2026-06-12 07:30:00-04:00,29631.25,29660.0,29596.25,29638.25,2562
2026-06-12 08:00:00-04:00,29637.0,29646.0,29528.25,29533.0,4417
2026-06-12 08:30:00-04:00,29532.0,29547.25,29383.25,29413.25,8472
2026-06-12 09:00:00-04:00,29412.25,29502.0,29354.0,29496.0,11431
2026-06-12 09:30:00-04:00,29494.5,29501.0,29230.0,29349.5,49501
2026-06-12 10:00:00-04:00,29354.0,29627.25,29339.0,29513.5,33761
2026-06-12 10:30:00-04:00,29512.25,29644.0,29352.5,29631.0,34524
2026-06-12 11:00:00-04:00,29634.0,29760.0,29597.25,29745.25,23823
2026-06-12 11:30:00-04:00,29745.5,29749.0,29410.0,29439.75,29329
2026-06-12 12:00:00-04:00,29440.25,29667.75,29409.0,29593.5,23440
2026-06-12 12:30:00-04:00,29593.5,29678.75,29575.0,29673.0,12050
2026-06-12 13:00:00-04:00,29674.0,29752.25,29657.0,29721.0,14260
2026-06-12 13:30:00-04:00,29722.25,29730.0,29647.75,29682.5,10852
2026-06-12 14:00:00-04:00,29684.0,29708.0,29608.5,29665.25,14148
2026-06-12 14:30:00-04:00,29664.0,29719.0,29636.25,29645.0,11384
2026-06-12 15:00:00-04:00,29643.0,29711.0,29638.75,29660.5,11229
2026-06-12 15:30:00-04:00,29660.0,29683.75,29580.5,29648.25,26736
2026-06-12 16:00:00-04:00,29648.25,29732.25,29646.0,29688.0,11626
2026-06-12 16:30:00-04:00,29688.25,29704.25,29666.75,29677.75,3257
2026-06-14 18:00:00-04:00,29907.0,30094.0,29907.0,30058.0,5886
2026-06-14 18:30:00-04:00,30050.25,30073.75,30012.0,30049.25,1916
2026-06-14 19:00:00-04:00,30051.5,30071.0,29987.75,30033.5,1174
2026-06-14 19:30:00-04:00,30036.25,30060.5,30019.25,30054.0,1140
2026-06-14 20:00:00-04:00,30052.5,30172.0,30043.5,30161.75,3375
2026-06-14 20:30:00-04:00,30153.25,30164.25,30130.0,30140.75,1089
2026-06-14 21:00:00-04:00,30139.75,30172.0,30126.25,30158.75,1365
2026-06-14 21:30:00-04:00,30159.0,30184.75,30144.25,30168.25,880
2026-06-14 22:00:00-04:00,30167.25,30208.25,30165.0,30206.25,1047
2026-06-14 22:30:00-04:00,30206.75,30211.75,30187.5,30199.5,618
2026-06-14 23:00:00-04:00,30202.75,30217.25,30185.25,30205.75,577
2026-06-14 23:30:00-04:00,30205.5,30220.0,30181.0,30188.5,707
2026-06-15 00:00:00-04:00,30188.75,30216.5,30171.0,30215.5,469
2026-06-15 00:30:00-04:00,30211.0,30232.5,30206.0,30232.5,578
2026-06-15 01:00:00-04:00,30230.0,30244.75,30223.75,30233.0,625
2026-06-15 01:30:00-04:00,30234.25,30239.0,30204.0,30234.25,1027
2026-06-15 02:00:00-04:00,30235.75,30257.75,30220.0,30241.75,1190
2026-06-15 02:30:00-04:00,30240.5,30257.75,30222.0,30251.25,1191
2026-06-15 03:00:00-04:00,30251.75,30265.75,30220.75,30252.0,1727
2026-06-15 03:30:00-04:00,30252.0,30270.0,30238.75,30246.75,1241
2026-06-15 04:00:00-04:00,30243.5,30308.0,30241.0,30299.25,1886
2026-06-15 04:30:00-04:00,30297.0,30324.0,30282.25,30287.75,1376
2026-06-15 05:00:00-04:00,30288.5,30298.75,30230.25,30234.25,1326
2026-06-15 05:30:00-04:00,30234.5,30252.0,30204.75,30248.25,1040
2026-06-15 06:00:00-04:00,30246.0,30266.5,30237.75,30263.0,556
2026-06-15 06:30:00-04:00,30263.0,30265.75,30228.75,30259.0,759
2026-06-15 07:00:00-04:00,30258.75,30312.25,30251.0,30310.0,1675
2026-06-15 07:30:00-04:00,30311.0,30319.5,30270.0,30298.75,1156
2026-06-15 08:00:00-04:00,30297.5,30314.5,30259.0,30266.0,1965
2026-06-15 08:30:00-04:00,30266.25,30285.5,30238.5,30281.25,2343
2026-06-15 09:00:00-04:00,30280.5,30340.0,30260.75,30333.75,2934
2026-06-15 09:30:00-04:00,30333.5,30497.25,30302.25,30402.25,20303
2026-06-15 10:00:00-04:00,30399.5,30462.0,30370.5,30457.75,13044
2026-06-15 10:30:00-04:00,30458.25,30490.25,30398.25,30473.75,8750
2026-06-15 11:00:00-04:00,30475.75,30551.5,30472.5,30546.0,8020
2026-06-15 11:30:00-04:00,30545.75,30588.75,30501.5,30578.75,6758
2026-06-15 12:00:00-04:00,30579.25,30611.0,30568.0,30599.5,5954
2026-06-15 12:30:00-04:00,30599.0,30612.5,30549.5,30567.5,5202
2026-06-15 13:00:00-04:00,30566.25,30589.25,30530.25,30579.25,4732
2026-06-15 13:30:00-04:00,30579.0,30588.5,30551.0,30554.5,2937
2026-06-15 14:00:00-04:00,30555.5,30575.5,30530.0,30537.75,3192
2026-06-15 14:30:00-04:00,30537.75,30591.5,30523.25,30559.5,3512
2026-06-15 15:00:00-04:00,30560.0,30570.0,30529.5,30530.25,3814
2026-06-15 15:30:00-04:00,30529.75,30574.25,30513.0,30567.5,12524
2026-06-15 16:00:00-04:00,30567.0,30588.0,30541.0,30544.5,3205
2026-06-15 16:30:00-04:00,30545.75,30553.5,30522.75,30530.0,1006
2026-06-15 18:00:00-04:00,30539.75,30561.75,30454.75,30483.0,1177
2026-06-15 18:30:00-04:00,30482.5,30510.5,30467.0,30498.5,461
2026-06-15 19:00:00-04:00,30501.75,30526.0,30483.25,30520.25,309
2026-06-15 19:30:00-04:00,30520.0,30541.5,30504.5,30532.75,211
2026-06-15 20:00:00-04:00,30526.0,30543.25,30491.25,30530.0,533
2026-06-15 20:30:00-04:00,30531.25,30549.5,30467.0,30472.25,549
2026-06-15 21:00:00-04:00,30473.75,30494.75,30453.25,30482.25,479
2026-06-15 21:30:00-04:00,30476.75,30499.75,30455.5,30481.0,471
2026-06-15 22:00:00-04:00,30481.25,30493.5,30466.75,30476.75,300
2026-06-15 22:30:00-04:00,30475.5,30500.75,30468.75,30480.5,323
2026-06-15 23:00:00-04:00,30482.0,30518.5,30475.0,30508.75,317
2026-06-15 23:30:00-04:00,30509.75,30552.75,30509.75,30528.0,472
2026-06-16 00:00:00-04:00,30527.75,30532.5,30507.0,30520.0,364
2026-06-16 00:30:00-04:00,30519.25,30525.0,30491.25,30509.5,495
2026-06-16 01:00:00-04:00,30512.25,30540.5,30512.25,30529.25,481
2026-06-16 01:30:00-04:00,30531.0,30534.75,30492.0,30500.5,428
2026-06-16 02:00:00-04:00,30501.5,30533.75,30494.0,30526.0,598
2026-06-16 02:30:00-04:00,30529.0,30532.25,30506.5,30525.0,254
2026-06-16 03:00:00-04:00,30529.5,30544.75,30511.75,30535.0,702
2026-06-16 03:30:00-04:00,30537.0,30539.25,30503.75,30533.5,301
2026-06-16 04:00:00-04:00,30536.0,30597.25,30525.0,30597.0,989
2026-06-16 04:30:00-04:00,30599.0,30638.75,30561.5,30620.25,736
2026-06-16 05:00:00-04:00,30620.0,30626.5,30575.25,30580.75,454
2026-06-16 05:30:00-04:00,30586.5,30600.0,30557.0,30564.25,364
2026-06-16 06:00:00-04:00,30564.25,30607.0,30564.25,30598.25,264
2026-06-16 06:30:00-04:00,30601.25,30627.5,30594.5,30627.5,269
2026-06-16 07:00:00-04:00,30623.75,30664.5,30615.5,30642.0,856
2026-06-16 07:30:00-04:00,30642.0,30651.0,30620.75,30631.0,377
2026-06-16 08:00:00-04:00,30631.0,30645.0,30530.25,30557.0,659
2026-06-16 08:30:00-04:00,30549.25,30562.5,30508.75,30520.5,1125
2026-06-16 09:00:00-04:00,30520.25,30537.0,30477.5,30504.0,2134
2026-06-16 09:30:00-04:00,30502.0,30580.75,30443.5,30499.75,9006
2026-06-16 10:00:00-04:00,30500.25,30546.25,30365.75,30374.75,6396
2026-06-16 10:30:00-04:00,30374.25,30406.75,30255.0,30293.5,5656
2026-06-16 11:00:00-04:00,30292.0,30357.0,30193.25,30228.5,4463
2026-06-16 11:30:00-04:00,30232.0,30267.5,30101.0,30160.5,5396
2026-06-16 12:00:00-04:00,30161.0,30267.0,30158.25,30230.5,3021
2026-06-16 12:30:00-04:00,30230.5,30231.25,30139.0,30186.75,3303
2026-06-16 13:00:00-04:00,30186.0,30187.0,30116.25,30145.75,2074
2026-06-16 13:30:00-04:00,30146.25,30204.25,30089.0,30163.5,2514
2026-06-16 14:00:00-04:00,30161.75,30182.0,30134.75,30156.25,907
2026-06-16 14:30:00-04:00,30158.25,30163.0,30111.0,30128.5,1301
2026-06-16 15:00:00-04:00,30127.0,30165.0,30025.5,30127.75,2773
2026-06-16 15:30:00-04:00,30128.75,30144.5,29982.75,29991.25,8433
2026-06-16 16:00:00-04:00,29991.0,30011.0,29956.75,29985.5,1904
2026-06-16 16:30:00-04:00,29985.0,29998.5,29974.25,29986.5,470
2026-06-16 18:00:00-04:00,30006.75,30059.75,30005.5,30050.5,379
2026-06-16 18:30:00-04:00,30052.5,30071.5,30025.75,30060.0,218
2026-06-16 19:00:00-04:00,30063.75,30063.75,30010.0,30018.75,189
2026-06-16 19:30:00-04:00,30016.75,30040.25,29996.75,30012.75,196
2026-06-16 20:00:00-04:00,30024.0,30068.25,30024.0,30063.25,229
2026-06-16 20:30:00-04:00,30061.0,30086.75,30052.5,30066.75,191
2026-06-16 21:00:00-04:00,30066.75,30106.75,30053.5,30104.75,229
2026-06-16 21:30:00-04:00,30101.0,30133.5,30096.25,30129.75,284
2026-06-16 22:00:00-04:00,30125.5,30146.25,30123.0,30135.0,144
2026-06-16 22:30:00-04:00,30136.0,30137.25,30118.5,30130.0,147
2026-06-16 23:00:00-04:00,30124.75,30139.5,30103.25,30118.25,118
2026-06-16 23:30:00-04:00,30115.5,30153.5,30115.5,30153.0,151
2026-06-17 00:00:00-04:00,30153.5,30167.0,30147.5,30159.75,59
2026-06-17 00:30:00-04:00,30158.0,30171.0,30134.0,30171.0,136
2026-06-17 01:00:00-04:00,30171.0,30190.0,30166.75,30181.0,137
2026-06-17 01:30:00-04:00,30178.0,30213.0,30172.5,30190.5,188
2026-06-17 02:00:00-04:00,30187.0,30207.0,30174.25,30175.0,173
2026-06-17 02:30:00-04:00,30174.25,30230.0,30171.25,30228.25,161
2026-06-17 03:00:00-04:00,30232.0,30262.25,30225.25,30233.75,380
2026-06-17 03:30:00-04:00,30236.75,30258.25,30233.75,30242.25,135
2026-06-17 04:00:00-04:00,30247.0,30268.5,30197.25,30201.75,333
2026-06-17 04:30:00-04:00,30202.0,30208.25,30150.0,30188.25,318
2026-06-17 05:00:00-04:00,30195.75,30207.0,30173.75,30192.5,101
2026-06-17 05:30:00-04:00,30198.0,30205.25,30129.5,30143.75,127
2026-06-17 06:00:00-04:00,30141.25,30160.0,30103.5,30146.75,352
2026-06-17 06:30:00-04:00,30150.0,30180.0,30137.25,30144.0,222
2026-06-17 07:00:00-04:00,30142.5,30176.0,30129.75,30155.0,147
2026-06-17 07:30:00-04:00,30152.5,30154.0,30074.5,30099.5,222
2026-06-17 08:00:00-04:00,30105.0,30160.5,30102.5,30147.0,318
2026-06-17 08:30:00-04:00,30144.5,30201.5,30140.5,30173.5,358
2026-06-17 09:00:00-04:00,30173.0,30213.75,30148.25,30207.75,795
2026-06-17 09:30:00-04:00,30207.75,30224.5,30031.5,30031.5,3328
2026-06-17 10:00:00-04:00,30031.0,30228.25,30005.75,30193.75,2851
2026-06-17 10:30:00-04:00,30193.25,30199.25,29975.0,30043.0,2372
2026-06-17 11:00:00-04:00,30046.5,30141.25,30032.5,30097.0,1007
2026-06-17 11:30:00-04:00,30099.75,30138.5,30087.25,30134.75,584
2026-06-17 12:00:00-04:00,30138.25,30155.0,30107.25,30144.0,484
2026-06-17 12:30:00-04:00,30144.75,30154.5,30082.25,30092.25,678
2026-06-17 13:00:00-04:00,30085.75,30112.0,30009.75,30104.25,832
2026-06-17 13:30:00-04:00,30098.25,30166.5,30070.0,30166.5,542
2026-06-17 14:00:00-04:00,30146.25,30146.25,29766.75,29939.25,3657
2026-06-17 14:30:00-04:00,29929.0,30207.25,29901.25,29962.5,4103
2026-06-17 15:00:00-04:00,29961.0,30061.0,29789.25,29823.0,2379
2026-06-17 15:30:00-04:00,29822.0,29852.5,29616.0,29681.0,3394
2026-06-17 16:00:00-04:00,29681.5,29823.75,29678.75,29812.0,940
2026-06-17 16:30:00-04:00,29813.75,29851.5,29802.25,29839.75,561
2026-06-17 18:00:00-04:00,29758.5,29948.25,29758.5,29921.75,640
2026-06-17 18:30:00-04:00,29917.75,29947.75,29913.25,29925.5,190
2026-06-17 19:00:00-04:00,29925.5,29981.25,29906.0,29972.0,503
2026-06-17 19:30:00-04:00,29976.0,29988.0,29950.5,29987.0,267
2026-06-17 20:00:00-04:00,29994.75,30109.75,29994.75,30055.75,302
2026-06-17 20:30:00-04:00,30062.25,30092.0,30037.75,30049.0,174
2026-06-17 21:00:00-04:00,30050.0,30119.25,30045.75,30088.0,135
2026-06-17 21:30:00-04:00,30093.0,30099.75,30049.75,30063.0,114
2026-06-17 22:00:00-04:00,30057.25,30108.75,30057.25,30078.5,60
2026-06-17 22:30:00-04:00,30075.0,30093.0,30068.0,30083.75,99
2026-06-17 23:00:00-04:00,30088.25,30088.25,30058.25,30085.0,57
2026-06-17 23:30:00-04:00,30085.0,30096.0,30052.0,30079.75,91
2026-06-18 00:00:00-04:00,30079.5,30085.0,30005.0,30013.0,112
2026-06-18 00:30:00-04:00,30004.0,30019.5,29970.0,30017.5,206
2026-06-18 01:00:00-04:00,30003.25,30044.5,30003.0,30033.25,43
2026-06-18 01:30:00-04:00,30046.25,30051.0,30013.5,30030.5,82
2026-06-18 02:00:00-04:00,30027.75,30057.0,30000.0,30057.0,78
2026-06-18 02:30:00-04:00,30041.0,30104.0,30014.0,30097.5,78
2026-06-18 03:00:00-04:00,30097.5,30115.0,30063.25,30115.0,118
2026-06-18 03:30:00-04:00,30097.75,30128.75,30092.0,30128.75,76
2026-06-18 04:00:00-04:00,30129.0,30182.75,30115.0,30123.75,262
2026-06-18 04:30:00-04:00,30121.75,30156.0,30083.25,30090.75,67
2026-06-18 05:00:00-04:00,30081.0,30136.5,30081.0,30124.0,59
2026-06-18 05:30:00-04:00,30125.0,30184.5,30125.0,30175.25,72
2026-06-18 06:00:00-04:00,30168.5,30181.5,30159.75,30163.75,96
2026-06-18 06:30:00-04:00,30166.25,30166.25,30115.25,30121.0,58
2026-06-18 07:00:00-04:00,30136.0,30139.75,30057.0,30090.0,162
2026-06-18 07:30:00-04:00,30081.0,30108.75,30048.5,30108.75,97
2026-06-18 08:00:00-04:00,30112.0,30158.0,30087.5,30144.25,113
2026-06-18 08:30:00-04:00,30151.5,30220.5,30137.25,30207.5,570
2026-06-18 09:00:00-04:00,30197.75,30285.75,30152.0,30275.25,540
2026-06-18 20:00:00-04:00,30690.0,30694.25,30628.0,30645.75,4138
2026-06-18 20:30:00-04:00,30646.75,30662.25,30637.0,30642.75,1889
2026-06-18 21:00:00-04:00,30644.0,30664.75,30611.75,30630.75,3019
2026-06-18 21:30:00-04:00,30629.0,30629.0,30592.0,30594.5,1699
2026-06-18 22:00:00-04:00,30594.25,30609.5,30575.0,30605.5,2113
2026-06-18 22:30:00-04:00,30605.5,30619.5,30585.5,30593.75,1092
2026-06-18 23:00:00-04:00,30593.0,30606.5,30535.5,30539.0,2011
2026-06-18 23:30:00-04:00,30540.5,30546.75,30505.5,30518.5,2589
2026-06-19 00:00:00-04:00,30520.25,30526.25,30459.0,30502.5,3724
2026-06-19 00:30:00-04:00,30503.75,30504.5,30405.0,30433.75,3359
2026-06-19 01:00:00-04:00,30435.0,30452.25,30405.25,30432.5,2977
2026-06-19 01:30:00-04:00,30433.75,30483.5,30388.0,30481.0,2931
2026-06-19 02:00:00-04:00,30482.5,30535.75,30479.5,30523.25,2909
2026-06-19 02:30:00-04:00,30523.25,30565.0,30501.75,30555.0,2236
2026-06-19 03:00:00-04:00,30553.75,30606.25,30552.25,30604.75,2370
2026-06-19 03:30:00-04:00,30603.75,30633.0,30593.0,30630.0,2399
2026-06-19 04:00:00-04:00,30630.0,30650.0,30608.0,30644.25,1556
2026-06-19 04:30:00-04:00,30640.5,30660.0,30624.0,30649.25,1409
2026-06-19 05:00:00-04:00,30651.25,30666.0,30610.25,30615.5,1771
2026-06-19 05:30:00-04:00,30615.5,30647.0,30613.75,30626.0,1440
2026-06-19 06:00:00-04:00,30628.75,30633.5,30568.25,30578.0,1820
2026-06-19 06:30:00-04:00,30578.0,30591.75,30539.0,30574.0,2110
2026-06-19 07:00:00-04:00,30571.25,30581.5,30535.75,30560.0,2138
2026-06-19 07:30:00-04:00,30559.75,30601.75,30557.25,30591.75,1959
2026-06-19 08:00:00-04:00,30592.5,30594.5,30561.75,30562.5,1216
2026-06-19 08:30:00-04:00,30562.5,30670.0,30525.25,30653.0,5122
2026-06-19 09:00:00-04:00,30653.5,30664.0,30626.0,30646.25,3137
2026-06-19 09:30:00-04:00,30646.25,30695.75,30631.75,30682.25,7766
2026-06-19 10:00:00-04:00,30680.25,30684.75,30648.0,30668.75,5027
2026-06-19 10:30:00-04:00,30668.25,30697.25,30658.0,30691.5,3529
2026-06-19 11:00:00-04:00,30690.0,30705.0,30680.0,30697.5,2963
2026-06-19 11:30:00-04:00,30696.5,30700.75,30653.0,30684.0,4822
2026-06-19 12:00:00-04:00,30684.5,30685.5,30658.5,30683.25,2537
2026-06-19 12:30:00-04:00,30682.5,30702.0,30640.0,30647.0,2556
2026-06-21 18:00:00-04:00,30577.0,30616.75,30463.0,30553.0,8119
2026-06-21 18:30:00-04:00,30551.5,30572.0,30498.75,30522.25,3369
2026-06-21 19:00:00-04:00,30520.75,30523.25,30421.25,30439.5,6926
2026-06-21 19:30:00-04:00,30441.5,30448.5,30337.5,30355.75,5982
2026-06-21 20:00:00-04:00,30353.25,30566.25,30347.75,30565.0,9516
2026-06-21 20:30:00-04:00,30565.0,30624.5,30549.75,30616.75,5240
2026-06-21 21:00:00-04:00,30620.0,30658.75,30613.0,30651.5,5376
2026-06-21 21:30:00-04:00,30650.0,30659.0,30603.5,30606.75,3961
2026-06-21 22:00:00-04:00,30608.5,30626.0,30588.75,30588.75,3544
2026-06-21 22:30:00-04:00,30589.0,30601.0,30577.25,30583.5,1972
2026-06-21 23:00:00-04:00,30585.25,30609.25,30547.75,30602.5,4059
2026-06-21 23:30:00-04:00,30604.0,30616.0,30545.0,30555.25,2984
2026-06-22 00:00:00-04:00,30556.5,30583.25,30543.0,30547.0,2583
2026-06-22 00:30:00-04:00,30546.5,30592.25,30524.0,30582.75,3642
2026-06-22 01:00:00-04:00,30582.75,30665.0,30571.25,30659.25,3554
2026-06-22 01:30:00-04:00,30659.0,30661.0,30629.0,30640.25,1844
2026-06-22 02:00:00-04:00,30641.5,30738.5,30638.0,30729.25,4819
2026-06-22 02:30:00-04:00,30729.0,30742.25,30704.75,30736.75,2843
2026-06-22 03:00:00-04:00,30737.25,30781.75,30733.5,30774.25,3556
2026-06-22 03:30:00-04:00,30773.75,30779.5,30744.5,30759.0,2373
2026-06-22 04:00:00-04:00,30758.0,30765.5,30687.25,30702.25,4235
2026-06-22 04:30:00-04:00,30698.75,30741.75,30692.75,30731.25,3028
2026-06-22 05:00:00-04:00,30730.75,30758.0,30710.0,30731.75,3076
2026-06-22 05:30:00-04:00,30732.25,30734.5,30699.0,30699.0,2164
2026-06-22 06:00:00-04:00,30700.5,30766.75,30700.5,30741.0,3092
2026-06-22 06:30:00-04:00,30740.25,30741.0,30702.75,30720.0,3382
2026-06-22 07:00:00-04:00,30720.25,30828.0,30710.75,30738.75,7351
2026-06-22 07:30:00-04:00,30738.0,30771.0,30727.0,30757.75,3943
2026-06-22 08:00:00-04:00,30755.75,30827.75,30752.5,30823.25,3957
2026-06-22 08:30:00-04:00,30825.0,30844.75,30796.25,30800.5,5758
2026-06-22 09:00:00-04:00,30801.0,30873.5,30801.0,30822.0,10069
2026-06-22 09:30:00-04:00,30822.75,30937.25,30756.75,30937.0,65423
2026-06-22 10:00:00-04:00,30936.25,30968.0,30744.0,30756.5,43675
2026-06-22 10:30:00-04:00,30756.75,30762.25,30545.0,30639.0,57174
2026-06-22 11:00:00-04:00,30639.75,30680.0,30583.25,30597.75,33809
2026-06-22 11:30:00-04:00,30597.5,30673.75,30541.25,30557.25,32154
2026-06-22 12:00:00-04:00,30556.75,30615.25,30503.0,30590.0,23886
2026-06-22 12:30:00-04:00,30589.5,30604.25,30522.0,30589.5,17579
2026-06-22 13:00:00-04:00,30589.25,30613.75,30532.0,30597.75,13315
2026-06-22 13:30:00-04:00,30597.25,30650.0,30559.0,30615.0,13240
2026-06-22 14:00:00-04:00,30614.5,30665.0,30601.0,30627.75,12362
2026-06-22 14:30:00-04:00,30627.75,30647.0,30550.5,30558.5,13803
2026-06-22 15:00:00-04:00,30560.5,30596.75,30534.5,30552.75,14224
2026-06-22 15:30:00-04:00,30552.5,30673.5,30552.25,30654.25,30165
2026-06-22 16:00:00-04:00,30653.25,30677.75,30639.0,30648.75,12798
2026-06-22 16:30:00-04:00,30649.25,30672.75,30647.5,30662.5,3308
2026-06-22 18:00:00-04:00,30662.75,30701.25,30634.0,30641.0,3876
2026-06-22 18:30:00-04:00,30640.0,30644.25,30566.5,30582.25,3954
2026-06-22 19:00:00-04:00,30581.5,30588.5,30545.0,30572.0,2843
2026-06-22 19:30:00-04:00,30572.0,30579.0,30540.0,30575.0,2403
2026-06-22 20:00:00-04:00,30574.25,30602.25,30461.25,30495.5,7702
2026-06-22 20:30:00-04:00,30496.25,30636.0,30481.75,30602.0,6492
2026-06-22 21:00:00-04:00,30602.75,30616.25,30550.25,30566.25,5513
2026-06-22 21:30:00-04:00,30565.25,30573.0,30406.0,30459.75,9029
2026-06-22 22:00:00-04:00,30462.25,30472.75,30401.0,30456.25,5226
2026-06-22 22:30:00-04:00,30455.25,30457.25,30389.0,30405.25,3521
2026-06-22 23:00:00-04:00,30406.0,30412.5,30350.25,30366.5,4642
2026-06-22 23:30:00-04:00,30364.75,30402.0,30301.0,30400.0,6403
2026-06-23 00:00:00-04:00,30400.75,30417.25,30305.25,30330.0,4778
2026-06-23 00:30:00-04:00,30329.5,30330.5,30231.0,30242.5,5197
2026-06-23 01:00:00-04:00,30243.0,30268.75,30180.75,30186.25,5522
2026-06-23 01:30:00-04:00,30186.0,30189.5,30093.0,30108.5,8762
2026-06-23 02:00:00-04:00,30107.25,30133.25,30003.75,30020.5,11181
2026-06-23 02:30:00-04:00,30020.75,30054.25,29950.0,29969.75,9531
2026-06-23 03:00:00-04:00,29969.5,30054.25,29943.5,30010.75,9118
2026-06-23 03:30:00-04:00,30008.75,30009.25,29889.0,29909.0,9305
2026-06-23 04:00:00-04:00,29909.5,29919.25,29776.0,29799.25,13952
2026-06-23 04:30:00-04:00,29798.25,29878.0,29780.0,29827.25,9905
2026-06-23 05:00:00-04:00,29830.0,29933.75,29824.0,29917.25,9115
2026-06-23 05:30:00-04:00,29917.75,29917.75,29857.5,29886.25,5680
2026-06-23 06:00:00-04:00,29887.25,29916.25,29815.5,29825.0,6664
2026-06-23 06:30:00-04:00,29824.0,29826.0,29752.0,29818.0,8431
2026-06-23 07:00:00-04:00,29818.5,29869.0,29787.5,29814.0,10036
2026-06-23 07:30:00-04:00,29812.5,29884.0,29801.5,29873.25,7787
2026-06-23 08:00:00-04:00,29872.0,29900.75,29744.0,29775.5,10478
2026-06-23 08:30:00-04:00,29776.25,29791.75,29706.5,29735.0,11298
2026-06-23 09:00:00-04:00,29735.0,29755.25,29675.75,29718.75,16931
2026-06-23 09:30:00-04:00,29718.25,29934.75,29616.5,29926.0,82924
2026-06-23 10:00:00-04:00,29926.5,30047.0,29921.0,29983.5,57591
2026-06-23 10:30:00-04:00,29983.5,29998.25,29812.5,29854.5,47616
2026-06-23 11:00:00-04:00,29854.25,29886.25,29710.5,29727.25,33781
2026-06-23 11:30:00-04:00,29727.25,29821.25,29695.25,29797.75,30772
2026-06-23 12:00:00-04:00,29798.0,29915.75,29790.25,29876.0,26182
2026-06-23 12:30:00-04:00,29877.25,29907.25,29831.0,29864.0,17912
2026-06-23 13:00:00-04:00,29864.0,29891.75,29791.75,29866.5,19043
2026-06-23 13:30:00-04:00,29866.5,29896.5,29732.0,29733.0,18924
2026-06-23 14:00:00-04:00,29732.75,29782.5,29709.5,29734.5,18583
2026-06-23 14:30:00-04:00,29734.0,29742.0,29577.25,29630.0,26599
2026-06-23 15:00:00-04:00,29628.75,29753.0,29612.5,29710.75,30316
2026-06-23 15:30:00-04:00,29710.75,29745.0,29642.75,29650.5,47108
2026-06-23 16:00:00-04:00,29650.25,29744.0,29633.25,29735.75,13312
2026-06-23 16:30:00-04:00,29734.75,29757.5,29716.0,29752.0,3939
2026-06-23 18:00:00-04:00,29770.0,29803.5,29701.25,29706.0,5554
2026-06-23 18:30:00-04:00,29706.5,29729.0,29632.5,29680.0,4684
2026-06-23 19:00:00-04:00,29680.0,29694.25,29585.5,29681.75,4677
2026-06-23 19:30:00-04:00,29683.0,29763.5,29621.25,29748.25,5739
2026-06-23 20:00:00-04:00,29745.0,29858.5,29736.75,29847.75,9594
2026-06-23 20:30:00-04:00,29849.5,29891.75,29815.25,29846.5,5534
2026-06-23 21:00:00-04:00,29848.25,29852.25,29761.0,29816.0,6238
2026-06-23 21:30:00-04:00,29814.5,29852.0,29805.0,29826.5,4523
2026-06-23 22:00:00-04:00,29827.5,29838.5,29762.25,29795.5,5176
2026-06-23 22:30:00-04:00,29796.75,29810.5,29636.75,29637.75,5596
2026-06-23 23:00:00-04:00,29638.5,29751.0,29616.5,29749.25,6973
2026-06-23 23:30:00-04:00,29749.5,29779.0,29710.5,29745.25,4145
2026-06-24 00:00:00-04:00,29746.75,29750.5,29654.75,29665.25,3280
2026-06-24 00:30:00-04:00,29668.25,29790.0,29668.0,29784.5,3659
2026-06-24 01:00:00-04:00,29784.5,29862.25,29780.0,29834.5,4702
2026-06-24 01:30:00-04:00,29836.0,29884.25,29813.0,29819.0,3037
2026-06-24 02:00:00-04:00,29819.5,29853.0,29797.25,29813.25,2834
2026-06-24 02:30:00-04:00,29816.75,29866.0,29811.5,29822.75,2761
2026-06-24 03:00:00-04:00,29824.25,29840.75,29786.0,29794.25,3864
2026-06-24 03:30:00-04:00,29792.75,29836.0,29764.5,29770.0,3212
2026-06-24 04:00:00-04:00,29771.25,29864.5,29763.0,29837.25,3953
2026-06-24 04:30:00-04:00,29837.75,29866.25,29803.75,29820.0,2613
2026-06-24 05:00:00-04:00,29819.25,29843.75,29793.75,29807.0,2284
2026-06-24 05:30:00-04:00,29806.75,29814.5,29755.0,29808.25,2238
2026-06-24 06:00:00-04:00,29809.25,29821.25,29774.0,29815.75,2009
2026-06-24 06:30:00-04:00,29817.75,29851.0,29789.5,29794.75,3376
2026-06-24 07:00:00-04:00,29794.75,29825.25,29734.0,29756.25,4462
2026-06-24 07:30:00-04:00,29755.0,29865.0,29752.5,29862.25,5211
2026-06-24 08:00:00-04:00,29861.0,29872.75,29823.25,29852.75,5175
2026-06-24 08:30:00-04:00,29851.75,29865.75,29752.5,29762.0,4624
2026-06-24 09:00:00-04:00,29764.25,29790.75,29692.5,29711.5,14884
2026-06-24 09:30:00-04:00,29711.25,29841.5,29562.25,29684.25,71513
2026-06-24 10:00:00-04:00,29686.75,29731.75,29525.0,29706.75,45307
2026-06-24 10:30:00-04:00,29705.25,29893.25,29703.5,29891.0,37580
2026-06-24 11:00:00-04:00,29891.25,29907.5,29704.0,29801.0,29735
2026-06-24 11:30:00-04:00,29800.75,29829.25,29700.0,29756.0,27708
2026-06-24 12:00:00-04:00,29757.25,29806.25,29728.75,29752.75,19357
2026-06-24 12:30:00-04:00,29753.0,29754.0,29596.25,29606.5,25661
2026-06-24 13:00:00-04:00,29606.5,29661.5,29403.0,29411.0,34876
2026-06-24 13:30:00-04:00,29411.5,29465.0,29364.75,29387.25,31978
2026-06-24 14:00:00-04:00,29389.25,29563.5,29376.5,29539.75,27046
2026-06-24 14:30:00-04:00,29540.0,29556.0,29325.0,29345.25,30386
2026-06-24 15:00:00-04:00,29346.0,29414.25,29264.75,29384.75,35435
2026-06-24 15:30:00-04:00,29384.0,29529.0,29357.5,29514.0,44441
2026-06-24 16:00:00-04:00,29514.25,30030.0,29486.75,30010.5,44559
2026-06-24 16:30:00-04:00,30009.0,30157.75,29966.0,30095.25,17523
2026-06-24 18:00:00-04:00,30089.75,30168.5,30052.25,30059.25,7662
2026-06-24 18:30:00-04:00,30059.25,30080.25,30046.25,30049.5,2956
2026-06-24 19:00:00-04:00,30050.25,30096.5,30047.25,30077.5,2441
2026-06-24 19:30:00-04:00,30078.25,30135.25,30075.0,30096.75,3138
2026-06-24 20:00:00-04:00,30097.0,30102.5,30026.5,30036.5,4841
2026-06-24 20:30:00-04:00,30035.0,30040.75,29936.0,29965.0,5369
2026-06-24 21:00:00-04:00,29967.5,29996.25,29950.25,29965.0,3904
2026-06-24 21:30:00-04:00,29966.75,30031.0,29960.75,29998.75,3949
2026-06-24 22:00:00-04:00,29997.5,30020.5,29924.5,29986.25,4185
2026-06-24 22:30:00-04:00,29983.0,30003.0,29966.0,29998.0,1748
2026-06-24 23:00:00-04:00,29999.25,30038.75,29981.75,30025.5,3183
2026-06-24 23:30:00-04:00,30024.25,30045.25,29998.75,30032.75,2567
2026-06-25 00:00:00-04:00,30034.75,30045.0,30012.75,30017.75,1957
2026-06-25 00:30:00-04:00,30020.5,30064.75,29998.5,30041.0,2596
2026-06-25 01:00:00-04:00,30040.25,30097.5,30040.0,30094.0,2491
2026-06-25 01:30:00-04:00,30093.0,30121.25,30083.25,30089.25,3633
2026-06-25 02:00:00-04:00,30091.0,30131.75,30077.5,30110.5,4084
2026-06-25 02:30:00-04:00,30110.5,30120.25,30098.0,30105.25,2872
2026-06-25 03:00:00-04:00,30106.5,30186.5,30105.75,30171.5,4796
2026-06-25 03:30:00-04:00,30170.75,30182.0,30149.25,30181.75,2618
2026-06-25 04:00:00-04:00,30182.0,30219.0,30158.0,30172.0,5093
2026-06-25 04:30:00-04:00,30171.25,30183.75,30111.0,30119.5,2848
2026-06-25 05:00:00-04:00,30121.0,30151.0,30114.0,30137.25,2851
2026-06-25 05:30:00-04:00,30137.25,30158.0,30129.0,30131.0,1893
2026-06-25 06:00:00-04:00,30131.75,30169.5,30125.75,30164.25,1803
2026-06-25 06:30:00-04:00,30164.75,30185.0,30140.0,30160.5,3044
2026-06-25 07:00:00-04:00,30160.25,30193.0,30108.25,30117.75,4532
2026-06-25 07:30:00-04:00,30118.75,30155.0,30099.0,30131.25,3459
2026-06-25 08:00:00-04:00,30130.25,30182.0,30117.0,30131.0,4988
2026-06-25 08:30:00-04:00,30130.75,30263.75,30126.0,30201.25,11570
2026-06-25 09:00:00-04:00,30202.75,30214.75,30130.0,30151.0,10643
2026-06-25 09:30:00-04:00,30153.25,30193.0,29295.75,29316.0,105453
2026-06-25 10:00:00-04:00,29316.75,29690.0,29306.5,29586.25,69794
2026-06-25 10:30:00-04:00,29586.0,29776.75,29562.0,29633.25,46763
2026-06-25 11:00:00-04:00,29633.25,29746.25,29462.5,29612.75,39388
2026-06-25 11:30:00-04:00,29614.5,29761.5,29605.5,29659.75,23468
2026-06-25 12:00:00-04:00,29661.75,29872.0,29643.75,29763.0,29913
2026-06-25 12:30:00-04:00,29765.0,29768.5,29586.5,29682.0,26057
2026-06-25 13:00:00-04:00,29681.5,29811.0,29671.75,29764.5,22059
2026-06-25 13:30:00-04:00,29764.75,29804.0,29681.25,29794.5,18880
2026-06-25 14:00:00-04:00,29793.75,29891.25,29678.75,29877.25,35058
2026-06-25 14:30:00-04:00,29877.25,29878.0,29703.25,29773.5,21324
2026-06-25 15:00:00-04:00,29773.75,29777.5,29626.0,29682.75,22580
2026-06-25 15:30:00-04:00,29682.75,29751.5,29616.25,29749.5,31066
2026-06-25 16:00:00-04:00,29748.75,29922.5,29747.75,29818.5,22896
2026-06-25 16:30:00-04:00,29820.5,29823.5,29750.25,29759.25,3342
2026-06-25 18:00:00-04:00,29742.0,29761.25,29614.0,29616.0,7224
2026-06-25 18:30:00-04:00,29617.75,29688.0,29605.5,29678.25,3626
2026-06-25 19:00:00-04:00,29678.75,29892.75,29668.0,29868.75,7319
2026-06-25 19:30:00-04:00,29868.5,29878.5,29666.25,29707.0,8015
2026-06-25 20:00:00-04:00,29704.25,29772.75,29650.25,29709.75,7589
2026-06-25 20:30:00-04:00,29707.75,29714.75,29615.75,29636.0,4705
2026-06-25 21:00:00-04:00,29638.0,29676.75,29565.75,29612.25,5161
2026-06-25 21:30:00-04:00,29614.75,29620.75,29461.75,29494.25,5671
2026-06-25 22:00:00-04:00,29494.0,29506.0,29393.75,29417.0,5559
2026-06-25 22:30:00-04:00,29417.0,29432.0,29230.0,29265.25,8754
2026-06-25 23:00:00-04:00,29267.25,29270.0,29215.25,29249.75,6011
2026-06-25 23:30:00-04:00,29247.5,29370.0,29160.5,29365.75,9336
2026-06-26 00:00:00-04:00,29366.75,29386.75,29277.5,29322.0,6689
2026-06-26 00:30:00-04:00,29322.5,29346.5,29252.25,29270.0,4735
2026-06-26 01:00:00-04:00,29270.75,29381.5,29255.5,29367.75,4485
2026-06-26 01:30:00-04:00,29370.25,29410.0,29300.0,29325.25,4734
2026-06-26 02:00:00-04:00,29326.5,29399.0,29289.0,29394.5,4931
2026-06-26 02:30:00-04:00,29395.5,29535.25,29380.0,29503.75,6200
2026-06-26 03:00:00-04:00,29502.25,29539.25,29435.0,29535.5,6294
2026-06-26 03:30:00-04:00,29538.5,29562.75,29495.25,29527.75,4008
2026-06-26 04:00:00-04:00,29528.25,29557.75,29456.75,29504.5,4550
2026-06-26 04:30:00-04:00,29504.5,29504.5,29364.0,29399.5,4366
2026-06-26 05:00:00-04:00,29400.75,29412.5,29344.0,29378.75,5647
2026-06-26 05:30:00-04:00,29379.25,29444.25,29355.75,29370.75,3768
2026-06-26 06:00:00-04:00,29372.5,29400.25,29317.75,29374.0,3490
2026-06-26 06:30:00-04:00,29372.25,29387.0,29340.25,29361.5,2378
2026-06-26 07:00:00-04:00,29363.25,29425.5,29351.75,29370.5,4379
2026-06-26 07:30:00-04:00,29370.5,29398.25,29304.75,29351.0,4693
2026-06-26 08:00:00-04:00,29350.0,29450.0,29336.25,29396.75,5899
2026-06-26 08:30:00-04:00,29392.0,29406.5,29298.25,29315.25,7258
2026-06-26 09:00:00-04:00,29317.25,29367.25,29211.25,29360.75,13509
2026-06-26 09:30:00-04:00,29362.5,29464.5,29181.5,29440.5,58157
2026-06-26 10:00:00-04:00,29444.0,29665.25,29414.0,29592.0,43193
2026-06-26 10:30:00-04:00,29593.5,29618.25,29455.5,29501.75,31471
2026-06-26 11:00:00-04:00,29505.25,29594.25,29408.75,29592.5,26253
2026-06-26 11:30:00-04:00,29591.75,29716.0,29531.0,29621.25,34879
2026-06-26 12:00:00-04:00,29620.75,29626.5,29493.75,29557.25,22645
2026-06-26 12:30:00-04:00,29559.25,29645.5,29559.0,29612.25,17177
2026-06-26 13:00:00-04:00,29612.0,29700.0,29575.25,29635.25,18101
2026-06-26 13:30:00-04:00,29634.5,29676.5,29535.75,29544.0,15245
2026-06-26 14:00:00-04:00,29545.25,29582.0,29456.5,29461.5,15491
2026-06-26 14:30:00-04:00,29462.75,29512.25,29388.75,29415.5,17656
2026-06-26 15:00:00-04:00,29417.0,29505.0,29395.25,29452.25,20647
2026-06-26 15:30:00-04:00,29451.25,29569.5,29283.75,29316.0,38306
2026-06-26 16:00:00-04:00,29318.0,29410.0,29266.25,29341.25,23984
2026-06-26 16:30:00-04:00,29341.25,29348.25,29255.0,29283.0,9007
2026-06-28 18:00:00-04:00,29282.5,29592.25,29280.25,29561.0,9425
2026-06-28 18:30:00-04:00,29560.75,29598.75,29556.0,29560.5,2793
2026-06-28 19:00:00-04:00,29558.25,29667.75,29548.75,29649.5,4875
2026-06-28 19:30:00-04:00,29650.75,29683.25,29612.5,29617.0,3687
2026-06-28 20:00:00-04:00,29621.0,29622.0,29375.75,29379.0,10994
2026-06-28 20:30:00-04:00,29380.0,29505.25,29363.25,29494.0,7582
2026-06-28 21:00:00-04:00,29494.0,29522.25,29434.5,29440.25,4858
2026-06-28 21:30:00-04:00,29441.75,29558.25,29420.25,29516.25,4624
2026-06-28 22:00:00-04:00,29518.5,29532.0,29389.0,29525.0,4945
2026-06-28 22:30:00-04:00,29524.5,29544.25,29503.0,29523.25,2173
2026-06-28 23:00:00-04:00,29525.75,29579.0,29525.75,29555.25,2579
2026-06-28 23:30:00-04:00,29556.5,29605.75,29482.25,29593.0,4052
2026-06-29 00:00:00-04:00,29592.0,29593.25,29523.75,29539.5,3146
2026-06-29 00:30:00-04:00,29541.75,29555.0,29505.0,29518.0,2418
2026-06-29 01:00:00-04:00,29520.0,29557.5,29491.5,29533.0,2662
2026-06-29 01:30:00-04:00,29534.5,29672.25,29525.5,29670.75,4407
2026-06-29 02:00:00-04:00,29670.25,29676.75,29590.0,29647.75,3591
2026-06-29 02:30:00-04:00,29651.0,29684.75,29616.5,29631.5,3391
2026-06-29 03:00:00-04:00,29631.5,29655.75,29575.75,29643.75,3603
2026-06-29 03:30:00-04:00,29644.5,29698.5,29627.0,29664.25,2693
2026-06-29 04:00:00-04:00,29663.5,29732.75,29657.0,29694.75,3986
2026-06-29 04:30:00-04:00,29694.25,29720.75,29652.75,29660.25,2784
2026-06-29 05:00:00-04:00,29658.75,29688.25,29640.5,29677.75,1970
2026-06-29 05:30:00-04:00,29680.0,29686.5,29620.0,29664.0,3199
2026-06-29 06:00:00-04:00,29666.25,29722.5,29666.25,29717.5,2796
2026-06-29 06:30:00-04:00,29716.75,29746.0,29699.5,29740.5,3422
2026-06-29 07:00:00-04:00,29742.25,29758.0,29683.5,29710.25,3869
2026-06-29 07:30:00-04:00,29709.75,29759.75,29697.0,29705.5,3577
2026-06-29 08:00:00-04:00,29705.25,29739.25,29691.75,29716.75,2744
2026-06-29 08:30:00-04:00,29717.5,29730.75,29650.25,29705.0,4688
2026-06-29 09:00:00-04:00,29705.75,29733.25,29628.0,29643.25,6256
2026-06-29 09:30:00-04:00,29643.0,29840.0,29557.0,29617.75,57059
2026-06-29 10:00:00-04:00,29618.75,29631.5,29273.75,29546.0,63277
2026-06-29 10:30:00-04:00,29544.25,29716.5,29497.25,29713.75,40645
2026-06-29 11:00:00-04:00,29714.25,29775.25,29659.25,29771.0,29743
2026-06-29 11:30:00-04:00,29770.0,29847.25,29734.75,29838.75,25328
2026-06-29 12:00:00-04:00,29839.75,29907.5,29834.25,29871.25,20972
2026-06-29 12:30:00-04:00,29871.0,29932.5,29843.25,29915.5,17627
2026-06-29 13:00:00-04:00,29916.0,30014.5,29915.75,30011.0,20598
2026-06-29 13:30:00-04:00,30012.25,30038.25,29987.0,30003.5,14581
2026-06-29 14:00:00-04:00,30004.0,30024.75,29986.5,29992.25,13202
2026-06-29 14:30:00-04:00,29992.25,30069.5,29988.75,30032.25,16015
2026-06-29 15:00:00-04:00,30032.75,30058.5,29997.0,30025.0,19119
2026-06-29 15:30:00-04:00,30025.5,30069.0,29973.75,30046.25,33851
2026-06-29 16:00:00-04:00,30046.75,30051.75,29995.5,30020.5,13458
2026-06-29 16:30:00-04:00,30021.0,30021.5,29991.25,29995.0,2753
2026-06-29 18:00:00-04:00,30007.25,30035.5,29970.25,30010.75,3779
2026-06-29 18:30:00-04:00,30012.0,30029.25,29991.5,30012.25,1824
2026-06-29 19:00:00-04:00,30011.25,30045.75,30006.0,30035.75,2100
2026-06-29 19:30:00-04:00,30035.0,30054.0,30018.0,30041.0,2116
2026-06-29 20:00:00-04:00,30040.0,30086.0,29986.5,29997.75,4918
2026-06-29 20:30:00-04:00,29997.25,30015.5,29934.75,30009.5,6370
2026-06-29 21:00:00-04:00,30010.75,30064.75,29951.0,30064.25,4684
2026-06-29 21:30:00-04:00,30066.25,30079.25,30014.0,30053.25,4091
2026-06-29 22:00:00-04:00,30054.5,30056.75,29977.5,30029.5,2767
2026-06-29 22:30:00-04:00,30028.25,30052.0,30016.75,30020.25,2040
2026-06-29 23:00:00-04:00,30021.5,30065.5,30011.0,30062.0,1730
2026-06-29 23:30:00-04:00,30062.0,30130.75,30057.0,30095.0,3549
2026-06-30 00:00:00-04:00,30095.5,30170.0,30094.75,30169.25,2843
2026-06-30 00:30:00-04:00,30169.25,30209.5,30162.5,30186.5,3567
2026-06-30 01:00:00-04:00,30187.75,30217.0,30155.0,30160.75,3533
2026-06-30 01:30:00-04:00,30163.0,30170.25,30117.0,30167.0,3629
2026-06-30 02:00:00-04:00,30167.75,30173.25,30118.25,30144.5,3622
2026-06-30 02:30:00-04:00,30142.75,30148.5,30098.0,30132.5,2995
2026-06-30 03:00:00-04:00,30133.25,30151.25,30106.5,30117.0,2556
2026-06-30 03:30:00-04:00,30117.5,30131.0,30069.25,30081.25,2701
2026-06-30 04:00:00-04:00,30081.0,30127.75,30067.0,30125.75,3954
2026-06-30 04:30:00-04:00,30124.0,30135.0,30018.75,30069.25,3938
2026-06-30 05:00:00-04:00,30071.25,30088.0,30059.0,30059.25,2167
2026-06-30 05:30:00-04:00,30060.0,30093.75,30034.5,30082.5,2348
2026-06-30 06:00:00-04:00,30083.0,30118.25,30068.25,30116.25,3316
2026-06-30 06:30:00-04:00,30115.25,30151.5,30086.5,30139.75,3347
2026-06-30 07:00:00-04:00,30141.25,30170.0,30114.25,30134.25,4397
2026-06-30 07:30:00-04:00,30134.75,30175.5,30120.25,30137.0,3308
2026-06-30 08:00:00-04:00,30139.0,30142.75,30036.75,30039.5,6386
2026-06-30 08:30:00-04:00,30037.5,30059.5,30004.75,30013.5,6660
2026-06-30 09:00:00-04:00,30014.25,30052.25,29997.0,30047.0,10521
2026-06-30 09:30:00-04:00,30047.5,30366.75,30033.0,30366.75,64209
2026-06-30 10:00:00-04:00,30366.75,30424.5,30274.5,30410.25,41757
2026-06-30 10:30:00-04:00,30410.75,30442.5,30282.25,30305.25,33237
2026-06-30 11:00:00-04:00,30305.25,30416.0,30299.75,30410.75,21615
2026-06-30 11:30:00-04:00,30410.25,30482.0,30393.75,30459.75,21747
2026-06-30 12:00:00-04:00,30460.5,30509.0,30452.5,30494.25,16906
2026-06-30 12:30:00-04:00,30495.0,30546.5,30477.5,30528.0,15821
2026-06-30 13:00:00-04:00,30528.25,30562.75,30524.75,30530.0,15883
2026-06-30 13:30:00-04:00,30530.75,30545.75,30515.75,30524.5,12698
2026-06-30 14:00:00-04:00,30524.75,30549.0,30498.75,30533.75,12463
2026-06-30 14:30:00-04:00,30533.5,30575.25,30523.0,30554.5,14135
2026-06-30 15:00:00-04:00,30554.0,30599.75,30552.0,30575.5,16347
2026-06-30 15:30:00-04:00,30575.25,30594.0,30510.0,30513.5,46277
2026-06-30 16:00:00-04:00,30513.75,30543.0,30494.0,30504.25,18160
2026-06-30 16:30:00-04:00,30504.0,30510.5,30484.75,30500.75,3481
2026-06-30 18:00:00-04:00,30505.75,30536.0,30492.25,30532.75,3237
2026-06-30 18:30:00-04:00,30531.25,30531.5,30497.5,30510.0,1876
2026-06-30 19:00:00-04:00,30511.5,30540.25,30509.75,30526.0,2094
2026-06-30 19:30:00-04:00,30525.25,30543.5,30516.25,30534.0,1898
2026-06-30 20:00:00-04:00,30535.25,30553.75,30507.0,30536.5,4922
2026-06-30 20:30:00-04:00,30536.75,30549.25,30523.75,30524.0,2254
2026-06-30 21:00:00-04:00,30523.75,30530.25,30466.75,30486.0,5424
2026-06-30 21:30:00-04:00,30486.5,30504.0,30450.5,30453.5,3788
2026-06-30 22:00:00-04:00,30453.5,30456.25,30367.75,30421.0,5129
2026-06-30 22:30:00-04:00,30421.25,30446.0,30408.25,30438.5,2417
2026-06-30 23:00:00-04:00,30438.5,30466.0,30429.5,30437.25,2426
2026-06-30 23:30:00-04:00,30439.5,30477.75,30431.75,30467.0,1936
2026-07-01 00:00:00-04:00,30467.25,30467.5,30429.0,30451.0,2021
2026-07-01 00:30:00-04:00,30452.25,30474.5,30432.75,30443.5,1566
2026-07-01 01:00:00-04:00,30445.75,30463.0,30429.25,30436.75,1542
2026-07-01 01:30:00-04:00,30436.0,30452.25,30422.25,30429.5,1606
2026-07-01 02:00:00-04:00,30430.0,30444.0,30364.5,30395.0,5004
2026-07-01 02:30:00-04:00,30396.0,30419.75,30381.0,30391.5,3392
2026-07-01 03:00:00-04:00,30391.75,30394.75,30299.0,30350.0,6853
2026-07-01 03:30:00-04:00,30350.0,30383.75,30345.0,30374.0,3118
2026-07-01 04:00:00-04:00,30374.75,30376.75,30321.75,30331.0,3930
2026-07-01 04:30:00-04:00,30330.25,30378.0,30317.5,30377.0,2110
2026-07-01 05:00:00-04:00,30376.25,30377.75,30338.75,30354.5,1863
2026-07-01 05:30:00-04:00,30354.5,30386.25,30347.5,30385.0,1181
2026-07-01 06:00:00-04:00,30384.75,30397.5,30351.75,30395.0,2576
2026-07-01 06:30:00-04:00,30394.5,30414.5,30364.25,30407.75,2796
2026-07-01 07:00:00-04:00,30406.75,30435.25,30396.25,30398.75,3254
2026-07-01 07:30:00-04:00,30399.0,30402.0,30355.0,30362.75,3652
2026-07-01 08:00:00-04:00,30363.0,30387.75,30332.5,30369.5,4557
2026-07-01 08:30:00-04:00,30368.5,30395.0,30233.25,30268.75,20612
2026-07-01 09:00:00-04:00,30267.75,30314.5,30213.0,30235.5,15965
2026-07-01 09:30:00-04:00,30235.75,30285.0,30087.75,30283.75,77092
2026-07-01 10:00:00-04:00,30280.0,30327.25,30244.25,30284.75,34891
2026-07-01 10:30:00-04:00,30284.5,30289.25,30137.25,30192.25,39927
2026-07-01 11:00:00-04:00,30193.0,30346.0,30186.0,30343.25,30985
2026-07-01 11:30:00-04:00,30342.5,30356.5,30228.0,30254.75,23375
2026-07-01 12:00:00-04:00,30255.0,30284.25,30217.25,30245.75,16654
2026-07-01 12:30:00-04:00,30245.75,30263.0,30172.75,30190.25,16034
2026-07-01 13:00:00-04:00,30190.0,30240.5,30152.25,30210.0,17029
2026-07-01 13:30:00-04:00,30209.25,30223.5,30157.5,30163.75,13378
2026-07-01 14:00:00-04:00,30164.25,30190.0,30137.75,30159.5,13520
2026-07-01 14:30:00-04:00,30158.75,30174.75,30099.0,30132.75,15727
2026-07-01 15:00:00-04:00,30132.75,30217.0,30127.25,30190.0,18637
2026-07-01 15:30:00-04:00,30190.0,30231.5,30054.0,30080.75,40548
2026-07-01 16:00:00-04:00,30080.75,30086.25,30008.5,30052.5,20150
2026-07-01 16:30:00-04:00,30052.5,30075.0,30020.5,30064.25,4245
2026-07-01 18:00:00-04:00,30089.75,30109.75,30051.5,30094.75,3467
2026-07-01 18:30:00-04:00,30095.0,30118.0,30081.25,30107.25,2278
2026-07-01 19:00:00-04:00,30108.25,30111.0,30054.0,30067.25,2378
2026-07-01 19:30:00-04:00,30068.75,30075.25,30010.25,30042.75,3059
2026-07-01 20:00:00-04:00,30046.0,30068.0,29952.5,30062.5,6633
2026-07-01 20:30:00-04:00,30063.25,30117.25,30006.5,30110.25,4668
2026-07-01 21:00:00-04:00,30110.5,30205.25,30098.0,30194.25,4796
2026-07-01 21:30:00-04:00,30195.25,30229.0,30189.25,30203.75,3101
2026-07-01 22:00:00-04:00,30203.75,30239.5,30185.5,30191.0,3033
2026-07-01 22:30:00-04:00,30193.25,30230.0,30180.75,30207.5,2670
2026-07-01 23:00:00-04:00,30208.25,30212.75,30134.5,30151.0,2706
2026-07-01 23:30:00-04:00,30151.25,30197.0,30138.25,30172.0,2721
2026-07-02 00:00:00-04:00,30173.5,30188.25,30102.75,30135.5,2273
2026-07-02 00:30:00-04:00,30134.5,30135.75,30050.0,30111.25,3377
2026-07-02 01:00:00-04:00,30114.0,30159.75,30094.25,30115.5,3011
2026-07-02 01:30:00-04:00,30115.75,30116.75,30037.25,30051.0,3953
2026-07-02 02:00:00-04:00,30052.0,30066.0,29947.0,29952.75,5415
2026-07-02 02:30:00-04:00,29953.75,30007.5,29895.0,29919.75,5479
2026-07-02 03:00:00-04:00,29921.25,29937.5,29826.25,29863.75,6063
2026-07-02 03:30:00-04:00,29866.0,29944.5,29858.75,29891.25,4627
2026-07-02 04:00:00-04:00,29893.5,29941.75,29827.25,29926.25,4476
2026-07-02 04:30:00-04:00,29924.5,30038.25,29916.25,30033.0,5254
2026-07-02 05:00:00-04:00,30032.75,30033.5,29943.5,29983.25,3557
2026-07-02 05:30:00-04:00,29982.5,30015.0,29952.0,29957.75,2838
2026-07-02 06:00:00-04:00,29959.5,29961.25,29920.0,29948.0,2629
2026-07-02 06:30:00-04:00,29948.0,30008.5,29948.0,30005.75,3242
2026-07-02 07:00:00-04:00,30005.25,30021.5,29967.0,30005.75,4359
2026-07-02 07:30:00-04:00,30006.0,30079.0,29990.75,30034.25,5285
2026-07-02 08:00:00-04:00,30035.25,30190.25,30022.25,30182.75,7230
2026-07-02 08:30:00-04:00,30183.0,30320.0,30155.0,30182.75,19302
2026-07-02 09:00:00-04:00,30185.0,30215.0,30073.5,30076.25,14998
2026-07-02 09:30:00-04:00,30076.25,30263.0,30007.75,30257.75,62450
2026-07-02 10:00:00-04:00,30258.0,30293.5,29910.75,29935.0,51144
2026-07-02 10:30:00-04:00,29935.0,30006.25,29730.75,29840.25,57256
2026-07-02 11:00:00-04:00,29840.25,29852.0,29610.75,29672.5,42747
2026-07-02 11:30:00-04:00,29671.0,29817.25,29636.25,29676.0,29907
2026-07-02 12:00:00-04:00,29676.75,29688.25,29548.0,29558.75,28612
2026-07-02 12:30:00-04:00,29559.0,29563.25,29434.0,29462.25,33083
2026-07-02 13:00:00-04:00,29461.0,29482.75,29387.5,29447.5,25907
2026-07-02 13:30:00-04:00,29447.75,29473.25,29328.5,29338.5,22231
2026-07-02 14:00:00-04:00,29339.5,29503.25,29330.5,29488.0,25983
2026-07-02 14:30:00-04:00,29487.75,29528.0,29439.25,29489.0,20990
2026-07-02 15:00:00-04:00,29488.75,29503.25,29349.5,29421.75,22162
2026-07-02 15:30:00-04:00,29422.5,29588.0,29412.0,29538.25,40756
2026-07-02 16:00:00-04:00,29538.0,29561.75,29514.0,29548.0,15110
2026-07-02 16:30:00-04:00,29549.5,29564.75,29536.25,29551.75,3854
2026-07-02 18:00:00-04:00,29566.0,29598.0,29559.25,29578.5,1923
2026-07-02 18:30:00-04:00,29578.25,29622.25,29568.0,29618.75,1640
2026-07-02 19:00:00-04:00,29615.75,29617.25,29552.0,29602.0,2892
2026-07-02 19:30:00-04:00,29600.0,29618.75,29565.5,29600.5,2044
2026-07-02 20:00:00-04:00,29598.75,29638.75,29541.0,29561.5,4017
2026-07-02 20:30:00-04:00,29561.25,29601.5,29522.0,29536.5,2683
2026-07-02 21:00:00-04:00,29539.5,29697.5,29535.25,29655.0,4076
2026-07-02 21:30:00-04:00,29655.0,29699.5,29643.25,29682.5,2764
2026-07-02 22:00:00-04:00,29684.75,29732.0,29680.5,29729.75,2110
2026-07-02 22:30:00-04:00,29728.0,29755.75,29706.25,29750.75,1938
2026-07-02 23:00:00-04:00,29749.75,29761.75,29730.75,29761.0,1494
2026-07-02 23:30:00-04:00,29760.75,29775.25,29717.75,29767.5,2175
2026-07-03 00:00:00-04:00,29769.25,29803.25,29764.0,29802.0,2038
2026-07-03 00:30:00-04:00,29804.0,29820.0,29786.75,29802.25,2026
2026-07-03 01:00:00-04:00,29803.75,29834.25,29789.25,29809.75,3255
2026-07-03 01:30:00-04:00,29808.75,29841.5,29804.75,29825.25,2090
2026-07-03 02:00:00-04:00,29826.25,29888.0,29821.0,29868.5,5048
2026-07-03 02:30:00-04:00,29867.75,29873.75,29833.5,29840.75,2427
2026-07-03 03:00:00-04:00,29842.0,29867.5,29825.75,29860.0,2227
2026-07-03 03:30:00-04:00,29860.25,29869.0,29835.5,29846.0,1428
2026-07-03 04:00:00-04:00,29845.25,29861.0,29832.75,29846.0,1389
2026-07-03 04:30:00-04:00,29844.0,29873.25,29831.25,29848.5,1745
2026-07-03 05:00:00-04:00,29848.75,29893.0,29827.75,29887.25,2171
2026-07-03 05:30:00-04:00,29887.25,29900.25,29867.75,29870.5,1559
2026-07-03 06:00:00-04:00,29869.75,29883.25,29856.0,29876.5,724
2026-07-03 06:30:00-04:00,29878.75,29894.5,29865.0,29879.5,1468
2026-07-03 07:00:00-04:00,29880.75,29890.75,29866.75,29873.25,879
2026-07-03 07:30:00-04:00,29873.5,29908.0,29870.0,29903.25,1449
2026-07-03 08:00:00-04:00,29902.75,29924.25,29875.5,29885.5,2227
2026-07-03 08:30:00-04:00,29885.25,29904.5,29877.75,29903.0,1111
2026-07-03 09:00:00-04:00,29902.5,29924.25,29886.75,29920.0,2883
2026-07-03 09:30:00-04:00,29921.0,29955.25,29903.5,29940.0,7532
2026-07-03 10:00:00-04:00,29940.0,29946.25,29888.5,29907.5,4827
2026-07-03 10:30:00-04:00,29907.75,29929.0,29899.5,29918.5,2942
2026-07-03 11:00:00-04:00,29919.0,29925.0,29897.75,29899.25,2439
2026-07-03 11:30:00-04:00,29900.0,29913.0,29884.5,29906.0,2332
2026-07-03 12:00:00-04:00,29907.25,29915.5,29894.5,29900.5,1444
2026-07-03 12:30:00-04:00,29901.5,29925.0,29890.75,29901.75,2241
2026-07-05 18:00:00-04:00,29930.25,29979.5,29860.75,29936.0,5428
2026-07-05 18:30:00-04:00,29936.75,29979.0,29934.0,29946.0,3218
2026-07-05 19:00:00-04:00,29946.5,30008.25,29926.5,29985.25,3723
2026-07-05 19:30:00-04:00,29983.5,30011.25,29963.75,29983.75,2979
2026-07-05 20:00:00-04:00,29987.75,30004.75,29879.75,29882.75,6259
2026-07-05 20:30:00-04:00,29882.25,29969.75,29845.0,29928.25,5393
2026-07-05 21:00:00-04:00,29926.5,29932.0,29773.75,29814.25,6172
2026-07-05 21:30:00-04:00,29813.25,29855.25,29750.0,29792.75,5187
2026-07-05 22:00:00-04:00,29793.25,29818.75,29735.0,29736.25,5484
2026-07-05 22:30:00-04:00,29737.0,29747.5,29683.0,29725.25,4569
2026-07-05 23:00:00-04:00,29726.5,29790.5,29716.75,29788.0,3876
2026-07-05 23:30:00-04:00,29789.5,29806.5,29693.25,29730.25,4732
2026-07-06 00:00:00-04:00,29730.25,29801.0,29703.0,29794.75,3466
2026-07-06 00:30:00-04:00,29795.5,29840.5,29788.5,29828.25,2430
2026-07-06 01:00:00-04:00,29829.5,29830.5,29767.75,29769.5,2028
2026-07-06 01:30:00-04:00,29770.0,29801.5,29752.5,29790.5,1994
2026-07-06 02:00:00-04:00,29791.5,29807.5,29754.75,29790.5,1960
2026-07-06 02:30:00-04:00,29789.0,29858.25,29784.5,29847.25,3197
2026-07-06 03:00:00-04:00,29846.25,29863.75,29817.75,29820.25,2130
2026-07-06 03:30:00-04:00,29822.0,29876.25,29816.25,29852.5,1452
2026-07-06 04:00:00-04:00,29852.75,29884.0,29780.0,29833.25,3003
2026-07-06 04:30:00-04:00,29831.0,29870.75,29807.75,29867.0,1664
2026-07-06 05:00:00-04:00,29869.75,29875.0,29844.0,29863.5,1558
2026-07-06 05:30:00-04:00,29864.75,29888.5,29827.5,29877.0,1884
2026-07-06 06:00:00-04:00,29878.0,29891.5,29852.25,29864.75,1626
2026-07-06 06:30:00-04:00,29864.0,29885.0,29847.25,29884.5,1465
2026-07-06 07:00:00-04:00,29884.25,29896.0,29841.75,29880.75,2660
2026-07-06 07:30:00-04:00,29879.5,29915.0,29871.0,29877.75,3183
2026-07-06 08:00:00-04:00,29879.0,29936.0,29865.5,29893.25,5425
2026-07-06 08:30:00-04:00,29893.5,29935.0,29886.75,29934.0,3839
2026-07-06 09:00:00-04:00,29934.75,29938.0,29820.25,29834.75,10233
2026-07-06 09:30:00-04:00,29835.75,30009.0,29776.25,29932.5,59189
2026-07-06 10:00:00-04:00,29935.5,30042.5,29903.25,30012.75,35089
2026-07-06 10:30:00-04:00,30013.25,30067.5,29986.75,30025.25,27396
2026-07-06 11:00:00-04:00,30025.75,30062.75,29941.25,30061.25,25702
2026-07-06 11:30:00-04:00,30061.0,30083.75,30031.5,30074.25,18873
2026-07-06 12:00:00-04:00,30074.0,30094.0,30024.75,30032.25,15440
2026-07-06 12:30:00-04:00,30033.75,30044.25,29981.0,29990.0,16002
2026-07-06 13:00:00-04:00,29989.0,30036.75,29948.0,29954.75,16876
2026-07-06 13:30:00-04:00,29955.5,29960.5,29882.25,29896.75,22571
2026-07-06 14:00:00-04:00,29896.25,30000.0,29895.5,29971.75,18866
2026-07-06 14:30:00-04:00,29971.75,30004.0,29948.5,29990.0,13253
2026-07-06 15:00:00-04:00,29990.75,30052.0,29980.75,30035.5,15248
2026-07-06 15:30:00-04:00,30035.75,30038.0,29931.5,29951.75,35923
2026-07-06 16:00:00-04:00,29951.25,29972.75,29933.0,29959.5,11039
2026-07-06 16:30:00-04:00,29960.0,29965.5,29931.25,29947.75,3200
2026-07-06 18:00:00-04:00,29960.0,29973.75,29940.25,29951.75,2261
2026-07-06 18:30:00-04:00,29951.25,29970.0,29889.0,29894.75,3021
2026-07-06 19:00:00-04:00,29893.5,29928.75,29872.75,29897.5,2730
2026-07-06 19:30:00-04:00,29897.25,29906.0,29839.25,29852.25,3697
2026-07-06 20:00:00-04:00,29851.0,29914.25,29816.25,29878.75,5693
2026-07-06 20:30:00-04:00,29879.5,29886.75,29808.25,29816.75,4804
2026-07-06 21:00:00-04:00,29819.75,29835.75,29726.5,29740.0,5232
2026-07-06 21:30:00-04:00,29739.25,29822.0,29716.5,29773.0,4948
2026-07-06 22:00:00-04:00,29774.25,29819.25,29767.25,29772.75,2685
2026-07-06 22:30:00-04:00,29771.5,29780.25,29738.75,29748.0,3493
2026-07-06 23:00:00-04:00,29748.0,29784.75,29680.0,29684.25,4973
2026-07-06 23:30:00-04:00,29685.25,29709.0,29628.25,29668.25,5623
2026-07-07 00:00:00-04:00,29670.0,29680.0,29616.0,29639.0,3388
2026-07-07 00:30:00-04:00,29640.0,29656.75,29607.5,29625.5,2447
2026-07-07 01:00:00-04:00,29626.25,29627.0,29558.5,29590.0,3927
2026-07-07 01:30:00-04:00,29591.75,29704.5,29591.75,29689.75,4856
2026-07-07 02:00:00-04:00,29688.75,29701.25,29631.25,29663.0,3653
2026-07-07 02:30:00-04:00,29662.0,29693.25,29647.0,29688.75,2529
2026-07-07 03:00:00-04:00,29689.0,29744.0,29667.75,29717.0,4829
2026-07-07 03:30:00-04:00,29715.5,29723.0,29644.0,29645.5,3436
2026-07-07 04:00:00-04:00,29646.75,29709.25,29641.25,29691.75,3426
2026-07-07 04:30:00-04:00,29692.25,29705.0,29658.5,29660.25,2063
2026-07-07 05:00:00-04:00,29660.75,29693.5,29642.5,29655.5,2218
2026-07-07 05:30:00-04:00,29658.25,29665.5,29622.5,29662.25,3312
2026-07-07 06:00:00-04:00,29663.25,29689.5,29639.5,29673.5,6232
2026-07-07 06:30:00-04:00,29673.25,29673.5,29625.25,29659.25,2784
2026-07-07 07:00:00-04:00,29660.5,29661.75,29602.5,29632.0,3324
2026-07-07 07:30:00-04:00,29632.5,29645.75,29591.25,29642.5,3610
2026-07-07 08:00:00-04:00,29640.75,29716.0,29639.25,29688.0,6573
2026-07-07 08:30:00-04:00,29686.5,29708.0,29622.0,29642.25,5501
2026-07-07 09:00:00-04:00,29642.25,29655.75,29580.0,29592.25,10911
2026-07-07 09:30:00-04:00,29593.0,29685.75,29420.25,29469.0,76334
2026-07-07 10:00:00-04:00,29468.75,29505.75,29259.75,29303.25,57509
2026-07-07 10:30:00-04:00,29303.5,29327.75,29210.0,29302.5,42346
2026-07-07 11:00:00-04:00,29302.25,29358.0,29271.25,29314.0,28478
2026-07-07 11:30:00-04:00,29315.0,29389.25,29248.25,29386.75,25607
2026-07-07 12:00:00-04:00,29388.0,29548.0,29377.0,29532.0,32761
2026-07-07 12:30:00-04:00,29532.25,29558.25,29486.25,29540.0,23396
2026-07-07 13:00:00-04:00,29539.5,29580.75,29510.0,29533.75,20705
2026-07-07 13:30:00-04:00,29533.5,29570.0,29528.25,29567.25,14487
2026-07-07 14:00:00-04:00,29567.5,29574.25,29509.75,29517.0,14594
2026-07-07 14:30:00-04:00,29517.5,29531.5,29385.25,29391.0,25404
2026-07-07 15:00:00-04:00,29390.25,29410.0,29271.0,29321.25,27478
2026-07-07 15:30:00-04:00,29320.75,29400.0,29303.75,29394.5,37980
2026-07-07 16:00:00-04:00,29395.0,29437.25,29387.75,29415.75,14499
2026-07-07 16:30:00-04:00,29416.0,29424.75,29412.5,29419.5,2652
2026-07-07 18:00:00-04:00,29373.75,29388.0,29319.5,29372.75,3555
2026-07-07 18:30:00-04:00,29374.0,29400.0,29363.75,29382.75,2156
2026-07-07 19:00:00-04:00,29382.5,29406.0,29356.0,29396.25,2591
2026-07-07 19:30:00-04:00,29396.25,29407.0,29292.5,29300.5,3689
2026-07-07 20:00:00-04:00,29300.0,29477.5,29266.0,29454.5,9536
2026-07-07 20:30:00-04:00,29452.75,29547.0,29407.25,29543.5,6874
2026-07-07 21:00:00-04:00,29543.75,29558.75,29481.5,29485.25,5693
2026-07-07 21:30:00-04:00,29489.0,29495.25,29427.0,29438.0,4882
2026-07-07 22:00:00-04:00,29437.75,29458.75,29388.0,29421.5,4552
2026-07-07 22:30:00-04:00,29422.25,29475.0,29399.75,29461.25,2934
2026-07-07 23:00:00-04:00,29461.5,29519.75,29461.25,29517.5,2835
2026-07-07 23:30:00-04:00,29517.25,29532.25,29465.0,29467.0,2591
2026-07-08 00:00:00-04:00,29470.0,29473.5,29428.0,29442.5,3208
2026-07-08 00:30:00-04:00,29442.75,29446.0,29376.75,29415.0,3581
2026-07-08 01:00:00-04:00,29417.0,29447.25,29378.75,29384.5,2436
2026-07-08 01:30:00-04:00,29384.0,29385.75,29311.75,29347.5,4447
2026-07-08 02:00:00-04:00,29346.75,29363.5,29320.25,29324.75,4080
2026-07-08 02:30:00-04:00,29320.25,29352.5,29282.25,29329.25,3624
2026-07-08 03:00:00-04:00,29328.25,29355.0,29281.0,29353.0,4280
2026-07-08 03:30:00-04:00,29351.0,29409.5,29346.25,29381.0,4031
2026-07-08 04:00:00-04:00,29383.0,29414.75,29063.5,29079.75,12375
2026-07-08 04:30:00-04:00,29080.0,29103.5,28957.25,29009.5,14391
2026-07-08 05:00:00-04:00,29010.75,29034.0,28909.75,28961.25,9024
2026-07-08 05:30:00-04:00,28959.25,29011.0,28947.25,28957.75,5226
2026-07-08 06:00:00-04:00,28960.75,29021.75,28922.75,29020.25,4894
2026-07-08 06:30:00-04:00,29018.0,29063.0,28996.0,29018.75,4792
2026-07-08 07:00:00-04:00,29020.75,29028.5,28975.5,28987.25,4549
2026-07-08 07:30:00-04:00,28984.75,29124.75,28973.0,29089.25,8091
2026-07-08 08:00:00-04:00,29088.0,29184.25,29054.25,29177.25,8308
2026-07-08 08:30:00-04:00,29176.75,29239.5,29145.75,29155.0,8753
2026-07-08 09:00:00-04:00,29154.75,29230.0,29148.0,29202.25,13094
2026-07-08 09:30:00-04:00,29202.75,29399.0,29201.0,29367.5,59509
2026-07-08 10:00:00-04:00,29366.25,29389.25,29235.25,29292.5,38411
2026-07-08 10:30:00-04:00,29292.75,29335.25,29151.0,29212.0,38867
2026-07-08 11:00:00-04:00,29212.25,29224.25,29034.5,29057.75,29087
2026-07-08 11:30:00-04:00,29058.0,29153.0,29034.0,29096.25,25875
2026-07-08 12:00:00-04:00,29097.25,29303.25,29092.75,29277.0,27010
2026-07-08 12:30:00-04:00,29275.5,29377.0,29245.5,29373.25,26124
2026-07-08 13:00:00-04:00,29372.25,29445.25,29334.75,29440.25,20305
2026-07-08 13:30:00-04:00,29441.5,29457.75,29324.25,29352.5,18539
2026-07-08 14:00:00-04:00,29352.25,29429.25,29330.0,29372.75,15212
2026-07-08 14:30:00-04:00,29371.75,29424.25,29347.5,29405.75,14336
2026-07-08 15:00:00-04:00,29405.75,29438.75,29375.75,29425.25,14178
2026-07-08 15:30:00-04:00,29425.0,29500.0,29381.0,29457.5,28682
2026-07-08 16:00:00-04:00,29457.0,29468.5,29386.5,29394.25,11097
2026-07-08 16:30:00-04:00,29394.75,29407.25,29353.25,29391.25,5046
2026-07-08 18:00:00-04:00,29412.0,29449.25,29402.75,29424.25,2847
2026-07-08 18:30:00-04:00,29424.5,29439.5,29405.5,29425.5,1202
2026-07-08 19:00:00-04:00,29424.0,29457.5,29395.0,29424.75,2227
2026-07-08 19:30:00-04:00,29421.0,29503.25,29400.75,29491.25,3636
2026-07-08 20:00:00-04:00,29491.0,29567.75,29491.0,29561.75,6466
2026-07-08 20:30:00-04:00,29563.25,29583.0,29486.25,29503.5,4804
2026-07-08 21:00:00-04:00,29504.5,29555.25,29462.75,29529.0,4433
2026-07-08 21:30:00-04:00,29531.75,29541.25,29444.5,29449.0,3874
2026-07-08 22:00:00-04:00,29450.5,29579.0,29426.0,29533.75,5771
2026-07-08 22:30:00-04:00,29534.0,29544.25,29419.0,29429.5,4614
2026-07-08 23:00:00-04:00,29430.75,29481.5,29396.5,29480.0,3501
2026-07-08 23:30:00-04:00,29480.75,29518.0,29474.25,29506.75,2213
2026-07-09 00:00:00-04:00,29507.5,29518.5,29462.5,29474.5,1819
2026-07-09 00:30:00-04:00,29475.0,29558.5,29475.0,29554.0,2643
2026-07-09 01:00:00-04:00,29554.75,29597.0,29508.75,29515.0,4167
2026-07-09 01:30:00-04:00,29513.75,29610.0,29474.75,29607.75,3715
2026-07-09 02:00:00-04:00,29606.5,29644.25,29572.25,29628.5,4262
2026-07-09 02:30:00-04:00,29628.5,29637.0,29597.75,29612.0,2978
2026-07-09 03:00:00-04:00,29613.25,29667.75,29603.75,29651.75,4830
2026-07-09 03:30:00-04:00,29653.25,29706.75,29640.5,29686.25,4039
2026-07-09 04:00:00-04:00,29684.75,29735.75,29664.0,29699.25,4053
2026-07-09 04:30:00-04:00,29697.0,29705.25,29643.0,29661.25,3140
2026-07-09 05:00:00-04:00,29663.5,29669.0,29629.0,29650.0,1999
2026-07-09 05:30:00-04:00,29647.75,29661.0,29613.75,29644.0,2156
2026-07-09 06:00:00-04:00,29645.5,29669.0,29632.25,29650.5,1808
2026-07-09 06:30:00-04:00,29649.5,29660.75,29564.5,29600.25,3809
2026-07-09 07:00:00-04:00,29601.75,29643.75,29579.0,29641.0,3816
2026-07-09 07:30:00-04:00,29641.0,29721.75,29626.75,29696.0,5984
2026-07-09 08:00:00-04:00,29696.75,29755.0,29681.0,29749.25,5803
2026-07-09 08:30:00-04:00,29748.0,29786.5,29715.25,29736.0,8279
2026-07-09 09:00:00-04:00,29735.25,29759.5,29725.25,29745.25,8729
2026-07-09 09:30:00-04:00,29746.75,29931.25,29672.0,29909.5,59463
2026-07-09 10:00:00-04:00,29910.0,29922.75,29614.5,29763.75,53844
2026-07-09 10:30:00-04:00,29763.25,29821.25,29694.25,29787.75,29807
2026-07-09 11:00:00-04:00,29788.25,29886.25,29779.5,29873.5,22803
2026-07-09 11:30:00-04:00,29874.25,29905.25,29856.25,29886.25,16954
2026-07-09 12:00:00-04:00,29886.5,29924.25,29880.75,29890.75,14791
2026-07-09 12:30:00-04:00,29890.5,29916.5,29864.0,29897.25,14727
2026-07-09 13:00:00-04:00,29897.0,29991.0,29893.5,29988.0,19411
2026-07-09 13:30:00-04:00,29988.75,29993.5,29950.75,29973.75,12412
2026-07-09 14:00:00-04:00,29974.75,29985.0,29942.0,29956.75,12694
2026-07-09 14:30:00-04:00,29957.25,29968.25,29929.5,29939.25,12566
2026-07-09 15:00:00-04:00,29939.75,29958.25,29902.75,29932.25,17229
2026-07-09 15:30:00-04:00,29932.0,29954.75,29896.75,29948.75,31767
2026-07-09 16:00:00-04:00,29948.75,29973.75,29937.0,29940.0,10709
2026-07-09 16:30:00-04:00,29939.5,29949.25,29926.25,29931.25,3629
2026-07-09 18:00:00-04:00,29937.75,29961.0,29904.0,29907.75,3333
2026-07-09 18:30:00-04:00,29908.75,29927.5,29905.5,29922.0,1194
2026-07-09 19:00:00-04:00,29921.5,29964.25,29907.0,29956.0,2373
2026-07-09 19:30:00-04:00,29958.75,29959.0,29926.0,29932.5,2129
2026-07-09 20:00:00-04:00,29933.25,29952.0,29820.75,29837.0,7050
2026-07-09 20:30:00-04:00,29838.0,29870.0,29804.25,29866.5,6117
2026-07-09 21:00:00-04:00,29866.5,29877.25,29817.5,29866.25,4158
2026-07-09 21:30:00-04:00,29867.25,29922.75,29854.75,29891.5,3576
2026-07-09 22:00:00-04:00,29895.0,29901.25,29854.25,29882.5,3444
2026-07-09 22:30:00-04:00,29883.25,29952.5,29874.0,29952.0,3304
2026-07-09 23:00:00-04:00,29952.0,29963.5,29922.0,29923.5,1913
2026-07-09 23:30:00-04:00,29925.25,29933.75,29912.5,29932.25,1517
2026-07-10 00:00:00-04:00,29933.0,29948.75,29917.25,29927.5,1591
2026-07-10 00:30:00-04:00,29928.0,29929.25,29875.25,29881.75,2628
2026-07-10 01:00:00-04:00,29883.75,29897.0,29865.75,29876.5,2391
2026-07-10 01:30:00-04:00,29877.25,29881.25,29840.0,29845.5,2737
2026-07-10 02:00:00-04:00,29847.25,29856.75,29775.25,29789.5,5686
2026-07-10 02:30:00-04:00,29788.75,29832.5,29785.5,29819.5,3601
2026-07-10 03:00:00-04:00,29819.25,29827.75,29790.5,29816.0,2638
2026-07-10 03:30:00-04:00,29816.0,29819.0,29761.75,29774.0,2084
2026-07-10 04:00:00-04:00,29773.75,29803.75,29743.75,29768.75,3715
2026-07-10 04:30:00-04:00,29768.25,29799.0,29754.0,29773.25,2352
2026-07-10 05:00:00-04:00,29776.75,29817.5,29717.25,29813.5,4050
2026-07-10 05:30:00-04:00,29810.0,29827.75,29800.75,29814.75,2095
2026-07-10 06:00:00-04:00,29820.75,29841.75,29805.5,29839.5,2233
2026-07-10 06:30:00-04:00,29838.0,29862.25,29834.75,29850.75,2357
2026-07-10 07:00:00-04:00,29850.0,29887.75,29849.0,29851.75,3351
2026-07-10 07:30:00-04:00,29851.5,29852.0,29806.75,29816.0,3660
2026-07-10 08:00:00-04:00,29816.75,29878.75,29771.25,29851.75,7464
2026-07-10 08:30:00-04:00,29852.0,29860.75,29800.0,29800.0,5030
2026-07-10 09:00:00-04:00,29800.5,29851.0,29790.5,29835.0,7881
2026-07-10 09:30:00-04:00,29834.75,29968.5,29798.0,29923.0,53066
2026-07-10 10:00:00-04:00,29922.75,29966.0,29844.75,29907.0,36100
2026-07-10 10:30:00-04:00,29907.5,29957.25,29675.0,29818.25,35845
2026-07-10 11:00:00-04:00,29818.5,29987.5,29780.0,29979.0,28647
2026-07-10 11:30:00-04:00,29980.0,29991.5,29834.0,29944.25,28881
2026-07-10 12:00:00-04:00,29944.25,30029.0,29943.75,30013.5,21797
2026-07-10 12:30:00-04:00,30013.25,30043.25,30004.0,30026.75,13282
2026-07-10 13:00:00-04:00,30026.5,30051.5,29996.5,30049.75,11066
2026-07-10 13:30:00-04:00,30049.75,30072.25,30031.25,30038.0,11626
2026-07-10 14:00:00-04:00,30039.0,30071.0,30021.5,30046.0,15419
2026-07-10 14:30:00-04:00,30045.25,30057.75,30028.25,30038.25,8951
2026-07-10 15:00:00-04:00,30038.5,30077.75,30033.0,30046.0,11779
2026-07-10 15:30:00-04:00,30046.25,30068.0,30024.75,30037.5,24679
2026-07-10 16:00:00-04:00,30037.75,30062.0,30031.75,30055.5,7701
2026-07-10 16:30:00-04:00,30054.5,30073.75,30051.5,30068.5,2809
2026-07-12 18:00:00-04:00,29952.0,29979.5,29855.0,29887.25,9023
2026-07-12 18:30:00-04:00,29887.25,29915.0,29871.75,29910.25,3387
2026-07-12 19:00:00-04:00,29909.75,29910.5,29869.5,29890.25,2712
2026-07-12 19:30:00-04:00,29888.25,29898.25,29845.0,29893.25,3329
2026-07-12 20:00:00-04:00,29892.0,30041.0,29871.5,29967.25,9138
2026-07-12 20:30:00-04:00,29968.0,29971.75,29807.5,29832.5,8165
2026-07-12 21:00:00-04:00,29836.75,29851.25,29788.75,29809.0,5805
2026-07-12 21:30:00-04:00,29808.75,29843.25,29737.25,29761.25,6860
2026-07-12 22:00:00-04:00,29762.75,29808.75,29727.0,29797.25,5592
2026-07-12 22:30:00-04:00,29798.5,29800.0,29714.5,29717.0,3776
2026-07-12 23:00:00-04:00,29717.5,29721.25,29682.0,29710.0,3958
2026-07-12 23:30:00-04:00,29709.0,29727.25,29683.0,29688.0,3506
2026-07-13 00:00:00-04:00,29689.75,29690.0,29638.75,29651.5,3969
2026-07-13 00:30:00-04:00,29651.5,29655.75,29612.75,29627.0,2734
2026-07-13 01:00:00-04:00,29627.75,29693.75,29577.0,29584.0,5621
2026-07-13 01:30:00-04:00,29585.0,29670.75,29542.75,29649.0,5334
2026-07-13 02:00:00-04:00,29650.5,29666.0,29585.5,29630.0,3962
2026-07-13 02:30:00-04:00,29630.25,29652.0,29598.5,29632.5,3304
2026-07-13 03:00:00-04:00,29631.5,29690.25,29607.0,29674.5,3835
2026-07-13 03:30:00-04:00,29670.75,29671.25,29636.0,29652.75,2092
2026-07-13 04:00:00-04:00,29654.25,29741.5,29647.5,29725.75,4940
2026-07-13 04:30:00-04:00,29728.0,29754.0,29700.0,29747.5,2525
2026-07-13 05:00:00-04:00,29747.5,29766.25,29718.0,29763.25,2037
2026-07-13 05:30:00-04:00,29763.0,29776.5,29752.0,29770.75,1620
2026-07-13 06:00:00-04:00,29772.0,29778.0,29738.75,29741.25,2323
2026-07-13 06:30:00-04:00,29741.0,29764.0,29735.75,29756.75,1785
2026-07-13 07:00:00-04:00,29755.75,29799.75,29741.5,29774.75,3810
2026-07-13 07:30:00-04:00,29773.0,29793.5,29728.75,29741.0,2634
2026-07-13 08:00:00-04:00,29742.0,29757.25,29682.75,29684.0,6351
2026-07-13 08:30:00-04:00,29684.5,29725.0,29655.5,29719.0,5418
2026-07-13 09:00:00-04:00,29719.25,29748.0,29683.25,29710.75,6997
2026-07-13 09:30:00-04:00,29710.0,29737.25,29518.0,29630.0,62600
2026-07-13 10:00:00-04:00,29631.0,29703.0,29488.5,29701.5,44897
2026-07-13 10:30:00-04:00,29701.25,29724.0,29603.5,29717.75,31022
2026-07-13 11:00:00-04:00,29718.0,29752.5,29662.0,29707.25,21795
2026-07-13 11:30:00-04:00,29709.0,29724.5,29596.75,29612.25,17327
2026-07-13 12:00:00-04:00,29611.25,29638.5,29535.0,29558.0,21513
2026-07-13 12:30:00-04:00,29557.75,29557.75,29460.75,29525.75,28919
2026-07-13 13:00:00-04:00,29526.5,29580.75,29498.25,29518.25,14917
2026-07-13 13:30:00-04:00,29518.75,29533.25,29468.0,29479.5,14118
2026-07-13 14:00:00-04:00,29480.0,29539.5,29467.5,29474.0,14775
2026-07-13 14:30:00-04:00,29475.0,29521.5,29454.5,29493.5,13906
2026-07-13 15:00:00-04:00,29493.5,29525.75,29402.5,29418.5,25329
2026-07-13 15:30:00-04:00,29419.75,29504.25,29393.25,29467.0,41512
2026-07-13 16:00:00-04:00,29466.75,29474.0,29386.5,29437.75,12540
2026-07-13 16:30:00-04:00,29437.0,29444.25,29420.0,29428.75,3410
2026-07-13 18:00:00-04:00,29446.0,29479.5,29432.0,29434.25,2549
2026-07-13 18:30:00-04:00,29433.25,29458.75,29393.75,29399.5,2472
2026-07-13 19:00:00-04:00,29399.5,29405.0,29361.75,29366.75,2861
2026-07-13 19:30:00-04:00,29368.0,29423.75,29327.25,29420.75,4837
2026-07-13 20:00:00-04:00,29422.5,29475.75,29325.75,29420.75,9383
2026-07-13 20:30:00-04:00,29420.25,29535.0,29399.5,29521.0,6278
2026-07-13 21:00:00-04:00,29521.0,29541.25,29480.0,29504.75,4805
2026-07-13 21:30:00-04:00,29507.0,29516.5,29437.0,29445.0,4587
2026-07-13 22:00:00-04:00,29447.25,29489.0,29373.0,29401.0,4476
2026-07-13 22:30:00-04:00,29403.25,29456.0,29365.25,29389.0,3766
2026-07-13 23:00:00-04:00,29390.75,29391.5,29303.5,29376.75,5042
2026-07-13 23:30:00-04:00,29376.5,29428.0,29334.25,29423.0,4941
2026-07-14 00:00:00-04:00,29425.25,29452.75,29371.25,29450.0,2889
2026-07-14 00:30:00-04:00,29450.5,29516.5,29442.5,29508.5,2508
2026-07-14 01:00:00-04:00,29509.75,29610.0,29490.0,29604.5,4554
2026-07-14 01:30:00-04:00,29605.0,29631.25,29577.75,29593.0,3447
2026-07-14 02:00:00-04:00,29592.0,29649.75,29586.25,29606.25,4062
2026-07-14 02:30:00-04:00,29606.25,29634.25,29562.75,29564.25,2439
2026-07-14 03:00:00-04:00,29564.0,29621.25,29545.5,29604.5,3293
2026-07-14 03:30:00-04:00,29606.0,29609.75,29557.25,29574.5,2102
2026-07-14 04:00:00-04:00,29575.0,29632.0,29547.75,29618.25,3627
2026-07-14 04:30:00-04:00,29617.75,29636.25,29570.75,29573.0,1992
2026-07-14 05:00:00-04:00,29573.0,29629.5,29557.75,29574.75,2295
2026-07-14 05:30:00-04:00,29573.5,29623.75,29573.25,29602.25,1456
2026-07-14 06:00:00-04:00,29603.25,29620.25,29585.5,29598.75,913
2026-07-14 06:30:00-04:00,29595.75,29633.0,29578.75,29607.25,2027
2026-07-14 07:00:00-04:00,29606.75,29670.5,29555.0,29640.5,7418
2026-07-14 07:30:00-04:00,29640.75,29668.25,29613.75,29632.0,3369
2026-07-14 08:00:00-04:00,29635.0,29694.0,29570.0,29694.0,6121
2026-07-14 08:30:00-04:00,29694.0,29921.75,29677.0,29772.5,23663
2026-07-14 09:00:00-04:00,29773.75,29832.0,29742.5,29811.75,11492
2026-07-14 09:30:00-04:00,29811.0,29815.75,29685.0,29781.25,45413
2026-07-14 10:00:00-04:00,29780.25,29804.75,29567.5,29684.5,44006
2026-07-14 10:30:00-04:00,29683.75,29839.75,29658.25,29772.5,33258
2026-07-14 11:00:00-04:00,29773.5,29889.0,29753.75,29884.5,30758
2026-07-14 11:30:00-04:00,29885.0,29895.75,29760.0,29785.5,24135
2026-07-14 12:00:00-04:00,29786.0,29791.25,29704.5,29779.25,21057
2026-07-14 12:30:00-04:00,29778.5,29830.0,29750.25,29826.75,15073
2026-07-14 13:00:00-04:00,29826.75,29867.0,29807.0,29850.0,14558
2026-07-14 13:30:00-04:00,29849.5,29865.5,29818.75,29863.25,9670
2026-07-14 14:00:00-04:00,29863.0,29878.25,29842.5,29853.75,9709
2026-07-14 14:30:00-04:00,29854.0,29869.5,29810.5,29824.0,13179
2026-07-14 15:00:00-04:00,29824.5,29837.75,29780.0,29796.75,14729
2026-07-14 15:30:00-04:00,29797.25,29836.0,29771.0,29786.0,26669
2026-07-14 16:00:00-04:00,29785.75,29810.0,29767.75,29775.0,10775
2026-07-14 16:30:00-04:00,29774.5,29801.5,29772.75,29793.5,2682
2026-07-14 18:00:00-04:00,29805.0,29806.25,29745.5,29786.25,2589
2026-07-14 18:30:00-04:00,29788.5,29796.0,29764.25,29773.25,1555
2026-07-14 19:00:00-04:00,29772.75,29873.0,29758.0,29866.75,3140
2026-07-14 19:30:00-04:00,29866.25,29900.0,29844.5,29889.25,2891
2026-07-14 20:00:00-04:00,29889.0,29938.0,29837.5,29918.0,4581
2026-07-14 20:30:00-04:00,29920.25,29929.5,29841.0,29918.0,3908
2026-07-14 21:00:00-04:00,29920.0,29942.75,29860.0,29922.75,3491
2026-07-14 21:30:00-04:00,29924.25,29959.25,29891.5,29957.25,3114
2026-07-14 22:00:00-04:00,29958.75,29981.75,29949.25,29966.75,2780
2026-07-14 22:30:00-04:00,29970.0,29987.25,29959.0,29960.75,1854
2026-07-14 23:00:00-04:00,29961.0,29985.0,29947.25,29978.5,2101
2026-07-14 23:30:00-04:00,29979.0,30019.25,29977.25,30012.5,2044
2026-07-15 00:00:00-04:00,30012.75,30016.5,29989.25,29990.25,1394
2026-07-15 00:30:00-04:00,29990.75,30025.0,29983.25,30021.75,1758
2026-07-15 01:00:00-04:00,30022.5,30058.25,29976.75,29981.75,5310
2026-07-15 01:30:00-04:00,29980.75,30032.0,29967.75,30032.0,2748
2026-07-15 02:00:00-04:00,30031.75,30050.0,30023.0,30039.25,2609
2026-07-15 02:30:00-04:00,30041.75,30045.25,30009.75,30030.0,2352
2026-07-15 03:00:00-04:00,30030.5,30062.5,29928.0,29969.0,4948
2026-07-15 03:30:00-04:00,29968.0,30005.25,29945.25,29996.25,3038
2026-07-15 04:00:00-04:00,29997.25,29998.75,29872.0,29913.25,4575
2026-07-15 04:30:00-04:00,29912.75,29943.5,29897.75,29936.5,2247
2026-07-15 05:00:00-04:00,29937.75,29963.5,29937.75,29950.25,1369
2026-07-15 05:30:00-04:00,29947.75,29959.75,29914.25,29924.75,1416
2026-07-15 06:00:00-04:00,29926.0,29947.25,29886.0,29896.0,1803
2026-07-15 06:30:00-04:00,29897.75,29934.25,29890.0,29927.25,1612
2026-07-15 07:00:00-04:00,29926.0,29953.0,29915.25,29921.5,1753
2026-07-15 07:30:00-04:00,29922.75,29942.0,29904.5,29912.5,1783
2026-07-15 08:00:00-04:00,29914.5,29919.5,29856.25,29875.5,2900
2026-07-15 08:30:00-04:00,29875.25,29995.25,29856.5,29980.0,10416
2026-07-15 09:00:00-04:00,29980.0,29999.75,29936.25,29955.25,7013
2026-07-15 09:30:00-04:00,29955.5,29977.5,29754.5,29823.5,55627
2026-07-15 10:00:00-04:00,29822.75,29892.5,29639.25,29724.0,46628
2026-07-15 10:30:00-04:00,29723.75,29736.75,29536.75,29630.75,45365
2026-07-15 11:00:00-04:00,29632.0,29661.75,29526.5,29641.0,29027
2026-07-15 11:30:00-04:00,29640.75,29656.25,29560.0,29582.0,21359
2026-07-15 12:00:00-04:00,29580.25,29599.5,29431.25,29462.0,28222
2026-07-15 12:30:00-04:00,29462.0,29540.25,29397.0,29512.75,26822
2026-07-15 13:00:00-04:00,29512.75,29608.25,29504.75,29604.0,18820
2026-07-15 13:30:00-04:00,29604.75,29705.75,29604.5,29686.5,23348
2026-07-15 14:00:00-04:00,29686.75,29742.75,29681.75,29724.5,21441
2026-07-15 14:30:00-04:00,29724.5,29735.0,29595.0,29613.25,20567
2026-07-15 15:00:00-04:00,29613.0,29668.75,29589.0,29643.25,18728
2026-07-15 15:30:00-04:00,29643.25,29707.0,29608.5,29701.0,30911
2026-07-15 16:00:00-04:00,29701.25,29737.0,29664.0,29718.75,10649
2026-07-15 16:30:00-04:00,29718.5,29720.5,29700.0,29707.5,1808
2026-07-15 18:00:00-04:00,29709.0,29749.0,29700.0,29716.25,2109
2026-07-15 18:30:00-04:00,29716.5,29724.0,29677.0,29716.25,3112
2026-07-15 19:00:00-04:00,29716.0,29736.25,29695.5,29718.5,2063
2026-07-15 19:30:00-04:00,29717.25,29734.0,29682.0,29690.0,1752
2026-07-15 20:00:00-04:00,29690.0,29763.25,29662.5,29669.5,4684
2026-07-15 20:30:00-04:00,29670.0,29695.75,29622.25,29651.25,4258
2026-07-15 21:00:00-04:00,29653.75,29668.0,29601.5,29605.25,3118
2026-07-15 21:30:00-04:00,29604.5,29685.75,29593.5,29651.0,3619
2026-07-15 22:00:00-04:00,29651.25,29706.0,29620.0,29696.75,3135
2026-07-15 22:30:00-04:00,29695.5,29736.0,29670.0,29727.0,3289
2026-07-15 23:00:00-04:00,29728.0,29751.75,29710.5,29716.5,2073
2026-07-15 23:30:00-04:00,29716.75,29747.0,29701.75,29743.0,1575
2026-07-16 00:00:00-04:00,29744.25,29756.25,29710.0,29716.0,1749
2026-07-16 00:30:00-04:00,29715.0,29721.25,29691.25,29708.0,1087
2026-07-16 01:00:00-04:00,29709.0,29775.5,29697.0,29765.75,2339
2026-07-16 01:30:00-04:00,29765.75,29797.0,29666.5,29686.5,3848
2026-07-16 02:00:00-04:00,29687.75,29749.75,29646.5,29686.0,5818
2026-07-16 02:30:00-04:00,29682.0,29697.25,29641.25,29683.75,2062
2026-07-16 03:00:00-04:00,29684.75,29686.5,29611.75,29622.5,3080
2026-07-16 03:30:00-04:00,29623.5,29629.25,29548.5,29562.25,3184
2026-07-16 04:00:00-04:00,29563.5,29572.75,29478.75,29538.5,4521
2026-07-16 04:30:00-04:00,29539.5,29595.5,29528.25,29591.5,2425
2026-07-16 05:00:00-04:00,29593.25,29645.25,29592.0,29613.25,2634
2026-07-16 05:30:00-04:00,29614.75,29631.0,29528.0,29531.25,2869
2026-07-16 06:00:00-04:00,29530.25,29561.25,29512.25,29537.5,2224
2026-07-16 06:30:00-04:00,29537.25,29555.75,29502.5,29531.0,2315
2026-07-16 07:00:00-04:00,29528.75,29532.0,29446.25,29472.0,4054
2026-07-16 07:30:00-04:00,29472.75,29472.75,29361.0,29446.75,6238
2026-07-16 08:00:00-04:00,29445.75,29457.25,29378.0,29408.0,5857
2026-07-16 08:30:00-04:00,29407.75,29427.75,29363.5,29392.25,6046
2026-07-16 09:00:00-04:00,29393.25,29488.5,29387.75,29465.75,9596
2026-07-16 09:30:00-04:00,29466.0,29532.0,29255.5,29347.5,60125
2026-07-16 10:00:00-04:00,29346.5,29501.0,29315.25,29482.5,41134
2026-07-16 10:30:00-04:00,29483.25,29513.5,29362.0,29433.75,27612
2026-07-16 11:00:00-04:00,29435.5,29458.75,29336.0,29406.75,29722
2026-07-16 11:30:00-04:00,29406.5,29468.0,29354.5,29392.5,22694
2026-07-16 12:00:00-04:00,29392.5,29395.25,29260.75,29299.25,25167
2026-07-16 12:30:00-04:00,29300.5,29352.5,29270.75,29338.25,17889
2026-07-16 13:00:00-04:00,29339.0,29343.0,29275.0,29333.0,15433
2026-07-16 13:30:00-04:00,29334.0,29345.0,29219.0,29244.5,20254
2026-07-16 14:00:00-04:00,29244.25,29304.0,29217.25,29269.75,19499
2026-07-16 14:30:00-04:00,29269.0,29269.25,29198.5,29210.5,16124
2026-07-16 15:00:00-04:00,29210.0,29242.0,29119.0,29148.5,23423
2026-07-16 15:30:00-04:00,29147.5,29238.25,29078.5,29217.0,44836
2026-07-16 16:00:00-04:00,29216.75,29231.25,29162.75,29181.0,14789
2026-07-16 16:30:00-04:00,29180.25,29189.75,29164.0,29179.0,3454
2026-07-16 18:00:00-04:00,29191.0,29220.0,29136.5,29139.75,2901
2026-07-16 18:30:00-04:00,29139.0,29159.25,29115.25,29136.5,2605
2026-07-16 19:00:00-04:00,29134.75,29144.75,29075.75,29093.0,2871
2026-07-16 19:30:00-04:00,29092.5,29129.75,29060.0,29096.5,2864
2026-07-16 20:00:00-04:00,29095.5,29124.25,29011.0,29018.5,5767
2026-07-16 20:30:00-04:00,29017.75,29082.0,28993.5,29057.0,5848
2026-07-16 21:00:00-04:00,29059.75,29105.5,29010.5,29039.5,4468
2026-07-16 21:30:00-04:00,29040.75,29044.0,28945.75,28972.0,5762
2026-07-16 22:00:00-04:00,28970.75,28985.75,28917.25,28928.75,3324
2026-07-16 22:30:00-04:00,28927.25,28940.75,28902.25,28925.0,3883
2026-07-16 23:00:00-04:00,28926.25,29026.0,28915.0,29015.25,3876
2026-07-16 23:30:00-04:00,29013.5,29016.75,28910.0,28911.0,4125
2026-07-17 00:00:00-04:00,28911.0,28912.75,28803.0,28809.5,6496
2026-07-17 00:30:00-04:00,28808.0,28841.25,28774.5,28804.75,5421
2026-07-17 01:00:00-04:00,28806.0,28823.0,28783.5,28791.0,3615
2026-07-17 01:30:00-04:00,28792.5,28811.75,28725.0,28756.25,5159
2026-07-17 02:00:00-04:00,28755.0,28824.5,28722.5,28815.25,5878
2026-07-17 02:30:00-04:00,28814.25,28825.0,28730.5,28743.0,3804
2026-07-17 03:00:00-04:00,28744.25,28767.5,28713.5,28748.0,4955
2026-07-17 03:30:00-04:00,28750.0,28759.5,28682.5,28688.0,3762
2026-07-17 04:00:00-04:00,28687.5,28735.0,28577.25,28609.75,9639
2026-07-17 04:30:00-04:00,28609.5,28662.0,28550.0,28630.0,6152
2026-07-17 05:00:00-04:00,28628.75,28690.5,28618.75,28690.0,4405
2026-07-17 05:30:00-04:00,28691.0,28728.0,28661.75,28711.5,4011
2026-07-17 06:00:00-04:00,28711.75,28787.25,28691.5,28773.5,6782
2026-07-17 06:30:00-04:00,28772.25,28825.5,28763.0,28785.0,5582
2026-07-17 07:00:00-04:00,28786.75,28808.25,28728.25,28763.25,5929
2026-07-17 07:30:00-04:00,28764.0,28765.0,28713.5,28741.5,3456
2026-07-17 08:00:00-04:00,28740.0,28744.75,28662.0,28674.75,5652
2026-07-17 08:30:00-04:00,28674.25,28690.75,28645.5,28664.5,6154
2026-07-17 09:00:00-04:00,28664.75,28665.75,28581.0,28606.0,13744
2026-07-17 09:30:00-04:00,28607.75,28686.0,28408.25,28676.0,72689
2026-07-17 10:00:00-04:00,28676.0,28887.5,28665.25,28832.0,59503
2026-07-17 10:30:00-04:00,28832.0,28896.0,28721.0,28727.0,44161
2026-07-17 11:00:00-04:00,28727.0,28760.0,28672.25,28753.5,30907
2026-07-17 11:30:00-04:00,28753.25,28948.5,28718.0,28933.5,33651
2026-07-17 12:00:00-04:00,28934.0,28956.0,28846.0,28913.5,32366
2026-07-17 12:30:00-04:00,28914.25,29028.0,28885.75,28974.25,24219
2026-07-17 13:00:00-04:00,28974.75,29050.25,28966.25,29035.5,22695
2026-07-17 13:30:00-04:00,29035.75,29042.25,28883.75,28895.75,19100
2026-07-17 14:00:00-04:00,28896.25,28937.0,28822.5,28851.75,19966
2026-07-17 14:30:00-04:00,28852.0,28891.75,28797.0,28861.25,21980
2026-07-17 15:00:00-04:00,28861.0,28869.25,28718.5,28795.5,21460
2026-07-17 15:30:00-04:00,28795.75,28853.5,28753.75,28764.25,37773
2026-07-17 16:00:00-04:00,28764.5,28768.0,28712.5,28749.75,15061
2026-07-17 16:30:00-04:00,28749.5,28779.75,28749.25,28768.25,4501
2026-07-19 18:00:00-04:00,28747.75,28818.75,28709.75,28766.5,7329
2026-07-19 18:30:00-04:00,28763.75,28851.0,28757.75,28814.5,3665
2026-07-19 19:00:00-04:00,28818.0,28836.25,28781.0,28805.25,2571
2026-07-19 19:30:00-04:00,28805.5,28880.25,28793.75,28868.25,3631
2026-07-19 20:00:00-04:00,28870.0,28963.5,28806.0,28935.0,7054
2026-07-19 20:30:00-04:00,28935.75,28938.25,28850.0,28859.25,4681
2026-07-19 21:00:00-04:00,28861.75,28917.5,28811.5,28815.5,4980
2026-07-19 21:30:00-04:00,28815.0,28834.75,28762.75,28795.75,4525
2026-07-19 22:00:00-04:00,28798.5,28889.0,28793.0,28811.25,4246
2026-07-19 22:30:00-04:00,28811.0,28948.0,28809.5,28886.0,4043
2026-07-19 23:00:00-04:00,28888.0,28913.75,28856.0,28876.5,2429
2026-07-19 23:30:00-04:00,28876.5,28937.75,28851.0,28897.25,2874
2026-07-20 00:00:00-04:00,28900.0,28918.75,28844.5,28900.5,2393
2026-07-20 00:30:00-04:00,28900.25,28942.0,28888.25,28897.75,2688
2026-07-20 01:00:00-04:00,28898.0,28901.75,28812.75,28832.75,3106
2026-07-20 01:30:00-04:00,28831.25,28839.0,28789.0,28807.25,2514
2026-07-20 02:00:00-04:00,28808.0,28823.75,28768.75,28785.0,2537
2026-07-20 02:30:00-04:00,28786.5,28813.5,28766.0,28803.5,2221
2026-07-20 03:00:00-04:00,28805.75,28885.75,28797.75,28880.25,3365
2026-07-20 03:30:00-04:00,28880.0,28926.0,28878.25,28911.0,3678
2026-07-20 04:00:00-04:00,28908.25,28939.75,28889.5,28902.5,3047
2026-07-20 04:30:00-04:00,28902.25,28907.25,28860.0,28882.0,1873
2026-07-20 05:00:00-04:00,28879.25,28915.75,28854.0,28904.75,1688
2026-07-20 05:30:00-04:00,28904.25,28998.25,28898.0,28952.5,4137
2026-07-20 06:00:00-04:00,28952.75,28962.25,28920.5,28956.75,2636
2026-07-20 06:30:00-04:00,28955.0,28980.0,28947.25,28969.0,2180
2026-07-20 07:00:00-04:00,28970.75,29026.5,28963.75,28998.75,3992
2026-07-20 07:30:00-04:00,28997.75,29109.5,28995.5,29072.5,9745
2026-07-20 08:00:00-04:00,29072.5,29075.5,28981.75,29034.75,6087
2026-07-20 08:30:00-04:00,29036.0,29046.0,29001.0,29025.0,4681
2026-07-20 09:00:00-04:00,29025.0,29060.0,29016.75,29045.0,7794
2026-07-20 09:30:00-04:00,29045.0,29192.5,28979.75,28994.75,60539
2026-07-20 10:00:00-04:00,28996.0,29049.0,28908.0,29030.75,43140
2026-07-20 10:30:00-04:00,29030.75,29053.75,28874.0,28891.5,32269
2026-07-20 11:00:00-04:00,28891.75,29024.5,28873.25,29015.5,29828
2026-07-20 11:30:00-04:00,29015.75,29066.75,28974.0,29050.75,20781
2026-07-20 12:00:00-04:00,29050.75,29119.0,29028.75,29084.5,20424
2026-07-20 12:30:00-04:00,29085.0,29101.25,28956.0,28983.75,25691
2026-07-20 13:00:00-04:00,28983.0,28999.75,28910.25,28957.25,17892
2026-07-20 13:30:00-04:00,28958.25,28982.75,28900.75,28956.5,14794
2026-07-20 14:00:00-04:00,28957.0,29009.75,28932.0,28949.0,15111
2026-07-20 14:30:00-04:00,28949.0,28949.0,28855.75,28870.0,19957
2026-07-20 15:00:00-04:00,28871.0,28896.0,28796.5,28855.5,23416
2026-07-20 15:30:00-04:00,28855.75,28894.25,28767.75,28785.25,34821
2026-07-20 16:00:00-04:00,28785.0,28831.5,28750.5,28759.25,10897
2026-07-20 16:30:00-04:00,28759.0,28785.75,28757.75,28777.0,2557
2026-07-20 18:00:00-04:00,28778.25,28803.5,28705.0,28719.75,3126
2026-07-20 18:30:00-04:00,28721.5,28734.25,28701.0,28717.75,1744
2026-07-20 19:00:00-04:00,28717.75,28822.0,28711.25,28819.0,3391
2026-07-20 19:30:00-04:00,28818.75,28832.5,28757.75,28779.25,3440
2026-07-20 20:00:00-04:00,28777.5,28834.5,28707.25,28816.5,7013
2026-07-20 20:30:00-04:00,28818.25,28897.0,28813.75,28856.25,4885
2026-07-20 21:00:00-04:00,28859.75,28912.5,28837.5,28891.0,4226
2026-07-20 21:30:00-04:00,28891.75,28920.5,28866.5,28885.25,3172
2026-07-20 22:00:00-04:00,28885.25,28937.75,28859.0,28894.5,3212
2026-07-20 22:30:00-04:00,28894.5,28956.75,28894.25,28955.0,2558
2026-07-20 23:00:00-04:00,28954.0,28997.5,28951.25,28996.25,2278
2026-07-20 23:30:00-04:00,28996.25,29078.0,28992.0,29072.5,5350
2026-07-21 00:00:00-04:00,29073.0,29089.5,29055.75,29064.0,3123
2026-07-21 00:30:00-04:00,29065.25,29076.75,29048.0,29054.0,1985
2026-07-21 01:00:00-04:00,29055.75,29071.25,29016.5,29066.75,2569
2026-07-21 01:30:00-04:00,29066.0,29105.0,29039.75,29098.25,3088
2026-07-21 02:00:00-04:00,29096.25,29143.5,29096.25,29112.25,4344
2026-07-21 02:30:00-04:00,29113.25,29155.5,29113.25,29146.5,2558
2026-07-21 03:00:00-04:00,29147.75,29162.0,29092.5,29103.0,3464
2026-07-21 03:30:00-04:00,29102.0,29127.0,29088.0,29117.25,2539
2026-07-21 04:00:00-04:00,29118.0,29168.0,29104.0,29168.0,3507
2026-07-21 04:30:00-04:00,29167.5,29176.75,29149.75,29167.0,2799
2026-07-21 05:00:00-04:00,29168.0,29195.25,29162.5,29166.75,2780
2026-07-21 05:30:00-04:00,29165.5,29185.5,29151.25,29155.0,2313
2026-07-21 06:00:00-04:00,29155.25,29198.5,29154.75,29173.25,2552
2026-07-21 06:30:00-04:00,29174.25,29207.0,29155.5,29166.25,3133
2026-07-21 07:00:00-04:00,29167.75,29184.0,29119.5,29129.75,4458
2026-07-21 07:30:00-04:00,29129.0,29182.0,29126.0,29154.25,4213
2026-07-21 08:00:00-04:00,29153.5,29195.25,29133.25,29134.25,5132
2026-07-21 08:30:00-04:00,29133.0,29186.75,29111.5,29171.5,6401
2026-07-21 09:00:00-04:00,29173.5,29225.0,29155.75,29221.5,7686
2026-07-21 09:30:00-04:00,29222.5,29246.25,29092.5,29152.75,60536
2026-07-21 10:00:00-04:00,29153.5,29218.25,29064.25,29207.25,42110
2026-07-21 10:30:00-04:00,29207.25,29256.5,29162.0,29237.5,29746
2026-07-21 11:00:00-04:00,29237.25,29320.0,29181.0,29307.5,28465
2026-07-21 11:30:00-04:00,29307.0,29308.5,29256.25,29259.25,20019
2026-07-21 12:00:00-04:00,29259.25,29337.75,29254.25,29312.5,18178
2026-07-21 12:30:00-04:00,29313.0,29352.5,29302.0,29331.75,14656
2026-07-21 13:00:00-04:00,29331.5,29355.5,29323.0,29333.0,12048
2026-07-21 13:30:00-04:00,29333.25,29364.75,29327.25,29341.25,12343
2026-07-21 14:00:00-04:00,29341.5,29361.75,29318.5,29325.0,11237
2026-07-21 14:30:00-04:00,29325.25,29355.75,29310.5,29328.5,12888
2026-07-21 15:00:00-04:00,29328.25,29335.5,29290.75,29293.75,14854
2026-07-21 15:30:00-04:00,29293.25,29352.0,29290.75,29310.75,37114
2026-07-21 16:00:00-04:00,29312.0,29316.75,29283.75,29292.5,11852
2026-07-21 16:30:00-04:00,29292.5,29304.25,29279.0,29289.75,3612
2026-07-21 18:00:00-04:00,29310.75,29310.75,29265.0,29271.0,2181
2026-07-21 18:30:00-04:00,29270.0,29284.0,29253.0,29273.75,1531
2026-07-21 19:00:00-04:00,29273.5,29304.75,29261.0,29297.25,1742
2026-07-21 19:30:00-04:00,29296.25,29304.5,29268.0,29298.5,2137
2026-07-21 20:00:00-04:00,29298.5,29337.0,29286.0,29299.0,4389
2026-07-21 20:30:00-04:00,29300.25,29305.5,29258.25,29288.0,3299
2026-07-21 21:00:00-04:00,29289.75,29293.75,29234.5,29246.0,3387
2026-07-21 21:30:00-04:00,29243.0,29307.0,29232.0,29277.25,3160
2026-07-21 22:00:00-04:00,29277.25,29284.5,29238.25,29276.0,2665
2026-07-21 22:30:00-04:00,29275.5,29277.25,29228.0,29238.25,2259
2026-07-21 23:00:00-04:00,29239.25,29262.0,29210.0,29262.0,2982
2026-07-21 23:30:00-04:00,29260.25,29267.25,29190.25,29200.0,2934
2026-07-22 00:00:00-04:00,29199.0,29238.5,29187.75,29234.0,2063
2026-07-22 00:30:00-04:00,29231.75,29232.5,29193.75,29221.5,1859
2026-07-22 01:00:00-04:00,29222.25,29225.25,29166.0,29166.0,2359
2026-07-22 01:30:00-04:00,29165.5,29183.75,29140.25,29172.75,3067
2026-07-22 02:00:00-04:00,29171.25,29173.0,29060.0,29079.5,4987
2026-07-22 02:30:00-04:00,29077.75,29115.5,29062.25,29092.75,3758
2026-07-22 03:00:00-04:00,29091.75,29124.5,29051.0,29119.25,4145
2026-07-22 03:30:00-04:00,29117.5,29123.75,29025.75,29056.0,4595
2026-07-22 04:00:00-04:00,29059.75,29107.0,29038.75,29100.25,4066
2026-07-22 04:30:00-04:00,29101.25,29117.75,29079.0,29110.0,1816
2026-07-22 05:00:00-04:00,29110.25,29150.0,29106.25,29126.25,2661
2026-07-22 05:30:00-04:00,29125.0,29128.5,29089.25,29127.0,2363
2026-07-22 06:00:00-04:00,29128.25,29168.5,29113.0,29161.25,3495
2026-07-22 06:30:00-04:00,29162.25,29173.0,29133.0,29153.0,2464
2026-07-22 07:00:00-04:00,29154.0,29164.75,29099.25,29101.75,3744
2026-07-22 07:30:00-04:00,29102.0,29114.5,29017.5,29054.0,6150
2026-07-22 08:00:00-04:00,29056.5,29071.0,28995.0,29027.0,6789
2026-07-22 08:30:00-04:00,29028.0,29068.75,28952.0,29017.25,11181
2026-07-22 09:00:00-04:00,29017.5,29099.0,29017.5,29089.75,8057
2026-07-22 09:30:00-04:00,29090.5,29277.25,29090.0,29276.75,56240
2026-07-22 10:00:00-04:00,29277.0,29283.75,29196.0,29220.0,38582
2026-07-22 10:30:00-04:00,29219.25,29260.25,29172.75,29241.0,29470
2026-07-22 11:00:00-04:00,29241.25,29342.25,29240.25,29324.5,25154
2026-07-22 11:30:00-04:00,29324.25,29335.5,29274.25,29329.5,19201
2026-07-22 12:00:00-04:00,29330.25,29335.0,29300.25,29311.0,12266
2026-07-22 12:30:00-04:00,29311.0,29328.25,29276.75,29310.5,12859
2026-07-22 13:00:00-04:00,29310.5,29331.25,29295.0,29306.0,12568
2026-07-22 13:30:00-04:00,29304.0,29320.0,29234.25,29244.25,15116
2026-07-22 14:00:00-04:00,29244.0,29271.25,29222.25,29239.0,16949
2026-07-22 14:30:00-04:00,29239.0,29259.0,29207.75,29245.25,14383
2026-07-22 15:00:00-04:00,29245.75,29260.0,29215.5,29253.0,13940
2026-07-22 15:30:00-04:00,29253.5,29254.25,29158.25,29160.5,30346
2026-07-22 16:00:00-04:00,29161.0,29260.0,29119.0,29217.5,23367
2026-07-22 16:30:00-04:00,29216.25,29225.75,29165.0,29165.0,4283
2026-07-22 18:00:00-04:00,29100.0,29142.5,29060.5,29080.5,5448
2026-07-22 18:30:00-04:00,29081.25,29091.25,29039.25,29072.75,3200
2026-07-22 19:00:00-04:00,29073.5,29081.25,29021.75,29058.75,2899
2026-07-22 19:30:00-04:00,29059.0,29145.5,29058.75,29142.25,3728
2026-07-22 20:00:00-04:00,29143.75,29255.5,29132.5,29226.5,6484
2026-07-22 20:30:00-04:00,29226.75,29282.5,29218.25,29255.0,4485
2026-07-22 21:00:00-04:00,29256.25,29273.5,29232.5,29240.25,3423
2026-07-22 21:30:00-04:00,29242.0,29260.5,29175.5,29176.0,5108
2026-07-22 22:00:00-04:00,29176.0,29201.0,29092.0,29105.0,4128
2026-07-22 22:30:00-04:00,29104.5,29126.75,29057.0,29089.0,4443
2026-07-22 23:00:00-04:00,29093.5,29096.75,29029.5,29084.25,4362
2026-07-22 23:30:00-04:00,29083.25,29128.0,29072.25,29111.75,3113
2026-07-23 00:00:00-04:00,29112.0,29163.0,29068.5,29151.5,3752
2026-07-23 00:30:00-04:00,29153.5,29165.25,29112.5,29125.25,2427
2026-07-23 01:00:00-04:00,29126.0,29170.75,29098.5,29170.75,2744
2026-07-23 01:30:00-04:00,29170.25,29183.25,29079.25,29088.0,3033
2026-07-23 02:00:00-04:00,29088.0,29116.5,29077.25,29108.75,2626
2026-07-23 02:30:00-04:00,29108.0,29119.25,29074.0,29084.0,2560
2026-07-23 03:00:00-04:00,29083.75,29086.75,28954.0,29015.5,7467
2026-07-23 03:30:00-04:00,29015.75,29019.75,28922.25,28987.5,5082
2026-07-23 04:00:00-04:00,28988.75,29061.25,28958.25,29051.0,5224
2026-07-23 04:30:00-04:00,29049.25,29111.0,29030.75,29103.0,3052
2026-07-23 05:00:00-04:00,29103.5,29137.75,29078.0,29091.0,3463
2026-07-23 05:30:00-04:00,29092.0,29092.0,29045.0,29055.25,2369
2026-07-23 06:00:00-04:00,29054.25,29067.0,29036.0,29053.0,2465
2026-07-23 06:30:00-04:00,29051.75,29122.25,29045.25,29103.0,3503
2026-07-23 07:00:00-04:00,29103.0,29106.5,28992.5,28993.75,4824
2026-07-23 07:30:00-04:00,28994.75,29002.25,28913.0,28965.0,8652
2026-07-23 08:00:00-04:00,28964.0,28967.75,28854.5,28864.5,8275
2026-07-23 08:30:00-04:00,28864.5,28875.0,28754.75,28787.5,15264
2026-07-23 09:00:00-04:00,28786.5,28804.5,28697.0,28719.25,22018
2026-07-23 09:30:00-04:00,28718.25,28883.0,28657.0,28707.75,78681
2026-07-23 10:00:00-04:00,28709.25,28801.25,28678.25,28731.5,51355
2026-07-23 10:30:00-04:00,28731.0,28773.25,28577.25,28596.75,48133
2026-07-23 11:00:00-04:00,28597.25,28604.5,28447.75,28467.25,50319
2026-07-23 11:30:00-04:00,28467.75,28590.0,28432.5,28588.5,33695
2026-07-23 12:00:00-04:00,28588.5,28715.0,28573.25,28707.25,28237
2026-07-23 12:30:00-04:00,28707.5,28738.25,28609.5,28640.75,28530
2026-07-23 13:00:00-04:00,28641.25,28676.75,28588.0,28652.5,23918
2026-07-23 13:30:00-04:00,28653.0,28657.0,28565.5,28568.0,18729
2026-07-23 14:00:00-04:00,28568.25,28584.25,28542.5,28575.0,18213
2026-07-23 14:30:00-04:00,28574.75,28603.5,28525.25,28550.0,17599
2026-07-23 15:00:00-04:00,28550.0,28595.25,28501.0,28583.0,20735
2026-07-23 15:30:00-04:00,28583.5,28633.5,28486.25,28615.0,43134
2026-07-23 16:00:00-04:00,28615.25,28777.25,28610.5,28769.5,22515
2026-07-23 16:30:00-04:00,28768.5,28782.0,28725.25,28739.25,5479
2026-07-23 18:00:00-04:00,28700.25,28709.25,28624.0,28662.25,4030
2026-07-23 18:30:00-04:00,28662.5,28732.75,28662.5,28731.25,2995
2026-07-23 19:00:00-04:00,28729.5,28736.0,28687.5,28698.5,2767
2026-07-23 19:30:00-04:00,28698.0,28708.25,28658.25,28679.0,3471
2026-07-23 20:00:00-04:00,28680.25,28724.0,28615.75,28643.0,7000
2026-07-23 20:30:00-04:00,28646.0,28680.0,28618.0,28672.0,4147
2026-07-23 21:00:00-04:00,28672.25,28701.5,28641.25,28656.25,3741
2026-07-23 21:30:00-04:00,28655.5,28685.5,28607.0,28614.25,3263
2026-07-23 22:00:00-04:00,28612.75,28632.0,28587.0,28594.75,3079
2026-07-23 22:30:00-04:00,28595.25,28598.25,28515.0,28519.25,4361
2026-07-23 23:00:00-04:00,28520.0,28560.75,28517.75,28545.5,3558
2026-07-23 23:30:00-04:00,28544.25,28555.75,28481.0,28485.0,4349
2026-07-24 00:00:00-04:00,28486.5,28556.75,28465.5,28551.75,3680
2026-07-24 00:30:00-04:00,28550.5,28571.5,28512.25,28565.25,2662
2026-07-24 01:00:00-04:00,28564.5,28602.0,28548.25,28582.25,2808
2026-07-24 01:30:00-04:00,28583.0,28607.0,28544.0,28545.0,2824
2026-07-24 02:00:00-04:00,28546.75,28576.25,28503.0,28534.5,4008
2026-07-24 02:30:00-04:00,28536.5,28561.5,28481.0,28543.75,3370
2026-07-24 03:00:00-04:00,28544.0,28663.0,28539.25,28654.0,5835
2026-07-24 03:30:00-04:00,28653.75,28658.0,28609.0,28614.25,2496
2026-07-24 04:00:00-04:00,28615.75,28622.25,28556.5,28621.75,3988
2026-07-24 04:30:00-04:00,28621.75,28649.5,28609.0,28622.0,2444
2026-07-24 05:00:00-04:00,28623.5,28681.25,28612.0,28672.75,3526
2026-07-24 05:30:00-04:00,28674.75,28704.25,28663.25,28700.5,2917
2026-07-24 06:00:00-04:00,28700.25,28706.25,28654.25,28667.5,2895
2026-07-24 06:30:00-04:00,28668.25,28686.5,28633.25,28640.5,2640
2026-07-24 07:00:00-04:00,28640.0,28666.75,28632.0,28644.25,2913
2026-07-24 07:30:00-04:00,28641.0,28700.0,28601.5,28680.5,5815
2026-07-24 08:00:00-04:00,28678.5,28698.5,28624.25,28686.5,6663
2026-07-24 08:30:00-04:00,28686.0,28689.0,28587.25,28592.0,6180
2026-07-24 09:00:00-04:00,28591.25,28616.0,28538.0,28540.25,9788
2026-07-24 09:30:00-04:00,28540.0,28622.0,28313.5,28322.25,68278
2026-07-24 10:00:00-04:00,28323.0,28451.25,28299.0,28391.0,54120
2026-07-24 10:30:00-04:00,28391.75,28461.5,28254.5,28449.25,43750
2026-07-24 11:00:00-04:00,28449.0,28557.25,28355.0,28499.75,47529
2026-07-24 11:30:00-04:00,28500.75,28583.75,28484.5,28576.0,31382
2026-07-24 12:00:00-04:00,28576.75,28630.75,28549.5,28565.75,23796
2026-07-24 12:30:00-04:00,28566.0,28569.0,28460.25,28495.75,22160
2026-07-24 13:00:00-04:00,28494.75,28521.75,28427.0,28514.5,23026
2026-07-24 13:30:00-04:00,28515.25,28544.0,28452.0,28466.0,16381
2026-07-24 14:00:00-04:00,28467.0,28486.0,28333.0,28336.25,18292
2026-07-24 14:30:00-04:00,28337.75,28346.75,28259.0,28302.5,26978
2026-07-24 15:00:00-04:00,28301.75,28328.5,28212.5,28253.5,24001
2026-07-24 15:30:00-04:00,28253.0,28304.75,28224.5,28283.25,41932
2026-07-24 16:00:00-04:00,28283.5,28329.5,28259.25,28305.0,11988
2026-07-24 16:30:00-04:00,28303.5,28313.5,28283.75,28306.5,3307
2026-07-26 18:00:00-04:00,28500.0,28682.25,28500.0,28623.25,7762
2026-07-26 18:30:00-04:00,28623.5,28641.5,28604.0,28609.5,2154
2026-07-26 19:00:00-04:00,28612.25,28638.75,28597.75,28616.75,2137
2026-07-26 19:30:00-04:00,28617.0,28731.0,28610.5,28727.5,4739
2026-07-26 20:00:00-04:00,28728.25,28733.75,28581.75,28619.25,8427
2026-07-26 20:30:00-04:00,28618.25,28656.0,28595.25,28598.25,4032
2026-07-26 21:00:00-04:00,28599.75,28634.5,28525.0,28538.0,5461
2026-07-26 21:30:00-04:00,28542.75,28621.25,28536.0,28614.0,4500
2026-07-26 22:00:00-04:00,28614.75,28652.75,28587.0,28638.5,3227
2026-07-26 22:30:00-04:00,28639.0,28658.5,28606.25,28615.5,2235
2026-07-26 23:00:00-04:00,28615.5,28650.75,28606.0,28619.25,2218
2026-07-26 23:30:00-04:00,28620.5,28637.0,28592.75,28614.0,1842
2026-07-27 00:00:00-04:00,28614.0,28647.0,28597.75,28620.75,1653
2026-07-27 00:30:00-04:00,28620.75,28663.0,28609.25,28644.0,1882
2026-07-27 01:00:00-04:00,28646.25,28684.0,28638.0,28679.75,1878
2026-07-27 01:30:00-04:00,28680.0,28704.25,28673.75,28694.5,2445
2026-07-27 02:00:00-04:00,28694.5,28728.5,28693.75,28697.75,2964
2026-07-27 02:30:00-04:00,28697.25,28715.5,28680.0,28695.0,2635
2026-07-27 03:00:00-04:00,28692.75,28732.0,28689.0,28705.25,2776
2026-07-27 03:30:00-04:00,28703.25,28704.0,28661.25,28661.75,2879
2026-07-27 04:00:00-04:00,28661.0,28724.25,28658.5,28719.0,2679
2026-07-27 04:30:00-04:00,28720.75,28749.5,28703.25,28736.0,2594
2026-07-27 05:00:00-04:00,28737.0,28738.75,28719.75,28726.25,1894
2026-07-27 05:30:00-04:00,28727.0,28763.25,28718.25,28744.75,3000
2026-07-27 06:00:00-04:00,28744.0,28753.5,28726.25,28738.0,2227
2026-07-27 06:30:00-04:00,28740.0,28758.0,28733.75,28740.75,1581
2026-07-27 07:00:00-04:00,28742.0,28743.5,28648.5,28652.75,3813
2026-07-27 07:30:00-04:00,28653.25,28685.0,28645.5,28673.0,4466
2026-07-27 08:00:00-04:00,28673.25,28697.75,28629.25,28650.75,4850
2026-07-27 08:30:00-04:00,28650.5,28692.5,28631.75,28690.25,5005
2026-07-27 09:00:00-04:00,28692.0,28700.0,28588.0,28590.5,9605
2026-07-27 09:30:00-04:00,28590.5,28615.75,28341.25,28347.75,68531
2026-07-27 10:00:00-04:00,28347.75,28372.75,28075.25,28086.25,60959
2026-07-27 10:30:00-04:00,28086.5,28180.25,27939.0,28169.25,65958
2026-07-27 11:00:00-04:00,28171.0,28198.5,28046.0,28072.25,43620
2026-07-27 11:30:00-04:00,28074.25,28085.75,27980.25,28062.5,29486
2026-07-27 12:00:00-04:00,28062.75,28204.5,28043.5,28153.75,33574
2026-07-27 12:30:00-04:00,28154.25,28196.75,28027.75,28048.5,25417
2026-07-27 13:00:00-04:00,28047.0,28056.25,27986.0,27998.75,20407
2026-07-27 13:30:00-04:00,27998.5,28106.25,27997.5,28104.75,17359
2026-07-27 14:00:00-04:00,28104.75,28121.25,28049.75,28082.0,16537
2026-07-27 14:30:00-04:00,28082.25,28191.0,28019.25,28188.25,23015
2026-07-27 15:00:00-04:00,28188.75,28247.5,28165.25,28243.0,20600
2026-07-27 15:30:00-04:00,28243.75,28255.75,28155.25,28192.25,32115
2026-07-27 16:00:00-04:00,28192.5,28219.5,28169.25,28194.5,10253
2026-07-27 16:30:00-04:00,28194.5,28230.0,28186.75,28210.0,3376
2026-07-27 18:00:00-04:00,28210.5,28228.0,28125.5,28129.5,3209
2026-07-27 18:30:00-04:00,28128.25,28156.5,28123.5,28132.5,2233
2026-07-27 19:00:00-04:00,28131.75,28163.25,28105.25,28162.25,2722
2026-07-27 19:30:00-04:00,28160.75,28179.25,28121.25,28163.5,2935
2026-07-27 20:00:00-04:00,28164.75,28195.0,28068.25,28104.5,5974
2026-07-27 20:30:00-04:00,28103.75,28139.75,28052.75,28072.0,4355
2026-07-27 21:00:00-04:00,28072.0,28078.25,27969.0,28062.25,7517
2026-07-27 21:30:00-04:00,28059.75,28097.0,28008.75,28022.0,3823
2026-07-27 22:00:00-04:00,28021.75,28030.25,27972.25,27987.75,4131
2026-07-27 22:30:00-04:00,27987.0,28006.75,27951.5,27993.0,4213
2026-07-27 23:00:00-04:00,27993.0,28047.25,27932.5,27987.5,5348
2026-07-27 23:30:00-04:00,27984.5,28070.5,27951.5,28049.25,4487
2026-07-28 00:00:00-04:00,28049.0,28049.25,27970.0,27972.75,2920
2026-07-28 00:30:00-04:00,27972.75,28003.0,27951.0,27954.75,2367
2026-07-28 01:00:00-04:00,27957.0,27983.0,27914.0,27919.5,2921
2026-07-28 01:30:00-04:00,27921.0,27924.0,27870.75,27880.0,4966
2026-07-28 02:00:00-04:00,27882.25,27907.0,27839.5,27902.5,6843
2026-07-28 02:30:00-04:00,27902.75,27958.25,27892.0,27947.25,4173
2026-07-28 03:00:00-04:00,27945.5,27989.0,27934.0,27943.25,4382
2026-07-28 03:30:00-04:00,27944.0,27962.5,27908.0,27933.5,3854
2026-07-28 04:00:00-04:00,27934.25,28007.25,27880.0,27999.5,6188
2026-07-28 04:30:00-04:00,28003.0,28052.0,27975.0,27994.25,5423
2026-07-28 05:00:00-04:00,27992.25,28016.5,27982.5,28012.0,2666
2026-07-28 05:30:00-04:00,28009.75,28010.25,27941.5,27956.0,2885
2026-07-28 06:00:00-04:00,27956.0,27969.5,27933.5,27967.25,2400
2026-07-28 06:30:00-04:00,27968.5,27980.5,27904.25,27942.75,5321
2026-07-28 07:00:00-04:00,27945.75,27958.0,27864.75,27883.0,8040
2026-07-28 07:30:00-04:00,27882.0,27975.0,27848.25,27963.75,7206
2026-07-28 08:00:00-04:00,27962.5,28018.5,27949.25,28010.0,6203
2026-07-28 08:30:00-04:00,28010.75,28032.75,27956.25,27993.25,9922
2026-07-28 09:00:00-04:00,27993.75,28028.5,27938.0,27949.0,10686
2026-07-28 09:30:00-04:00,27950.0,27992.0,27641.75,27665.25,91864
2026-07-28 10:00:00-04:00,27665.5,27793.5,27603.5,27706.5,64696
2026-07-28 10:30:00-04:00,27706.5,27890.0,27669.0,27801.75,53159
2026-07-28 11:00:00-04:00,27803.0,28010.0,27768.0,27965.0,48378
2026-07-28 11:30:00-04:00,27965.75,28062.5,27948.75,28048.0,32608
2026-07-28 12:00:00-04:00,28047.75,28068.75,27984.75,27995.25,27480
2026-07-28 12:30:00-04:00,27995.5,28080.0,27953.5,28057.5,24650
2026-07-28 13:00:00-04:00,28057.5,28066.5,27969.0,27996.5,24839
2026-07-28 13:30:00-04:00,27996.0,28043.5,27925.0,27972.5,19668
2026-07-28 14:00:00-04:00,27974.0,27999.5,27912.5,27925.25,18802
2026-07-28 14:30:00-04:00,27926.75,27979.5,27920.5,27972.75,16198
2026-07-28 15:00:00-04:00,27972.25,28021.75,27965.25,28017.75,19910
2026-07-28 15:30:00-04:00,28018.0,28023.75,27911.0,27918.5,34928
2026-07-28 16:00:00-04:00,27919.5,27991.25,27884.25,27977.75,16175
2026-07-28 16:30:00-04:00,27977.0,27983.25,27935.75,27960.5,4604
2026-07-28 18:00:00-04:00,27962.0,28013.25,27906.5,27939.25,4983
2026-07-28 18:30:00-04:00,27939.0,27943.25,27756.25,27756.75,7711
2026-07-28 19:00:00-04:00,27758.25,27890.5,27728.5,27889.25,8735
2026-07-28 19:30:00-04:00,27888.5,28104.5,27884.5,28102.5,9857
2026-07-28 20:00:00-04:00,28102.75,28178.25,28052.0,28073.75,9472
2026-07-28 20:30:00-04:00,28075.0,28085.0,28000.25,28013.25,5106
2026-07-28 21:00:00-04:00,28011.75,28041.25,27896.25,27971.75,6838
2026-07-28 21:30:00-04:00,27972.0,27982.25,27784.0,27785.25,7017
2026-07-28 22:00:00-04:00,27785.0,27896.5,27770.25,27896.5,7338
2026-07-28 22:30:00-04:00,27894.5,27912.75,27823.0,27839.5,4063
2026-07-28 23:00:00-04:00,27839.0,27882.5,27775.5,27777.75,4620
2026-07-28 23:30:00-04:00,27776.75,27792.5,27702.0,27716.0,5115
2026-07-29 00:00:00-04:00,27719.0,27723.25,27648.0,27684.75,5468
2026-07-29 00:30:00-04:00,27682.25,27759.0,27640.0,27756.0,4795
2026-07-29 01:00:00-04:00,27758.75,27834.75,27735.75,27815.25,5527
2026-07-29 01:30:00-04:00,27815.25,27852.75,27787.0,27794.0,4392
2026-07-29 02:00:00-04:00,27794.0,27811.25,27736.25,27811.0,4431
2026-07-29 02:30:00-04:00,27811.5,27942.25,27811.5,27928.75,5340
2026-07-29 03:00:00-04:00,27928.75,27953.0,27895.75,27946.25,4603
2026-07-29 03:30:00-04:00,27945.75,27962.75,27891.25,27906.0,3342
2026-07-29 04:00:00-04:00,27906.25,27924.75,27820.0,27841.5,4511
2026-07-29 04:30:00-04:00,27842.0,27939.25,27830.75,27904.0,3467
2026-07-29 05:00:00-04:00,27904.5,27986.0,27901.0,27977.5,3910
2026-07-29 05:30:00-04:00,27976.5,28060.0,27957.75,28019.75,4622
2026-07-29 06:00:00-04:00,28018.25,28046.0,27986.25,28017.25,3795
2026-07-29 06:30:00-04:00,28017.5,28023.0,27931.5,27948.0,4026
2026-07-29 07:00:00-04:00,27950.25,28023.75,27934.5,28000.75,4545
2026-07-29 07:30:00-04:00,27999.25,28008.0,27956.75,28002.75,3839
2026-07-29 08:00:00-04:00,28002.0,28007.75,27852.75,27867.25,7843
2026-07-29 08:30:00-04:00,27867.0,27933.25,27844.25,27907.75,5672
2026-07-29 09:00:00-04:00,27909.0,27942.5,27856.0,27914.0,10086
2026-07-29 09:30:00-04:00,27914.5,27996.0,27667.75,27733.75,66486
2026-07-29 10:00:00-04:00,27735.25,27826.5,27538.75,27573.25,60535
2026-07-29 10:30:00-04:00,27571.0,27652.25,27510.0,27600.0,46749
2026-07-29 11:00:00-04:00,27600.5,27657.5,27547.0,27555.75,39625
2026-07-29 11:30:00-04:00,27556.25,27596.75,27464.5,27517.0,28116
2026-07-29 12:00:00-04:00,27518.25,27556.5,27409.25,27551.0,30228
2026-07-29 12:30:00-04:00,27551.25,27603.5,27485.25,27603.25,26630
2026-07-29 13:00:00-04:00,27603.75,27750.0,27595.25,27650.75,29270
2026-07-29 13:30:00-04:00,27650.75,27727.75,27629.5,27721.75,19100
2026-07-29 14:00:00-04:00,27723.0,27888.5,27714.75,27776.5,48801
2026-07-29 14:30:00-04:00,27777.0,28096.75,27709.0,28056.75,50682
2026-07-29 15:00:00-04:00,28057.5,28099.5,27640.75,27712.25,57578
2026-07-29 15:30:00-04:00,27711.25,27744.0,27317.5,27335.0,75944
2026-07-29 16:00:00-04:00,27338.0,27364.0,27201.5,27242.25,34176
2026-07-29 16:30:00-04:00,27244.0,27331.25,27207.0,27259.25,7670
2026-07-29 18:00:00-04:00,27202.0,27489.5,27202.0,27435.0,12668
2026-07-29 18:30:00-04:00,27435.75,27479.5,27412.0,27451.5,4751
2026-07-29 19:00:00-04:00,27449.5,27541.0,27446.25,27532.75,6400
2026-07-29 19:30:00-04:00,27534.25,27559.25,27495.25,27520.75,6180
2026-07-29 20:00:00-04:00,27521.75,27608.0,27472.25,27593.5,9174
2026-07-29 20:30:00-04:00,27594.75,27611.0,27489.75,27547.25,7136
2026-07-29 21:00:00-04:00,27547.25,27664.25,27535.25,27637.75,7599
2026-07-29 21:30:00-04:00,27637.75,27696.75,27635.25,27653.0,5749
2026-07-29 22:00:00-04:00,27652.0,27687.5,27603.25,27610.5,4691
2026-07-29 22:30:00-04:00,27613.25,27631.0,27539.0,27541.75,5054
2026-07-29 23:00:00-04:00,27542.0,27576.25,27471.25,27515.5,4971
2026-07-29 23:30:00-04:00,27516.5,27563.5,27480.25,27533.5,4099
2026-07-30 00:00:00-04:00,27532.5,27544.25,27459.5,27535.0,3518
2026-07-30 00:30:00-04:00,27534.0,27543.75,27434.75,27447.75,3316
2026-07-30 01:00:00-04:00,27446.25,27499.5,27421.0,27478.25,3391
2026-07-30 01:30:00-04:00,27476.5,27546.25,27463.5,27487.75,3685
2026-07-30 02:00:00-04:00,27487.0,27507.0,27447.5,27479.5,2857
2026-07-30 02:30:00-04:00,27481.5,27484.5,27415.0,27434.25,2916
2026-07-30 03:00:00-04:00,27433.75,27521.75,27392.75,27408.0,7189
2026-07-30 03:30:00-04:00,27413.0,27447.5,27351.25,27395.25,4839
2026-07-30 04:00:00-04:00,27394.5,27522.5,27337.5,27506.5,7052
2026-07-30 04:30:00-04:00,27510.5,27527.25,27460.5,27485.25,2542
2026-07-30 05:00:00-04:00,27486.0,27574.75,27469.75,27554.5,4364
2026-07-30 05:30:00-04:00,27553.5,27586.0,27508.0,27514.75,3081
2026-07-30 06:00:00-04:00,27515.5,27627.25,27488.25,27617.75,5191
2026-07-30 06:30:00-04:00,27616.5,27648.0,27606.5,27618.5,4498
2026-07-30 07:00:00-04:00,27619.0,27730.0,27613.0,27715.0,6535
2026-07-30 07:30:00-04:00,27715.5,27745.25,27673.0,27725.0,6141
2026-07-30 08:00:00-04:00,27723.5,27766.25,27695.75,27740.25,7554
2026-07-30 08:30:00-04:00,27740.25,27821.75,27715.25,27805.5,12248
2026-07-30 09:00:00-04:00,27807.0,27883.25,27793.0,27876.25,20486
2026-07-30 09:30:00-04:00,27877.25,28162.25,27813.25,28151.75,86454
2026-07-30 10:00:00-04:00,28150.5,28240.0,28066.75,28226.0,67032
2026-07-30 10:30:00-04:00,28226.5,28246.5,28022.5,28070.75,51289
2026-07-30 11:00:00-04:00,28071.5,28137.75,27996.25,28010.5,46564
2026-07-30 11:30:00-04:00,28010.5,28133.75,28001.0,28079.5,32802
2026-07-30 12:00:00-04:00,28078.75,28192.75,28059.0,28143.75,27172
2026-07-30 12:30:00-04:00,28143.5,28150.5,28054.5,28126.75,24148
2026-07-30 13:00:00-04:00,28127.0,28207.75,28126.0,28169.0,19935
2026-07-30 13:30:00-04:00,28169.5,28208.5,28139.5,28177.5,17837
2026-07-30 14:00:00-04:00,28177.5,28205.0,28162.25,28183.0,13494
2026-07-30 14:30:00-04:00,28183.0,28199.0,28148.5,28180.75,15354
2026-07-30 15:00:00-04:00,28181.0,28297.75,28179.75,28244.5,30657
2026-07-30 15:30:00-04:00,28243.75,28262.5,28202.5,28229.0,47827
2026-07-30 16:00:00-04:00,28228.75,28372.25,28205.5,28366.25,22406
2026-07-30 16:30:00-04:00,28366.5,28414.5,28311.0,28333.5,9547
2026-07-30 18:00:00-04:00,28317.0,28413.75,28300.0,28354.0,5992
2026-07-30 18:30:00-04:00,28352.0,28409.75,28331.0,28395.0,3366
2026-07-30 19:00:00-04:00,28394.25,28426.5,28364.0,28378.0,3047
2026-07-30 19:30:00-04:00,28378.25,28445.0,28362.25,28422.75,3622
2026-07-30 20:00:00-04:00,28424.0,28488.0,28397.25,28483.25,6665
2026-07-30 20:30:00-04:00,28481.0,28524.5,28468.75,28521.75,4348
2026-07-30 21:00:00-04:00,28523.0,28572.0,28522.75,28551.0,4877
2026-07-30 21:30:00-04:00,28549.0,28558.25,28455.5,28478.0,4925
2026-07-30 22:00:00-04:00,28478.0,28499.5,28401.0,28423.5,4905
2026-07-30 22:30:00-04:00,28422.5,28438.0,28389.5,28431.25,3317
2026-07-30 23:00:00-04:00,28431.5,28476.5,28398.0,28462.75,3414
2026-07-30 23:30:00-04:00,28464.5,28478.25,28428.25,28459.5,2477
2026-07-31 00:00:00-04:00,28458.25,28512.0,28423.0,28511.25,2518
2026-07-31 00:30:00-04:00,28512.0,28557.0,28507.75,28549.0,2596
2026-07-31 01:00:00-04:00,28548.75,28581.0,28538.5,28573.0,2733
2026-07-31 01:30:00-04:00,28573.5,28590.75,28541.0,28585.0,3402
2026-07-31 02:00:00-04:00,28585.5,28611.75,28577.0,28590.25,3417
2026-07-31 02:30:00-04:00,28589.5,28593.0,28450.0,28488.25,7102
2026-07-31 03:00:00-04:00,28484.25,28574.5,28455.0,28546.0,5975
2026-07-31 03:30:00-04:00,28547.25,28584.25,28534.5,28575.0,3632
2026-07-31 04:00:00-04:00,28572.75,28610.0,28524.75,28600.0,5085
2026-07-31 04:30:00-04:00,28595.25,28611.0,28561.5,28602.75,2832
2026-07-31 05:00:00-04:00,28603.25,28640.75,28584.75,28589.25,4179
2026-07-31 05:30:00-04:00,28588.75,28591.5,28528.5,28533.0,4019
2026-07-31 06:00:00-04:00,28531.75,28579.25,28519.5,28572.0,3229
2026-07-31 06:30:00-04:00,28572.25,28591.25,28552.0,28565.5,2566
2026-07-31 07:00:00-04:00,28563.25,28626.0,28548.5,28553.25,4297
2026-07-31 07:30:00-04:00,28555.75,28560.75,28523.0,28553.5,3670
2026-07-31 08:00:00-04:00,28554.75,28555.25,28448.0,28496.5,7320
2026-07-31 08:30:00-04:00,28496.75,28502.75,28432.25,28468.25,8157
2026-07-31 09:00:00-04:00,28468.5,28584.0,28457.75,28576.0,12241
2026-07-31 09:30:00-04:00,28576.75,28725.75,28295.5,28360.5,98854
2026-07-31 10:00:00-04:00,28356.75,28393.0,28079.75,28249.75,81911
2026-07-31 10:30:00-04:00,28249.5,28345.5,28211.75,28307.5,47605
2026-07-31 11:00:00-04:00,28308.75,28342.25,28122.25,28151.25,40921
2026-07-31 11:30:00-04:00,28152.0,28295.0,28115.5,28274.0,39242
2026-07-31 12:00:00-04:00,28274.0,28364.25,28243.75,28363.75,26864
2026-07-31 12:30:00-04:00,28363.75,28390.0,28308.5,28366.75,23145
2026-07-31 13:00:00-04:00,28367.25,28477.5,28360.0,28461.5,20746
2026-07-31 13:30:00-04:00,28462.5,28503.0,28415.75,28429.0,23004
2026-07-31 14:00:00-04:00,28429.0,28459.75,28395.25,28422.0,17778
2026-07-31 14:30:00-04:00,28422.0,28462.0,28415.5,28433.75,12999
2026-07-31 15:00:00-04:00,28433.5,28498.0,28405.5,28475.25,18653
2026-07-31 15:30:00-04:00,28474.5,28524.0,28380.0,28402.75,44814
2026-07-31 16:00:00-04:00,28402.5,28434.25,28340.5,28372.5,18269
2026-07-31 16:30:00-04:00,28369.75,28395.5,28258.25,28287.0,7509
2026-08-02 18:00:00-04:00,28565.0,28641.25,28549.25,28613.5,8024
2026-08-02 18:30:00-04:00,28615.25,28623.75,28560.25,28570.25,2601
2026-08-02 19:00:00-04:00,28568.75,28596.0,28545.0,28585.25,3521
2026-08-02 19:30:00-04:00,28585.5,28637.5,28571.25,28614.0,4991
2026-08-02 20:00:00-04:00,28611.0,28630.5,28537.5,28556.75,6676
2026-08-02 20:30:00-04:00,28554.25,28626.0,28542.5,28622.0,5758
2026-08-02 21:00:00-04:00,28622.25,28635.0,28564.25,28609.0,4939
2026-08-02 21:30:00-04:00,28607.5,28650.0,28578.0,28644.0,3825
2026-08-02 22:00:00-04:00,28644.75,28681.5,28631.0,28640.25,3729
2026-08-02 22:30:00-04:00,28640.5,28669.75,28633.75,28660.5,2259
2026-08-02 23:00:00-04:00,28662.5,28676.5,28641.25,28645.75,2031
2026-08-02 23:30:00-04:00,28647.0,28698.25,28640.0,28670.0,2110
2026-08-03 00:00:00-04:00,28669.0,28688.5,28652.5,28683.25,1484
2026-08-03 00:30:00-04:00,28682.75,28688.25,28648.5,28651.0,1454
2026-08-03 01:00:00-04:00,28650.75,28666.25,28622.5,28638.25,2364
2026-08-03 01:30:00-04:00,28636.75,28649.75,28617.0,28641.25,1644
2026-08-03 02:00:00-04:00,28642.0,28661.0,28618.5,28625.75,2930
2026-08-03 02:30:00-04:00,28627.0,28645.0,28575.75,28593.25,3037
2026-08-03 03:00:00-04:00,28594.25,28634.5,28563.75,28604.0,5033
2026-08-03 03:30:00-04:00,28604.5,28615.5,28558.5,28588.25,2442
2026-08-03 04:00:00-04:00,28588.0,28591.0,28473.25,28488.0,5073
2026-08-03 04:30:00-04:00,28487.25,28595.0,28471.75,28594.0,4468
2026-08-03 05:00:00-04:00,28594.75,28601.0,28543.0,28556.75,3093
2026-08-03 05:30:00-04:00,28556.75,28576.5,28521.0,28559.0,2684
2026-08-03 06:00:00-04:00,28559.25,28565.25,28488.5,28508.0,3254
2026-08-03 06:30:00-04:00,28508.0,28546.5,28490.0,28541.0,2392
2026-08-03 07:00:00-04:00,28541.25,28547.0,28465.25,28468.75,4282
2026-08-03 07:30:00-04:00,28468.75,28512.5,28403.5,28420.25,5876
2026-08-03 08:00:00-04:00,28420.25,28461.75,28383.5,28449.0,7702
2026-08-03 08:30:00-04:00,28450.0,28491.5,28437.75,28459.25,6069
2026-08-03 09:00:00-04:00,28459.25,28494.25,28396.5,28417.75,10844
2026-08-03 09:30:00-04:00,28419.0,28628.0,28313.5,28626.25,76901
2026-08-03 10:00:00-04:00,28623.75,28684.0,28529.5,28678.5,48787
2026-08-03 10:30:00-04:00,28677.5,28803.75,28661.5,28801.75,40788
2026-08-03 11:00:00-04:00,28801.0,28802.25,28722.0,28734.25,28659
2026-08-03 11:30:00-04:00,28734.25,28814.5,28731.75,28792.5,23092
2026-08-03 12:00:00-04:00,28792.5,28847.25,28790.0,28837.0,20743
2026-08-03 12:30:00-04:00,28837.0,28844.75,28811.75,28822.5,14365
2026-08-03 13:00:00-04:00,28822.75,28890.5,28813.0,28885.75,16794
2026-08-03 13:30:00-04:00,28885.5,28921.75,28874.5,28917.5,16970
2026-08-03 14:00:00-04:00,28917.5,28964.25,28890.25,28892.0,24456
2026-08-03 14:30:00-04:00,28892.0,28926.0,28882.75,28907.0,16984
2026-08-03 15:00:00-04:00,28907.5,28943.75,28895.0,28912.75,18685
2026-08-03 15:30:00-04:00,28912.75,28935.5,28865.25,28901.25,37786
2026-08-03 16:00:00-04:00,28901.5,28945.0,28878.25,28913.75,10903
2026-08-03 16:30:00-04:00,28913.25,28931.75,28909.75,28929.25,3035
2026-08-03 18:00:00-04:00,28930.0,28950.75,28919.0,28944.0,2606
2026-08-03 18:30:00-04:00,28941.5,28962.25,28932.25,28945.75,2320
2026-08-03 19:00:00-04:00,28944.0,28958.75,28930.25,28948.75,1842
2026-08-03 19:30:00-04:00,28947.75,28972.25,28934.0,28971.0,2422
2026-08-03 20:00:00-04:00,28971.25,28976.25,28900.5,28905.75,5531
2026-08-03 20:30:00-04:00,28905.5,28908.25,28864.25,28876.75,5929
2026-08-03 21:00:00-04:00,28876.0,28902.5,28831.75,28901.5,5849
2026-08-03 21:30:00-04:00,28901.0,29048.0,28899.25,29041.25,7418
2026-08-03 22:00:00-04:00,29041.75,29044.75,28942.5,28949.5,5736
2026-08-03 22:30:00-04:00,28948.5,28994.5,28948.5,28972.75,3649
2026-08-03 23:00:00-04:00,28972.5,28992.0,28931.75,28976.75,3674
2026-08-03 23:30:00-04:00,28977.25,29005.5,28957.75,28995.5,2778
2026-08-04 00:00:00-04:00,28995.5,29015.25,28968.5,29007.5,1935
2026-08-04 00:30:00-04:00,29009.25,29023.25,28994.75,29015.5,1155
2026-08-04 01:00:00-04:00,29016.25,29032.25,28978.25,29026.5,2534
2026-08-04 01:30:00-04:00,29025.25,29074.75,29025.0,29072.25,2905
2026-08-04 02:00:00-04:00,29073.5,29098.75,29067.25,29081.5,3260
2026-08-04 02:30:00-04:00,29081.25,29090.0,29042.5,29073.75,2318
2026-08-04 03:00:00-04:00,29072.0,29109.0,29036.5,29099.0,5814
2026-08-04 03:30:00-04:00,29099.75,29119.25,29065.25,29071.25,3279
2026-08-04 04:00:00-04:00,29072.0,29131.5,29068.0,29112.0,3847
2026-08-04 04:30:00-04:00,29111.5,29111.5,29039.0,29068.75,3957
2026-08-04 05:00:00-04:00,29069.0,29069.0,29007.5,29044.0,3477
2026-08-04 05:30:00-04:00,29046.0,29089.25,29042.0,29077.75,2873
2026-08-04 06:00:00-04:00,29078.5,29115.25,29067.25,29096.75,2954
2026-08-04 06:30:00-04:00,29096.25,29145.0,29074.0,29115.5,5546
2026-08-04 07:00:00-04:00,29116.75,29171.5,29114.25,29170.5,4585
2026-08-04 07:30:00-04:00,29170.75,29245.75,29150.25,29237.5,8583
2026-08-04 08:00:00-04:00,29238.0,29238.0,29202.5,29221.5,5193
2026-08-04 08:30:00-04:00,29223.0,29225.75,29188.0,29202.75,5133
2026-08-04 09:00:00-04:00,29203.25,29282.25,29191.25,29233.75,11789
2026-08-04 09:30:00-04:00,29234.75,29503.75,29208.25,29466.0,79730
2026-08-04 10:00:00-04:00,29465.25,29568.5,29432.0,29559.0,51206
2026-08-04 10:30:00-04:00,29558.5,29572.75,29517.25,29549.75,35989
2026-08-04 11:00:00-04:00,29549.75,29663.5,29544.0,29639.5,35407
2026-08-04 11:30:00-04:00,29639.0,29696.75,29622.0,29671.0,27164
2026-08-04 12:00:00-04:00,29671.0,29719.75,29661.25,29706.5,20273
2026-08-04 12:30:00-04:00,29706.5,29744.5,29695.0,29742.75,20587
2026-08-04 13:00:00-04:00,29742.75,29825.75,29739.25,29819.0,25572
2026-08-04 13:30:00-04:00,29819.25,29898.75,29803.5,29834.75,26735
2026-08-04 14:00:00-04:00,29835.25,29884.25,29808.0,29879.75,22339
2026-08-04 14:30:00-04:00,29880.0,29895.5,29839.75,29881.5,17710
2026-08-04 15:00:00-04:00,29881.75,29945.25,29878.25,29900.5,25295
2026-08-04 15:30:00-04:00,29901.0,29956.5,29847.5,29877.75,52533
2026-08-04 16:00:00-04:00,29877.0,29949.75,29761.25,29791.75,25955
2026-08-04 16:30:00-04:00,29790.5,29826.0,29764.5,29818.25,6877
2026-08-04 18:00:00-04:00,29777.25,29844.25,29776.5,29833.0,3828
2026-08-04 18:30:00-04:00,29835.0,29841.75,29792.25,29827.5,3107
2026-08-04 19:00:00-04:00,29825.75,29846.75,29809.75,29825.0,2313
2026-08-04 19:30:00-04:00,29824.0,29857.25,29802.0,29834.75,3740
2026-08-04 20:00:00-04:00,29835.5,29865.0,29818.75,29863.0,4560
2026-08-04 20:30:00-04:00,29862.75,29877.0,29810.0,29848.75,4858
2026-08-04 21:00:00-04:00,29849.25,29861.5,29797.0,29817.75,4068
2026-08-04 21:30:00-04:00,29819.0,29887.5,29813.0,29869.0,4653
2026-08-04 22:00:00-04:00,29870.0,29889.25,29850.25,29853.0,2766
2026-08-04 22:30:00-04:00,29854.5,29875.0,29842.25,29860.75,2217
2026-08-04 23:00:00-04:00,29859.0,29892.0,29855.75,29863.25,2189
2026-08-04 23:30:00-04:00,29864.75,29893.75,29858.25,29888.5,2177
2026-08-05 00:00:00-04:00,29889.0,29898.25,29859.75,29871.25,1810
2026-08-05 00:30:00-04:00,29872.0,29917.0,29869.25,29902.75,2641
2026-08-05 01:00:00-04:00,29902.5,29949.0,29895.0,29937.0,2530
2026-08-05 01:30:00-04:00,29936.75,29985.25,29919.75,29980.5,4407
2026-08-05 02:00:00-04:00,29980.0,29990.0,29925.5,29929.25,3649
2026-08-05 02:30:00-04:00,29929.5,29970.75,29925.75,29969.75,2446
2026-08-05 03:00:00-04:00,29969.0,29987.0,29900.25,29907.5,4382
2026-08-05 03:30:00-04:00,29908.25,29919.5,29885.0,29903.25,2814
2026-08-05 04:00:00-04:00,29905.0,29926.0,29819.5,29833.75,5571
2026-08-05 04:30:00-04:00,29836.5,29844.25,29797.75,29836.5,4675
2026-08-05 05:00:00-04:00,29837.75,29864.25,29814.25,29861.25,4132
2026-08-05 05:30:00-04:00,29862.25,29893.5,29853.25,29857.5,3681
2026-08-05 06:00:00-04:00,29857.25,29871.75,29833.75,29858.75,2656
2026-08-05 06:30:00-04:00,29857.5,29871.25,29834.5,29862.25,2495
2026-08-05 07:00:00-04:00,29865.5,29923.0,29865.5,29900.5,4900
2026-08-05 07:30:00-04:00,29900.5,29943.5,29890.5,29919.5,4792
2026-08-05 08:00:00-04:00,29919.5,29939.75,29891.25,29935.25,5815
2026-08-05 08:30:00-04:00,29935.5,29950.0,29892.75,29915.0,5805
2026-08-05 09:00:00-04:00,29917.25,29978.5,29894.75,29975.25,9495
2026-08-05 09:30:00-04:00,29975.0,30074.0,29910.25,30048.75,76265
2026-08-05 10:00:00-04:00,30048.5,30048.5,29901.25,29915.0,50125
2026-08-05 10:30:00-04:00,29915.0,29918.75,29788.0,29848.25,56706
2026-08-05 11:00:00-04:00,29849.0,29890.75,29763.5,29809.5,39874
2026-08-05 11:30:00-04:00,29808.5,29860.75,29713.25,29738.25,27964
2026-08-05 12:00:00-04:00,29738.25,29835.25,29702.0,29829.25,29910
2026-08-05 12:30:00-04:00,29829.75,29839.75,29770.0,29808.25,18677
2026-08-05 13:00:00-04:00,29809.75,29819.75,29740.5,29754.5,16440
2026-08-05 13:30:00-04:00,29754.25,29779.25,29734.25,29757.0,12774
2026-08-05 14:00:00-04:00,29756.75,29788.5,29752.25,29776.0,12859
2026-08-05 14:30:00-04:00,29776.25,29776.5,29722.75,29725.75,14018
2026-08-05 15:00:00-04:00,29726.75,29779.25,29718.5,29756.5,15071
2026-08-05 15:30:00-04:00,29757.0,29763.25,29592.75,29606.75,37310
2026-08-05 16:00:00-04:00,29607.0,29618.25,29530.75,29569.75,25446
2026-08-05 16:30:00-04:00,29571.25,29607.75,29566.25,29600.25,4311
2026-08-05 18:00:00-04:00,29569.5,29638.0,29563.5,29627.75,3677
2026-08-05 18:30:00-04:00,29628.0,29679.5,29615.75,29623.25,4563
2026-08-05 19:00:00-04:00,29622.75,29649.5,29612.25,29629.25,1965
2026-08-05 19:30:00-04:00,29629.25,29636.75,29566.0,29583.5,4169
2026-08-05 20:00:00-04:00,29584.25,29608.0,29546.75,29560.5,5545
2026-08-05 20:30:00-04:00,29561.5,29588.0,29535.25,29537.5,3929
2026-08-05 21:00:00-04:00,29539.25,29540.75,29454.25,29473.25,5948
2026-08-05 21:30:00-04:00,29472.75,29519.0,29469.5,29498.0,4464
2026-08-05 22:00:00-04:00,29497.75,29578.75,29490.75,29548.75,4433
2026-08-05 22:30:00-04:00,29546.5,29621.0,29529.25,29593.0,4267
2026-08-05 23:00:00-04:00,29593.75,29608.5,29535.0,29543.0,3059
2026-08-05 23:30:00-04:00,29543.5,29583.75,29525.0,29580.75,3075
2026-08-06 00:00:00-04:00,29582.25,29599.75,29535.5,29585.0,2399
2026-08-06 00:30:00-04:00,29585.75,29600.0,29541.75,29574.75,1979
2026-08-06 01:00:00-04:00,29575.25,29596.25,29558.0,29580.0,1840
2026-08-06 01:30:00-04:00,29579.75,29583.75,29544.25,29580.75,2332
2026-08-06 02:00:00-04:00,29580.0,29581.75,29485.0,29547.25,4676
2026-08-06 02:30:00-04:00,29546.5,29548.75,29486.25,29523.0,2810
2026-08-06 03:00:00-04:00,29520.25,29563.0,29506.75,29536.5,3298
2026-08-06 03:30:00-04:00,29536.5,29541.0,29500.75,29507.25,2367
2026-08-06 04:00:00-04:00,29507.25,29525.75,29443.75,29508.25,5031
2026-08-06 04:30:00-04:00,29509.5,29532.5,29490.25,29517.25,2964
2026-08-06 05:00:00-04:00,29517.25,29517.25,29437.5,29482.5,3021
2026-08-06 05:30:00-04:00,29482.0,29531.0,29475.75,29526.75,1976
2026-08-06 06:00:00-04:00,29526.75,29533.75,29494.25,29517.0,2017
2026-08-06 06:30:00-04:00,29517.5,29519.5,29468.0,29484.5,2712
2026-08-06 07:00:00-04:00,29484.5,29488.5,29364.75,29469.25,8402
2026-08-06 07:30:00-04:00,29469.5,29516.5,29438.0,29467.25,7269
2026-08-06 08:00:00-04:00,29466.0,29476.5,29387.5,29432.5,7493
2026-08-06 08:30:00-04:00,29430.0,29463.5,29389.5,29399.5,6237
2026-08-06 09:00:00-04:00,29400.25,29404.5,29326.25,29334.5,13113
2026-08-06 09:30:00-04:00,29335.0,29551.0,29241.25,29528.25,79987
2026-08-06 10:00:00-04:00,29528.75,29667.0,29488.0,29587.0,50371
2026-08-06 10:30:00-04:00,29589.0,29659.25,29533.75,29656.75,40994
2026-08-06 11:00:00-04:00,29656.5,29686.25,29564.25,29608.5,34682
2026-08-06 11:30:00-04:00,29608.25,29628.0,29506.0,29516.25,34826
2026-08-06 12:00:00-04:00,29515.75,29542.75,29448.5,29471.5,30249
2026-08-06 12:30:00-04:00,29472.25,29558.5,29462.25,29556.5,21138
2026-08-06 13:00:00-04:00,29557.25,29574.25,29512.25,29527.75,16907
2026-08-06 13:30:00-04:00,29526.75,29543.0,29493.75,29529.0,13737
2026-08-06 14:00:00-04:00,29529.0,29575.5,29498.5,29556.5,16866
2026-08-06 14:30:00-04:00,29556.5,29561.0,29500.5,29515.5,12923
2026-08-06 15:00:00-04:00,29515.75,29570.25,29496.5,29509.0,16708
2026-08-06 15:30:00-04:00,29508.0,29545.5,29475.0,29496.75,30921
2026-08-06 16:00:00-04:00,29496.75,29552.0,29482.75,29492.5,12457
2026-08-06 16:30:00-04:00,29492.5,29506.25,29480.25,29504.25,2899
2026-08-06 18:00:00-04:00,29514.25,29581.75,29494.5,29550.0,3243
2026-08-06 18:30:00-04:00,29549.0,29568.25,29529.25,29566.0,1526
2026-08-06 19:00:00-04:00,29564.75,29597.0,29554.25,29573.0,1977
2026-08-06 19:30:00-04:00,29572.5,29603.5,29563.25,29593.25,2037
2026-08-06 20:00:00-04:00,29595.25,29618.75,29497.25,29513.5,5743
2026-08-06 20:30:00-04:00,29513.0,29575.0,29500.75,29561.25,5947
2026-08-06 21:00:00-04:00,29561.75,29582.0,29482.5,29531.25,5012
2026-08-06 21:30:00-04:00,29529.5,29581.25,29493.75,29526.25,4778
2026-08-06 22:00:00-04:00,29527.0,29548.0,29489.5,29525.5,3554
2026-08-06 22:30:00-04:00,29526.5,29535.5,29475.5,29527.0,2930
2026-08-06 23:00:00-04:00,29526.0,29548.0,29491.25,29505.0,2367
2026-08-06 23:30:00-04:00,29503.0,29522.25,29485.25,29488.5,1379
2026-08-07 00:00:00-04:00,29488.75,29516.75,29453.5,29508.25,3769
2026-08-07 00:30:00-04:00,29508.25,29526.0,29489.25,29511.5,2061
2026-08-07 01:00:00-04:00,29510.75,29556.75,29507.5,29549.25,2921
2026-08-07 01:30:00-04:00,29547.75,29550.0,29519.75,29523.5,1280
2026-08-07 02:00:00-04:00,29523.5,29583.5,29520.0,29580.5,3870
2026-08-07 02:30:00-04:00,29580.25,29583.5,29537.75,29553.0,2297
2026-08-07 03:00:00-04:00,29552.0,29592.5,29533.0,29587.75,3233
2026-08-07 03:30:00-04:00,29588.75,29591.0,29561.25,29583.75,1856
2026-08-07 04:00:00-04:00,29584.25,29629.75,29584.0,29623.75,3711
2026-08-07 04:30:00-04:00,29623.5,29647.25,29609.25,29632.5,3812
2026-08-07 05:00:00-04:00,29633.5,29649.0,29624.75,29634.5,2050
2026-08-07 05:30:00-04:00,29634.5,29647.0,29616.0,29616.5,1430
2026-08-07 06:00:00-04:00,29618.25,29628.0,29591.25,29621.25,1956
2026-08-07 06:30:00-04:00,29621.5,29625.25,29602.25,29607.25,1411
2026-08-07 07:00:00-04:00,29606.5,29666.25,29606.25,29654.0,3050
2026-08-07 07:30:00-04:00,29652.25,29673.25,29604.25,29614.0,4270
2026-08-07 08:00:00-04:00,29614.5,29686.0,29604.75,29683.5,5887
2026-08-07 08:30:00-04:00,29676.25,29867.75,29643.75,29843.25,22104
2026-08-07 09:00:00-04:00,29843.75,29850.5,29685.0,29714.75,18693
2026-08-07 09:30:00-04:00,29714.0,29820.0,29643.75,29677.25,74246
2026-08-07 10:00:00-04:00,29679.5,29779.5,29564.5,29761.25,61176
2026-08-07 10:30:00-04:00,29761.0,29775.0,29660.0,29721.0,41798
2026-08-07 11:00:00-04:00,29720.25,29828.75,29709.0,29826.75,28487
2026-08-07 11:30:00-04:00,29826.0,29855.25,29794.25,29814.0,24590
2026-08-07 12:00:00-04:00,29814.75,29830.0,29688.75,29714.0,22893
2026-08-07 12:30:00-04:00,29714.0,29780.75,29668.75,29739.5,24704
2026-08-07 13:00:00-04:00,29739.75,29768.0,29726.25,29747.5,13712
2026-08-07 13:30:00-04:00,29747.5,29764.25,29727.0,29743.25,10074
2026-08-07 14:00:00-04:00,29743.5,29754.75,29702.75,29705.75,10908
2026-08-07 14:30:00-04:00,29705.5,29729.0,29676.5,29725.0,12505
2026-08-07 15:00:00-04:00,29725.25,29823.0,29723.0,29811.0,20547
2026-08-07 15:30:00-04:00,29811.25,29860.25,29772.25,29833.25,33524
2026-08-07 16:00:00-04:00,29834.0,29850.75,29803.75,29805.0,10422
2026-08-07 16:30:00-04:00,29805.5,29845.0,29802.5,29839.5,3470
2026-08-09 18:00:00-04:00,29851.25,29896.75,29805.25,29838.0,5737
2026-08-09 18:30:00-04:00,29838.5,29853.5,29814.5,29844.25,2018
2026-08-09 19:00:00-04:00,29845.25,29882.25,29833.5,29864.25,2268
2026-08-09 19:30:00-04:00,29865.25,29872.0,29828.25,29829.5,2410
2026-08-09 20:00:00-04:00,29830.25,29906.5,29796.25,29845.75,5611
2026-08-09 20:30:00-04:00,29847.0,29865.25,29788.5,29802.0,4003
2026-08-09 21:00:00-04:00,29803.25,29882.5,29791.0,29865.25,3764
2026-08-09 21:30:00-04:00,29864.0,29895.0,29840.75,29885.0,2387
2026-08-09 22:00:00-04:00,29886.0,29892.25,29852.75,29870.0,2010
2026-08-09 22:30:00-04:00,29870.0,29899.5,29848.25,29880.25,1602
2026-08-09 23:00:00-04:00,29881.25,29892.0,29869.25,29882.5,1225
2026-08-09 23:30:00-04:00,29880.0,29899.0,29871.25,29878.0,1400
2026-08-10 00:00:00-04:00,29878.25,29904.0,29873.0,29899.25,1210
2026-08-10 00:30:00-04:00,29898.25,29902.25,29863.0,29882.75,1631
2026-08-10 01:00:00-04:00,29882.25,29924.5,29881.0,29910.75,2026
2026-08-10 01:30:00-04:00,29912.0,29930.5,29899.5,29930.5,1689
2026-08-10 02:00:00-04:00,29930.0,29962.75,29907.5,29914.25,3790
2026-08-10 02:30:00-04:00,29914.25,29925.25,29906.0,29908.5,1753
2026-08-10 03:00:00-04:00,29909.25,29952.5,29886.25,29952.25,3119
2026-08-10 03:30:00-04:00,29950.75,29984.0,29935.75,29951.5,2469
2026-08-10 04:00:00-04:00,29952.5,29981.0,29939.5,29953.5,2346
2026-08-10 04:30:00-04:00,29952.0,29975.0,29944.0,29971.5,1453
2026-08-10 05:00:00-04:00,29971.5,29983.75,29963.5,29967.75,1457
2026-08-10 05:30:00-04:00,29968.5,29972.0,29936.0,29938.75,1489
2026-08-10 06:00:00-04:00,29939.25,29959.0,29916.0,29946.75,2061
2026-08-10 06:30:00-04:00,29943.5,29945.5,29909.25,29912.25,1958
2026-08-10 07:00:00-04:00,29912.75,29926.0,29851.5,29909.0,4159
2026-08-10 07:30:00-04:00,29909.25,29919.75,29846.0,29871.0,4273
2026-08-10 08:00:00-04:00,29870.25,29883.75,29810.25,29821.0,3398
2026-08-10 08:30:00-04:00,29823.25,29827.5,29771.75,29777.0,5777
2026-08-10 09:00:00-04:00,29778.5,29823.75,29772.25,29805.5,7988
2026-08-10 09:30:00-04:00,29805.5,29841.75,29718.75,29806.75,61332
2026-08-10 10:00:00-04:00,29807.0,29900.0,29788.25,29857.75,37235
2026-08-10 10:30:00-04:00,29858.25,29892.25,29777.75,29779.75,27648
2026-08-10 11:00:00-04:00,29780.0,29822.5,29753.5,29777.75,25367
2026-08-10 11:30:00-04:00,29777.0,29854.5,29740.75,29844.0,20204
2026-08-10 12:00:00-04:00,29844.5,29858.75,29804.75,29809.75,14630
2026-08-10 12:30:00-04:00,29809.5,29817.0,29729.5,29780.0,21364
2026-08-10 13:00:00-04:00,29780.25,29811.25,29760.75,29787.5,12861
2026-08-10 13:30:00-04:00,29786.75,29796.5,29744.25,29759.75,10738
2026-08-10 14:00:00-04:00,29759.0,29772.75,29742.5,29747.75,8426
2026-08-10 14:30:00-04:00,29747.5,29784.5,29741.5,29782.0,10192
2026-08-10 15:00:00-04:00,29782.75,29796.0,29775.5,29781.75,10038
2026-08-10 15:30:00-04:00,29782.25,29793.0,29722.5,29744.0,29193
2026-08-10 16:00:00-04:00,29744.25,29754.75,29737.0,29751.75,8070
2026-08-10 16:30:00-04:00,29751.75,29770.0,29743.25,29764.25,2481
2026-08-10 18:00:00-04:00,29764.5,29788.5,29733.0,29746.25,2447
2026-08-10 18:30:00-04:00,29746.0,29746.25,29722.25,29732.5,1420
2026-08-10 19:00:00-04:00,29732.5,29735.5,29701.25,29708.5,1825
2026-08-10 19:30:00-04:00,29708.5,29726.75,29677.5,29704.5,2582
2026-08-10 20:00:00-04:00,29703.75,29765.0,29666.0,29762.75,6498
2026-08-10 20:30:00-04:00,29764.0,29793.75,29756.0,29785.0,2973
2026-08-10 21:00:00-04:00,29784.75,29839.5,29764.5,29821.75,4846
2026-08-10 21:30:00-04:00,29819.25,29842.5,29810.0,29818.25,2322
2026-08-10 22:00:00-04:00,29818.0,29830.5,29812.0,29825.0,1468
2026-08-10 22:30:00-04:00,29824.0,29844.5,29815.0,29818.25,1800
2026-08-10 23:00:00-04:00,29817.75,29847.5,29815.0,29840.75,1634
2026-08-10 23:30:00-04:00,29842.25,29843.0,29826.0,29832.0,1090
2026-08-11 00:00:00-04:00,29832.5,29854.5,29832.5,29852.75,1451
2026-08-11 00:30:00-04:00,29852.5,29861.75,29834.5,29838.75,1193
2026-08-11 01:00:00-04:00,29838.75,29854.25,29813.25,29813.75,1426
2026-08-11 01:30:00-04:00,29813.25,29829.5,29786.75,29793.25,2604
2026-08-11 02:00:00-04:00,29792.5,29827.75,29766.25,29771.25,3003
2026-08-11 02:30:00-04:00,29770.5,29789.25,29732.5,29754.25,4282
2026-08-11 03:00:00-04:00,29755.75,29769.75,29728.0,29743.25,2771
2026-08-11 03:30:00-04:00,29744.25,29780.25,29743.25,29774.75,1922
2026-08-11 04:00:00-04:00,29776.0,29804.25,29718.0,29733.0,3627
2026-08-11 04:30:00-04:00,29733.5,29763.5,29717.75,29749.5,1995
2026-08-11 05:00:00-04:00,29748.0,29765.75,29718.75,29759.0,2514
2026-08-11 05:30:00-04:00,29759.25,29784.0,29754.5,29768.75,1610
2026-08-11 06:00:00-04:00,29770.25,29832.75,29750.25,29821.25,2710
2026-08-11 06:30:00-04:00,29821.75,29827.5,29801.75,29818.0,1590
2026-08-11 07:00:00-04:00,29818.75,29886.75,29818.25,29834.25,7012
2026-08-11 07:30:00-04:00,29833.75,29837.0,29811.0,29832.0,2488
2026-08-11 08:00:00-04:00,29832.75,29871.5,29819.5,29828.5,4964
2026-08-11 08:30:00-04:00,29829.75,29857.25,29819.0,29833.75,3181
2026-08-11 09:00:00-04:00,29832.5,29851.25,29813.0,29839.0,7590
2026-08-11 09:30:00-04:00,29839.25,29842.5,29631.75,29732.75,69145
2026-08-11 10:00:00-04:00,29732.5,29792.5,29718.25,29777.25,38746
2026-08-11 10:30:00-04:00,29777.75,29804.75,29728.25,29777.0,29084
2026-08-11 11:00:00-04:00,29776.5,29792.25,29697.5,29702.25,27280
2026-08-11 11:30:00-04:00,29703.0,29719.5,29658.75,29663.25,22711
2026-08-11 12:00:00-04:00,29663.75,29681.75,29622.0,29645.75,19545
2026-08-11 12:30:00-04:00,29645.75,29666.75,29614.75,29626.0,17432
2026-08-11 13:00:00-04:00,29626.75,29634.75,29573.0,29606.0,19248
2026-08-11 13:30:00-04:00,29606.5,29640.75,29598.75,29628.75,13118
2026-08-11 14:00:00-04:00,29629.25,29635.75,29533.5,29544.25,18037
2026-08-11 14:30:00-04:00,29545.0,29599.5,29540.0,29582.75,15750
2026-08-11 15:00:00-04:00,29582.25,29627.0,29571.5,29624.0,14267
2026-08-11 15:30:00-04:00,29624.5,29660.25,29607.0,29636.0,32375
2026-08-11 16:00:00-04:00,29635.75,29676.5,29614.75,29674.75,11300
2026-08-11 16:30:00-04:00,29674.5,29676.0,29643.5,29646.75,2766
2026-08-11 18:00:00-04:00,29657.75,29662.0,29626.75,29655.0,1833
2026-08-11 18:30:00-04:00,29653.25,29666.0,29634.0,29650.25,1399
2026-08-11 19:00:00-04:00,29649.5,29654.25,29639.5,29652.5,778
2026-08-11 19:30:00-04:00,29652.75,29663.0,29634.25,29662.25,1275
2026-08-11 20:00:00-04:00,29661.75,29676.0,29624.5,29665.5,3711
2026-08-11 20:30:00-04:00,29666.0,29680.0,29652.0,29665.75,1776
2026-08-11 21:00:00-04:00,29662.75,29681.0,29639.5,29661.75,2281
2026-08-11 21:30:00-04:00,29660.0,29683.5,29646.75,29658.25,2107
2026-08-11 22:00:00-04:00,29659.0,29678.0,29650.0,29678.0,1522
2026-08-11 22:30:00-04:00,29677.25,29703.0,29675.25,29702.5,1553
2026-08-11 23:00:00-04:00,29702.75,29710.0,29695.25,29702.5,1553
2026-08-11 23:30:00-04:00,29701.75,29704.75,29684.5,29694.0,983
2026-08-12 00:00:00-04:00,29694.75,29703.0,29690.0,29698.25,814
2026-08-12 00:30:00-04:00,29697.0,29715.5,29683.5,29713.0,1335
2026-08-12 01:00:00-04:00,29714.0,29714.5,29668.25,29688.0,1514
2026-08-12 01:30:00-04:00,29688.75,29718.0,29687.25,29715.5,1264
2026-08-12 02:00:00-04:00,29715.0,29724.25,29698.25,29711.75,1815
2026-08-12 02:30:00-04:00,29709.5,29737.25,29706.0,29736.75,1661
2026-08-12 03:00:00-04:00,29737.25,29753.75,29727.5,29739.25,3031
2026-08-12 03:30:00-04:00,29738.0,29751.5,29729.75,29751.5,977
2026-08-12 04:00:00-04:00,29752.25,29792.25,29748.25,29786.0,2879
2026-08-12 04:30:00-04:00,29785.75,29799.5,29762.75,29793.75,1716
2026-08-12 05:00:00-04:00,29794.5,29848.25,29793.5,29824.0,2947
2026-08-12 05:30:00-04:00,29823.5,29838.75,29802.75,29815.25,2478
2026-08-12 06:00:00-04:00,29815.5,29845.25,29814.75,29839.5,1998
2026-08-12 06:30:00-04:00,29839.75,29844.25,29785.0,29814.5,3355
2026-08-12 07:00:00-04:00,29816.0,29838.0,29805.5,29810.25,2459
2026-08-12 07:30:00-04:00,29810.0,29846.5,29806.0,29845.5,2218
2026-08-12 08:00:00-04:00,29846.0,29932.25,29820.75,29905.5,5927
2026-08-12 08:30:00-04:00,29905.25,29960.0,29750.25,29919.25,15360
2026-08-12 09:00:00-04:00,29920.0,29992.75,29916.0,29991.25,12220
2026-08-12 09:30:00-04:00,29991.75,30001.75,29853.25,29907.25,66927
2026-08-12 10:00:00-04:00,29907.0,29945.75,29847.75,29916.25,40388
2026-08-12 10:30:00-04:00,29916.0,29931.5,29828.25,29868.0,33169
2026-08-12 11:00:00-04:00,29868.0,29892.0,29839.0,29874.5,21085
2026-08-12 11:30:00-04:00,29874.25,29879.0,29818.5,29831.75,17389
2026-08-12 12:00:00-04:00,29832.75,29887.75,29829.0,29873.5,14971
2026-08-12 12:30:00-04:00,29874.0,29918.0,29851.0,29905.5,16365
2026-08-12 13:00:00-04:00,29906.25,29924.5,29889.25,29909.25,13633
2026-08-12 13:30:00-04:00,29910.0,29924.0,29901.25,29910.25,10270
2026-08-12 14:00:00-04:00,29910.0,29918.5,29890.25,29894.0,9988
2026-08-12 14:30:00-04:00,29893.75,29932.0,29885.0,29889.75,10987
2026-08-12 15:00:00-04:00,29890.25,29905.0,29856.0,29868.25,11588
2026-08-12 15:30:00-04:00,29867.0,29870.0,29825.75,29853.0,31114
2026-08-12 16:00:00-04:00,29852.75,29906.0,29814.75,29820.0,12349
2026-08-12 16:30:00-04:00,29820.0,29823.25,29804.5,29805.75,3200
2026-08-12 18:00:00-04:00,29825.0,29831.75,29784.0,29794.0,2579
2026-08-12 18:30:00-04:00,29792.25,29803.5,29780.5,29797.75,1636
2026-08-12 19:00:00-04:00,29797.25,29812.5,29797.0,29807.25,1305
2026-08-12 19:30:00-04:00,29805.25,29815.0,29792.0,29804.5,1698
2026-08-12 20:00:00-04:00,29805.25,29866.75,29796.75,29840.25,4585
2026-08-12 20:30:00-04:00,29839.75,29853.75,29828.5,29845.5,2511
2026-08-12 21:00:00-04:00,29846.0,29853.0,29808.25,29818.25,2934
2026-08-12 21:30:00-04:00,29816.75,29866.0,29814.5,29857.25,2725
2026-08-12 22:00:00-04:00,29858.0,29871.25,29853.75,29863.0,1825
2026-08-12 22:30:00-04:00,29861.75,29877.75,29833.5,29868.5,2548
2026-08-12 23:00:00-04:00,29868.5,29879.5,29865.5,29874.0,947
2026-08-12 23:30:00-04:00,29876.25,29880.0,29867.25,29878.5,1031
2026-08-13 00:00:00-04:00,29878.25,29891.75,29853.75,29877.0,2277
2026-08-13 00:30:00-04:00,29876.5,29896.0,29873.5,29879.25,1316
2026-08-13 01:00:00-04:00,29878.5,29922.75,29874.0,29920.5,2361
2026-08-13 01:30:00-04:00,29921.5,29924.0,29882.0,29884.5,2125
2026-08-13 02:00:00-04:00,29884.5,29905.5,29869.25,29898.0,2204
2026-08-13 02:30:00-04:00,29896.75,29905.25,29858.25,29888.5,2209
2026-08-13 03:00:00-04:00,29888.0,29893.25,29845.0,29872.5,2911
2026-08-13 03:30:00-04:00,29869.75,29882.25,29859.25,29860.0,1902
2026-08-13 04:00:00-04:00,29859.75,29872.5,29827.0,29858.75,3423
2026-08-13 04:30:00-04:00,29859.5,29875.75,29845.5,29860.75,1688
2026-08-13 05:00:00-04:00,29861.5,29868.75,29821.0,29838.75,1875
2026-08-13 05:30:00-04:00,29837.5,29879.25,29836.5,29876.5,1221
2026-08-13 06:00:00-04:00,29876.25,29884.5,29863.25,29873.0,1585
2026-08-13 06:30:00-04:00,29874.0,29886.5,29868.5,29881.25,1070
2026-08-13 07:00:00-04:00,29881.5,29892.25,29855.5,29863.0,1881
2026-08-13 07:30:00-04:00,29860.25,29895.0,29857.5,29869.0,2152
2026-08-13 08:00:00-04:00,29869.5,29872.0,29812.25,29844.5,3967
2026-08-13 08:30:00-04:00,29849.75,29890.5,29820.0,29880.75,8715
2026-08-13 09:00:00-04:00,29880.75,29921.0,29878.75,29911.0,9396
2026-08-13 09:30:00-04:00,29910.25,30182.25,29863.5,30176.0,70026
2026-08-13 10:00:00-04:00,30175.75,30239.5,30155.75,30234.25,41453
2026-08-13 10:30:00-04:00,30233.25,30267.5,30198.25,30199.5,36161
2026-08-13 11:00:00-04:00,30199.25,30238.75,30179.5,30188.25,30499
2026-08-13 11:30:00-04:00,30188.75,30198.5,30104.0,30115.5,31582
2026-08-13 12:00:00-04:00,30117.25,30189.0,30114.25,30186.5,18410
2026-08-13 12:30:00-04:00,30186.75,30203.25,30168.0,30193.75,14047
2026-08-13 13:00:00-04:00,30193.75,30250.0,30193.25,30237.5,16725
2026-08-13 13:30:00-04:00,30237.75,30244.75,30203.75,30204.5,12571
2026-08-13 14:00:00-04:00,30205.0,30215.5,30181.0,30192.0,14199
2026-08-13 14:30:00-04:00,30192.0,30246.0,30191.5,30244.25,14925
2026-08-13 15:00:00-04:00,30244.25,30272.75,30215.25,30223.25,20134
2026-08-13 15:30:00-04:00,30222.75,30227.75,30173.0,30194.75,32158
2026-08-13 16:00:00-04:00,30194.5,30220.0,30144.5,30197.75,13805
2026-08-13 16:30:00-04:00,30198.25,30219.75,30195.5,30214.25,2621
2026-08-13 18:00:00-04:00,30210.75,30216.75,30186.0,30197.0,2262
2026-08-13 18:30:00-04:00,30198.5,30210.25,30198.25,30203.25,949
2026-08-13 19:00:00-04:00,30204.0,30226.0,30192.25,30199.5,1659
2026-08-13 19:30:00-04:00,30198.5,30204.0,30189.5,30203.25,1573
2026-08-13 20:00:00-04:00,30203.75,30232.0,30176.75,30185.5,4295
2026-08-13 20:30:00-04:00,30184.5,30191.75,30166.25,30170.0,2864
2026-08-13 21:00:00-04:00,30169.25,30169.75,30124.25,30152.5,5094
2026-08-13 21:30:00-04:00,30153.25,30168.0,30140.25,30151.5,2193
2026-08-13 22:00:00-04:00,30151.5,30171.75,30149.75,30167.25,1932
2026-08-13 22:30:00-04:00,30168.0,30181.5,30150.0,30154.75,1639
2026-08-13 23:00:00-04:00,30153.75,30180.0,30150.0,30180.0,1410
2026-08-13 23:30:00-04:00,30180.75,30182.5,30152.25,30152.25,1451
2026-08-14 00:00:00-04:00,30152.25,30165.0,30144.75,30157.5,1845
2026-08-14 00:30:00-04:00,30158.75,30163.75,30137.5,30147.0,1694
2026-08-14 01:00:00-04:00,30148.25,30152.5,30127.75,30150.5,1773
2026-08-14 01:30:00-04:00,30149.25,30182.0,30140.75,30174.0,1550
2026-08-14 02:00:00-04:00,30174.75,30177.75,30147.5,30163.25,1470
2026-08-14 02:30:00-04:00,30162.25,30178.0,30149.5,30172.5,1202
2026-08-14 03:00:00-04:00,30173.5,30194.25,30171.5,30177.0,2004
2026-08-14 03:30:00-04:00,30177.75,30203.75,30173.0,30194.75,1492
2026-08-14 04:00:00-04:00,30194.5,30235.75,30187.75,30225.5,3124
2026-08-14 04:30:00-04:00,30224.5,30240.25,30220.5,30220.75,1580
2026-08-14 05:00:00-04:00,30220.0,30232.0,30210.25,30226.75,1384
2026-08-14 05:30:00-04:00,30225.5,30236.0,30207.0,30235.0,1724
2026-08-14 06:00:00-04:00,30234.25,30249.75,30223.0,30228.75,1864
2026-08-14 06:30:00-04:00,30230.0,30252.5,30223.5,30252.0,1953
2026-08-14 07:00:00-04:00,30251.75,30262.0,30242.0,30247.25,2200
2026-08-14 07:30:00-04:00,30247.0,30268.0,30237.25,30263.75,2592
2026-08-14 08:00:00-04:00,30265.25,30280.25,30208.5,30251.5,5473
2026-08-14 08:30:00-04:00,30252.75,30279.75,30247.0,30268.25,5540
2026-08-14 09:00:00-04:00,30268.5,30283.0,30236.25,30241.5,6511
2026-08-14 09:30:00-04:00,30241.75,30280.5,30169.75,30228.25,63874
2026-08-14 10:00:00-04:00,30226.0,30272.25,30134.25,30160.25,39628
2026-08-14 10:30:00-04:00,30159.75,30176.5,30123.0,30123.0,27116
2026-08-14 11:00:00-04:00,30124.0,30143.0,30033.5,30073.25,31250
2026-08-14 11:30:00-04:00,30072.5,30075.0,30028.5,30065.75,24570
2026-08-14 12:00:00-04:00,30066.5,30107.75,30050.5,30101.0,18555
2026-08-14 12:30:00-04:00,30100.5,30102.0,30052.75,30059.0,16510
2026-08-14 13:00:00-04:00,30059.25,30079.75,30046.5,30059.25,13218
2026-08-14 13:30:00-04:00,30059.5,30084.5,30049.75,30081.5,11585
2026-08-14 14:00:00-04:00,30081.25,30092.5,30064.75,30068.0,11004
2026-08-14 14:30:00-04:00,30067.5,30104.0,30062.5,30088.5,11024
2026-08-14 15:00:00-04:00,30088.5,30104.0,30076.0,30096.75,12179
2026-08-14 15:30:00-04:00,30096.25,30148.0,30091.25,30144.5,30478
2026-08-14 16:00:00-04:00,30144.25,30153.25,30127.25,30131.0,9729
2026-08-14 16:30:00-04:00,30131.0,30154.75,30128.25,30154.0,2867
2026-08-16 18:00:00-04:00,30170.0,30202.5,30163.75,30192.75,2512
2026-08-16 18:30:00-04:00,30193.0,30211.75,30187.25,30205.0,1487
2026-08-16 19:00:00-04:00,30205.25,30207.25,30191.5,30197.0,1156
2026-08-16 19:30:00-04:00,30197.75,30228.0,30192.75,30214.25,1781
2026-08-16 20:00:00-04:00,30215.0,30227.25,30189.0,30195.5,3015
2026-08-16 20:30:00-04:00,30195.5,30202.0,30185.5,30201.75,1750
2026-08-16 21:00:00-04:00,30201.0,30239.0,30199.75,30229.75,3538
2026-08-16 21:30:00-04:00,30230.25,30232.5,30187.0,30192.0,2568
2026-08-16 22:00:00-04:00,30192.0,30222.25,30185.25,30217.25,2372
2026-08-16 22:30:00-04:00,30216.75,30231.25,30211.75,30222.25,1393
2026-08-16 23:00:00-04:00,30223.0,30235.5,30220.75,30234.25,1252
2026-08-16 23:30:00-04:00,30234.75,30247.25,30226.0,30246.5,1217
2026-08-17 00:00:00-04:00,30246.75,30255.0,30240.5,30241.0,1395
2026-08-17 00:30:00-04:00,30241.0,30248.5,30233.0,30234.75,1129
2026-08-17 01:00:00-04:00,30234.5,30247.0,30230.5,30243.75,994
2026-08-17 01:30:00-04:00,30244.5,30274.0,30237.25,30272.0,1786
2026-08-17 02:00:00-04:00,30273.25,30299.0,30266.75,30296.75,3272
2026-08-17 02:30:00-04:00,30297.25,30327.0,30294.0,30324.5,3394
2026-08-17 03:00:00-04:00,30324.75,30331.5,30261.0,30279.75,3703
2026-08-17 03:30:00-04:00,30279.75,30324.25,30276.75,30313.0,2729
2026-08-17 04:00:00-04:00,30312.0,30328.0,30297.0,30315.25,2441
2026-08-17 04:30:00-04:00,30314.0,30319.0,30283.75,30298.25,1684
2026-08-17 05:00:00-04:00,30298.25,30301.5,30267.75,30274.5,1470
2026-08-17 05:30:00-04:00,30274.25,30291.5,30267.75,30282.0,1286
2026-08-17 06:00:00-04:00,30282.0,30343.0,30276.0,30338.0,2711
2026-08-17 06:30:00-04:00,30334.25,30338.5,30292.75,30315.0,2248
2026-08-17 07:00:00-04:00,30313.75,30325.0,30286.75,30299.5,3168
2026-08-17 07:30:00-04:00,30300.25,30310.0,30286.0,30286.75,1909
2026-08-17 08:00:00-04:00,30286.75,30288.75,30220.75,30236.0,5930
2026-08-17 08:30:00-04:00,30238.25,30250.5,30180.0,30202.5,7362
2026-08-17 09:00:00-04:00,30202.5,30238.0,30199.25,30218.75,8749
2026-08-17 09:30:00-04:00,30219.25,30266.0,30165.5,30235.0,55983
2026-08-17 10:00:00-04:00,30234.75,30243.25,30155.25,30197.75,36880
2026-08-17 10:30:00-04:00,30198.0,30246.0,30186.0,30244.0,21664
2026-08-17 11:00:00-04:00,30244.0,30287.5,30233.25,30269.0,25200
2026-08-17 11:30:00-04:00,30269.75,30273.5,30207.75,30239.5,22779
2026-08-17 12:00:00-04:00,30239.75,30243.25,30196.5,30207.25,14850
2026-08-17 12:30:00-04:00,30207.5,30212.75,30175.25,30183.5,12369
2026-08-17 13:00:00-04:00,30183.5,30187.25,30092.5,30096.75,26620
2026-08-17 13:30:00-04:00,30097.0,30128.0,30086.5,30102.25,18373
2026-08-17 14:00:00-04:00,30102.0,30114.0,30079.25,30103.0,16377
2026-08-17 14:30:00-04:00,30103.75,30136.5,30092.5,30122.25,11463
2026-08-17 15:00:00-04:00,30122.5,30124.75,30082.25,30093.5,15076
2026-08-17 15:30:00-04:00,30093.75,30123.0,30066.5,30091.5,27268
2026-08-17 16:00:00-04:00,30091.0,30098.0,30068.5,30078.5,8683
2026-08-17 16:30:00-04:00,30077.75,30080.0,30054.5,30078.25,2846
2026-08-17 18:00:00-04:00,30077.0,30091.75,30062.25,30076.0,2586
2026-08-17 18:30:00-04:00,30075.0,30083.5,30067.0,30079.75,1075
2026-08-17 19:00:00-04:00,30079.25,30088.75,30070.0,30084.0,1292
2026-08-17 19:30:00-04:00,30083.0,30103.0,30080.5,30094.5,2347
2026-08-17 20:00:00-04:00,30094.25,30114.75,30083.75,30100.0,2939
2026-08-17 20:30:00-04:00,30101.0,30121.25,30095.0,30098.0,2299
2026-08-17 21:00:00-04:00,30099.25,30110.0,30075.0,30087.5,2763
2026-08-17 21:30:00-04:00,30086.25,30090.5,29968.25,30011.5,9454
2026-08-17 22:00:00-04:00,30013.0,30022.0,29923.25,29931.0,7247
2026-08-17 22:30:00-04:00,29932.5,29959.75,29880.25,29908.25,7918
2026-08-17 23:00:00-04:00,29909.0,29915.5,29859.25,29879.25,4444
2026-08-17 23:30:00-04:00,29879.0,29909.75,29853.0,29893.75,4900
2026-08-18 00:00:00-04:00,29892.0,29920.25,29870.25,29911.0,3828
2026-08-18 00:30:00-04:00,29912.25,29927.25,29891.0,29918.0,2825
2026-08-18 01:00:00-04:00,29917.75,29918.5,29873.25,29876.0,3049
2026-08-18 01:30:00-04:00,29876.5,29880.75,29835.25,29842.0,3298
2026-08-18 02:00:00-04:00,29841.5,29866.5,29786.0,29860.0,6790
2026-08-18 02:30:00-04:00,29859.5,29896.0,29852.75,29893.0,2364
2026-08-18 03:00:00-04:00,29892.0,29896.5,29845.5,29847.25,2933
2026-08-18 03:30:00-04:00,29848.0,29854.75,29808.0,29810.75,3254
2026-08-18 04:00:00-04:00,29811.0,29814.25,29735.75,29759.75,8054
2026-08-18 04:30:00-04:00,29759.5,29792.25,29742.5,29765.5,3483
2026-08-18 05:00:00-04:00,29765.0,29778.0,29723.5,29735.0,3809
2026-08-18 05:30:00-04:00,29736.5,29742.0,29687.25,29733.0,5376
2026-08-18 06:00:00-04:00,29732.25,29743.75,29703.75,29727.5,3098
2026-08-18 06:30:00-04:00,29726.75,29752.75,29720.5,29739.0,2451
2026-08-18 07:00:00-04:00,29739.0,29773.75,29730.25,29756.75,4046
2026-08-18 07:30:00-04:00,29758.0,29775.75,29727.0,29747.25,3612
2026-08-18 08:00:00-04:00,29748.5,29786.0,29711.5,29714.5,6670
2026-08-18 08:30:00-04:00,29714.25,29723.0,29680.5,29713.0,5854
2026-08-18 09:00:00-04:00,29713.0,29726.5,29678.0,29690.75,10053
2026-08-18 09:30:00-04:00,29690.25,29769.75,29604.75,29646.25,81282
2026-08-18 10:00:00-04:00,29647.5,29705.75,29568.5,29669.25,57057
2026-08-18 10:30:00-04:00,29668.75,29691.25,29536.25,29547.75,43912
2026-08-18 11:00:00-04:00,29547.5,29600.0,29514.0,29591.25,38912
2026-08-18 11:30:00-04:00,29591.0,29641.0,29566.5,29636.75,27331
2026-08-18 12:00:00-04:00,29637.0,29663.25,29609.5,29609.75,23649
2026-08-18 12:30:00-04:00,29609.75,29670.75,29603.25,29649.75,19930
2026-08-18 13:00:00-04:00,29649.75,29660.75,29593.0,29616.0,16717
2026-08-18 13:30:00-04:00,29615.25,29622.0,29565.0,29565.75,15020
2026-08-18 14:00:00-04:00,29566.0,29615.0,29547.25,29603.25,19701
2026-08-18 14:30:00-04:00,29603.5,29614.0,29565.25,29571.25,13415
2026-08-18 15:00:00-04:00,29571.0,29606.75,29564.5,29600.0,14883
2026-08-18 15:30:00-04:00,29600.0,29610.0,29559.25,29585.75,37993
2026-08-18 16:00:00-04:00,29585.5,29596.75,29561.5,29578.25,8587
2026-08-18 16:30:00-04:00,29578.5,29586.0,29550.25,29559.5,3075
2026-08-18 18:00:00-04:00,29566.5,29593.5,29544.75,29546.75,3820
2026-08-18 18:30:00-04:00,29547.5,29552.75,29516.75,29519.5,3311
2026-08-18 19:00:00-04:00,29520.0,29567.25,29514.25,29546.0,3370
2026-08-18 19:30:00-04:00,29545.75,29552.75,29523.0,29528.5,3009
2026-08-18 20:00:00-04:00,29527.5,29530.75,29442.0,29530.75,9743
2026-08-18 20:30:00-04:00,29530.75,29586.0,29529.75,29539.25,6068
2026-08-18 21:00:00-04:00,29538.25,29609.5,29530.25,29602.0,7468
2026-08-18 21:30:00-04:00,29600.75,29604.5,29563.0,29577.75,3727
2026-08-18 22:00:00-04:00,29579.0,29583.25,29521.0,29542.0,4409
2026-08-18 22:30:00-04:00,29541.75,29545.0,29514.0,29532.0,2759
2026-08-18 23:00:00-04:00,29532.0,29555.0,29519.75,29535.25,2698
2026-08-18 23:30:00-04:00,29533.5,29567.0,29516.25,29526.0,2806
2026-08-19 00:00:00-04:00,29525.25,29543.5,29505.0,29533.75,2738
2026-08-19 00:30:00-04:00,29533.75,29540.5,29463.75,29506.0,3444
2026-08-19 01:00:00-04:00,29506.75,29535.0,29466.25,29509.25,3437
2026-08-19 01:30:00-04:00,29507.5,29512.25,29446.0,29457.5,3001
2026-08-19 02:00:00-04:00,29456.5,29504.75,29430.5,29482.0,4350
2026-08-19 02:30:00-04:00,29481.5,29561.5,29460.0,29559.75,4536
2026-08-19 03:00:00-04:00,29558.75,29578.25,29520.25,29578.25,4416
2026-08-19 03:30:00-04:00,29578.5,29606.5,29547.25,29601.25,4471
2026-08-19 04:00:00-04:00,29600.25,29640.75,29593.0,29622.5,6866
2026-08-19 04:30:00-04:00,29620.5,29633.25,29600.25,29609.5,3007
2026-08-19 05:00:00-04:00,29606.25,29630.0,29566.25,29571.0,3461
2026-08-19 05:30:00-04:00,29571.0,29587.0,29536.5,29553.75,2595
2026-08-19 06:00:00-04:00,29553.25,29557.75,29510.75,29536.0,3509
2026-08-19 06:30:00-04:00,29535.25,29558.75,29517.75,29521.0,2574
2026-08-19 07:00:00-04:00,29522.5,29578.0,29509.5,29538.5,3971
2026-08-19 07:30:00-04:00,29536.25,29540.25,29506.75,29536.0,2836
2026-08-19 08:00:00-04:00,29535.0,29583.0,29511.5,29573.25,6436
2026-08-19 08:30:00-04:00,29574.0,29757.25,29549.25,29742.75,25404
2026-08-19 09:00:00-04:00,29743.0,29748.25,29679.75,29696.0,16120
2026-08-19 09:30:00-04:00,29696.0,29742.75,29406.5,29496.5,97360
2026-08-19 10:00:00-04:00,29496.25,29514.25,29375.75,29482.5,62371
2026-08-19 10:30:00-04:00,29482.5,29624.5,29468.25,29623.25,40690
2026-08-19 11:00:00-04:00,29623.0,29631.25,29581.0,29613.5,25858
2026-08-19 11:30:00-04:00,29613.25,29616.5,29550.25,29606.25,21583
2026-08-19 12:00:00-04:00,29607.25,29667.25,29587.5,29609.0,19378
2026-08-19 12:30:00-04:00,29609.0,29621.5,29553.0,29559.5,14260
2026-08-19 13:00:00-04:00,29560.0,29573.25,29510.5,29539.5,16886
2026-08-19 13:30:00-04:00,29540.0,29561.0,29513.75,29544.25,11279
2026-08-19 14:00:00-04:00,29544.0,29592.5,29492.0,29538.75,20886
2026-08-19 14:30:00-04:00,29538.5,29578.75,29527.5,29535.0,14177
2026-08-19 15:00:00-04:00,29535.25,29579.75,29529.5,29555.75,12411
2026-08-19 15:30:00-04:00,29556.75,29590.0,29485.25,29522.0,34217
2026-08-19 16:00:00-04:00,29521.25,29542.75,29514.25,29525.25,8574
2026-08-19 16:30:00-04:00,29524.75,29562.5,29520.0,29561.0,2708
2026-08-19 18:00:00-04:00,29561.5,29639.0,29556.5,29621.5,4285
2026-08-19 18:30:00-04:00,29622.0,29654.25,29613.0,29649.5,3041
2026-08-19 19:00:00-04:00,29650.75,29689.75,29632.75,29651.25,3160
2026-08-19 19:30:00-04:00,29652.0,29666.75,29626.0,29628.5,2299
2026-08-19 20:00:00-04:00,29629.0,29665.5,29581.5,29630.5,5682
2026-08-19 20:30:00-04:00,29630.75,29675.75,29617.0,29669.75,3049
2026-08-19 21:00:00-04:00,29670.5,29684.25,29624.75,29634.5,3829
2026-08-19 21:30:00-04:00,29633.75,29674.75,29623.75,29642.25,3132
2026-08-19 22:00:00-04:00,29641.75,29683.25,29612.75,29633.25,3452
2026-08-19 22:30:00-04:00,29631.25,29662.25,29610.0,29630.25,2486
2026-08-19 23:00:00-04:00,29632.0,29657.25,29606.0,29626.0,2214
2026-08-19 23:30:00-04:00,29625.0,29631.25,29593.5,29620.25,2673
2026-08-20 00:00:00-04:00,29617.75,29656.0,29610.0,29639.25,1492
2026-08-20 00:30:00-04:00,29640.25,29642.0,29608.5,29615.0,1643
2026-08-20 01:00:00-04:00,29617.0,29641.0,29587.75,29616.0,2272
2026-08-20 01:30:00-04:00,29617.25,29634.25,29599.75,29605.5,1647
2026-08-20 02:00:00-04:00,29607.0,29666.25,29602.25,29654.5,2857
2026-08-20 02:30:00-04:00,29653.5,29686.5,29647.0,29672.5,2501
2026-08-20 03:00:00-04:00,29672.75,29672.75,29604.75,29615.75,3722
2026-08-20 03:30:00-04:00,29615.5,29637.0,29592.75,29594.5,2818
2026-08-20 04:00:00-04:00,29595.75,29605.5,29496.0,29501.25,6629
2026-08-20 04:30:00-04:00,29502.0,29529.5,29452.75,29475.75,5907
2026-08-20 05:00:00-04:00,29477.25,29543.75,29468.0,29530.75,3159
2026-08-20 05:30:00-04:00,29527.0,29546.75,29507.5,29528.25,1607
2026-08-20 06:00:00-04:00,29527.25,29564.0,29511.75,29537.75,2704
2026-08-20 06:30:00-04:00,29535.75,29567.0,29516.25,29566.0,2335
2026-08-20 07:00:00-04:00,29566.0,29582.25,29422.0,29425.0,7321
2026-08-20 07:30:00-04:00,29424.5,29453.5,29348.75,29362.0,8777
2026-08-20 08:00:00-04:00,29361.25,29375.0,29262.5,29276.5,14539
2026-08-20 08:30:00-04:00,29278.0,29351.0,29240.0,29346.0,11771
2026-08-20 09:00:00-04:00,29346.75,29373.25,29324.0,29350.75,11430
2026-08-20 09:30:00-04:00,29351.0,29470.25,29308.75,29354.0,83296
2026-08-20 10:00:00-04:00,29354.0,29414.0,29305.0,29349.75,54760
2026-08-20 10:30:00-04:00,29350.75,29433.5,29329.0,29392.75,34104
2026-08-20 11:00:00-04:00,29392.5,29457.5,29301.0,29345.0,38577
2026-08-20 11:30:00-04:00,29344.0,29350.5,29269.25,29329.75,25364
2026-08-20 12:00:00-04:00,29329.75,29356.5,29302.75,29340.75,17762
2026-08-20 12:30:00-04:00,29340.25,29389.0,29310.0,29380.0,17852
2026-08-20 13:00:00-04:00,29380.0,29382.0,29292.5,29294.5,16492
2026-08-20 13:30:00-04:00,29294.25,29325.75,29282.75,29292.75,15407
2026-08-20 14:00:00-04:00,29292.5,29293.0,29202.75,29232.75,25840
2026-08-20 14:30:00-04:00,29233.0,29259.0,29212.0,29243.75,16803
2026-08-20 15:00:00-04:00,29243.75,29307.5,29242.25,29304.5,18809
2026-08-20 15:30:00-04:00,29304.25,29335.25,29286.5,29306.5,37782
2026-08-20 16:00:00-04:00,29306.5,29320.5,29262.5,29288.25,9660
2026-08-20 16:30:00-04:00,29287.75,29319.5,29285.25,29317.25,2775
2026-08-20 18:00:00-04:00,29327.0,29345.75,29274.25,29285.75,2821
2026-08-20 18:30:00-04:00,29286.5,29325.5,29281.75,29323.0,1966
2026-08-20 19:00:00-04:00,29321.5,29328.5,29312.5,29315.5,1137
2026-08-20 19:30:00-04:00,29316.5,29323.75,29286.75,29293.0,2745
2026-08-20 20:00:00-04:00,29292.5,29365.5,29289.75,29325.5,4829
2026-08-20 20:30:00-04:00,29326.75,29362.0,29311.75,29320.5,2963
2026-08-20 21:00:00-04:00,29320.5,29357.0,29291.75,29341.5,3948
2026-08-20 21:30:00-04:00,29340.5,29372.5,29320.25,29354.25,2883
2026-08-20 22:00:00-04:00,29353.75,29395.0,29343.25,29390.0,2373
2026-08-20 22:30:00-04:00,29390.0,29399.25,29376.0,29384.0,1999
2026-08-20 23:00:00-04:00,29384.0,29388.25,29349.0,29363.0,2114
2026-08-20 23:30:00-04:00,29364.75,29376.75,29342.75,29352.25,1812
2026-08-21 00:00:00-04:00,29353.75,29371.75,29330.5,29330.5,2001
2026-08-21 00:30:00-04:00,29330.0,29364.5,29321.25,29356.25,1719
2026-08-21 01:00:00-04:00,29358.25,29380.75,29351.5,29353.25,1437
2026-08-21 01:30:00-04:00,29352.25,29377.5,29340.25,29366.25,1624
2026-08-21 02:00:00-04:00,29365.5,29381.0,29354.5,29376.25,1719
2026-08-21 02:30:00-04:00,29375.5,29401.5,29365.5,29386.5,2416
2026-08-21 03:00:00-04:00,29386.0,29458.75,29380.5,29427.5,4460
2026-08-21 03:30:00-04:00,29426.0,29453.5,29420.5,29446.0,3164
2026-08-21 04:00:00-04:00,29447.25,29464.25,29390.5,29421.5,4593
2026-08-21 04:30:00-04:00,29421.25,29467.5,29418.0,29453.0,3675
2026-08-21 05:00:00-04:00,29454.0,29455.0,29411.5,29435.5,3283
2026-08-21 05:30:00-04:00,29435.5,29495.0,29429.75,29485.0,4621
2026-08-21 06:00:00-04:00,29485.75,29518.5,29470.25,29490.0,4184
2026-08-21 06:30:00-04:00,29489.5,29495.0,29471.25,29479.5,1846
2026-08-21 07:00:00-04:00,29480.0,29525.0,29452.75,29519.25,5171
2026-08-21 07:30:00-04:00,29518.5,29539.0,29498.5,29500.0,5300
2026-08-21 08:00:00-04:00,29499.5,29516.75,29477.75,29516.25,4534
2026-08-21 08:30:00-04:00,29515.5,29539.0,29503.5,29511.5,5689
2026-08-21 09:00:00-04:00,29511.75,29516.0,29418.0,29469.25,14295
2026-08-21 09:30:00-04:00,29469.0,29476.0,29255.75,29303.5,72444
2026-08-21 10:00:00-04:00,29303.25,29335.5,29220.0,29278.75,54251
2026-08-21 10:30:00-04:00,29280.25,29333.75,29258.0,29331.75,35167
2026-08-21 11:00:00-04:00,29332.0,29371.25,29326.75,29368.25,27740
2026-08-21 11:30:00-04:00,29367.75,29488.75,29364.0,29443.0,38739
2026-08-21 12:00:00-04:00,29443.5,29452.75,29388.75,29409.5,26360
2026-08-21 12:30:00-04:00,29410.0,29425.5,29380.75,29412.25,13118
2026-08-21 13:00:00-04:00,29412.0,29424.0,29376.25,29395.25,14970
2026-08-21 13:30:00-04:00,29396.0,29410.5,29381.5,29383.75,10548
2026-08-21 14:00:00-04:00,29383.25,29405.25,29362.75,29363.0,13115
2026-08-21 14:30:00-04:00,29363.0,29403.5,29353.75,29400.25,10737
2026-08-21 15:00:00-04:00,29400.0,29415.0,29380.25,29394.5,14841
2026-08-21 15:30:00-04:00,29393.5,29432.25,29375.25,29395.75,31806
2026-08-21 16:00:00-04:00,29396.25,29398.0,29367.75,29370.0,8957
2026-08-21 16:30:00-04:00,29370.5,29388.0,29370.0,29374.0,3324
2026-08-23 18:00:00-04:00,29392.25,29409.75,29300.25,29338.75,4511
2026-08-23 18:30:00-04:00,29337.75,29400.0,29335.0,29390.5,2537
2026-08-23 19:00:00-04:00,29390.5,29429.5,29384.0,29429.0,1541
2026-08-23 19:30:00-04:00,29427.0,29480.5,29418.0,29467.75,3736
2026-08-23 20:00:00-04:00,29466.5,29472.5,29335.0,29356.5,8336
2026-08-23 20:30:00-04:00,29357.25,29428.25,29337.25,29427.25,4720
2026-08-23 21:00:00-04:00,29425.75,29449.0,29393.25,29410.25,3847
2026-08-23 21:30:00-04:00,29409.5,29410.75,29321.0,29323.25,4388
2026-08-23 22:00:00-04:00,29321.5,29373.25,29301.25,29363.0,5741
2026-08-23 22:30:00-04:00,29363.0,29377.25,29341.75,29370.5,3066
2026-08-23 23:00:00-04:00,29371.25,29372.5,29289.75,29295.5,3666
2026-08-23 23:30:00-04:00,29295.0,29305.0,29261.25,29272.25,3330
2026-08-24 00:00:00-04:00,29272.25,29300.75,29268.25,29292.0,2421
2026-08-24 00:30:00-04:00,29292.25,29304.0,29263.0,29265.75,2005
2026-08-24 01:00:00-04:00,29265.5,29297.25,29247.0,29250.0,2545
2026-08-24 01:30:00-04:00,29248.0,29266.5,29188.0,29200.75,5996
2026-08-24 02:00:00-04:00,29200.25,29219.25,29120.5,29166.5,6973
2026-08-24 02:30:00-04:00,29164.75,29180.5,29142.0,29164.5,2698
2026-08-24 03:00:00-04:00,29164.5,29208.75,29146.5,29183.5,3420
2026-08-24 03:30:00-04:00,29182.25,29212.5,29130.75,29143.75,3428
2026-08-24 04:00:00-04:00,29146.25,29210.5,29116.75,29191.75,4929
2026-08-24 04:30:00-04:00,29191.5,29240.0,29179.75,29215.0,2544
2026-08-24 05:00:00-04:00,29215.75,29247.75,29201.0,29210.5,2416
2026-08-24 05:30:00-04:00,29209.5,29249.75,29209.0,29231.5,2077
2026-08-24 06:00:00-04:00,29231.75,29247.0,29204.25,29209.25,2408
2026-08-24 06:30:00-04:00,29208.5,29240.0,29179.5,29184.75,2408
2026-08-24 07:00:00-04:00,29185.25,29203.0,29145.75,29183.0,4055
2026-08-24 07:30:00-04:00,29183.5,29283.0,29183.0,29245.5,7011
2026-08-24 08:00:00-04:00,29245.5,29245.75,29203.5,29230.0,3732
2026-08-24 08:30:00-04:00,29229.5,29240.75,29171.5,29206.0,5912
2026-08-24 09:00:00-04:00,29205.75,29236.75,29195.75,29235.0,7143
2026-08-24 09:30:00-04:00,29235.5,29243.0,28946.75,29021.75,85853
2026-08-24 10:00:00-04:00,29022.25,29036.75,28953.5,29012.25,43210
2026-08-24 10:30:00-04:00,29011.75,29110.75,29001.5,29082.75,35296
2026-08-24 11:00:00-04:00,29083.25,29137.0,29038.75,29121.25,29405
2026-08-24 11:30:00-04:00,29122.0,29205.5,29111.5,29168.75,32702
2026-08-24 12:00:00-04:00,29169.0,29224.75,29156.75,29203.75,21199
2026-08-24 12:30:00-04:00,29204.25,29212.25,29170.5,29171.0,13784
2026-08-24 13:00:00-04:00,29171.25,29210.5,29132.0,29140.0,20741
2026-08-24 13:30:00-04:00,29139.5,29143.0,29116.5,29123.0,15140
2026-08-24 14:00:00-04:00,29123.75,29224.0,29123.0,29218.25,19391
2026-08-24 14:30:00-04:00,29218.0,29233.25,29153.0,29154.0,16676
2026-08-24 15:00:00-04:00,29153.75,29167.0,29142.75,29158.75,13337
2026-08-24 15:30:00-04:00,29158.0,29173.0,29095.5,29099.5,35247
2026-08-24 16:00:00-04:00,29099.25,29124.75,29080.75,29084.0,9163
2026-08-24 16:30:00-04:00,29083.75,29136.5,29083.5,29131.25,3340
2026-08-24 18:00:00-04:00,29140.5,29152.75,29120.0,29126.75,2312
2026-08-24 18:30:00-04:00,29123.75,29130.0,29111.5,29121.0,1185
2026-08-24 19:00:00-04:00,29121.0,29128.25,29105.75,29106.75,1245
2026-08-24 19:30:00-04:00,29107.25,29116.0,29072.0,29096.25,3628
2026-08-24 20:00:00-04:00,29095.75,29102.25,29017.0,29079.5,7286
2026-08-24 20:30:00-04:00,29079.25,29146.0,29070.75,29126.5,4483
2026-08-24 21:00:00-04:00,29128.0,29143.25,29095.5,29115.0,3487
2026-08-24 21:30:00-04:00,29114.25,29155.5,29108.5,29128.25,3868
2026-08-24 22:00:00-04:00,29127.0,29149.0,29104.0,29146.0,3643
2026-08-24 22:30:00-04:00,29145.25,29168.25,29093.5,29101.75,3417
2026-08-24 23:00:00-04:00,29102.5,29176.25,29100.25,29175.0,3872
2026-08-24 23:30:00-04:00,29174.5,29190.0,29151.75,29164.75,2635
2026-08-25 00:00:00-04:00,29164.75,29207.25,29159.25,29201.0,2411
2026-08-25 00:30:00-04:00,29201.75,29217.25,29185.0,29198.75,2086
2026-08-25 01:00:00-04:00,29200.25,29227.0,29190.0,29220.25,2749
2026-08-25 01:30:00-04:00,29219.25,29241.0,29201.0,29232.0,3707
2026-08-25 02:00:00-04:00,29231.75,29288.5,29230.0,29266.25,4220
2026-08-25 02:30:00-04:00,29265.25,29267.5,29236.25,29263.25,2403
2026-08-25 03:00:00-04:00,29263.5,29290.75,29226.5,29248.25,3758
2026-08-25 03:30:00-04:00,29246.25,29261.5,29226.25,29231.75,2302
2026-08-25 04:00:00-04:00,29233.5,29326.0,29212.25,29276.5,5708
2026-08-25 04:30:00-04:00,29278.25,29306.25,29257.0,29301.75,2878
2026-08-25 05:00:00-04:00,29302.0,29337.0,29286.0,29318.0,3448
2026-08-25 05:30:00-04:00,29317.0,29425.75,29315.0,29392.5,6931
2026-08-25 06:00:00-04:00,29389.25,29410.25,29367.25,29370.0,3418
2026-08-25 06:30:00-04:00,29370.75,29379.75,29346.25,29358.5,2797
2026-08-25 07:00:00-04:00,29358.0,29362.25,29304.0,29340.5,4570
2026-08-25 07:30:00-04:00,29340.75,29390.5,29339.5,29373.0,3715
2026-08-25 08:00:00-04:00,29372.75,29409.5,29355.25,29374.25,5459
2026-08-25 08:30:00-04:00,29373.25,29373.25,29312.5,29334.0,6160
2026-08-25 09:00:00-04:00,29334.0,29344.75,29294.5,29296.25,9849
2026-08-25 09:30:00-04:00,29297.0,29414.75,29279.25,29312.75,76992
2026-08-25 10:00:00-04:00,29313.25,29315.0,29209.25,29215.25,48300
2026-08-25 10:30:00-04:00,29214.75,29268.75,29138.0,29232.5,40881
2026-08-25 11:00:00-04:00,29233.0,29282.0,29197.0,29276.75,22953
2026-08-25 11:30:00-04:00,29277.25,29309.75,29222.75,29262.0,25030
2026-08-25 12:00:00-04:00,29263.25,29298.5,29260.75,29293.75,15411
2026-08-25 12:30:00-04:00,29294.75,29299.75,29252.75,29274.75,16237
2026-08-25 13:00:00-04:00,29275.5,29279.0,29214.5,29224.5,17441
2026-08-25 13:30:00-04:00,29224.75,29234.5,29216.0,29227.25,9979
2026-08-25 14:00:00-04:00,29226.75,29227.5,29202.0,29219.75,13118
2026-08-25 14:30:00-04:00,29219.75,29275.0,29219.0,29255.5,16205
2026-08-25 15:00:00-04:00,29256.0,29266.5,29212.75,29226.0,13651
2026-08-25 15:30:00-04:00,29225.75,29289.5,29211.5,29270.25,30156
2026-08-25 16:00:00-04:00,29270.5,29313.5,29262.0,29302.5,11242
2026-08-25 16:30:00-04:00,29302.0,29308.75,29268.75,29287.5,3413
2026-08-25 18:00:00-04:00,29288.0,29309.75,29280.0,29291.25,2268
2026-08-25 18:30:00-04:00,29291.5,29293.0,29280.75,29284.5,758
2026-08-25 19:00:00-04:00,29284.25,29288.5,29245.25,29246.0,1857
2026-08-25 19:30:00-04:00,29246.0,29248.5,29207.0,29211.5,3167
2026-08-25 20:00:00-04:00,29210.25,29238.5,29165.25,29184.25,6576
2026-08-25 20:30:00-04:00,29183.75,29188.0,29110.5,29112.25,6272
2026-08-25 21:00:00-04:00,29113.0,29147.0,29099.0,29109.75,5115
2026-08-25 21:30:00-04:00,29110.5,29135.0,29096.0,29133.5,3837
2026-08-25 22:00:00-04:00,29133.5,29174.75,29119.25,29172.25,3804
2026-08-25 22:30:00-04:00,29172.75,29229.75,29171.0,29220.25,4324
2026-08-25 23:00:00-04:00,29221.5,29235.75,29212.0,29214.75,2109
2026-08-25 23:30:00-04:00,29215.5,29275.25,29205.0,29264.25,4220
2026-08-26 00:00:00-04:00,29265.25,29283.25,29260.0,29272.25,2547
2026-08-26 00:30:00-04:00,29272.0,29275.25,29217.25,29226.75,2831
2026-08-26 01:00:00-04:00,29227.75,29259.75,29226.5,29245.0,2488
2026-08-26 01:30:00-04:00,29246.0,29262.75,29226.0,29243.0,1636
2026-08-26 02:00:00-04:00,29242.25,29248.75,29203.5,29218.75,2512
2026-08-26 02:30:00-04:00,29218.25,29277.25,29209.75,29252.75,2833
2026-08-26 03:00:00-04:00,29252.25,29257.75,29192.25,29199.0,3962
2026-08-26 03:30:00-04:00,29201.25,29219.25,29185.75,29212.25,2248
2026-08-26 04:00:00-04:00,29213.0,29245.25,29185.0,29235.5,3756
2026-08-26 04:30:00-04:00,29234.75,29251.0,29209.75,29228.0,1692
2026-08-26 05:00:00-04:00,29227.75,29234.75,29191.25,29198.0,1710
2026-08-26 05:30:00-04:00,29200.0,29236.5,29198.5,29234.5,1415
2026-08-26 06:00:00-04:00,29234.25,29235.0,29196.0,29200.75,1759
2026-08-26 06:30:00-04:00,29200.0,29242.25,29188.75,29237.5,2297
2026-08-26 07:00:00-04:00,29237.5,29278.75,29234.75,29253.0,3504
2026-08-26 07:30:00-04:00,29252.25,29261.75,29186.0,29219.5,4595
2026-08-26 08:00:00-04:00,29220.75,29259.5,29190.0,29257.25,4921
2026-08-26 08:30:00-04:00,29256.75,29263.25,29133.25,29152.0,15877
2026-08-26 09:00:00-04:00,29151.75,29175.0,29133.5,29173.75,9309
2026-08-26 09:30:00-04:00,29174.5,29332.75,29174.25,29331.25,67347
2026-08-26 10:00:00-04:00,29331.5,29332.5,29156.75,29178.25,36450
2026-08-26 10:30:00-04:00,29178.25,29268.0,29176.0,29252.25,26118
2026-08-26 11:00:00-04:00,29251.75,29283.0,29222.5,29256.5,20345
2026-08-26 11:30:00-04:00,29256.75,29291.5,29215.5,29217.75,22466
2026-08-26 12:00:00-04:00,29217.75,29224.25,29189.0,29207.0,15216
2026-08-26 12:30:00-04:00,29207.25,29224.75,29170.0,29216.75,15409
2026-08-26 13:00:00-04:00,29216.0,29270.75,29210.5,29267.25,14511
2026-08-26 13:30:00-04:00,29268.0,29293.75,29262.75,29284.25,14423
2026-08-26 14:00:00-04:00,29284.5,29296.0,29264.75,29280.0,11720
2026-08-26 14:30:00-04:00,29279.75,29329.75,29275.75,29321.75,14859
2026-08-26 15:00:00-04:00,29321.25,29368.25,29317.75,29338.0,18485
2026-08-26 15:30:00-04:00,29338.0,29345.5,29280.25,29296.75,31902
2026-08-26 16:00:00-04:00,29297.75,29383.75,29283.25,29342.25,19210
2026-08-26 16:30:00-04:00,29342.0,29437.75,29317.0,29432.5,7167
2026-08-26 18:00:00-04:00,29499.5,29602.0,29499.25,29583.75,9178
2026-08-26 18:30:00-04:00,29583.5,29628.5,29581.0,29606.5,4269
2026-08-26 19:00:00-04:00,29605.0,29615.5,29585.0,29602.5,3004
2026-08-26 19:30:00-04:00,29602.75,29653.0,29594.5,29646.5,2830
2026-08-26 20:00:00-04:00,29648.25,29654.75,29558.0,29581.0,6257
2026-08-26 20:30:00-04:00,29580.5,29581.25,29438.25,29445.75,9560
2026-08-26 21:00:00-04:00,29443.75,29509.25,29432.5,29503.25,6587
2026-08-26 21:30:00-04:00,29503.0,29554.25,29491.75,29529.75,5222
2026-08-26 22:00:00-04:00,29531.75,29544.25,29516.75,29539.0,2540
2026-08-26 22:30:00-04:00,29538.75,29560.5,29530.5,29548.75,2586
2026-08-26 23:00:00-04:00,29550.5,29575.75,29530.0,29564.25,2595
2026-08-26 23:30:00-04:00,29566.0,29572.25,29526.5,29538.75,2076
2026-08-27 00:00:00-04:00,29538.0,29551.75,29528.25,29528.5,1280
2026-08-27 00:30:00-04:00,29528.5,29530.25,29493.0,29497.25,2493
2026-08-27 01:00:00-04:00,29501.5,29504.25,29448.0,29468.0,3800
2026-08-27 01:30:00-04:00,29466.25,29472.75,29428.5,29438.75,3613
2026-08-27 02:00:00-04:00,29437.5,29451.0,29401.75,29450.75,4897
2026-08-27 02:30:00-04:00,29451.5,29500.0,29449.0,29499.5,3210
2026-08-27 03:00:00-04:00,29498.75,29548.75,29477.25,29548.25,5028
2026-08-27 03:30:00-04:00,29547.75,29549.75,29499.0,29539.5,3789
2026-08-27 04:00:00-04:00,29538.75,29659.75,29537.0,29656.5,7258
2026-08-27 04:30:00-04:00,29656.75,29662.0,29610.25,29623.75,5380
2026-08-27 05:00:00-04:00,29624.75,29634.25,29568.0,29598.0,5268
2026-08-27 05:30:00-04:00,29597.75,29634.5,29596.75,29602.0,4587
2026-08-27 06:00:00-04:00,29602.25,29606.25,29577.0,29579.75,2325
2026-08-27 06:30:00-04:00,29580.75,29602.75,29568.25,29597.5,2611
2026-08-27 07:00:00-04:00,29599.0,29630.0,29569.5,29569.5,4197
2026-08-27 07:30:00-04:00,29570.25,29588.0,29514.75,29558.5,5110
2026-08-27 08:00:00-04:00,29557.75,29590.5,29551.0,29579.25,4654
2026-08-27 08:30:00-04:00,29579.0,29581.25,29515.5,29522.5,6503
2026-08-27 09:00:00-04:00,29522.0,29570.25,29518.5,29524.5,10020
2026-08-27 09:30:00-04:00,29524.25,29605.0,29423.75,29483.0,96780
2026-08-27 10:00:00-04:00,29484.0,29623.5,29478.5,29606.75,45526
2026-08-27 10:30:00-04:00,29606.5,29610.25,29532.0,29601.5,34403
2026-08-27 11:00:00-04:00,29601.75,29635.0,29573.0,29578.5,22418
2026-08-27 11:30:00-04:00,29578.25,29610.0,29511.5,29598.0,30817
2026-08-27 12:00:00-04:00,29597.25,29623.75,29570.0,29603.0,17913
2026-08-27 12:30:00-04:00,29603.5,29659.5,29599.0,29651.75,17463
2026-08-27 13:00:00-04:00,29652.0,29678.5,29638.0,29641.5,17606
2026-08-27 13:30:00-04:00,29641.25,29658.5,29607.0,29611.5,16740
2026-08-27 14:00:00-04:00,29612.0,29622.0,29526.5,29538.25,23820
2026-08-27 14:30:00-04:00,29538.25,29582.25,29537.0,29571.25,19713
2026-08-27 15:00:00-04:00,29571.5,29613.0,29567.0,29602.25,17860
2026-08-27 15:30:00-04:00,29602.75,29704.5,29595.0,29691.75,39605
2026-08-27 16:00:00-04:00,29691.75,29708.0,29634.25,29638.5,13404
2026-08-27 16:30:00-04:00,29639.25,29644.75,29620.5,29635.25,3469
2026-08-27 18:00:00-04:00,29635.5,29644.75,29600.0,29637.25,2916
2026-08-27 18:30:00-04:00,29637.0,29640.75,29630.0,29634.75,986
2026-08-27 19:00:00-04:00,29633.5,29637.5,29604.0,29608.25,1670
2026-08-27 19:30:00-04:00,29610.0,29612.75,29592.0,29600.75,2176
2026-08-27 20:00:00-04:00,29601.75,29656.0,29594.25,29653.0,6127
2026-08-27 20:30:00-04:00,29651.25,29667.25,29633.5,29645.0,2570
2026-08-27 21:00:00-04:00,29645.75,29672.75,29642.75,29648.75,2651
2026-08-27 21:30:00-04:00,29648.5,29679.75,29641.75,29677.75,3390
2026-08-27 22:00:00-04:00,29678.75,29703.0,29678.75,29692.75,2516
2026-08-27 22:30:00-04:00,29691.0,29691.0,29644.75,29663.75,2719
2026-08-27 23:00:00-04:00,29664.75,29707.0,29660.5,29700.25,2269
2026-08-27 23:30:00-04:00,29700.5,29704.25,29640.25,29668.25,3270
2026-08-28 00:00:00-04:00,29668.0,29670.5,29643.75,29659.5,1791
2026-08-28 00:30:00-04:00,29658.5,29660.75,29636.25,29641.75,1409
2026-08-28 01:00:00-04:00,29642.0,29643.75,29611.5,29622.75,2347
2026-08-28 01:30:00-04:00,29623.0,29624.5,29597.25,29598.25,2153
2026-08-28 02:00:00-04:00,29599.0,29623.75,29594.5,29596.0,2580
2026-08-28 02:30:00-04:00,29597.5,29645.25,29596.0,29645.25,2775
2026-08-28 03:00:00-04:00,29645.25,29653.5,29599.75,29613.75,3745
2026-08-28 03:30:00-04:00,29613.5,29625.75,29593.0,29607.0,2295
2026-08-28 04:00:00-04:00,29607.0,29620.5,29578.25,29598.25,4155
2026-08-28 04:30:00-04:00,29598.5,29633.5,29596.25,29619.75,2527
2026-08-28 05:00:00-04:00,29619.0,29620.5,29595.75,29615.75,1820
2026-08-28 05:30:00-04:00,29615.5,29620.25,29599.0,29605.5,1215
2026-08-28 06:00:00-04:00,29606.0,29617.25,29593.25,29611.5,1666
2026-08-28 06:30:00-04:00,29611.25,29625.0,29598.0,29622.0,1756
2026-08-28 07:00:00-04:00,29622.25,29636.5,29598.25,29633.5,2864
2026-08-28 07:30:00-04:00,29635.0,29640.0,29597.5,29603.5,1821
2026-08-28 08:00:00-04:00,29601.5,29663.0,29597.5,29661.5,4456
2026-08-28 08:30:00-04:00,29661.25,29665.0,29615.0,29659.0,4744
2026-08-28 09:00:00-04:00,29659.0,29681.75,29622.0,29628.0,8841
2026-08-28 09:30:00-04:00,29628.5,29703.25,29562.75,29629.0,61367
2026-08-28 10:00:00-04:00,29632.0,29706.0,29505.0,29653.5,73418
2026-08-28 10:30:00-04:00,29653.5,29799.0,29632.0,29796.5,49763
2026-08-28 11:00:00-04:00,29796.5,29811.5,29735.25,29782.75,34082
2026-08-28 11:30:00-04:00,29783.25,29785.5,29544.25,29552.5,46946
2026-08-28 12:00:00-04:00,29553.0,29593.0,29464.5,29489.0,46632
2026-08-28 12:30:00-04:00,29488.5,29549.0,29475.0,29501.25,28832
2026-08-28 13:00:00-04:00,29502.0,29503.0,29436.25,29470.0,27316
2026-08-28 13:30:00-04:00,29470.0,29529.25,29461.25,29514.75,17814
2026-08-28 14:00:00-04:00,29515.75,29521.5,29471.25,29483.75,15220
2026-08-28 14:30:00-04:00,29483.25,29507.0,29441.0,29455.5,15486
2026-08-28 15:00:00-04:00,29456.0,29502.0,29443.5,29498.25,17178
2026-08-28 15:30:00-04:00,29498.5,29521.5,29473.5,29496.5,37059
2026-08-28 16:00:00-04:00,29496.5,29507.75,29478.25,29492.0,7612
2026-08-28 16:30:00-04:00,29492.0,29519.25,29485.0,29509.5,4205
2026-08-30 18:00:00-04:00,29540.0,29546.25,29446.75,29473.0,5634
2026-08-30 18:30:00-04:00,29474.75,29476.5,29428.0,29442.5,3461
2026-08-30 19:00:00-04:00,29442.5,29449.25,29369.0,29371.75,5208
2026-08-30 19:30:00-04:00,29372.0,29375.5,29289.0,29289.75,7206
2026-08-30 20:00:00-04:00,29291.0,29378.25,29273.5,29372.0,7255
2026-08-30 20:30:00-04:00,29370.25,29398.5,29350.5,29357.0,4703
2026-08-30 21:00:00-04:00,29358.25,29358.25,29292.5,29331.75,6741
2026-08-30 21:30:00-04:00,29330.25,29338.0,29302.25,29327.0,4123
2026-08-30 22:00:00-04:00,29325.75,29362.75,29304.5,29331.5,5061
2026-08-30 22:30:00-04:00,29327.0,29346.5,29287.0,29344.25,4310
2026-08-30 23:00:00-04:00,29346.0,29367.25,29336.75,29344.0,2576
2026-08-30 23:30:00-04:00,29345.75,29353.5,29337.75,29352.25,1344
2026-08-31 00:00:00-04:00,29352.5,29357.0,29341.5,29347.25,1079
2026-08-31 00:30:00-04:00,29348.0,29423.75,29333.75,29414.75,3493
2026-08-31 01:00:00-04:00,29415.0,29477.25,29407.75,29470.0,3675
2026-08-31 01:30:00-04:00,29470.0,29474.25,29426.25,29462.25,3175
2026-08-31 02:00:00-04:00,29462.0,29518.5,29448.75,29512.5,4474
2026-08-31 02:30:00-04:00,29512.5,29528.5,29495.75,29517.75,2505
2026-08-31 03:00:00-04:00,29516.25,29521.25,29500.0,29509.75,1827
2026-08-31 03:30:00-04:00,29508.25,29522.75,29493.5,29508.25,1484
2026-08-31 04:00:00-04:00,29508.5,29535.0,29485.0,29500.75,4208
2026-08-31 04:30:00-04:00,29500.25,29502.25,29475.0,29485.0,2075
2026-08-31 05:00:00-04:00,29485.25,29509.25,29470.75,29491.25,2108
2026-08-31 05:30:00-04:00,29491.75,29492.5,29445.5,29450.5,1906
2026-08-31 06:00:00-04:00,29451.5,29467.75,29440.5,29461.0,2788
2026-08-31 06:30:00-04:00,29460.75,29471.5,29450.0,29458.75,1239
2026-08-31 07:00:00-04:00,29458.25,29471.0,29435.5,29465.0,2829
2026-08-31 07:30:00-04:00,29465.5,29466.75,29425.25,29429.75,2775
2026-08-31 08:00:00-04:00,29429.75,29486.0,29397.0,29415.75,6505
2026-08-31 08:30:00-04:00,29415.75,29442.25,29380.0,29389.0,6239
2026-08-31 09:00:00-04:00,29389.5,29445.25,29377.5,29438.5,8636
2026-08-31 09:30:00-04:00,29437.75,29516.75,29387.75,29438.75,66442
2026-08-31 10:00:00-04:00,29439.25,29447.75,29355.0,29376.25,37247
2026-08-31 10:30:00-04:00,29374.25,29444.25,29364.5,29416.0,27762
2026-08-31 11:00:00-04:00,29415.25,29445.75,29395.5,29421.0,24702
2026-08-31 11:30:00-04:00,29420.5,29432.75,29383.0,29388.75,20839
2026-08-31 12:00:00-04:00,29389.25,29426.5,29362.5,29425.0,19681
2026-08-31 12:30:00-04:00,29425.0,29443.25,29394.25,29440.5,15256
2026-08-31 13:00:00-04:00,29440.0,29441.0,29393.25,29396.75,10910
2026-08-31 13:30:00-04:00,29396.75,29457.5,29388.0,29442.0,15124
2026-08-31 14:00:00-04:00,29442.0,29464.25,29422.25,29438.25,12417
2026-08-31 14:30:00-04:00,29438.0,29443.25,29382.5,29403.75,15973
2026-08-31 15:00:00-04:00,29404.5,29453.5,29403.5,29448.25,13406
2026-08-31 15:30:00-04:00,29447.75,29538.25,29430.5,29506.5,44161
2026-08-31 16:00:00-04:00,29506.25,29527.5,29503.75,29513.75,9183
2026-08-31 16:30:00-04:00,29513.0,29521.25,29507.0,29521.0,2102
2026-08-31 18:00:00-04:00,29518.25,29522.5,29498.5,29501.75,1740
2026-08-31 18:30:00-04:00,29502.5,29508.25,29491.0,29493.5,1041
2026-08-31 19:00:00-04:00,29493.25,29505.0,29486.0,29497.0,1266
2026-08-31 19:30:00-04:00,29495.5,29519.5,29493.5,29501.25,2191
2026-08-31 20:00:00-04:00,29503.25,29521.75,29478.25,29501.0,4834
2026-08-31 20:30:00-04:00,29501.0,29520.5,29484.25,29506.0,2575
2026-08-31 21:00:00-04:00,29506.0,29516.25,29477.0,29484.0,3407
2026-08-31 21:30:00-04:00,29483.0,29515.5,29475.0,29499.75,3075
2026-08-31 22:00:00-04:00,29498.0,29502.75,29452.75,29459.75,2802
2026-08-31 22:30:00-04:00,29460.0,29493.25,29434.75,29492.0,3876
2026-08-31 23:00:00-04:00,29491.5,29493.75,29459.25,29464.25,2238
2026-08-31 23:30:00-04:00,29465.5,29488.5,29461.25,29485.75,1380
2026-09-01 00:00:00-04:00,29487.25,29501.5,29481.0,29492.75,1877
2026-09-01 00:30:00-04:00,29493.75,29503.0,29466.0,29473.75,2502
2026-09-01 01:00:00-04:00,29473.25,29487.75,29447.25,29486.0,2271
2026-09-01 01:30:00-04:00,29485.0,29571.25,29482.25,29561.5,5999
2026-09-01 02:00:00-04:00,29561.75,29568.0,29514.75,29517.5,3758
2026-09-01 02:30:00-04:00,29516.5,29545.0,29513.75,29515.75,2252
2026-09-01 03:00:00-04:00,29515.5,29556.75,29512.25,29545.0,3938
2026-09-01 03:30:00-04:00,29546.75,29547.0,29430.0,29436.25,5999
2026-09-01 04:00:00-04:00,29436.25,29449.0,29279.0,29285.5,12244
2026-09-01 04:30:00-04:00,29286.0,29312.0,29231.0,29235.25,6843
2026-09-01 05:00:00-04:00,29235.75,29243.25,29185.5,29197.0,6090
2026-09-01 05:30:00-04:00,29199.0,29228.0,29184.25,29212.5,3871
2026-09-01 06:00:00-04:00,29212.5,29248.75,29201.25,29237.5,3313
2026-09-01 06:30:00-04:00,29237.75,29257.75,29197.25,29210.0,4093
2026-09-01 07:00:00-04:00,29209.25,29216.75,29178.0,29208.75,4775
2026-09-01 07:30:00-04:00,29207.75,29238.0,29167.75,29172.5,5238
2026-09-01 08:00:00-04:00,29171.5,29179.5,29137.5,29170.5,8052
2026-09-01 08:30:00-04:00,29169.75,29170.5,29122.25,29125.75,8945
2026-09-01 09:00:00-04:00,29125.75,29126.25,29084.25,29112.0,15100
2026-09-01 09:30:00-04:00,29111.75,29158.0,29040.25,29105.0,69934
2026-09-01 10:00:00-04:00,29106.0,29179.5,29085.25,29165.25,39210
2026-09-01 10:30:00-04:00,29165.25,29268.0,29162.25,29228.0,35115
2026-09-01 11:00:00-04:00,29228.5,29241.5,29178.25,29232.5,24137
2026-09-01 11:30:00-04:00,29232.25,29317.75,29224.25,29296.25,28705
2026-09-01 12:00:00-04:00,29295.5,29300.75,29162.75,29176.75,32101
2026-09-01 12:30:00-04:00,29177.0,29197.25,29131.25,29191.75,25301
2026-09-01 13:00:00-04:00,29191.25,29191.75,29100.5,29141.75,20278
2026-09-01 13:30:00-04:00,29143.0,29161.75,29117.75,29140.75,14061
2026-09-01 14:00:00-04:00,29139.75,29151.5,29085.25,29094.25,16571
2026-09-01 14:30:00-04:00,29094.5,29097.25,29002.0,29076.0,28014
2026-09-01 15:00:00-04:00,29075.5,29129.25,29070.5,29127.25,19113
2026-09-01 15:30:00-04:00,29126.75,29141.0,29086.0,29126.75,38109
2026-09-01 16:00:00-04:00,29126.75,29159.0,29113.5,29136.75,13609
2026-09-01 16:30:00-04:00,29136.0,29155.25,29130.25,29139.0,2749
2026-09-01 18:00:00-04:00,29136.5,29149.0,29102.25,29113.75,2517
2026-09-01 18:30:00-04:00,29114.75,29139.0,29111.0,29132.0,1514
2026-09-01 19:00:00-04:00,29129.75,29139.0,29119.0,29136.5,1157
2026-09-01 19:30:00-04:00,29137.5,29148.25,29131.25,29134.5,1445
2026-09-01 20:00:00-04:00,29135.75,29170.0,29106.0,29126.0,5460
2026-09-01 20:30:00-04:00,29127.75,29148.75,29102.0,29104.0,3310
2026-09-01 21:00:00-04:00,29103.25,29129.5,29086.75,29115.0,4701
2026-09-01 21:30:00-04:00,29115.75,29122.75,29047.75,29075.5,5008
2026-09-01 22:00:00-04:00,29075.5,29100.0,29044.5,29085.5,3496
2026-09-01 22:30:00-04:00,29084.5,29092.25,29061.75,29084.25,2206
2026-09-01 23:00:00-04:00,29086.5,29089.5,29058.75,29069.0,1939
2026-09-01 23:30:00-04:00,29070.25,29073.0,29046.0,29047.25,1955
2026-09-02 00:00:00-04:00,29047.75,29062.75,29035.5,29051.0,1786
2026-09-02 00:30:00-04:00,29051.25,29065.0,29047.75,29058.25,1411
2026-09-02 01:00:00-04:00,29059.0,29092.0,29037.5,29091.25,2716
2026-09-02 01:30:00-04:00,29092.0,29104.25,29062.5,29073.0,2518
2026-09-02 02:00:00-04:00,29072.25,29080.5,29020.5,29023.5,3431
2026-09-02 02:30:00-04:00,29023.0,29098.25,29016.5,29077.25,3637
2026-09-02 03:00:00-04:00,29077.0,29120.75,29065.5,29094.5,3928
2026-09-02 03:30:00-04:00,29094.25,29101.0,29050.0,29061.75,2635
2026-09-02 04:00:00-04:00,29062.25,29097.25,29039.75,29053.5,3216
2026-09-02 04:30:00-04:00,29052.75,29068.75,28954.5,28977.75,4907
2026-09-02 05:00:00-04:00,28977.25,29027.5,28955.0,28978.25,4500
2026-09-02 05:30:00-04:00,28978.25,28981.5,28940.5,28973.25,3517
2026-09-02 06:00:00-04:00,28972.75,28996.0,28947.25,28985.75,3092
2026-09-02 06:30:00-04:00,28985.5,28989.25,28958.0,28988.0,2473
2026-09-02 07:00:00-04:00,28987.75,29035.75,28927.25,29023.0,8563
2026-09-02 07:30:00-04:00,29025.25,29084.5,29019.0,29084.5,5259
2026-09-02 08:00:00-04:00,29083.75,29149.5,29074.5,29108.0,9616
2026-09-02 08:30:00-04:00,29107.0,29110.25,29032.75,29040.0,6496
2026-09-02 09:00:00-04:00,29040.25,29115.25,29037.75,29098.5,9208
2026-09-02 09:30:00-04:00,29098.75,29119.0,29017.25,29062.25,58942
2026-09-02 10:00:00-04:00,29061.75,29193.0,29032.25,29187.25,44250
2026-09-02 10:30:00-04:00,29187.0,29213.0,29111.25,29120.25,31394
2026-09-02 11:00:00-04:00,29119.5,29208.5,29106.25,29205.25,26590
2026-09-02 11:30:00-04:00,29205.0,29208.5,29136.0,29185.25,22476
2026-09-02 12:00:00-04:00,29184.5,29198.5,29142.25,29151.75,13746
2026-09-02 12:30:00-04:00,29151.5,29175.25,29137.0,29155.0,13008
2026-09-02 13:00:00-04:00,29154.75,29182.5,29125.25,29150.75,14915
2026-09-02 13:30:00-04:00,29150.5,29173.75,29127.5,29158.75,14437
2026-09-02 14:00:00-04:00,29159.5,29199.75,29135.75,29159.25,16503
2026-09-02 14:30:00-04:00,29159.25,29175.0,29130.25,29145.5,12637
2026-09-02 15:00:00-04:00,29145.75,29172.0,29139.0,29167.25,11415
2026-09-02 15:30:00-04:00,29167.0,29197.25,29155.25,29190.5,24352
2026-09-02 16:00:00-04:00,29190.25,29212.0,29139.75,29156.25,10861
2026-09-02 16:30:00-04:00,29156.0,29164.0,29139.25,29141.0,2853
2026-09-02 18:00:00-04:00,29177.0,29208.75,29148.0,29196.0,2983
2026-09-02 18:30:00-04:00,29196.0,29203.0,29178.25,29180.5,1393
2026-09-02 19:00:00-04:00,29180.75,29188.75,29167.5,29179.0,1774
2026-09-02 19:30:00-04:00,29180.0,29213.0,29175.0,29201.25,2451
2026-09-02 20:00:00-04:00,29200.75,29201.75,29141.0,29156.25,4178
2026-09-02 20:30:00-04:00,29155.75,29162.0,29146.0,29151.0,1601
2026-09-02 21:00:00-04:00,29150.75,29200.75,29147.75,29174.75,4024
2026-09-02 21:30:00-04:00,29176.75,29199.25,29136.25,29137.5,3574
2026-09-02 22:00:00-04:00,29136.75,29195.0,29132.75,29188.5,3443
2026-09-02 22:30:00-04:00,29186.5,29199.0,29167.5,29180.75,1819
2026-09-02 23:00:00-04:00,29182.25,29234.0,29179.5,29219.75,3349
2026-09-02 23:30:00-04:00,29220.75,29243.0,29217.75,29236.5,1798
2026-09-03 00:00:00-04:00,29236.5,29255.0,29227.25,29227.75,1998
2026-09-03 00:30:00-04:00,29227.75,29236.25,29204.5,29207.5,1908
2026-09-03 01:00:00-04:00,29207.25,29208.5,29075.0,29104.0,8401
2026-09-03 01:30:00-04:00,29102.75,29188.75,29098.25,29188.75,6214
2026-09-03 02:00:00-04:00,29188.5,29203.25,29161.0,29177.25,3760
2026-09-03 02:30:00-04:00,29177.0,29187.5,29159.5,29174.25,2355
2026-09-03 03:00:00-04:00,29173.25,29233.0,29160.0,29203.25,4201
2026-09-03 03:30:00-04:00,29202.5,29245.5,29182.75,29220.25,3755
2026-09-03 04:00:00-04:00,29220.25,29292.75,29213.25,29256.0,8938
2026-09-03 04:30:00-04:00,29257.25,29257.25,29215.0,29216.25,2731
2026-09-03 05:00:00-04:00,29218.5,29225.75,29187.75,29187.75,2302
2026-09-03 05:30:00-04:00,29187.25,29198.0,29126.5,29137.75,3440
2026-09-03 06:00:00-04:00,29138.0,29158.5,29119.25,29127.5,3829
2026-09-03 06:30:00-04:00,29127.0,29140.0,29105.5,29128.0,2809
2026-09-03 07:00:00-04:00,29129.0,29186.75,29106.25,29166.75,4672
2026-09-03 07:30:00-04:00,29167.0,29173.5,29101.0,29105.5,5410
2026-09-03 08:00:00-04:00,29105.5,29151.0,29104.0,29145.75,5443
2026-09-03 08:30:00-04:00,29144.75,29258.75,29144.0,29244.5,14218
2026-09-03 09:00:00-04:00,29243.75,29253.75,29194.25,29249.0,12018
2026-09-03 09:30:00-04:00,29249.5,29375.5,29199.5,29333.0,78739
2026-09-03 10:00:00-04:00,29331.75,29364.5,29241.75,29343.0,49890
2026-09-03 10:30:00-04:00,29343.0,29368.0,29246.5,29363.5,39199
2026-09-03 11:00:00-04:00,29363.25,29539.5,29362.25,29536.5,50906
2026-09-03 11:30:00-04:00,29536.0,29542.5,29503.5,29538.0,25163
2026-09-03 12:00:00-04:00,29538.75,29539.75,29489.25,29497.0,18799
2026-09-03 12:30:00-04:00,29497.0,29544.0,29483.0,29528.0,16134
2026-09-03 13:00:00-04:00,29528.25,29534.0,29476.0,29502.5,13701
2026-09-03 13:30:00-04:00,29502.75,29552.5,29502.25,29543.75,16091
2026-09-03 14:00:00-04:00,29543.5,29584.25,29543.0,29570.5,18265
2026-09-03 14:30:00-04:00,29571.0,29581.0,29559.5,29568.25,11741
2026-09-03 15:00:00-04:00,29568.25,29570.5,29526.0,29533.25,15546
2026-09-03 15:30:00-04:00,29533.25,29540.0,29509.25,29530.75,33749
2026-09-03 16:00:00-04:00,29531.0,29536.25,29505.0,29510.25,8503
2026-09-03 16:30:00-04:00,29510.25,29516.75,29499.25,29502.25,2331
2026-09-03 18:00:00-04:00,29505.0,29509.0,29482.0,29490.0,1958
2026-09-03 18:30:00-04:00,29491.0,29512.75,29490.0,29508.75,1242
2026-09-03 19:00:00-04:00,29508.25,29511.5,29498.25,29507.25,1047
2026-09-03 19:30:00-04:00,29507.0,29516.75,29501.25,29504.0,1081
2026-09-03 20:00:00-04:00,29503.75,29529.0,29495.0,29527.5,3043
2026-09-03 20:30:00-04:00,29527.75,29542.25,29519.25,29530.75,2199
2026-09-03 21:00:00-04:00,29530.0,29542.75,29516.25,29540.75,2674
2026-09-03 21:30:00-04:00,29539.5,29548.75,29523.25,29548.0,2415
2026-09-03 22:00:00-04:00,29547.75,29556.25,29537.25,29555.0,1364
2026-09-03 22:30:00-04:00,29555.75,29568.0,29544.0,29564.5,2279
2026-09-03 23:00:00-04:00,29563.25,29578.25,29557.25,29569.0,1650
2026-09-03 23:30:00-04:00,29569.5,29578.75,29563.75,29570.5,1142
2026-09-04 00:00:00-04:00,29570.75,29595.0,29556.5,29593.0,2172
2026-09-04 00:30:00-04:00,29592.25,29601.25,29583.25,29598.25,1546
2026-09-04 01:00:00-04:00,29597.5,29643.0,29593.75,29622.75,3390
2026-09-04 01:30:00-04:00,29622.0,29625.25,29591.5,29620.75,2769
2026-09-04 02:00:00-04:00,29620.25,29643.75,29617.0,29631.25,3225
2026-09-04 02:30:00-04:00,29631.5,29633.0,29574.0,29576.75,2741
2026-09-04 03:00:00-04:00,29577.75,29637.25,29575.25,29636.25,2959
2026-09-04 03:30:00-04:00,29635.75,29658.25,29628.0,29652.25,2884
2026-09-04 04:00:00-04:00,29653.75,29672.0,29635.5,29668.5,3675
2026-09-04 04:30:00-04:00,29670.0,29673.0,29643.75,29658.5,1960
2026-09-04 05:00:00-04:00,29657.5,29658.25,29616.5,29624.5,2299
2026-09-04 05:30:00-04:00,29625.75,29661.75,29618.5,29657.25,1791
2026-09-04 06:00:00-04:00,29656.75,29686.0,29653.25,29678.5,2229
2026-09-04 06:30:00-04:00,29676.5,29704.5,29668.5,29680.0,2223
2026-09-04 07:00:00-04:00,29681.5,29686.0,29650.75,29662.5,2436
2026-09-04 07:30:00-04:00,29663.75,29690.0,29661.0,29683.25,2256
2026-09-04 08:00:00-04:00,29682.0,29694.0,29627.0,29675.75,6278
2026-09-04 08:30:00-04:00,29674.25,29693.75,29502.0,29546.5,23526
2026-09-04 09:00:00-04:00,29547.0,29591.0,29523.0,29589.0,12780
2026-09-04 09:30:00-04:00,29588.25,29691.75,29554.5,29691.0,63677
2026-09-04 10:00:00-04:00,29690.5,29691.0,29564.75,29595.5,46203
2026-09-04 10:30:00-04:00,29596.25,29598.25,29498.75,29521.0,38240
2026-09-04 11:00:00-04:00,29520.0,29543.0,29484.25,29506.75,30103
2026-09-04 11:30:00-04:00,29506.75,29524.5,29478.0,29515.0,21671
2026-09-04 12:00:00-04:00,29514.75,29565.25,29505.0,29554.0,18004
2026-09-04 12:30:00-04:00,29554.5,29595.75,29548.75,29576.0,17221
2026-09-04 13:00:00-04:00,29576.25,29580.5,29504.25,29508.0,16722
2026-09-04 13:30:00-04:00,29508.0,29508.5,29468.0,29491.75,18719
2026-09-04 14:00:00-04:00,29491.5,29514.5,29471.25,29511.0,15081
2026-09-04 14:30:00-04:00,29511.0,29542.5,29504.0,29538.75,13275
2026-09-04 15:00:00-04:00,29538.75,29544.0,29506.75,29526.5,12591
2026-09-04 15:30:00-04:00,29526.5,29586.5,29519.25,29568.75,32657
2026-09-04 16:00:00-04:00,29568.25,29569.0,29529.5,29531.5,8906
2026-09-04 16:30:00-04:00,29531.75,29532.5,29514.5,29523.0,4093
2026-09-06 18:00:00-04:00,29535.25,29595.25,29534.75,29579.75,2576
2026-09-06 18:30:00-04:00,29578.75,29584.75,29576.75,29576.75,569
2026-09-06 19:00:00-04:00,29576.5,29579.75,29542.75,29544.0,1643
2026-09-06 19:30:00-04:00,29543.0,29582.75,29541.0,29557.5,2408
2026-09-06 20:00:00-04:00,29557.5,29583.0,29545.0,29563.5,2722
2026-09-06 20:30:00-04:00,29564.25,29574.0,29536.0,29537.25,2306
2026-09-06 21:00:00-04:00,29538.5,29580.0,29530.5,29579.0,3172
2026-09-06 21:30:00-04:00,29578.75,29595.75,29568.75,29593.5,2335
2026-09-06 22:00:00-04:00,29595.0,29596.0,29571.75,29588.25,1240
2026-09-06 22:30:00-04:00,29586.75,29621.75,29575.25,29583.25,2246
2026-09-06 23:00:00-04:00,29583.5,29604.5,29572.0,29601.0,1797
2026-09-06 23:30:00-04:00,29600.25,29622.75,29584.25,29586.0,2137
2026-09-07 00:00:00-04:00,29587.0,29596.75,29574.25,29584.0,1485
2026-09-07 00:30:00-04:00,29585.0,29600.25,29569.75,29597.25,1269
2026-09-07 01:00:00-04:00,29597.75,29615.25,29578.0,29611.75,2104
2026-09-07 01:30:00-04:00,29611.75,29639.0,29606.0,29610.5,2383
2026-09-07 02:00:00-04:00,29610.75,29655.0,29609.0,29651.75,2955
2026-09-07 02:30:00-04:00,29653.0,29682.25,29645.75,29663.5,2815
2026-09-07 03:00:00-04:00,29663.75,29683.5,29636.75,29637.25,2368
2026-09-07 03:30:00-04:00,29639.0,29661.0,29617.25,29657.75,2563
2026-09-07 04:00:00-04:00,29658.0,29664.5,29638.0,29654.75,1927
2026-09-07 04:30:00-04:00,29655.75,29663.5,29636.0,29644.5,1500
2026-09-07 05:00:00-04:00,29644.75,29655.25,29614.25,29617.0,1369
2026-09-07 05:30:00-04:00,29617.0,29625.25,29601.25,29607.25,1346
2026-09-07 06:00:00-04:00,29608.0,29621.75,29604.75,29613.25,876
2026-09-07 06:30:00-04:00,29613.5,29618.0,29569.25,29575.75,2031
2026-09-07 07:00:00-04:00,29574.5,29579.5,29535.0,29545.75,2900
2026-09-07 07:30:00-04:00,29546.25,29566.75,29541.0,29545.0,1247
2026-09-07 08:00:00-04:00,29545.25,29567.25,29535.5,29550.0,1446
2026-09-07 08:30:00-04:00,29548.5,29589.75,29547.5,29588.5,2348
2026-09-07 09:00:00-04:00,29588.75,29624.75,29576.5,29614.75,3145
2026-09-07 09:30:00-04:00,29614.75,29645.25,29604.0,29618.5,6230
2026-09-07 10:00:00-04:00,29618.5,29635.0,29601.25,29611.0,4117
2026-09-07 10:30:00-04:00,29612.0,29632.75,29589.25,29592.25,3863
2026-09-07 11:00:00-04:00,29591.75,29609.75,29563.5,29577.5,4103
2026-09-07 11:30:00-04:00,29578.25,29594.75,29575.75,29592.25,2625
2026-09-07 12:00:00-04:00,29593.0,29611.0,29589.75,29595.25,2030
2026-09-07 12:30:00-04:00,29595.25,29613.5,29592.0,29603.5,1884
2026-09-07 18:00:00-04:00,29611.5,29622.0,29555.0,29557.75,2596
2026-09-07 18:30:00-04:00,29556.5,29562.0,29540.0,29558.5,2212
2026-09-07 19:00:00-04:00,29556.5,29558.0,29525.0,29542.25,2478
2026-09-07 19:30:00-04:00,29541.0,29599.0,29533.5,29584.5,3417
2026-09-07 20:00:00-04:00,29583.5,29629.5,29575.0,29627.5,6560
2026-09-07 20:30:00-04:00,29628.25,29642.0,29621.25,29631.5,2628
2026-09-07 21:00:00-04:00,29632.75,29662.0,29611.75,29651.75,4493
2026-09-07 21:30:00-04:00,29652.75,29709.5,29645.25,29706.0,4449
2026-09-07 22:00:00-04:00,29706.25,29722.75,29689.0,29713.5,3542
2026-09-07 22:30:00-04:00,29714.5,29714.75,29660.25,29660.5,3158
2026-09-07 23:00:00-04:00,29661.5,29734.75,29660.75,29733.0,3603
2026-09-07 23:30:00-04:00,29732.5,29747.0,29722.0,29743.75,3431
2026-09-08 00:00:00-04:00,29742.75,29752.0,29730.5,29745.5,2167
2026-09-08 00:30:00-04:00,29746.25,29764.75,29728.25,29737.25,3577
2026-09-08 01:00:00-04:00,29738.5,29739.75,29675.0,29678.75,5794
2026-09-08 01:30:00-04:00,29679.5,29685.25,29610.0,29612.25,6742
2026-09-08 02:00:00-04:00,29612.25,29622.25,29545.5,29576.25,7205
2026-09-08 02:30:00-04:00,29576.25,29620.25,29558.25,29600.25,5589
2026-09-08 03:00:00-04:00,29601.0,29638.75,29586.5,29623.75,5112
2026-09-08 03:30:00-04:00,29622.75,29624.5,29529.75,29535.5,4632
2026-09-08 04:00:00-04:00,29534.5,29541.25,29477.75,29499.75,8292
2026-09-08 04:30:00-04:00,29499.5,29533.0,29489.5,29507.0,4039
2026-09-08 05:00:00-04:00,29507.0,29549.25,29484.5,29547.75,2935
2026-09-08 05:30:00-04:00,29549.25,29600.5,29542.75,29599.75,3921
2026-09-08 06:00:00-04:00,29600.0,29649.0,29572.75,29607.75,4316
2026-09-08 06:30:00-04:00,29607.75,29608.25,29546.5,29568.0,3770
2026-09-08 07:00:00-04:00,29568.5,29583.75,29533.5,29562.25,4258
2026-09-08 07:30:00-04:00,29563.0,29601.75,29538.5,29601.0,3916
2026-09-08 08:00:00-04:00,29601.0,29601.0,29548.0,29595.5,4543
2026-09-08 08:30:00-04:00,29595.25,29654.75,29591.0,29654.0,6578
2026-09-08 09:00:00-04:00,29653.75,29668.25,29634.5,29644.75,9514
2026-09-08 09:30:00-04:00,29645.0,29686.5,29455.25,29502.75,76555
2026-09-08 10:00:00-04:00,29503.25,29524.75,29424.75,29516.75,46337
2026-09-08 10:30:00-04:00,29516.0,29563.5,29490.0,29563.0,27493
2026-09-08 11:00:00-04:00,29563.0,29639.5,29545.5,29609.0,29832
2026-09-08 11:30:00-04:00,29609.25,29645.25,29595.5,29604.25,20900
2026-09-08 12:00:00-04:00,29604.25,29622.0,29562.5,29567.75,18381
2026-09-08 12:30:00-04:00,29568.5,29609.25,29549.5,29573.5,19167
2026-09-08 13:00:00-04:00,29572.75,29641.5,29572.0,29615.75,15492
2026-09-08 13:30:00-04:00,29616.5,29632.5,29588.75,29590.0,11450
2026-09-08 14:00:00-04:00,29590.5,29615.5,29587.0,29597.0,12360
2026-09-08 14:30:00-04:00,29597.25,29611.0,29519.75,29576.25,24822
2026-09-08 15:00:00-04:00,29576.25,29586.25,29544.75,29564.0,13758
2026-09-08 15:30:00-04:00,29564.5,29566.25,29496.0,29543.5,37432
2026-09-08 16:00:00-04:00,29543.0,29550.75,29506.0,29507.75,10956
2026-09-08 16:30:00-04:00,29507.5,29527.25,29503.5,29525.75,2418
2026-09-08 18:00:00-04:00,29526.5,29539.25,29503.0,29521.5,2849
2026-09-08 18:30:00-04:00,29522.25,29547.0,29516.0,29544.75,1400
2026-09-08 19:00:00-04:00,29544.5,29546.5,29513.0,29516.75,1724
2026-09-08 19:30:00-04:00,29515.75,29519.25,29489.75,29498.5,2756
2026-09-08 20:00:00-04:00,29500.75,29561.75,29499.5,29525.25,5911
2026-09-08 20:30:00-04:00,29523.75,29564.0,29509.0,29559.75,3835
2026-09-08 21:00:00-04:00,29559.75,29599.5,29555.75,29590.0,5226
2026-09-08 21:30:00-04:00,29589.75,29608.5,29577.5,29593.25,3672
2026-09-08 22:00:00-04:00,29593.5,29612.5,29583.25,29601.0,2929
2026-09-08 22:30:00-04:00,29601.5,29625.5,29596.75,29611.0,2912
2026-09-08 23:00:00-04:00,29611.5,29613.75,29583.75,29596.5,2907
2026-09-08 23:30:00-04:00,29597.75,29604.25,29560.5,29562.0,2756
2026-09-09 00:00:00-04:00,29562.75,29593.0,29549.0,29581.25,3958
2026-09-09 00:30:00-04:00,29580.25,29620.25,29573.0,29614.0,2293
2026-09-09 01:00:00-04:00,29614.5,29616.25,29565.75,29580.25,2931
2026-09-09 01:30:00-04:00,29580.75,29621.5,29562.0,29621.25,2807
2026-09-09 02:00:00-04:00,29621.75,29633.75,29586.5,29593.75,3598
2026-09-09 02:30:00-04:00,29592.75,29614.0,29578.0,29579.5,2869
2026-09-09 03:00:00-04:00,29581.5,29613.0,29558.0,29612.25,5094
2026-09-09 03:30:00-04:00,29611.75,29614.0,29565.25,29588.0,2739
2026-09-09 04:00:00-04:00,29589.5,29609.0,29566.75,29587.75,3451
2026-09-09 04:30:00-04:00,29585.75,29592.75,29538.75,29564.75,3703
2026-09-09 05:00:00-04:00,29565.0,29575.0,29514.5,29528.5,3207
2026-09-09 05:30:00-04:00,29528.5,29539.25,29388.75,29400.5,7920
2026-09-09 06:00:00-04:00,29401.0,29432.25,29371.75,29419.0,7846
2026-09-09 06:30:00-04:00,29417.75,29432.0,29368.25,29391.5,5449
2026-09-09 07:00:00-04:00,29392.0,29430.5,29377.75,29418.5,5574
2026-09-09 07:30:00-04:00,29418.0,29452.0,29376.5,29396.75,7403
2026-09-09 08:00:00-04:00,29397.0,29400.5,29333.0,29351.75,8453
2026-09-09 08:30:00-04:00,29351.75,29404.0,29343.5,29390.5,6439
2026-09-09 09:00:00-04:00,29390.75,29458.5,29382.5,29455.0,9702
2026-09-09 09:30:00-04:00,29455.25,29567.25,29418.25,29558.5,63673
2026-09-09 10:00:00-04:00,29558.25,29593.75,29459.5,29535.5,48234
2026-09-09 10:30:00-04:00,29535.0,29543.5,29494.25,29528.25,25929
2026-09-09 11:00:00-04:00,29528.75,29562.25,29358.0,29390.5,51399
2026-09-09 11:30:00-04:00,29390.25,29482.5,29388.0,29448.0,30494
2026-09-09 12:00:00-04:00,29448.25,29462.0,29386.75,29399.5,17830
2026-09-09 12:30:00-04:00,29399.75,29478.0,29397.75,29458.0,18431
2026-09-09 13:00:00-04:00,29457.5,29483.75,29446.0,29450.25,15294
2026-09-09 13:30:00-04:00,29450.75,29483.5,29428.25,29468.75,12208
2026-09-09 14:00:00-04:00,29468.25,29471.75,29436.75,29453.5,10965
2026-09-09 14:30:00-04:00,29453.5,29474.0,29445.75,29447.5,10960
2026-09-09 15:00:00-04:00,29448.0,29471.25,29430.5,29451.5,10561
2026-09-09 15:30:00-04:00,29452.25,29458.5,29423.25,29454.5,26279
2026-09-09 16:00:00-04:00,29455.0,29459.25,29428.75,29450.0,9339
2026-09-09 16:30:00-04:00,29449.75,29460.0,29447.25,29460.0,2274
2026-09-09 18:00:00-04:00,29458.5,29472.75,29423.75,29429.0,2800
2026-09-09 18:30:00-04:00,29429.5,29438.0,29425.75,29431.5,657
2026-09-09 19:00:00-04:00,29430.5,29435.0,29416.25,29427.5,1316
2026-09-09 19:30:00-04:00,29428.75,29470.75,29425.0,29463.5,2050
2026-09-09 20:00:00-04:00,29464.5,29480.25,29440.75,29473.75,4357
2026-09-09 20:30:00-04:00,29474.0,29475.75,29408.0,29412.0,4197
2026-09-09 21:00:00-04:00,29413.5,29426.25,29372.5,29375.75,5587
2026-09-09 21:30:00-04:00,29374.25,29417.25,29364.0,29410.5,4583
2026-09-09 22:00:00-04:00,29411.0,29412.0,29373.0,29378.5,2971
2026-09-09 22:30:00-04:00,29379.0,29423.25,29376.0,29418.25,2572
2026-09-09 23:00:00-04:00,29418.75,29437.0,29388.25,29405.25,2826
2026-09-09 23:30:00-04:00,29404.75,29431.0,29392.25,29427.75,2121
2026-09-10 00:00:00-04:00,29428.0,29437.5,29422.5,29434.5,1664
2026-09-10 00:30:00-04:00,29433.75,29462.5,29431.0,29458.75,2116
2026-09-10 01:00:00-04:00,29459.5,29493.5,29448.5,29490.25,2874
2026-09-10 01:30:00-04:00,29491.0,29508.25,29465.0,29484.75,2643
2026-09-10 02:00:00-04:00,29484.0,29492.5,29435.25,29472.0,3879
2026-09-10 02:30:00-04:00,29473.5,29491.25,29466.75,29476.25,2338
2026-09-10 03:00:00-04:00,29476.75,29478.25,29433.0,29435.25,2542
2026-09-10 03:30:00-04:00,29434.75,29455.5,29417.25,29445.0,2802
2026-09-10 04:00:00-04:00,29443.75,29460.25,29424.5,29449.5,2888
2026-09-10 04:30:00-04:00,29449.0,29457.0,29405.25,29414.0,2690
2026-09-10 05:00:00-04:00,29412.5,29431.0,29392.5,29397.0,1982
2026-09-10 05:30:00-04:00,29395.5,29420.0,29359.25,29406.5,3627
2026-09-10 06:00:00-04:00,29405.75,29418.0,29385.25,29391.0,2212
2026-09-10 06:30:00-04:00,29391.0,29423.75,29363.5,29376.0,4278
2026-09-10 07:00:00-04:00,29375.0,29376.0,29326.75,29336.0,4721
2026-09-10 07:30:00-04:00,29337.5,29364.0,29262.75,29264.5,6430
2026-09-10 08:00:00-04:00,29264.25,29278.25,29211.0,29237.5,10011
2026-09-10 08:30:00-04:00,29229.0,29251.75,29043.25,29056.5,29868
2026-09-10 09:00:00-04:00,29058.0,29098.25,29043.75,29089.0,19158
2026-09-10 09:30:00-04:00,29089.5,29203.25,29057.5,29099.75,82347
2026-09-10 10:00:00-04:00,29099.5,29263.0,29097.25,29205.75,58259
2026-09-10 10:30:00-04:00,29206.25,29275.0,29204.75,29263.25,36009
2026-09-10 11:00:00-04:00,29263.25,29265.0,29197.5,29236.0,28586
2026-09-10 11:30:00-04:00,29236.75,29272.75,29186.0,29205.0,24465
2026-09-10 12:00:00-04:00,29205.0,29231.5,29161.75,29177.0,19513
2026-09-10 12:30:00-04:00,29176.75,29242.75,29133.75,29232.5,26687
2026-09-10 13:00:00-04:00,29232.75,29267.5,29199.5,29209.25,16613
2026-09-10 13:30:00-04:00,29209.0,29214.75,29175.5,29186.0,13630
2026-09-10 14:00:00-04:00,29186.25,29199.75,29148.25,29158.5,16558
2026-09-10 14:30:00-04:00,29157.75,29199.0,29146.25,29174.25,14533
2026-09-10 15:00:00-04:00,29174.25,29176.0,29136.0,29160.0,16164
2026-09-10 15:30:00-04:00,29158.75,29169.25,29123.25,29138.0,32274
2026-09-10 16:00:00-04:00,29138.25,29156.75,29123.0,29144.5,8833
2026-09-10 16:30:00-04:00,29145.5,29154.5,29128.0,29143.25,2418
2026-09-10 18:00:00-04:00,29141.0,29157.5,29117.25,29118.0,2732
2026-09-10 18:30:00-04:00,29117.25,29122.75,29098.75,29107.5,2407
2026-09-10 19:00:00-04:00,29106.25,29115.0,29096.75,29102.75,1373
2026-09-10 19:30:00-04:00,29103.0,29111.5,29062.5,29064.75,2829
2026-09-10 20:00:00-04:00,29065.0,29144.75,29063.25,29138.5,5791
2026-09-10 20:30:00-04:00,29138.25,29166.25,29118.0,29161.0,4369
2026-09-10 21:00:00-04:00,29159.75,29171.5,29124.75,29125.5,3635
2026-09-10 21:30:00-04:00,29126.5,29138.25,29103.5,29128.75,3033
2026-09-10 22:00:00-04:00,29129.5,29138.5,29098.5,29107.25,3209
2026-09-10 22:30:00-04:00,29107.25,29111.5,29082.25,29093.25,3164
2026-09-10 23:00:00-04:00,29092.0,29096.75,29061.75,29071.25,2824
2026-09-10 23:30:00-04:00,29071.5,29089.5,29048.5,29059.5,3768
2026-09-11 00:00:00-04:00,29058.75,29126.5,29040.5,29123.75,5290
2026-09-11 00:30:00-04:00,29124.25,29151.5,29116.75,29125.0,2853
2026-09-11 01:00:00-04:00,29124.5,29165.0,29119.5,29134.0,3038
2026-09-11 01:30:00-04:00,29134.0,29242.75,29133.75,29233.25,4958
2026-09-11 02:00:00-04:00,29233.0,29252.0,29216.0,29224.5,3877
2026-09-11 02:30:00-04:00,29225.25,29261.5,29215.5,29255.0,3335
2026-09-11 03:00:00-04:00,29254.25,29268.75,29235.75,29235.75,2960
2026-09-11 03:30:00-04:00,29235.75,29247.5,29225.0,29242.5,2089
2026-09-11 04:00:00-04:00,29242.5,29318.0,29224.5,29269.75,6089
2026-09-11 04:30:00-04:00,29271.0,29326.0,29270.75,29322.75,3144
2026-09-11 05:00:00-04:00,29324.25,29334.0,29289.5,29304.0,3207
2026-09-11 05:30:00-04:00,29304.75,29326.5,29301.75,29319.0,1297
2026-09-11 06:00:00-04:00,29319.25,29339.75,29285.25,29314.25,3231
2026-09-11 06:30:00-04:00,29314.25,29328.75,29305.5,29309.25,1722
2026-09-11 07:00:00-04:00,29310.5,29324.75,29289.5,29312.75,2821
2026-09-11 07:30:00-04:00,29313.0,29337.5,29296.75,29323.25,2903
2026-09-11 08:00:00-04:00,29324.25,29399.0,29304.0,29389.75,6801
2026-09-11 08:30:00-04:00,29385.0,29475.75,29204.0,29469.5,28222
2026-09-11 09:00:00-04:00,29468.75,29500.25,29414.75,29418.0,17893
2026-09-11 09:30:00-04:00,29417.5,29480.75,29347.25,29472.75,78525
2026-09-11 10:00:00-04:00,29473.0,29473.25,29365.0,29451.0,48113
2026-09-11 10:30:00-04:00,29451.25,29455.25,29334.0,29369.75,43644
2026-09-11 11:00:00-04:00,29370.75,29493.25,29361.0,29485.0,29759
2026-09-11 11:30:00-04:00,29485.25,29499.75,29441.25,29450.0,20903
2026-09-11 12:00:00-04:00,29450.25,29485.25,29397.75,29402.75,18731
2026-09-11 12:30:00-04:00,29402.0,29441.5,29392.0,29436.75,16673
2026-09-11 13:00:00-04:00,29437.0,29479.0,29435.75,29463.5,14852
2026-09-11 13:30:00-04:00,29463.25,29478.0,29447.75,29452.5,9397
2026-09-11 14:00:00-04:00,29452.25,29460.5,29417.0,29441.5,13666
2026-09-11 14:30:00-04:00,29442.0,29459.0,29425.75,29429.5,11024
2026-09-11 15:00:00-04:00,29429.5,29433.25,29405.25,29415.0,13080
2026-09-11 15:30:00-04:00,29414.25,29428.5,29378.75,29386.75,30097
2026-09-11 16:00:00-04:00,29386.25,29393.0,29376.25,29384.5,7869
2026-09-11 16:30:00-04:00,29384.75,29397.5,29383.25,29391.75,2539
2026-09-13 18:00:00-04:00,28997.75,29111.0,28981.0,29083.75,9472
2026-09-13 18:30:00-04:00,29081.0,29104.0,29065.5,29068.5,3454
2026-09-13 19:00:00-04:00,29069.0,29099.5,29055.5,29096.75,1781
2026-09-13 19:30:00-04:00,29096.0,29101.5,29010.0,29017.5,3040
2026-09-13 20:00:00-04:00,29016.25,29075.25,29005.0,29015.0,5413
2026-09-13 20:30:00-04:00,29013.5,29046.5,29008.75,29014.5,2563
2026-09-13 21:00:00-04:00,29015.0,29038.75,28999.25,29017.75,2693
2026-09-13 21:30:00-04:00,29018.0,29074.75,29003.25,29068.25,2795
2026-09-13 22:00:00-04:00,29068.0,29080.75,29054.0,29066.0,1995
2026-09-13 22:30:00-04:00,29062.75,29074.5,29040.75,29053.5,1910
2026-09-13 23:00:00-04:00,29052.75,29059.25,29008.25,29026.5,2891
2026-09-13 23:30:00-04:00,29026.5,29027.0,29009.75,29016.5,1234
2026-09-14 00:00:00-04:00,29016.75,29036.25,29002.25,29018.0,1705
2026-09-14 00:30:00-04:00,29018.0,29033.75,29001.5,29015.0,1571
2026-09-14 01:00:00-04:00,29015.0,29025.0,29000.0,29010.5,931
2026-09-14 01:30:00-04:00,29011.5,29019.5,28986.5,29013.25,1862
2026-09-14 02:00:00-04:00,29014.5,29037.5,29009.0,29032.0,1994
2026-09-14 02:30:00-04:00,29031.0,29033.75,28973.5,28976.5,2318
2026-09-14 03:00:00-04:00,28977.5,28991.5,28937.5,28951.0,3374
2026-09-14 03:30:00-04:00,28950.0,28959.5,28905.0,28917.25,2677
2026-09-14 04:00:00-04:00,28920.0,28949.0,28874.75,28876.5,3407
2026-09-14 04:30:00-04:00,28874.75,28916.5,28850.0,28877.25,3527
2026-09-14 05:00:00-04:00,28877.5,28891.5,28816.25,28852.0,3853
2026-09-14 05:30:00-04:00,28851.5,28870.0,28839.0,28855.75,2381
2026-09-14 06:00:00-04:00,28856.0,28910.0,28855.0,28907.75,2030
2026-09-14 06:30:00-04:00,28908.5,28941.0,28902.5,28926.0,2077
2026-09-14 07:00:00-04:00,28926.75,28977.5,28913.5,28972.0,2680
2026-09-14 07:30:00-04:00,28972.75,28972.75,28921.0,28928.75,2598
2026-09-14 08:00:00-04:00,28928.5,28945.5,28891.25,28918.0,5028
2026-09-14 08:30:00-04:00,28917.75,28931.0,28845.0,28879.25,8088
2026-09-14 09:00:00-04:00,28880.0,28924.25,28829.0,28905.25,9546
2026-09-14 09:30:00-04:00,28906.5,29045.75,28878.75,29003.25,36752
2026-09-14 10:00:00-04:00,29003.5,29089.0,28976.0,29007.0,22997
2026-09-14 10:30:00-04:00,29006.25,29020.5,28955.75,29012.0,20166
2026-09-14 11:00:00-04:00,29011.25,29090.0,28986.25,29078.0,16775
2026-09-14 11:30:00-04:00,29077.0,29208.5,29072.0,29175.0,25403
2026-09-14 12:00:00-04:00,29173.5,29229.75,29134.25,29192.5,13507
2026-09-14 12:30:00-04:00,29193.0,29277.25,29184.0,29259.25,12531
2026-09-14 13:00:00-04:00,29259.0,29279.0,29233.0,29279.0,7625
2026-09-14 13:30:00-04:00,29279.0,29303.0,29267.75,29280.75,8779
2026-09-14 14:00:00-04:00,29281.75,29301.25,29255.5,29262.0,8513
2026-09-14 14:30:00-04:00,29261.5,29282.25,29253.25,29258.0,6066
2026-09-14 15:00:00-04:00,29257.5,29259.25,29217.0,29224.25,7759
2026-09-14 15:30:00-04:00,29224.25,29231.5,29147.0,29151.25,17631
2026-09-14 16:00:00-04:00,29151.75,29183.25,29149.0,29180.0,5041
2026-09-14 16:30:00-04:00,29180.25,29199.75,29174.25,29193.75,1845
2026-09-14 18:00:00-04:00,29200.0,29200.0,29155.0,29163.0,1132
2026-09-14 18:30:00-04:00,29163.5,29177.25,29160.0,29163.0,355
2026-09-14 19:00:00-04:00,29164.75,29171.0,29155.5,29159.0,412
2026-09-14 19:30:00-04:00,29160.0,29168.25,29150.25,29165.75,367
