Datetime,Open,High,Low,Close,Volume
2026-03-18 20:00:00-04:00,24401.75,24428.0,24387.0,24413.25,152
2026-03-18 20:15:00-04:00,24411.5,24419.0,24378.25,24401.5,94
2026-03-18 20:30:00-04:00,24410.25,24417.0,24373.5,24373.5,77
2026-03-18 20:45:00-04:00,24374.0,24405.0,24371.0,24401.0,168
2026-03-18 21:00:00-04:00,24408.0,24410.25,24390.25,24404.5,35
2026-03-18 21:15:00-04:00,24403.0,24425.0,24403.0,24422.75,74
2026-03-18 21:30:00-04:00,24422.75,24445.25,24415.0,24439.25,77
2026-03-18 21:45:00-04:00,24439.0,24453.5,24423.25,24425.75,146
2026-03-18 22:00:00-04:00,24428.75,24469.0,24385.5,24462.0,237
2026-03-18 22:15:00-04:00,24462.0,24488.0,24460.0,24479.0,85
2026-03-18 22:30:00-04:00,24481.5,24505.25,24480.75,24498.5,85
2026-03-18 22:45:00-04:00,24500.5,24500.5,24474.0,24481.25,54
2026-03-18 23:00:00-04:00,24480.0,24499.25,24480.0,24499.25,39
2026-03-18 23:15:00-04:00,24494.0,24494.0,24477.75,24481.25,23
2026-03-18 23:30:00-04:00,24476.5,24476.5,24458.25,24462.75,72
2026-03-18 23:45:00-04:00,24466.25,24470.0,24450.25,24450.25,42
2026-03-19 00:00:00-04:00,24445.25,24446.0,24422.25,24430.25,70
2026-03-19 00:15:00-04:00,24431.5,24432.5,24420.25,24426.0,88
2026-03-19 00:30:00-04:00,24425.75,24431.0,24401.25,24401.25,59
2026-03-19 00:45:00-04:00,24401.0,24417.5,24395.0,24417.0,39
2026-03-19 01:00:00-04:00,24419.0,24426.0,24404.75,24419.5,73
2026-03-19 01:15:00-04:00,24416.5,24432.0,24400.25,24400.25,77
2026-03-19 01:30:00-04:00,24405.25,24405.5,24365.75,24367.0,90
2026-03-19 01:45:00-04:00,24370.0,24401.0,24366.25,24377.75,41
2026-03-19 02:00:00-04:00,24381.75,24412.25,24373.25,24404.75,78
2026-03-19 02:15:00-04:00,24402.25,24421.75,24389.75,24390.0,50
2026-03-19 02:30:00-04:00,24390.0,24394.25,24359.75,24387.75,63
2026-03-19 02:45:00-04:00,24387.5,24391.5,24369.5,24388.75,98
2026-03-19 03:00:00-04:00,24391.75,24395.75,24345.25,24360.5,128
2026-03-19 03:15:00-04:00,24364.0,24411.25,24364.0,24373.75,57
2026-03-19 03:30:00-04:00,24370.0,24379.0,24340.5,24341.5,68
2026-03-19 03:45:00-04:00,24351.5,24375.25,24331.5,24342.25,89
2026-03-19 04:00:00-04:00,24343.5,24379.0,24326.75,24371.25,131
2026-03-19 04:15:00-04:00,24371.5,24376.5,24329.5,24334.0,370
2026-03-19 04:30:00-04:00,24334.25,24351.25,24293.0,24297.5,155
2026-03-19 04:45:00-04:00,24293.25,24355.75,24293.25,24331.25,214
2026-03-19 05:00:00-04:00,24335.0,24375.0,24335.0,24357.5,176
2026-03-19 05:15:00-04:00,24354.25,24382.25,24291.25,24300.25,383
2026-03-19 05:30:00-04:00,24302.75,24354.5,24299.25,24327.75,211
2026-03-19 05:45:00-04:00,24337.75,24435.5,24325.75,24411.5,435
2026-03-19 06:00:00-04:00,24401.5,24412.25,24385.25,24389.5,180
2026-03-19 06:15:00-04:00,24384.5,24397.0,24378.0,24397.0,67
2026-03-19 06:30:00-04:00,24398.25,24402.0,24360.0,24366.75,117
2026-03-19 06:45:00-04:00,24367.0,24380.25,24360.5,24379.75,73
2026-03-19 07:00:00-04:00,24377.0,24394.75,24351.5,24370.0,69
2026-03-19 07:15:00-04:00,24363.25,24369.25,24314.5,24329.75,148
2026-03-19 07:30:00-04:00,24332.5,24342.75,24296.25,24300.5,155
2026-03-19 07:45:00-04:00,24303.0,24333.25,24295.25,24329.25,174
2026-03-19 08:00:00-04:00,24321.75,24342.75,24266.0,24307.25,474
2026-03-19 08:15:00-04:00,24304.0,24319.5,24244.75,24266.0,276
2026-03-19 08:30:00-04:00,24262.0,24299.25,24229.75,24290.5,332
2026-03-19 08:45:00-04:00,24285.25,24285.25,24211.0,24237.25,378
2026-03-19 09:00:00-04:00,24235.25,24242.25,24197.5,24199.5,349
2026-03-19 09:15:00-04:00,24191.75,24291.75,24191.75,24212.5,676
2026-03-19 09:30:00-04:00,24211.25,24238.5,24115.0,24226.0,1823
2026-03-19 09:45:00-04:00,24217.75,24306.5,24178.5,24291.75,1968
2026-03-19 10:00:00-04:00,24276.5,24332.0,24256.0,24283.25,2038
2026-03-19 10:15:00-04:00,24284.25,24293.25,24195.75,24213.75,1513
2026-03-19 10:30:00-04:00,24213.5,24327.0,24211.75,24258.5,1152
2026-03-19 10:45:00-04:00,24256.5,24310.0,24240.25,24277.75,867
2026-03-19 11:00:00-04:00,24278.75,24364.5,24270.0,24338.5,842
2026-03-19 11:15:00-04:00,24345.0,24350.25,24234.0,24253.5,539
2026-03-19 11:30:00-04:00,24250.75,24250.75,24191.5,24203.0,515
2026-03-19 11:45:00-04:00,24200.0,24262.75,24188.0,24261.75,471
2026-03-19 12:00:00-04:00,24262.0,24310.0,24244.0,24254.25,521
2026-03-19 12:15:00-04:00,24264.75,24268.75,24223.25,24261.0,308
2026-03-19 12:30:00-04:00,24258.75,24288.0,24227.5,24270.5,371
2026-03-19 12:45:00-04:00,24272.5,24272.5,24213.0,24241.5,696
2026-03-19 13:00:00-04:00,24245.25,24250.0,24167.75,24177.25,1083
2026-03-19 13:15:00-04:00,24181.5,24251.0,24167.5,24237.0,369
2026-03-19 13:30:00-04:00,24240.25,24255.25,24199.25,24220.75,254
2026-03-19 13:45:00-04:00,24218.75,24267.75,24208.5,24240.5,248
2026-03-19 14:00:00-04:00,24239.25,24307.0,24214.5,24295.75,335
2026-03-19 14:15:00-04:00,24293.0,24304.75,24257.0,24257.0,286
2026-03-19 14:30:00-04:00,24255.0,24259.75,24210.25,24219.75,443
2026-03-19 14:45:00-04:00,24213.25,24309.0,24208.0,24288.75,465
2026-03-19 15:00:00-04:00,24294.25,24473.5,24294.25,24440.25,2216
2026-03-19 15:15:00-04:00,24438.5,24455.75,24360.5,24377.75,672
2026-03-19 15:30:00-04:00,24379.5,24398.0,24330.0,24374.25,513
2026-03-19 15:45:00-04:00,24370.5,24384.0,24347.5,24360.5,1867
2026-03-19 16:00:00-04:00,24360.0,24397.0,24348.0,24396.0,526
2026-03-19 16:15:00-04:00,24398.0,24416.0,24397.25,24402.5,210
2026-03-19 16:30:00-04:00,24403.0,24405.0,24392.75,24403.25,163
2026-03-19 16:45:00-04:00,24402.75,24408.0,24380.0,24394.25,103
2026-03-19 18:00:00-04:00,24417.25,24426.25,24385.5,24405.25,66
2026-03-19 18:15:00-04:00,24402.75,24425.25,24402.75,24425.25,17
2026-03-19 18:30:00-04:00,24423.75,24430.5,24418.5,24420.0,28
2026-03-19 18:45:00-04:00,24422.0,24422.75,24403.75,24422.75,13
2026-03-19 19:00:00-04:00,24418.5,24438.0,24417.5,24425.25,29
2026-03-19 19:15:00-04:00,24400.0,24404.25,24397.5,24397.5,5
2026-03-19 19:30:00-04:00,24402.0,24406.0,24393.25,24398.0,17
2026-03-19 19:45:00-04:00,24396.0,24417.75,24396.0,24417.25,114
2026-03-19 20:00:00-04:00,24396.25,24425.0,24374.25,24423.5,24
2026-03-19 20:15:00-04:00,24409.5,24412.25,24372.0,24383.5,18
2026-03-19 20:30:00-04:00,24380.75,24396.25,24369.5,24376.25,32
2026-03-19 20:45:00-04:00,24384.0,24388.0,24369.75,24376.5,59
2026-03-19 21:00:00-04:00,24385.75,24413.25,24376.25,24413.25,25
2026-03-19 21:15:00-04:00,24406.5,24407.25,24389.0,24395.5,25
2026-03-19 21:30:00-04:00,24400.75,24437.75,24400.25,24435.0,103
2026-03-19 21:45:00-04:00,24439.0,24444.0,24395.0,24402.0,20
2026-03-19 22:00:00-04:00,24405.0,24419.5,24393.5,24417.25,31
2026-03-19 22:15:00-04:00,24417.0,24422.0,24407.75,24410.0,26
2026-03-19 22:30:00-04:00,24410.25,24410.75,24399.5,24410.25,16
2026-03-19 22:45:00-04:00,24412.5,24424.25,24409.25,24409.25,47
2026-03-19 23:00:00-04:00,24409.25,24409.25,24396.5,24405.0,27
2026-03-19 23:15:00-04:00,24405.75,24406.5,24391.75,24391.75,16
2026-03-19 23:30:00-04:00,24411.5,24419.25,24397.25,24405.25,15
2026-03-19 23:45:00-04:00,24398.25,24406.75,24395.0,24398.0,43
2026-03-20 00:00:00-04:00,24401.5,24411.5,24400.0,24400.0,18
2026-03-20 00:15:00-04:00,24395.75,24395.75,24384.75,24384.75,11
2026-03-20 00:30:00-04:00,24393.0,24395.25,24386.75,24386.75,14
2026-03-20 00:45:00-04:00,24382.75,24384.75,24378.0,24379.0,9
2026-03-20 01:00:00-04:00,24374.0,24374.0,24352.0,24362.75,28
2026-03-20 01:15:00-04:00,24365.75,24387.25,24365.75,24384.5,13
2026-03-20 01:30:00-04:00,24384.75,24390.75,24375.5,24388.0,24
2026-03-20 01:45:00-04:00,24391.25,24391.25,24381.5,24382.25,60
2026-03-20 02:00:00-04:00,24391.25,24391.25,24371.0,24378.0,38
2026-03-20 02:15:00-04:00,24370.0,24370.0,24338.0,24340.0,23
2026-03-20 02:30:00-04:00,24349.0,24354.25,24327.25,24334.5,36
2026-03-20 02:45:00-04:00,24333.5,24333.5,24306.75,24317.5,54
2026-03-20 03:00:00-04:00,24314.0,24314.0,24275.5,24303.75,118
2026-03-20 03:15:00-04:00,24318.75,24348.0,24317.25,24342.75,15
2026-03-20 03:30:00-04:00,24339.0,24383.75,24339.0,24382.25,44
2026-03-20 03:45:00-04:00,24380.0,24391.25,24379.0,24384.75,103
2026-03-20 04:00:00-04:00,24375.75,24395.0,24365.25,24393.75,377
2026-03-20 04:15:00-04:00,24394.75,24396.5,24349.25,24355.0,118
2026-03-20 04:30:00-04:00,24342.0,24381.0,24342.0,24354.5,45
2026-03-20 04:45:00-04:00,24352.25,24369.0,24340.0,24350.5,287
2026-03-20 05:00:00-04:00,24348.0,24361.0,24336.0,24336.0,32
2026-03-20 05:15:00-04:00,24330.0,24330.0,24286.0,24291.0,42
2026-03-20 05:30:00-04:00,24283.5,24303.5,24251.25,24251.25,300
2026-03-20 05:45:00-04:00,24262.0,24262.75,24195.5,24212.0,122
2026-03-20 06:00:00-04:00,24217.0,24225.0,24108.75,24147.75,104
2026-03-20 06:15:00-04:00,24142.25,24155.75,24122.75,24144.25,31
2026-03-20 06:30:00-04:00,24153.0,24215.75,24153.0,24204.0,112
2026-03-20 06:45:00-04:00,24197.75,24202.0,24188.5,24193.0,25
2026-03-20 07:00:00-04:00,24194.0,24250.0,24190.75,24237.75,82
2026-03-20 07:15:00-04:00,24231.25,24245.25,24228.5,24228.5,61
2026-03-20 07:30:00-04:00,24239.75,24246.5,24214.75,24234.25,26
2026-03-20 07:45:00-04:00,24228.5,24232.75,24197.5,24232.75,83
2026-03-20 08:00:00-04:00,24237.25,24281.0,24215.0,24260.5,75
2026-03-20 08:15:00-04:00,24255.0,24280.5,24230.25,24280.5,74
2026-03-20 08:30:00-04:00,24276.5,24276.5,24223.75,24240.25,69
2026-03-20 08:45:00-04:00,24247.25,24284.25,24234.75,24279.25,82
2026-03-20 09:00:00-04:00,24288.0,24293.0,24239.75,24256.0,105
2026-03-20 09:15:00-04:00,24253.0,24312.25,24251.5,24284.25,183
2026-03-22 18:00:00-04:00,23902.0,24022.0,23890.0,23971.25,7776
2026-03-22 18:15:00-04:00,23970.5,24095.0,23969.0,24068.25,5416
2026-03-22 18:30:00-04:00,24070.75,24093.75,24020.75,24029.0,3604
2026-03-22 18:45:00-04:00,24029.25,24070.0,24029.25,24044.0,2260
2026-03-22 19:00:00-04:00,24046.75,24084.5,24044.5,24078.25,1598
2026-03-22 19:15:00-04:00,24078.0,24082.5,24031.0,24036.5,1828
2026-03-22 19:30:00-04:00,24033.5,24051.0,24024.25,24038.5,1295
2026-03-22 19:45:00-04:00,24039.0,24039.5,23975.5,24007.25,4319
2026-03-22 20:00:00-04:00,24008.0,24071.5,23973.0,24056.25,4279
2026-03-22 20:15:00-04:00,24056.25,24091.0,24032.0,24050.25,3232
2026-03-22 20:30:00-04:00,24049.0,24056.75,23953.25,23990.0,4476
2026-03-22 20:45:00-04:00,23988.25,23994.5,23940.25,23949.25,3550
2026-03-22 21:00:00-04:00,23950.25,24006.0,23936.25,23992.25,3946
2026-03-22 21:15:00-04:00,23992.25,24036.5,23988.5,24028.0,2330
2026-03-22 21:30:00-04:00,24029.5,24072.75,24013.0,24063.75,2944
2026-03-22 21:45:00-04:00,24064.25,24071.0,24035.5,24044.5,1980
2026-03-22 22:00:00-04:00,24045.0,24064.5,24027.5,24033.25,1729
2026-03-22 22:15:00-04:00,24034.5,24068.5,24022.5,24044.5,1824
2026-03-22 22:30:00-04:00,24043.5,24047.75,24011.0,24014.25,1701
2026-03-22 22:45:00-04:00,24013.75,24018.25,23989.75,24009.25,1600
2026-03-22 23:00:00-04:00,24010.0,24027.25,23977.25,23978.0,1494
2026-03-22 23:15:00-04:00,23980.5,24003.75,23972.25,23994.25,1582
2026-03-22 23:30:00-04:00,23996.5,24003.0,23973.0,23986.0,1372
2026-03-22 23:45:00-04:00,23987.0,23992.25,23950.0,23950.75,1224
2026-03-23 00:00:00-04:00,23955.75,23970.5,23946.0,23970.5,1304
2026-03-23 00:15:00-04:00,23969.25,23995.5,23966.25,23990.5,1088
2026-03-23 00:30:00-04:00,23989.0,24004.0,23984.25,23986.25,734
2026-03-23 00:45:00-04:00,23989.25,24003.75,23976.75,23996.0,1143
2026-03-23 01:00:00-04:00,23995.75,24033.75,23993.75,24013.5,1605
2026-03-23 01:15:00-04:00,24013.5,24023.25,23979.0,23985.5,1232
2026-03-23 01:30:00-04:00,23985.5,24002.25,23938.0,23966.5,2347
2026-03-23 01:45:00-04:00,23964.25,23978.75,23932.75,23974.5,1764
2026-03-23 02:00:00-04:00,23972.75,23975.75,23915.0,23935.5,2050
2026-03-23 02:15:00-04:00,23936.25,23949.75,23921.75,23928.5,1791
2026-03-23 02:30:00-04:00,23928.75,23929.0,23871.0,23872.0,2849
2026-03-23 02:45:00-04:00,23871.25,23885.25,23827.0,23854.5,3460
2026-03-23 03:00:00-04:00,23855.75,23913.25,23833.25,23894.25,3441
2026-03-23 03:15:00-04:00,23893.0,23898.25,23772.5,23799.75,4916
2026-03-23 03:30:00-04:00,23801.25,23837.25,23790.75,23833.0,2745
2026-03-23 03:45:00-04:00,23836.25,23878.5,23823.0,23842.75,2890
2026-03-23 04:00:00-04:00,23841.5,23925.25,23839.75,23917.5,5227
2026-03-23 04:15:00-04:00,23916.75,23926.75,23882.75,23898.0,3706
2026-03-23 04:30:00-04:00,23898.5,23952.0,23891.75,23916.5,3404
2026-03-23 04:45:00-04:00,23917.5,23955.25,23915.25,23932.0,3156
2026-03-23 05:00:00-04:00,23932.25,23949.0,23896.25,23937.0,3140
2026-03-23 05:15:00-04:00,23937.0,23971.5,23918.25,23933.5,2888
2026-03-23 05:30:00-04:00,23932.0,23935.25,23845.25,23871.25,4336
2026-03-23 05:45:00-04:00,23870.5,23891.75,23856.5,23882.25,2747
2026-03-23 06:00:00-04:00,23884.0,23929.0,23875.25,23898.75,3301
2026-03-23 06:15:00-04:00,23898.75,23907.0,23843.75,23852.5,3010
2026-03-23 06:30:00-04:00,23851.0,23887.0,23834.5,23855.5,2752
2026-03-23 06:45:00-04:00,23856.0,23925.75,23815.75,23881.25,5239
2026-03-23 07:00:00-04:00,23881.25,24763.0,23875.5,24720.75,28093
2026-03-23 07:15:00-04:00,24720.5,24742.75,24461.0,24516.75,15952
2026-03-23 07:30:00-04:00,24516.0,24697.0,24508.75,24526.5,10340
2026-03-23 07:45:00-04:00,24530.5,24544.5,24370.0,24390.0,10124
2026-03-23 08:00:00-04:00,24392.75,24481.0,24345.0,24399.0,8654
2026-03-23 08:15:00-04:00,24399.25,24522.0,24394.25,24497.75,7933
2026-03-23 08:30:00-04:00,24496.75,24571.75,24453.25,24569.25,12285
2026-03-23 08:45:00-04:00,24568.75,24621.0,24526.25,24608.5,10519
2026-03-23 09:00:00-04:00,24610.0,24648.0,24539.75,24552.5,9721
2026-03-23 09:15:00-04:00,24551.75,24568.75,24481.75,24492.75,10181
2026-03-23 09:30:00-04:00,24493.25,24567.75,24432.5,24497.0,33139
2026-03-23 09:45:00-04:00,24498.0,24610.0,24487.0,24599.25,20214
2026-03-23 10:00:00-04:00,24600.5,24623.75,24527.5,24604.75,23593
2026-03-23 10:15:00-04:00,24605.5,24688.25,24603.0,24637.25,20036
2026-03-23 10:30:00-04:00,24636.75,24654.25,24596.0,24603.0,13826
2026-03-23 10:45:00-04:00,24602.0,24647.5,24579.25,24609.5,14655
2026-03-23 11:00:00-04:00,24611.0,24690.0,24601.0,24662.75,15784
2026-03-23 11:15:00-04:00,24663.0,24669.0,24597.25,24612.25,13843
2026-03-23 11:30:00-04:00,24612.25,24631.5,24517.75,24538.0,15476
2026-03-23 11:45:00-04:00,24538.0,24538.5,24370.25,24381.5,22918
2026-03-23 12:00:00-04:00,24382.0,24465.5,24377.75,24448.75,19155
2026-03-23 12:15:00-04:00,24448.0,24455.5,24308.5,24317.5,16244
2026-03-23 12:30:00-04:00,24317.5,24404.25,24311.75,24395.25,16042
2026-03-23 12:45:00-04:00,24395.0,24426.0,24349.0,24368.75,12082
2026-03-23 13:00:00-04:00,24369.0,24393.25,24341.25,24355.5,8815
2026-03-23 13:15:00-04:00,24355.0,24371.25,24311.25,24355.25,9435
2026-03-23 13:30:00-04:00,24355.75,24471.5,24354.75,24414.5,15024
2026-03-23 13:45:00-04:00,24414.75,24473.75,24389.25,24468.25,8248
2026-03-23 14:00:00-04:00,24468.5,24489.0,24416.75,24456.5,10692
2026-03-23 14:15:00-04:00,24456.25,24467.5,24433.0,24446.5,6220
2026-03-23 14:30:00-04:00,24446.75,24536.75,24446.25,24505.5,15203
2026-03-23 14:45:00-04:00,24505.0,24527.5,24497.5,24514.0,6727
2026-03-23 15:00:00-04:00,24514.25,24516.5,24492.0,24494.25,6685
2026-03-23 15:15:00-04:00,24494.0,24502.0,24459.25,24474.25,9695
2026-03-23 15:30:00-04:00,24473.5,24496.25,24466.5,24495.5,6834
2026-03-23 15:45:00-04:00,24495.75,24514.0,24398.25,24398.75,26127
2026-03-23 16:00:00-04:00,24398.75,24415.25,24359.0,24412.5,11110
2026-03-23 16:15:00-04:00,24413.25,24425.0,24398.25,24411.25,2111
2026-03-23 16:30:00-04:00,24412.75,24433.75,24400.25,24424.75,1648
2026-03-23 16:45:00-04:00,24424.5,24425.75,24391.0,24400.0,1417
2026-03-23 18:00:00-04:00,24417.25,24433.75,24377.25,24425.0,2502
2026-03-23 18:15:00-04:00,24425.0,24440.25,24416.5,24431.5,889
2026-03-23 18:30:00-04:00,24430.5,24447.75,24413.75,24442.0,1216
2026-03-23 18:45:00-04:00,24444.5,24489.75,24439.25,24482.0,1433
2026-03-23 19:00:00-04:00,24483.25,24484.0,24460.0,24471.25,936
2026-03-23 19:15:00-04:00,24471.5,24478.0,24463.25,24466.25,708
2026-03-23 19:30:00-04:00,24465.25,24474.25,24450.0,24471.5,1012
2026-03-23 19:45:00-04:00,24471.5,24474.25,24426.75,24455.5,2227
2026-03-23 20:00:00-04:00,24454.75,24457.75,24367.5,24368.25,3008
2026-03-23 20:15:00-04:00,24369.5,24399.0,24301.75,24391.25,4507
2026-03-23 20:30:00-04:00,24389.25,24401.0,24266.75,24319.75,3742
2026-03-23 20:45:00-04:00,24318.5,24343.0,24312.75,24322.5,1806
2026-03-23 21:00:00-04:00,24326.25,24326.5,24257.75,24279.75,2394
2026-03-23 21:15:00-04:00,24281.0,24316.25,24257.0,24303.25,2170
2026-03-23 21:30:00-04:00,24302.0,24302.0,24238.25,24243.5,1678
2026-03-23 21:45:00-04:00,24242.25,24265.75,24232.25,24263.75,1524
2026-03-23 22:00:00-04:00,24263.0,24267.75,24222.75,24238.75,1586
2026-03-23 22:15:00-04:00,24238.75,24294.0,24238.75,24275.75,1785
2026-03-23 22:30:00-04:00,24274.75,24283.0,24255.75,24278.0,1345
2026-03-23 22:45:00-04:00,24278.75,24290.75,24245.5,24249.5,1307
2026-03-23 23:00:00-04:00,24250.0,24256.75,24234.0,24248.5,805
2026-03-23 23:15:00-04:00,24249.5,24282.5,24249.0,24274.0,896
2026-03-23 23:30:00-04:00,24272.0,24273.0,24231.0,24262.5,1205
2026-03-23 23:45:00-04:00,24261.75,24278.0,24253.25,24277.0,592
2026-03-24 00:00:00-04:00,24276.75,24303.5,24275.0,24295.75,1130
2026-03-24 00:15:00-04:00,24294.5,24294.5,24256.75,24259.0,947
2026-03-24 00:30:00-04:00,24258.75,24264.75,24241.25,24245.0,776
2026-03-24 00:45:00-04:00,24245.5,24272.25,24243.75,24256.5,796
2026-03-24 01:00:00-04:00,24258.0,24260.5,24203.5,24233.0,1919
2026-03-24 01:15:00-04:00,24235.0,24305.0,24193.5,24198.25,3199
2026-03-24 01:30:00-04:00,24196.25,24267.25,24195.0,24253.25,1359
2026-03-24 01:45:00-04:00,24250.0,24269.0,24247.0,24262.5,674
2026-03-24 02:00:00-04:00,24263.0,24297.75,24259.75,24293.75,1313
2026-03-24 02:15:00-04:00,24293.25,24345.0,24287.25,24323.5,1886
2026-03-24 02:30:00-04:00,24323.75,24363.25,24323.75,24353.75,1455
2026-03-24 02:45:00-04:00,24354.5,24397.75,24341.75,24376.5,1871
2026-03-24 03:00:00-04:00,24376.5,24501.0,24371.25,24484.0,4685
2026-03-24 03:15:00-04:00,24482.75,24507.25,24455.0,24467.5,3475
2026-03-24 03:30:00-04:00,24466.25,24473.5,24434.0,24461.5,2000
2026-03-24 03:45:00-04:00,24456.5,24473.0,24441.5,24467.0,1440
2026-03-24 04:00:00-04:00,24466.5,24491.0,24450.0,24474.0,2637
2026-03-24 04:15:00-04:00,24475.25,24490.5,24392.0,24398.0,3595
2026-03-24 04:30:00-04:00,24397.5,24424.25,24381.75,24391.25,1980
2026-03-24 04:45:00-04:00,24391.75,24422.0,24361.0,24377.5,3078
2026-03-24 05:00:00-04:00,24379.25,24399.0,24304.25,24305.5,2616
2026-03-24 05:15:00-04:00,24307.25,24366.75,24304.75,24359.5,2443
2026-03-24 05:30:00-04:00,24358.0,24396.0,24343.25,24390.0,2055
2026-03-24 05:45:00-04:00,24389.75,24429.25,24364.0,24420.25,1996
2026-03-24 06:00:00-04:00,24421.5,24434.0,24374.75,24425.25,2130
2026-03-24 06:15:00-04:00,24421.25,24431.25,24384.5,24388.0,1394
2026-03-24 06:30:00-04:00,24390.5,24430.0,24369.5,24416.5,2157
2026-03-24 06:45:00-04:00,24416.5,24429.5,24381.75,24406.5,1140
2026-03-24 07:00:00-04:00,24407.0,24424.25,24375.0,24413.0,1770
2026-03-24 07:15:00-04:00,24411.75,24413.0,24366.75,24385.0,1975
2026-03-24 07:30:00-04:00,24383.25,24392.0,24365.0,24370.25,1607
2026-03-24 07:45:00-04:00,24373.5,24415.75,24297.5,24383.0,5556
2026-03-24 08:00:00-04:00,24384.0,24397.75,24319.5,24345.25,3203
2026-03-24 08:15:00-04:00,24344.0,24375.25,24328.75,24356.25,2244
2026-03-24 08:30:00-04:00,24355.75,24359.75,24267.25,24271.5,5698
2026-03-24 08:45:00-04:00,24270.5,24307.5,24263.75,24280.25,4148
2026-03-24 09:00:00-04:00,24279.5,24295.0,24205.25,24255.0,7554
2026-03-24 09:15:00-04:00,24256.0,24271.25,24223.75,24254.5,7295
2026-03-24 09:30:00-04:00,24254.25,24317.5,24137.75,24188.0,32031
2026-03-24 09:45:00-04:00,24185.0,24228.75,24134.0,24215.75,21835
2026-03-24 10:00:00-04:00,24215.75,24283.0,24175.75,24222.5,22027
2026-03-24 10:15:00-04:00,24222.25,24248.25,24181.0,24204.75,15409
2026-03-24 10:30:00-04:00,24205.0,24251.75,24182.75,24250.0,12451
2026-03-24 10:45:00-04:00,24250.0,24343.0,24183.25,24242.5,33576
2026-03-24 11:00:00-04:00,24244.5,24319.0,24240.5,24311.5,14279
2026-03-24 11:15:00-04:00,24311.75,24385.25,24306.5,24341.5,15285
2026-03-24 11:30:00-04:00,24341.0,24364.0,24300.5,24342.5,10476
2026-03-24 11:45:00-04:00,24342.5,24378.25,24285.75,24295.5,11634
2026-03-24 12:00:00-04:00,24295.0,24312.25,24266.25,24289.0,9393
2026-03-24 12:15:00-04:00,24288.5,24346.25,24285.25,24331.0,8328
2026-03-24 12:30:00-04:00,24330.75,24338.5,24244.25,24288.5,10329
2026-03-24 12:45:00-04:00,24288.25,24315.5,24257.0,24281.25,9209
2026-03-24 13:00:00-04:00,24280.75,24294.75,24167.75,24187.0,15712
2026-03-24 13:15:00-04:00,24186.75,24203.75,24165.25,24200.0,9868
2026-03-24 13:30:00-04:00,24199.0,24227.0,24160.25,24168.0,9230
2026-03-24 13:45:00-04:00,24168.0,24253.25,24161.25,24242.5,13796
2026-03-24 14:00:00-04:00,24243.0,24275.25,24224.0,24238.25,7898
2026-03-24 14:15:00-04:00,24239.0,24274.25,24209.25,24259.75,9089
2026-03-24 14:30:00-04:00,24259.75,24348.0,24247.5,24295.75,16741
2026-03-24 14:45:00-04:00,24296.0,24312.0,24258.0,24276.25,7907
2026-03-24 15:00:00-04:00,24275.25,24317.0,24274.0,24315.5,7322
2026-03-24 15:15:00-04:00,24315.75,24319.75,24264.75,24267.75,7324
2026-03-24 15:30:00-04:00,24266.25,24280.75,24224.0,24240.75,10996
2026-03-24 15:45:00-04:00,24239.75,24240.75,24188.5,24219.25,18620
2026-03-24 16:00:00-04:00,24219.25,24238.5,24214.25,24236.75,6004
2026-03-24 16:15:00-04:00,24236.25,24550.0,24225.5,24422.0,17624
2026-03-24 16:30:00-04:00,24421.5,24540.0,24391.0,24430.25,10630
2026-03-24 16:45:00-04:00,24428.25,24446.75,24374.5,24403.75,4730
2026-03-24 18:00:00-04:00,24420.0,24458.5,24419.0,24428.0,2905
2026-03-24 18:15:00-04:00,24428.0,24428.0,24380.75,24398.75,2731
2026-03-24 18:30:00-04:00,24399.0,24426.0,24399.0,24421.5,1281
2026-03-24 18:45:00-04:00,24423.0,24431.25,24408.0,24426.5,1184
2026-03-24 19:00:00-04:00,24425.25,24433.0,24402.25,24416.75,1486
2026-03-24 19:15:00-04:00,24417.25,24444.0,24417.0,24430.0,1199
2026-03-24 19:30:00-04:00,24433.0,24438.25,24411.75,24415.25,1242
2026-03-24 19:45:00-04:00,24413.5,24421.0,24407.5,24411.75,1004
2026-03-24 20:00:00-04:00,24412.0,24454.5,24382.75,24443.25,3340
2026-03-24 20:15:00-04:00,24442.75,24454.5,24414.0,24427.75,1978
2026-03-24 20:30:00-04:00,24427.0,24494.0,24388.5,24471.75,3417
2026-03-24 20:45:00-04:00,24471.75,24476.5,24447.75,24449.75,1387
2026-03-24 21:00:00-04:00,24449.0,24468.5,24432.75,24437.5,1710
2026-03-24 21:15:00-04:00,24440.0,24460.0,24429.0,24442.25,1347
2026-03-24 21:30:00-04:00,24441.5,24448.5,24410.0,24418.0,2043
2026-03-24 21:45:00-04:00,24417.75,24426.75,24392.5,24395.25,1302
2026-03-24 22:00:00-04:00,24396.5,24401.0,24350.25,24356.0,2579
2026-03-24 22:15:00-04:00,24354.25,24377.0,24353.75,24372.75,1272
2026-03-24 22:30:00-04:00,24370.5,24378.5,24357.75,24363.75,972
2026-03-24 22:45:00-04:00,24364.25,24375.0,24334.0,24335.25,1486
2026-03-24 23:00:00-04:00,24337.0,24356.25,24327.0,24331.75,1283
2026-03-24 23:15:00-04:00,24331.5,24344.0,24320.5,24339.75,884
2026-03-24 23:30:00-04:00,24339.5,24367.5,24335.0,24358.25,938
2026-03-24 23:45:00-04:00,24358.75,24389.0,24358.0,24381.25,1093
2026-03-25 00:00:00-04:00,24381.0,24403.5,24375.5,24402.25,1065
2026-03-25 00:15:00-04:00,24402.75,24420.5,24393.75,24412.75,845
2026-03-25 00:30:00-04:00,24412.75,24421.5,24404.5,24407.5,902
2026-03-25 00:45:00-04:00,24406.5,24420.0,24392.75,24418.5,734
2026-03-25 01:00:00-04:00,24419.25,24429.0,24402.5,24423.5,1018
2026-03-25 01:15:00-04:00,24423.25,24423.25,24402.75,24409.0,608
2026-03-25 01:30:00-04:00,24408.0,24425.25,24405.75,24421.5,773
2026-03-25 01:45:00-04:00,24421.0,24424.5,24372.5,24382.0,1009
2026-03-25 02:00:00-04:00,24382.5,24383.0,24355.0,24363.5,1168
2026-03-25 02:15:00-04:00,24363.75,24371.25,24341.0,24345.0,1176
2026-03-25 02:30:00-04:00,24343.75,24358.25,24323.75,24353.0,1933
2026-03-25 02:45:00-04:00,24353.25,24390.0,24350.0,24378.0,1669
2026-03-25 03:00:00-04:00,24377.0,24403.0,24352.0,24394.75,2005
2026-03-25 03:15:00-04:00,24395.5,24400.75,24353.25,24362.75,1281
2026-03-25 03:30:00-04:00,24364.75,24405.5,24360.75,24394.0,1142
2026-03-25 03:45:00-04:00,24396.75,24419.75,24390.5,24408.25,1236
2026-03-25 04:00:00-04:00,24408.5,24498.75,24408.5,24498.0,4923
2026-03-25 04:15:00-04:00,24497.5,24535.0,24493.25,24503.75,3764
2026-03-25 04:30:00-04:00,24504.5,24524.75,24469.5,24490.0,3382
2026-03-25 04:45:00-04:00,24489.5,24499.0,24424.75,24439.0,3175
2026-03-25 05:00:00-04:00,24441.25,24481.25,24422.5,24474.0,2562
2026-03-25 05:15:00-04:00,24472.25,24477.25,24438.75,24449.0,1712
2026-03-25 05:30:00-04:00,24449.75,24466.75,24438.5,24441.75,1238
2026-03-25 05:45:00-04:00,24441.25,24480.25,24412.5,24453.75,4096
2026-03-25 06:00:00-04:00,24454.75,24487.5,24450.0,24461.75,2609
2026-03-25 06:15:00-04:00,24461.5,24473.25,24441.5,24443.75,1665
2026-03-25 06:30:00-04:00,24443.5,24457.75,24428.25,24428.75,1945
2026-03-25 06:45:00-04:00,24428.25,24462.5,24426.75,24449.0,1645
2026-03-25 07:00:00-04:00,24447.75,24484.0,24446.0,24472.75,1990
2026-03-25 07:15:00-04:00,24474.25,24500.5,24465.5,24487.25,2317
2026-03-25 07:30:00-04:00,24487.75,24522.0,24484.75,24511.25,2659
2026-03-25 07:45:00-04:00,24512.25,24512.25,24440.25,24495.0,5939
2026-03-25 08:00:00-04:00,24494.5,24539.75,24494.25,24525.5,4890
2026-03-25 08:15:00-04:00,24523.0,24527.0,24394.0,24432.75,10156
2026-03-25 08:30:00-04:00,24432.0,24456.75,24373.0,24427.75,6043
2026-03-25 08:45:00-04:00,24428.0,24477.75,24410.75,24448.0,3874
2026-03-25 09:00:00-04:00,24448.75,24485.25,24419.5,24449.75,5487
2026-03-25 09:15:00-04:00,24450.5,24455.0,24425.0,24430.0,4154
2026-03-25 09:30:00-04:00,24430.75,24526.0,24426.0,24452.75,27197
2026-03-25 09:45:00-04:00,24451.5,24467.0,24360.75,24368.75,22770
2026-03-25 10:00:00-04:00,24368.5,24460.75,24327.5,24456.25,24584
2026-03-25 10:15:00-04:00,24456.75,24507.0,24439.0,24480.5,21442
2026-03-25 10:30:00-04:00,24479.75,24514.0,24456.5,24492.0,14613
2026-03-25 10:45:00-04:00,24493.0,24519.5,24475.75,24484.25,9735
2026-03-25 11:00:00-04:00,24483.75,24494.25,24385.5,24387.25,16227
2026-03-25 11:15:00-04:00,24386.5,24428.25,24286.5,24426.25,30771
2026-03-25 11:30:00-04:00,24426.0,24444.75,24342.75,24370.0,15782
2026-03-25 11:45:00-04:00,24369.25,24393.25,24347.25,24378.25,12731
2026-03-25 12:00:00-04:00,24377.5,24387.0,24330.75,24359.25,10396
2026-03-25 12:15:00-04:00,24359.0,24438.75,24343.75,24412.25,14306
2026-03-25 12:30:00-04:00,24412.25,24450.25,24394.25,24438.5,10896
2026-03-25 12:45:00-04:00,24438.25,24443.0,24396.0,24422.0,8955
2026-03-25 13:00:00-04:00,24422.5,24442.5,24377.25,24413.5,10094
2026-03-25 13:15:00-04:00,24413.5,24445.75,24383.75,24430.5,8001
2026-03-25 13:30:00-04:00,24431.5,24493.75,24410.25,24468.75,11689
2026-03-25 13:45:00-04:00,24468.5,24469.75,24402.25,24427.75,14931
2026-03-25 14:00:00-04:00,24426.0,24440.0,24406.5,24429.75,6646
2026-03-25 14:15:00-04:00,24430.5,24453.0,24412.0,24413.0,6400
2026-03-25 14:30:00-04:00,24412.75,24422.5,24386.5,24397.25,7160
2026-03-25 14:45:00-04:00,24396.25,24403.75,24322.75,24354.5,12330
2026-03-25 15:00:00-04:00,24354.75,24355.5,24311.75,24351.75,12899
2026-03-25 15:15:00-04:00,24352.25,24395.0,24348.5,24354.25,11223
2026-03-25 15:30:00-04:00,24354.0,24360.5,24325.0,24341.5,8038
2026-03-25 15:45:00-04:00,24341.5,24391.5,24334.25,24371.75,16204
2026-03-25 16:00:00-04:00,24371.5,24393.0,24368.0,24372.5,6766
2026-03-25 16:15:00-04:00,24372.75,24381.0,24351.0,24352.25,1772
2026-03-25 16:30:00-04:00,24352.75,24364.5,24349.25,24362.25,973
2026-03-25 16:45:00-04:00,24361.75,24373.5,24358.0,24367.75,1064
2026-03-25 18:00:00-04:00,24373.5,24373.5,24332.25,24337.0,1381
2026-03-25 18:15:00-04:00,24341.0,24341.75,24320.5,24323.75,1064
2026-03-25 18:30:00-04:00,24325.0,24338.5,24322.0,24336.75,733
2026-03-25 18:45:00-04:00,24338.25,24345.25,24308.0,24316.25,1659
2026-03-25 19:00:00-04:00,24314.75,24330.0,24308.5,24310.75,1035
2026-03-25 19:15:00-04:00,24310.75,24315.25,24292.75,24310.5,1454
2026-03-25 19:30:00-04:00,24309.25,24317.0,24294.25,24294.25,1085
2026-03-25 19:45:00-04:00,24293.75,24332.5,24283.25,24323.75,1984
2026-03-25 20:00:00-04:00,24323.5,24344.25,24316.25,24344.25,1371
2026-03-25 20:15:00-04:00,24343.0,24410.0,24341.25,24391.5,3167
2026-03-25 20:30:00-04:00,24391.25,24406.0,24377.25,24379.0,1311
2026-03-25 20:45:00-04:00,24378.0,24386.0,24343.0,24354.75,1758
2026-03-25 21:00:00-04:00,24355.75,24381.75,24351.0,24362.25,1605
2026-03-25 21:15:00-04:00,24361.5,24364.0,24330.75,24346.75,1189
2026-03-25 21:30:00-04:00,24345.0,24365.75,24338.5,24347.5,969
2026-03-25 21:45:00-04:00,24347.0,24365.0,24347.0,24363.75,839
2026-03-25 22:00:00-04:00,24360.25,24378.75,24348.0,24357.75,1296
2026-03-25 22:15:00-04:00,24357.75,24362.75,24315.75,24321.0,1477
2026-03-25 22:30:00-04:00,24322.25,24329.5,24247.75,24282.25,3898
2026-03-25 22:45:00-04:00,24283.25,24298.25,24276.25,24284.25,1576
2026-03-25 23:00:00-04:00,24284.0,24316.25,24281.75,24314.75,1199
2026-03-25 23:15:00-04:00,24315.75,24346.5,24308.25,24335.75,1961
2026-03-25 23:30:00-04:00,24336.5,24421.25,24334.0,24400.0,3557
2026-03-25 23:45:00-04:00,24400.75,24402.75,24375.0,24380.0,1179
2026-03-26 00:00:00-04:00,24379.25,24385.0,24358.25,24366.75,1133
2026-03-26 00:15:00-04:00,24366.5,24372.25,24354.0,24361.5,594
2026-03-26 00:30:00-04:00,24363.5,24367.25,24350.0,24353.0,577
2026-03-26 00:45:00-04:00,24353.0,24355.5,24317.0,24324.75,972
2026-03-26 01:00:00-04:00,24326.0,24340.25,24288.75,24301.75,1413
2026-03-26 01:15:00-04:00,24303.5,24307.0,24260.5,24277.0,2131
2026-03-26 01:30:00-04:00,24278.0,24294.25,24268.25,24273.75,1290
2026-03-26 01:45:00-04:00,24273.0,24277.5,24251.0,24255.5,1126
2026-03-26 02:00:00-04:00,24255.75,24266.25,24237.25,24246.25,1851
2026-03-26 02:15:00-04:00,24241.75,24287.25,24232.0,24282.75,1347
2026-03-26 02:30:00-04:00,24280.5,24290.0,24265.75,24279.25,983
2026-03-26 02:45:00-04:00,24279.25,24295.75,24268.0,24288.25,838
2026-03-26 03:00:00-04:00,24288.75,24298.0,24236.5,24253.0,1800
2026-03-26 03:15:00-04:00,24253.0,24280.25,24199.0,24255.5,2439
2026-03-26 03:30:00-04:00,24252.0,24270.25,24236.75,24255.5,1204
2026-03-26 03:45:00-04:00,24254.5,24274.0,24253.0,24259.5,813
2026-03-26 04:00:00-04:00,24258.5,24288.0,24204.0,24207.5,2412
2026-03-26 04:15:00-04:00,24206.0,24232.0,24188.25,24193.0,3052
2026-03-26 04:30:00-04:00,24193.0,24218.5,24172.25,24174.5,2770
2026-03-26 04:45:00-04:00,24173.75,24202.75,24152.5,24193.75,2272
2026-03-26 05:00:00-04:00,24194.5,24197.75,24155.0,24169.5,2682
2026-03-26 05:15:00-04:00,24170.0,24173.5,24143.75,24152.75,2428
2026-03-26 05:30:00-04:00,24151.75,24151.75,24107.0,24141.0,4040
2026-03-26 05:45:00-04:00,24141.75,24166.0,24130.0,24155.0,1743
2026-03-26 06:00:00-04:00,24155.75,24196.25,24132.25,24186.5,2025
2026-03-26 06:15:00-04:00,24186.75,24202.25,24172.0,24196.5,2154
2026-03-26 06:30:00-04:00,24196.25,24202.0,24147.75,24161.75,3083
2026-03-26 06:45:00-04:00,24161.75,24183.5,24159.25,24176.5,1483
2026-03-26 07:00:00-04:00,24178.25,24188.5,24160.75,24164.5,1895
2026-03-26 07:15:00-04:00,24164.75,24176.0,24126.0,24143.5,2798
2026-03-26 07:30:00-04:00,24143.5,24152.5,24118.25,24125.5,2362
2026-03-26 07:45:00-04:00,24125.25,24136.5,24098.75,24101.75,2823
2026-03-26 08:00:00-04:00,24104.0,24144.0,24078.0,24137.0,4471
2026-03-26 08:15:00-04:00,24137.25,24147.75,24128.25,24132.0,2612
2026-03-26 08:30:00-04:00,24131.25,24131.75,24069.0,24095.5,5270
2026-03-26 08:45:00-04:00,24093.75,24121.25,24093.75,24118.0,4571
2026-03-26 09:00:00-04:00,24117.25,24146.0,24110.75,24133.75,4336
2026-03-26 09:15:00-04:00,24133.25,24159.75,24126.0,24156.25,5442
2026-03-26 09:30:00-04:00,24156.25,24157.75,24064.0,24156.5,28815
2026-03-26 09:45:00-04:00,24156.25,24233.25,24139.0,24216.0,30106
2026-03-26 10:00:00-04:00,24215.75,24242.5,24168.75,24213.5,19263
2026-03-26 10:15:00-04:00,24212.5,24230.75,24169.75,24170.75,11181
2026-03-26 10:30:00-04:00,24171.25,24225.75,24116.75,24123.25,19349
2026-03-26 10:45:00-04:00,24122.75,24140.0,24030.25,24103.0,24423
2026-03-26 11:00:00-04:00,24104.0,24129.75,24083.0,24093.5,13721
2026-03-26 11:15:00-04:00,24093.75,24101.5,24067.75,24085.5,10610
2026-03-26 11:30:00-04:00,24084.5,24092.75,24051.25,24079.75,9653
2026-03-26 11:45:00-04:00,24081.25,24127.25,24071.75,24092.5,13481
2026-03-26 12:00:00-04:00,24092.5,24101.75,24055.75,24083.25,8960
2026-03-26 12:15:00-04:00,24082.0,24082.0,24001.0,24007.25,17023
2026-03-26 12:30:00-04:00,24007.5,24014.5,23980.0,23997.75,13902
2026-03-26 12:45:00-04:00,23998.0,24007.0,23970.0,23998.0,8922
2026-03-26 13:00:00-04:00,23998.5,24018.0,23965.0,23967.25,7780
2026-03-26 13:15:00-04:00,23967.0,23983.75,23932.75,23954.5,9677
2026-03-26 13:30:00-04:00,23954.5,23972.5,23918.25,23921.25,9508
2026-03-26 13:45:00-04:00,23921.25,23928.0,23851.5,23861.25,13494
2026-03-26 14:00:00-04:00,23860.75,23900.75,23860.0,23877.25,10838
2026-03-26 14:15:00-04:00,23877.25,23886.75,23844.5,23848.25,9070
2026-03-26 14:30:00-04:00,23849.0,23881.0,23848.0,23860.5,8546
2026-03-26 14:45:00-04:00,23860.25,23889.75,23851.0,23882.75,9470
2026-03-26 15:00:00-04:00,23882.75,23886.5,23823.0,23837.0,12797
2026-03-26 15:15:00-04:00,23837.5,23858.0,23820.25,23842.5,10431
2026-03-26 15:30:00-04:00,23842.75,23845.75,23807.0,23813.0,11188
2026-03-26 15:45:00-04:00,23812.75,23822.0,23775.0,23786.75,31659
2026-03-26 16:00:00-04:00,23787.25,24022.25,23763.25,23902.5,22597
2026-03-26 16:15:00-04:00,23899.5,23932.0,23816.75,23864.5,8736
2026-03-26 16:30:00-04:00,23866.25,23901.75,23856.0,23878.0,3822
2026-03-26 16:45:00-04:00,23878.5,23883.75,23812.5,23822.0,3799
2026-03-26 18:00:00-04:00,23824.0,23873.5,23824.0,23872.0,3023
2026-03-26 18:15:00-04:00,23872.25,23882.5,23836.75,23864.0,1999
2026-03-26 18:30:00-04:00,23863.0,23890.75,23847.75,23862.5,2058
2026-03-26 18:45:00-04:00,23861.5,23886.5,23853.75,23870.5,1265
2026-03-26 19:00:00-04:00,23868.75,23879.25,23845.0,23857.0,1227
2026-03-26 19:15:00-04:00,23857.5,23871.75,23841.5,23850.5,1325
2026-03-26 19:30:00-04:00,23849.25,23883.0,23849.25,23877.25,1462
2026-03-26 19:45:00-04:00,23876.25,23892.25,23868.5,23876.75,1557
2026-03-26 20:00:00-04:00,23877.0,23908.75,23876.0,23880.0,2369
2026-03-26 20:15:00-04:00,23880.0,23882.0,23822.0,23836.5,3567
2026-03-26 20:30:00-04:00,23838.0,23849.25,23808.0,23815.75,2083
2026-03-26 20:45:00-04:00,23818.0,23832.0,23807.0,23818.25,1536
2026-03-26 21:00:00-04:00,23818.75,23853.0,23806.0,23846.0,1933
2026-03-26 21:15:00-04:00,23849.0,23865.5,23837.25,23864.0,1298
2026-03-26 21:30:00-04:00,23863.0,23875.0,23859.0,23865.5,1393
2026-03-26 21:45:00-04:00,23866.5,23872.0,23850.25,23872.0,938
2026-03-26 22:00:00-04:00,23872.25,23886.0,23865.5,23867.0,1319
2026-03-26 22:15:00-04:00,23866.25,23866.25,23845.0,23861.0,1228
2026-03-26 22:30:00-04:00,23861.25,23882.0,23856.25,23864.5,1045
2026-03-26 22:45:00-04:00,23865.25,23874.75,23850.5,23854.25,783
2026-03-26 23:00:00-04:00,23855.5,23868.0,23839.0,23849.0,994
2026-03-26 23:15:00-04:00,23849.0,23852.0,23840.5,23848.25,515
2026-03-26 23:30:00-04:00,23849.0,23893.0,23849.0,23883.25,1302
2026-03-26 23:45:00-04:00,23883.75,23898.0,23877.5,23895.25,844
2026-03-27 00:00:00-04:00,23895.75,23895.75,23882.0,23886.5,693
2026-03-27 00:15:00-04:00,23886.25,23902.75,23886.25,23893.75,868
2026-03-27 00:30:00-04:00,23893.0,23906.5,23890.5,23902.5,599
2026-03-27 00:45:00-04:00,23901.75,23921.0,23900.25,23917.75,1280
2026-03-27 01:00:00-04:00,23916.25,23973.75,23914.5,23971.5,3068
2026-03-27 01:15:00-04:00,23971.0,23976.0,23927.25,23940.5,2343
2026-03-27 01:30:00-04:00,23941.0,23946.25,23926.5,23932.5,1224
2026-03-27 01:45:00-04:00,23932.25,23943.0,23924.5,23927.25,1102
2026-03-27 02:00:00-04:00,23926.5,23936.75,23910.5,23932.75,1797
2026-03-27 02:15:00-04:00,23933.5,23955.25,23932.75,23945.75,1370
2026-03-27 02:30:00-04:00,23946.0,23946.75,23915.25,23921.25,1726
2026-03-27 02:45:00-04:00,23921.0,23922.0,23894.75,23905.25,1438
2026-03-27 03:00:00-04:00,23905.0,23906.75,23876.75,23888.5,1787
2026-03-27 03:15:00-04:00,23888.0,23888.0,23856.75,23857.5,1318
2026-03-27 03:30:00-04:00,23859.75,23882.0,23853.75,23875.75,1688
2026-03-27 03:45:00-04:00,23874.5,23893.75,23863.0,23872.0,1666
2026-03-27 04:00:00-04:00,23872.0,23897.5,23819.75,23836.0,4618
2026-03-27 04:15:00-04:00,23836.5,23846.25,23792.5,23797.0,4409
2026-03-27 04:30:00-04:00,23797.5,23823.0,23773.25,23797.75,3901
2026-03-27 04:45:00-04:00,23796.5,23806.5,23770.5,23779.25,2656
2026-03-27 05:00:00-04:00,23779.5,23788.75,23710.0,23740.75,5489
2026-03-27 05:15:00-04:00,23741.5,23798.25,23737.5,23789.25,3331
2026-03-27 05:30:00-04:00,23790.75,23812.5,23769.5,23784.25,2413
2026-03-27 05:45:00-04:00,23783.5,23783.5,23731.25,23738.75,2630
2026-03-27 06:00:00-04:00,23739.5,23769.25,23721.75,23730.25,2765
2026-03-27 06:15:00-04:00,23731.0,23748.25,23720.5,23731.0,1564
2026-03-27 06:30:00-04:00,23731.5,23742.5,23674.5,23690.25,4176
2026-03-27 06:45:00-04:00,23689.5,23691.5,23633.0,23649.5,4565
2026-03-27 07:00:00-04:00,23649.5,23659.75,23608.25,23633.5,5636
2026-03-27 07:15:00-04:00,23632.75,23656.5,23632.0,23653.25,3713
2026-03-27 07:30:00-04:00,23653.5,23663.0,23638.75,23657.25,2606
2026-03-27 07:45:00-04:00,23656.75,23690.0,23653.75,23664.0,3469
2026-03-27 08:00:00-04:00,23663.0,23667.5,23610.75,23629.75,3988
2026-03-27 08:15:00-04:00,23629.25,23657.0,23626.0,23649.0,2398
2026-03-27 08:30:00-04:00,23650.25,23654.5,23612.0,23634.0,3362
2026-03-27 08:45:00-04:00,23634.5,23642.25,23596.75,23613.0,4361
2026-03-27 09:00:00-04:00,23615.5,23618.5,23574.0,23589.25,6556
2026-03-27 09:15:00-04:00,23589.5,23661.0,23586.25,23654.25,7767
2026-03-27 09:30:00-04:00,23654.5,23664.0,23532.0,23590.25,31124
2026-03-27 09:45:00-04:00,23590.25,23647.25,23470.0,23478.75,25350
2026-03-27 10:00:00-04:00,23481.0,23542.25,23453.0,23523.5,22651
2026-03-27 10:15:00-04:00,23523.5,23558.5,23475.0,23477.0,17438
2026-03-27 10:30:00-04:00,23477.25,23507.25,23448.0,23468.0,13380
2026-03-27 10:45:00-04:00,23468.0,23537.75,23440.0,23511.5,16973
2026-03-27 11:00:00-04:00,23511.5,23556.75,23494.25,23495.75,13645
2026-03-27 11:15:00-04:00,23495.25,23568.0,23458.5,23556.25,19734
2026-03-27 11:30:00-04:00,23557.25,23610.5,23518.75,23542.75,19342
2026-03-27 11:45:00-04:00,23543.0,23577.5,23537.75,23549.5,10674
2026-03-27 12:00:00-04:00,23550.5,23556.75,23491.5,23516.5,10453
2026-03-27 12:15:00-04:00,23515.75,23518.25,23473.5,23482.0,8589
2026-03-27 12:30:00-04:00,23481.75,23490.75,23444.25,23473.75,10793
2026-03-27 12:45:00-04:00,23474.25,23515.0,23467.25,23473.5,8611
2026-03-27 13:00:00-04:00,23473.5,23529.5,23445.5,23466.25,13902
2026-03-27 13:15:00-04:00,23466.5,23468.25,23377.0,23380.5,12228
2026-03-27 13:30:00-04:00,23379.0,23409.0,23361.75,23368.75,10948
2026-03-27 13:45:00-04:00,23368.0,23382.0,23344.0,23360.25,9991
2026-03-27 14:00:00-04:00,23359.75,23365.75,23328.0,23346.5,9822
2026-03-27 14:15:00-04:00,23346.5,23376.75,23338.0,23362.0,11367
2026-03-27 14:30:00-04:00,23362.25,23396.25,23347.75,23366.5,10451
2026-03-27 14:45:00-04:00,23366.5,23369.0,23325.25,23340.0,7442
2026-03-27 15:00:00-04:00,23339.25,23353.25,23309.25,23334.25,11078
2026-03-27 15:15:00-04:00,23335.0,23360.5,23323.5,23331.25,8904
2026-03-27 15:30:00-04:00,23331.25,23349.0,23302.0,23313.25,10659
2026-03-27 15:45:00-04:00,23312.5,23351.5,23269.0,23308.75,33020
2026-03-27 16:00:00-04:00,23308.75,23330.5,23275.0,23279.75,12030
2026-03-27 16:15:00-04:00,23280.0,23285.25,23232.5,23257.25,5750
2026-03-27 16:30:00-04:00,23257.25,23274.75,23243.0,23259.25,4125
2026-03-27 16:45:00-04:00,23259.5,23278.25,23250.0,23254.25,2481
2026-03-29 18:00:00-04:00,23189.5,23224.0,23135.0,23194.0,5891
2026-03-29 18:15:00-04:00,23195.0,23242.25,23184.0,23219.0,3824
2026-03-29 18:30:00-04:00,23220.0,23238.75,23172.0,23172.75,2797
2026-03-29 18:45:00-04:00,23173.5,23214.0,23154.75,23208.25,2702
2026-03-29 19:00:00-04:00,23209.5,23224.0,23170.5,23179.5,2521
2026-03-29 19:15:00-04:00,23179.25,23192.0,23156.75,23166.25,1774
2026-03-29 19:30:00-04:00,23164.0,23169.25,23125.5,23153.0,2437
2026-03-29 19:45:00-04:00,23154.5,23162.75,23108.5,23127.5,3947
2026-03-29 20:00:00-04:00,23128.25,23152.25,23093.0,23137.75,4296
2026-03-29 20:15:00-04:00,23138.0,23263.75,23117.75,23222.75,6971
2026-03-29 20:30:00-04:00,23222.25,23239.0,23146.5,23159.75,3535
2026-03-29 20:45:00-04:00,23160.0,23172.75,23126.0,23149.75,2813
2026-03-29 21:00:00-04:00,23151.25,23188.0,23146.75,23160.5,2107
2026-03-29 21:15:00-04:00,23162.25,23173.5,23136.0,23162.75,2152
2026-03-29 21:30:00-04:00,23164.75,23205.5,23158.5,23203.25,2141
2026-03-29 21:45:00-04:00,23204.75,23210.0,23193.5,23201.0,1407
2026-03-29 22:00:00-04:00,23201.75,23231.25,23200.0,23228.5,1957
2026-03-29 22:15:00-04:00,23228.75,23229.75,23195.5,23200.0,1450
2026-03-29 22:30:00-04:00,23201.5,23243.25,23195.25,23237.75,1508
2026-03-29 22:45:00-04:00,23237.75,23275.0,23235.5,23252.25,3224
2026-03-29 23:00:00-04:00,23252.0,23295.0,23250.25,23284.75,2564
2026-03-29 23:15:00-04:00,23285.5,23306.5,23282.25,23293.25,2252
2026-03-29 23:30:00-04:00,23294.0,23298.0,23280.75,23292.0,1289
2026-03-29 23:45:00-04:00,23291.0,23299.75,23278.75,23296.25,952
2026-03-30 00:00:00-04:00,23296.25,23313.0,23288.25,23304.25,1739
2026-03-30 00:15:00-04:00,23303.5,23352.5,23301.25,23338.25,3316
2026-03-30 00:30:00-04:00,23338.25,23356.25,23322.0,23324.5,1774
2026-03-30 00:45:00-04:00,23326.0,23329.25,23314.5,23321.5,928
2026-03-30 01:00:00-04:00,23321.5,23362.75,23319.0,23336.75,1503
2026-03-30 01:15:00-04:00,23336.5,23357.0,23334.75,23341.5,960
2026-03-30 01:30:00-04:00,23340.5,23355.5,23328.0,23332.5,1277
2026-03-30 01:45:00-04:00,23333.0,23358.0,23322.75,23345.5,1383
2026-03-30 02:00:00-04:00,23345.5,23371.75,23337.25,23353.0,2080
2026-03-30 02:15:00-04:00,23352.75,23384.5,23352.75,23368.25,1634
2026-03-30 02:30:00-04:00,23369.0,23395.5,23368.25,23391.0,1362
2026-03-30 02:45:00-04:00,23389.75,23416.0,23381.75,23390.5,2569
2026-03-30 03:00:00-04:00,23389.5,23404.5,23364.25,23390.25,2527
2026-03-30 03:15:00-04:00,23390.5,23398.0,23363.75,23381.25,2039
2026-03-30 03:30:00-04:00,23382.25,23397.0,23360.0,23381.5,1944
2026-03-30 03:45:00-04:00,23380.25,23414.25,23379.25,23396.75,1783
2026-03-30 04:00:00-04:00,23397.5,23425.75,23374.0,23420.0,3339
2026-03-30 04:15:00-04:00,23421.0,23434.25,23406.75,23426.75,2490
2026-03-30 04:30:00-04:00,23424.75,23445.25,23418.25,23433.5,2109
2026-03-30 04:45:00-04:00,23434.25,23449.5,23417.75,23443.5,1615
2026-03-30 05:00:00-04:00,23443.5,23451.25,23419.25,23424.75,1947
2026-03-30 05:15:00-04:00,23423.0,23438.5,23395.0,23409.25,2840
2026-03-30 05:30:00-04:00,23410.25,23421.75,23390.0,23397.75,1933
2026-03-30 05:45:00-04:00,23395.5,23412.0,23390.25,23403.0,1452
2026-03-30 06:00:00-04:00,23403.75,23416.25,23393.75,23399.75,1326
2026-03-30 06:15:00-04:00,23399.5,23415.0,23392.75,23405.5,1060
2026-03-30 06:30:00-04:00,23405.0,23406.0,23373.25,23387.75,1641
2026-03-30 06:45:00-04:00,23386.75,23417.0,23382.5,23410.5,1652
2026-03-30 07:00:00-04:00,23412.0,23439.5,23406.25,23430.5,2720
2026-03-30 07:15:00-04:00,23430.25,23574.0,23424.0,23486.0,8503
2026-03-30 07:30:00-04:00,23488.75,23505.25,23450.0,23466.25,5391
2026-03-30 07:45:00-04:00,23466.5,23481.75,23448.0,23457.75,2921
2026-03-30 08:00:00-04:00,23459.75,23472.0,23436.5,23465.75,2543
2026-03-30 08:15:00-04:00,23466.75,23510.0,23458.5,23501.0,3426
2026-03-30 08:30:00-04:00,23501.25,23524.0,23494.25,23507.0,3224
2026-03-30 08:45:00-04:00,23507.5,23510.0,23490.25,23506.0,2550
2026-03-30 09:00:00-04:00,23505.75,23523.5,23482.25,23503.0,4512
2026-03-30 09:15:00-04:00,23502.75,23521.0,23495.25,23509.75,5111
2026-03-30 09:30:00-04:00,23508.75,23538.25,23374.5,23393.5,31683
2026-03-30 09:45:00-04:00,23393.25,23405.0,23292.75,23302.0,21255
2026-03-30 10:00:00-04:00,23302.5,23382.75,23298.0,23367.0,19890
2026-03-30 10:15:00-04:00,23367.25,23376.75,23315.0,23325.25,15592
2026-03-30 10:30:00-04:00,23325.0,23354.25,23262.25,23274.25,16506
2026-03-30 10:45:00-04:00,23274.25,23379.5,23270.5,23377.5,21208
2026-03-30 11:00:00-04:00,23377.5,23436.25,23312.5,23317.0,20445
2026-03-30 11:15:00-04:00,23317.75,23360.0,23282.0,23330.0,13083
2026-03-30 11:30:00-04:00,23329.25,23410.5,23313.5,23402.25,15774
2026-03-30 11:45:00-04:00,23403.5,23434.5,23368.75,23375.0,14040
2026-03-30 12:00:00-04:00,23374.5,23380.25,23308.75,23334.75,11295
2026-03-30 12:15:00-04:00,23334.0,23335.5,23272.75,23275.0,11637
2026-03-30 12:30:00-04:00,23275.5,23315.5,23267.0,23301.25,8718
2026-03-30 12:45:00-04:00,23300.75,23311.75,23276.5,23288.0,7393
2026-03-30 13:00:00-04:00,23288.0,23306.25,23244.5,23248.25,10895
2026-03-30 13:15:00-04:00,23247.75,23255.5,23192.0,23197.0,12955
2026-03-30 13:30:00-04:00,23196.25,23233.5,23169.5,23228.0,12078
2026-03-30 13:45:00-04:00,23227.75,23254.0,23193.5,23210.75,11228
2026-03-30 14:00:00-04:00,23210.5,23212.75,23172.75,23193.0,7245
2026-03-30 14:15:00-04:00,23193.75,23210.0,23153.75,23155.0,8847
2026-03-30 14:30:00-04:00,23154.75,23194.5,23153.0,23156.5,7451
2026-03-30 14:45:00-04:00,23157.0,23170.5,23115.25,23120.75,8091
2026-03-30 15:00:00-04:00,23120.75,23130.0,23038.25,23046.0,14535
2026-03-30 15:15:00-04:00,23045.75,23064.5,23024.5,23036.75,10664
2026-03-30 15:30:00-04:00,23037.25,23088.25,23025.0,23079.75,13764
2026-03-30 15:45:00-04:00,23079.5,23165.25,23076.75,23135.5,27578
2026-03-30 16:00:00-04:00,23136.0,23144.5,23091.75,23094.0,10374
2026-03-30 16:15:00-04:00,23094.25,23105.0,23091.75,23099.5,2168
2026-03-30 16:30:00-04:00,23099.5,23106.75,23094.0,23105.25,1555
2026-03-30 16:45:00-04:00,23105.25,23107.75,23099.0,23106.25,1887
2026-03-30 18:00:00-04:00,23119.5,23147.75,23108.75,23118.0,2110
2026-03-30 18:15:00-04:00,23117.25,23133.5,23114.0,23123.25,1243
2026-03-30 18:30:00-04:00,23122.5,23127.5,23103.25,23106.0,1332
2026-03-30 18:45:00-04:00,23106.75,23117.75,23097.75,23100.25,1378
2026-03-30 19:00:00-04:00,23100.0,23100.0,23021.25,23046.25,5048
2026-03-30 19:15:00-04:00,23045.0,23069.0,23035.25,23056.0,1573
2026-03-30 19:30:00-04:00,23057.0,23059.75,23034.25,23041.0,1462
2026-03-30 19:45:00-04:00,23042.0,23047.0,23023.25,23046.0,1802
2026-03-30 20:00:00-04:00,23045.5,23083.25,23008.75,23021.0,4363
2026-03-30 20:15:00-04:00,23023.0,23027.75,22961.5,23011.75,4603
2026-03-30 20:30:00-04:00,23011.75,23161.0,22992.0,23159.75,6353
2026-03-30 20:45:00-04:00,23158.0,23283.75,23152.0,23202.25,11711
2026-03-30 21:00:00-04:00,23203.0,23241.25,23160.25,23188.5,5068
2026-03-30 21:15:00-04:00,23193.25,23328.25,23186.0,23315.75,7399
2026-03-30 21:30:00-04:00,23314.75,23397.25,23313.0,23364.0,7362
2026-03-30 21:45:00-04:00,23362.75,23374.25,23336.75,23339.25,3226
2026-03-30 22:00:00-04:00,23340.0,23346.5,23322.75,23335.0,2324
2026-03-30 22:15:00-04:00,23336.0,23364.25,23332.5,23349.5,2328
2026-03-30 22:30:00-04:00,23346.75,23357.0,23325.25,23351.25,2227
2026-03-30 22:45:00-04:00,23350.25,23405.0,23344.0,23345.5,3369
2026-03-30 23:00:00-04:00,23346.25,23397.5,23340.75,23380.25,2339
2026-03-30 23:15:00-04:00,23380.75,23383.25,23348.0,23351.0,1330
2026-03-30 23:30:00-04:00,23352.5,23360.75,23330.25,23330.5,1452
2026-03-30 23:45:00-04:00,23332.5,23343.5,23310.0,23318.25,1539
2026-03-31 00:00:00-04:00,23319.5,23332.5,23313.25,23326.0,1260
2026-03-31 00:15:00-04:00,23325.25,23342.0,23295.25,23302.5,1545
2026-03-31 00:30:00-04:00,23300.25,23321.0,23294.75,23308.0,1200
2026-03-31 00:45:00-04:00,23310.25,23313.75,23277.75,23283.75,1564
2026-03-31 01:00:00-04:00,23283.0,23286.25,23247.25,23248.25,1955
2026-03-31 01:15:00-04:00,23249.75,23303.75,23235.0,23288.75,1791
2026-03-31 01:30:00-04:00,23289.25,23317.25,23279.5,23309.0,1477
2026-03-31 01:45:00-04:00,23306.75,23338.5,23300.25,23310.5,1732
2026-03-31 02:00:00-04:00,23311.25,23313.25,23266.5,23275.75,1695
2026-03-31 02:15:00-04:00,23275.75,23319.0,23270.5,23288.75,1787
2026-03-31 02:30:00-04:00,23290.0,23302.75,23265.25,23272.5,1484
2026-03-31 02:45:00-04:00,23272.0,23308.0,23266.0,23292.0,1156
2026-03-31 03:00:00-04:00,23292.25,23309.5,23249.5,23265.5,2394
2026-03-31 03:15:00-04:00,23266.0,23281.25,23238.25,23274.5,2234
2026-03-31 03:30:00-04:00,23274.75,23340.5,23274.75,23338.25,3145
2026-03-31 03:45:00-04:00,23339.0,23371.5,23331.5,23369.75,3589
2026-03-31 04:00:00-04:00,23369.5,23390.25,23340.0,23344.0,3495
2026-03-31 04:15:00-04:00,23345.25,23363.0,23322.5,23327.5,2180
2026-03-31 04:30:00-04:00,23328.25,23336.75,23310.0,23314.75,2100
2026-03-31 04:45:00-04:00,23316.75,23338.0,23293.25,23313.25,2815
2026-03-31 05:00:00-04:00,23311.75,23351.75,23309.75,23333.75,1584
2026-03-31 05:15:00-04:00,23332.75,23351.0,23317.75,23324.0,1931
2026-03-31 05:30:00-04:00,23323.25,23337.0,23304.0,23318.75,2435
2026-03-31 05:45:00-04:00,23318.5,23335.0,23293.75,23305.75,2072
2026-03-31 06:00:00-04:00,23306.5,23332.5,23303.75,23319.75,1726
2026-03-31 06:15:00-04:00,23320.0,23324.0,23296.0,23314.0,1615
2026-03-31 06:30:00-04:00,23315.25,23321.0,23238.5,23247.25,3635
2026-03-31 06:45:00-04:00,23247.0,23293.5,23240.0,23286.75,2951
2026-03-31 07:00:00-04:00,23284.5,23398.0,23264.0,23334.25,6512
2026-03-31 07:15:00-04:00,23334.0,23386.0,23323.25,23348.5,7092
2026-03-31 07:30:00-04:00,23348.5,23382.0,23326.0,23381.5,3476
2026-03-31 07:45:00-04:00,23381.25,23381.75,23338.25,23360.0,3444
2026-03-31 08:00:00-04:00,23359.75,23428.0,23328.75,23333.0,8972
2026-03-31 08:15:00-04:00,23331.0,23415.0,23312.0,23403.0,7428
2026-03-31 08:30:00-04:00,23400.25,23439.25,23391.25,23422.25,5369
2026-03-31 08:45:00-04:00,23422.25,23426.75,23368.25,23370.25,5532
2026-03-31 09:00:00-04:00,23370.75,23393.75,23357.0,23381.25,4523
2026-03-31 09:15:00-04:00,23381.25,23405.5,23374.5,23380.75,4759
2026-03-31 09:30:00-04:00,23381.75,23468.25,23378.75,23416.75,32254
2026-03-31 09:45:00-04:00,23417.0,23575.0,23417.0,23565.0,28706
2026-03-31 10:00:00-04:00,23569.0,23580.75,23495.75,23524.0,19572
2026-03-31 10:15:00-04:00,23524.5,23578.0,23503.5,23567.5,17403
2026-03-31 10:30:00-04:00,23567.75,23587.75,23476.75,23491.5,19097
2026-03-31 10:45:00-04:00,23491.75,23504.0,23376.5,23409.5,21839
2026-03-31 11:00:00-04:00,23409.25,23550.0,23407.5,23544.25,20376
2026-03-31 11:15:00-04:00,23544.25,23558.75,23483.25,23492.0,16147
2026-03-31 11:30:00-04:00,23492.0,23520.75,23458.0,23484.25,13847
2026-03-31 11:45:00-04:00,23483.25,23510.25,23442.25,23446.5,11500
2026-03-31 12:00:00-04:00,23446.25,23533.25,23435.75,23515.0,13447
2026-03-31 12:15:00-04:00,23516.0,23568.0,23516.0,23550.25,11374
2026-03-31 12:30:00-04:00,23550.25,23857.25,23531.25,23777.5,46400
2026-03-31 12:45:00-04:00,23779.5,23822.5,23696.75,23775.25,38142
2026-03-31 13:00:00-04:00,23775.75,23863.25,23761.0,23828.5,26979
2026-03-31 13:15:00-04:00,23828.25,23876.0,23794.25,23804.75,19370
2026-03-31 13:30:00-04:00,23805.25,23872.0,23761.5,23786.0,23127
2026-03-31 13:45:00-04:00,23785.0,23822.25,23747.5,23761.0,11929
2026-03-31 14:00:00-04:00,23760.0,23831.75,23760.0,23818.0,11071
2026-03-31 14:15:00-04:00,23817.5,23848.5,23793.5,23827.0,10216
2026-03-31 14:30:00-04:00,23826.25,23864.5,23804.0,23838.0,12145
2026-03-31 14:45:00-04:00,23837.25,23872.0,23837.25,23855.5,8506
2026-03-31 15:00:00-04:00,23856.25,23887.5,23833.5,23879.25,10097
2026-03-31 15:15:00-04:00,23879.5,23912.5,23872.75,23882.75,11920
2026-03-31 15:30:00-04:00,23882.0,23921.25,23875.0,23907.25,13003
2026-03-31 15:45:00-04:00,23907.0,23975.25,23882.0,23909.75,42902
2026-03-31 16:00:00-04:00,23909.5,23934.5,23868.25,23926.25,17758
2026-03-31 16:15:00-04:00,23925.5,23944.5,23920.5,23942.25,2956
2026-03-31 16:30:00-04:00,23942.75,23945.5,23906.75,23909.75,2354
2026-03-31 16:45:00-04:00,23909.25,23917.25,23894.5,23905.5,2345
2026-03-31 18:00:00-04:00,23889.0,23969.0,23880.0,23962.5,3929
2026-03-31 18:15:00-04:00,23962.5,23974.0,23933.5,23958.5,2408
2026-03-31 18:30:00-04:00,23959.25,23973.5,23938.25,23961.5,1830
2026-03-31 18:45:00-04:00,23962.0,23965.0,23946.0,23958.0,1104
2026-03-31 19:00:00-04:00,23957.0,23963.5,23943.0,23954.25,1414
2026-03-31 19:15:00-04:00,23954.75,23984.5,23948.25,23980.5,1576
2026-03-31 19:30:00-04:00,23977.0,24020.0,23973.75,23987.0,3304
2026-03-31 19:45:00-04:00,23987.0,24045.75,23981.75,24038.0,2900
2026-03-31 20:00:00-04:00,24036.25,24048.25,24020.0,24034.5,3077
2026-03-31 20:15:00-04:00,24035.0,24037.0,24005.25,24022.25,2379
2026-03-31 20:30:00-04:00,24022.0,24025.5,23992.25,24021.5,1877
2026-03-31 20:45:00-04:00,24020.0,24036.25,24011.5,24036.25,1481
2026-03-31 21:00:00-04:00,24037.0,24042.25,23975.0,23999.0,3914
2026-03-31 21:15:00-04:00,23999.0,24014.5,23980.25,24010.25,1821
2026-03-31 21:30:00-04:00,24008.5,24013.5,23967.0,23976.0,1862
2026-03-31 21:45:00-04:00,23975.5,23984.75,23967.5,23976.25,987
2026-03-31 22:00:00-04:00,23978.25,23996.25,23971.0,23975.5,1232
2026-03-31 22:15:00-04:00,23974.5,23981.5,23965.5,23969.0,909
2026-03-31 22:30:00-04:00,23969.0,23975.0,23956.25,23970.75,1147
2026-03-31 22:45:00-04:00,23971.5,23983.5,23965.0,23966.25,977
2026-03-31 23:00:00-04:00,23966.75,23988.5,23963.25,23983.0,751
2026-03-31 23:15:00-04:00,23983.75,23984.75,23968.5,23975.75,557
2026-03-31 23:30:00-04:00,23976.5,23990.75,23976.5,23987.5,635
2026-03-31 23:45:00-04:00,23987.25,23993.5,23977.75,23981.75,644
2026-04-01 00:00:00-04:00,23982.0,23992.25,23980.0,23982.25,739
2026-04-01 00:15:00-04:00,23984.25,24009.0,23978.5,24008.0,1224
2026-04-01 00:30:00-04:00,24007.0,24012.25,23999.5,24007.0,575
2026-04-01 00:45:00-04:00,24006.75,24022.5,24001.5,24011.75,862
2026-04-01 01:00:00-04:00,24013.75,24045.0,24007.5,24043.0,1203
2026-04-01 01:15:00-04:00,24042.75,24073.75,24036.0,24053.0,1680
2026-04-01 01:30:00-04:00,24053.5,24064.5,24030.75,24053.75,1719
2026-04-01 01:45:00-04:00,24053.25,24062.5,24038.0,24041.25,1454
2026-04-01 02:00:00-04:00,24041.5,24081.25,24039.0,24079.25,2325
2026-04-01 02:15:00-04:00,24078.75,24126.75,24075.75,24119.25,3975
2026-04-01 02:30:00-04:00,24118.5,24168.75,24112.75,24166.25,4532
2026-04-01 02:45:00-04:00,24168.25,24176.75,24154.0,24169.0,3312
2026-04-01 03:00:00-04:00,24169.5,24181.25,24141.25,24149.0,3225
2026-04-01 03:15:00-04:00,24149.0,24151.5,24131.0,24147.5,1929
2026-04-01 03:30:00-04:00,24147.75,24179.25,24141.5,24167.25,2648
2026-04-01 03:45:00-04:00,24167.25,24169.0,24072.25,24079.25,4795
2026-04-01 04:00:00-04:00,24078.75,24094.0,24033.5,24048.5,4235
2026-04-01 04:15:00-04:00,24048.5,24106.5,24043.25,24081.25,3136
2026-04-01 04:30:00-04:00,24082.5,24098.25,24077.25,24092.0,2123
2026-04-01 04:45:00-04:00,24090.25,24102.5,24026.75,24071.75,4312
2026-04-01 05:00:00-04:00,24072.0,24084.5,24028.75,24038.0,2472
2026-04-01 05:15:00-04:00,24038.75,24044.25,24003.5,24029.5,2395
2026-04-01 05:30:00-04:00,24029.25,24055.25,24029.0,24049.25,1893
2026-04-01 05:45:00-04:00,24050.25,24090.75,24049.0,24068.0,2883
2026-04-01 06:00:00-04:00,24070.75,24087.5,24050.75,24070.25,1944
2026-04-01 06:15:00-04:00,24070.25,24087.0,24056.75,24067.25,2262
2026-04-01 06:30:00-04:00,24069.5,24094.5,24062.5,24090.75,1675
2026-04-01 06:45:00-04:00,24089.75,24140.0,24089.25,24127.0,3371
2026-04-01 07:00:00-04:00,24128.5,24158.5,24123.5,24155.75,2445
2026-04-01 07:15:00-04:00,24155.75,24166.0,24142.25,24150.5,2928
2026-04-01 07:30:00-04:00,24151.25,24188.0,24146.0,24178.75,3966
2026-04-01 07:45:00-04:00,24178.75,24205.0,24170.0,24191.0,3296
2026-04-01 08:00:00-04:00,24189.75,24196.5,24162.5,24167.25,3454
2026-04-01 08:15:00-04:00,24166.75,24176.75,24123.5,24141.75,4269
2026-04-01 08:30:00-04:00,24144.25,24246.0,24104.75,24182.25,6637
2026-04-01 08:45:00-04:00,24186.75,24234.75,24050.0,24062.25,12388
2026-04-01 09:00:00-04:00,24061.0,24083.75,24036.0,24066.5,8401
2026-04-01 09:15:00-04:00,24066.25,24101.5,24054.0,24088.25,6906
2026-04-01 09:30:00-04:00,24087.75,24194.75,24043.25,24096.25,35452
2026-04-01 09:45:00-04:00,24094.75,24142.5,24058.75,24120.75,21353
2026-04-01 10:00:00-04:00,24121.75,24178.0,24108.75,24165.75,20867
2026-04-01 10:15:00-04:00,24165.25,24210.75,24152.0,24187.5,18332
2026-04-01 10:30:00-04:00,24186.75,24244.5,24131.0,24205.5,25130
2026-04-01 10:45:00-04:00,24206.25,24270.0,24176.0,24260.0,16837
2026-04-01 11:00:00-04:00,24260.25,24286.75,24251.75,24266.25,14659
2026-04-01 11:15:00-04:00,24266.75,24284.75,24248.5,24250.0,11381
2026-04-01 11:30:00-04:00,24249.5,24293.0,24229.75,24290.5,14023
2026-04-01 11:45:00-04:00,24290.0,24327.0,24281.25,24313.25,10689
2026-04-01 12:00:00-04:00,24314.0,24326.25,24296.5,24301.75,10720
2026-04-01 12:15:00-04:00,24301.25,24329.75,24294.5,24304.75,8867
2026-04-01 12:30:00-04:00,24304.75,24327.75,24288.25,24325.5,7001
2026-04-01 12:45:00-04:00,24325.25,24330.75,24312.75,24318.75,4562
2026-04-01 13:00:00-04:00,24319.75,24348.25,24314.25,24342.0,8386
2026-04-01 13:15:00-04:00,24342.0,24346.75,24329.0,24331.5,5386
2026-04-01 13:30:00-04:00,24331.5,24341.0,24304.5,24311.25,8126
2026-04-01 13:45:00-04:00,24310.75,24315.75,24265.5,24266.75,8639
2026-04-01 14:00:00-04:00,24266.75,24273.5,24215.25,24227.0,17914
2026-04-01 14:15:00-04:00,24227.0,24227.0,24140.5,24154.0,20946
2026-04-01 14:30:00-04:00,24154.0,24204.75,24124.5,24180.5,16450
2026-04-01 14:45:00-04:00,24180.0,24186.25,24147.25,24159.0,10336
2026-04-01 15:00:00-04:00,24159.0,24202.0,24153.75,24193.0,10191
2026-04-01 15:15:00-04:00,24193.0,24245.75,24182.0,24233.75,11005
2026-04-01 15:30:00-04:00,24234.0,24255.75,24202.0,24229.5,14208
2026-04-01 15:45:00-04:00,24228.75,24243.5,24171.5,24200.75,31628
2026-04-01 16:00:00-04:00,24201.0,24215.75,24180.25,24204.25,9091
2026-04-01 16:15:00-04:00,24204.75,24206.0,24176.5,24180.0,2185
2026-04-01 16:30:00-04:00,24181.25,24196.75,24177.25,24190.0,1187
2026-04-01 16:45:00-04:00,24189.5,24202.5,24185.0,24187.25,1548
2026-04-01 18:00:00-04:00,24180.0,24206.0,24173.0,24186.25,1878
2026-04-01 18:15:00-04:00,24186.5,24197.75,24167.5,24194.5,1010
2026-04-01 18:30:00-04:00,24193.25,24201.75,24181.5,24195.5,692
2026-04-01 18:45:00-04:00,24195.75,24196.75,24158.0,24170.5,1718
2026-04-01 19:00:00-04:00,24170.5,24203.75,24163.5,24199.5,1104
2026-04-01 19:15:00-04:00,24200.5,24203.0,24188.0,24201.5,666
2026-04-01 19:30:00-04:00,24198.5,24200.5,24184.25,24193.75,890
2026-04-01 19:45:00-04:00,24194.5,24200.0,24159.25,24183.5,1341
2026-04-01 20:00:00-04:00,24183.0,24185.0,24156.75,24168.75,1933
2026-04-01 20:15:00-04:00,24169.0,24186.75,24158.25,24163.5,1534
2026-04-01 20:30:00-04:00,24164.5,24229.75,24154.5,24225.0,2906
2026-04-01 20:45:00-04:00,24225.75,24245.75,24207.5,24236.25,2523
2026-04-01 21:00:00-04:00,24236.0,24240.0,24083.75,24141.25,8765
2026-04-01 21:15:00-04:00,24139.75,24148.75,23962.0,23973.0,10472
2026-04-01 21:30:00-04:00,23974.75,23978.75,23915.0,23950.75,5989
2026-04-01 21:45:00-04:00,23948.75,23962.25,23912.5,23938.5,4263
2026-04-01 22:00:00-04:00,23940.5,23967.0,23862.0,23874.25,5119
2026-04-01 22:15:00-04:00,23875.0,23904.25,23866.0,23868.0,3199
2026-04-01 22:30:00-04:00,23868.25,23884.5,23856.0,23872.5,2779
2026-04-01 22:45:00-04:00,23871.25,23894.75,23863.25,23884.75,1622
2026-04-01 23:00:00-04:00,23885.5,23885.5,23851.75,23872.0,1544
2026-04-01 23:15:00-04:00,23872.75,23894.75,23870.75,23879.75,1230
2026-04-01 23:30:00-04:00,23879.5,23884.75,23828.0,23846.25,2418
2026-04-01 23:45:00-04:00,23846.5,23848.25,23815.0,23821.5,1823
2026-04-02 00:00:00-04:00,23821.75,23838.0,23809.25,23821.75,1747
2026-04-02 00:15:00-04:00,23822.75,23841.25,23812.25,23819.0,1185
2026-04-02 00:30:00-04:00,23819.0,23828.5,23800.25,23813.75,1202
2026-04-02 00:45:00-04:00,23812.5,23818.75,23795.0,23803.0,1443
2026-04-02 01:00:00-04:00,23805.25,23826.0,23802.75,23807.25,1367
2026-04-02 01:15:00-04:00,23805.75,23815.5,23793.25,23814.75,1223
2026-04-02 01:30:00-04:00,23815.25,23827.0,23775.25,23781.75,2579
2026-04-02 01:45:00-04:00,23783.75,23785.5,23753.75,23756.0,1842
2026-04-02 02:00:00-04:00,23757.5,23793.25,23752.5,23760.5,2456
2026-04-02 02:15:00-04:00,23759.75,23795.75,23754.25,23789.25,2047
2026-04-02 02:30:00-04:00,23789.0,23805.5,23783.25,23793.75,1955
2026-04-02 02:45:00-04:00,23793.0,23819.0,23783.25,23815.5,1635
2026-04-02 03:00:00-04:00,23815.75,23836.75,23805.5,23819.75,2838
2026-04-02 03:15:00-04:00,23818.5,23838.75,23795.25,23823.0,2106
2026-04-02 03:30:00-04:00,23824.0,23851.75,23819.0,23842.0,2180
2026-04-02 03:45:00-04:00,23843.0,23882.0,23842.75,23879.25,1923
2026-04-02 04:00:00-04:00,23878.5,23881.75,23840.0,23843.75,2591
2026-04-02 04:15:00-04:00,23843.25,23855.0,23823.25,23838.5,1919
2026-04-02 04:30:00-04:00,23837.25,23870.0,23837.0,23845.75,2155
2026-04-02 04:45:00-04:00,23848.5,23858.0,23831.5,23834.75,911
2026-04-02 05:00:00-04:00,23835.25,23848.25,23823.75,23827.25,1092
2026-04-02 05:15:00-04:00,23828.0,23860.0,23825.5,23848.0,1103
2026-04-02 05:30:00-04:00,23849.5,23850.25,23820.75,23827.0,1003
2026-04-02 05:45:00-04:00,23826.75,23839.0,23818.5,23830.25,1042
2026-04-02 06:00:00-04:00,23831.5,23840.75,23785.0,23787.5,1549
2026-04-02 06:15:00-04:00,23788.5,23796.0,23776.0,23781.5,1860
2026-04-02 06:30:00-04:00,23781.5,23817.5,23775.0,23807.0,2122
2026-04-02 06:45:00-04:00,23807.0,23819.25,23796.5,23813.25,1391
2026-04-02 07:00:00-04:00,23811.75,23822.0,23757.25,23759.0,2769
2026-04-02 07:15:00-04:00,23758.75,23761.0,23723.5,23726.25,3380
2026-04-02 07:30:00-04:00,23727.75,23750.0,23700.75,23708.75,3372
2026-04-02 07:45:00-04:00,23710.25,23731.5,23682.0,23682.75,3124
2026-04-02 08:00:00-04:00,23684.0,23700.5,23666.0,23690.75,4148
2026-04-02 08:15:00-04:00,23691.25,23734.0,23685.25,23727.0,4270
2026-04-02 08:30:00-04:00,23726.0,23748.0,23712.0,23742.5,4311
2026-04-02 08:45:00-04:00,23742.5,23757.75,23722.5,23725.5,4594
2026-04-02 09:00:00-04:00,23725.25,23751.0,23707.25,23721.25,5124
2026-04-02 09:15:00-04:00,23721.25,23767.75,23717.75,23762.75,7018
2026-04-02 09:30:00-04:00,23763.5,23818.75,23678.0,23710.75,30398
2026-04-02 09:45:00-04:00,23712.25,23908.25,23695.25,23898.0,28605
2026-04-02 10:00:00-04:00,23897.75,23964.5,23859.0,23934.25,26924
2026-04-02 10:15:00-04:00,23934.0,24004.25,23929.25,23942.0,21038
2026-04-02 10:30:00-04:00,23941.5,24266.75,23931.75,24201.0,51943
2026-04-02 10:45:00-04:00,24201.0,24211.5,24084.75,24175.0,25097
2026-04-02 11:00:00-04:00,24174.5,24214.5,24105.0,24181.0,21619
2026-04-02 11:15:00-04:00,24180.75,24204.5,24120.0,24180.75,16534
2026-04-02 11:30:00-04:00,24181.5,24213.5,24138.5,24187.75,14603
2026-04-02 11:45:00-04:00,24188.0,24188.0,24089.0,24136.0,14516
2026-04-02 12:00:00-04:00,24136.0,24166.25,24082.5,24111.5,10918
2026-04-02 12:15:00-04:00,24112.0,24126.0,24057.5,24086.75,10738
2026-04-02 12:30:00-04:00,24085.25,24177.0,24069.0,24145.25,13852
2026-04-02 12:45:00-04:00,24146.5,24161.0,24118.75,24121.0,7096
2026-04-02 13:00:00-04:00,24120.5,24167.5,24098.5,24156.0,8109
2026-04-02 13:15:00-04:00,24155.0,24182.75,24150.75,24164.75,7104
2026-04-02 13:30:00-04:00,24164.5,24169.5,24124.5,24138.0,6623
2026-04-02 13:45:00-04:00,24138.25,24140.0,24063.5,24090.75,9753
2026-04-02 14:00:00-04:00,24091.25,24144.75,24091.0,24125.25,8455
2026-04-02 14:15:00-04:00,24125.75,24137.75,24099.25,24107.0,7595
2026-04-02 14:30:00-04:00,24107.75,24148.0,24101.0,24138.25,6864
2026-04-02 14:45:00-04:00,24139.0,24165.0,24131.75,24140.5,6099
2026-04-02 15:00:00-04:00,24141.0,24182.0,24138.25,24162.5,7179
2026-04-02 15:15:00-04:00,24162.0,24167.5,24135.0,24146.5,7486
2026-04-02 15:30:00-04:00,24146.5,24168.5,24136.75,24143.75,6036
2026-04-02 15:45:00-04:00,24143.75,24225.75,24138.0,24220.75,19223
2026-04-02 16:00:00-04:00,24220.75,24229.5,24199.75,24212.75,9760
2026-04-02 16:15:00-04:00,24212.75,24233.75,24202.0,24226.0,2276
2026-04-02 16:30:00-04:00,24225.0,24228.75,24203.5,24214.5,1766
2026-04-02 16:45:00-04:00,24215.0,24222.0,24207.75,24219.5,1287
2026-04-02 18:00:00-04:00,24219.5,24219.5,24192.5,24196.75,950
2026-04-02 18:15:00-04:00,24195.75,24218.25,24177.5,24205.5,2692
2026-04-02 18:30:00-04:00,24205.5,24218.75,24201.0,24205.0,682
2026-04-02 18:45:00-04:00,24203.0,24208.75,24200.0,24203.5,312
2026-04-02 19:00:00-04:00,24203.0,24203.0,24189.0,24194.75,593
2026-04-02 19:15:00-04:00,24195.75,24212.25,24194.25,24208.75,556
2026-04-02 19:30:00-04:00,24209.0,24216.75,24205.25,24213.0,552
2026-04-02 19:45:00-04:00,24213.0,24215.0,24204.75,24213.25,653
2026-04-02 20:00:00-04:00,24214.75,24255.0,24214.75,24240.25,1808
2026-04-02 20:15:00-04:00,24239.0,24240.25,24219.75,24236.5,1133
2026-04-02 20:30:00-04:00,24237.0,24240.0,24213.25,24219.0,868
2026-04-02 20:45:00-04:00,24218.0,24227.5,24212.5,24225.25,541
2026-04-02 21:00:00-04:00,24226.0,24231.75,24206.75,24211.0,724
2026-04-02 21:15:00-04:00,24211.25,24222.5,24208.75,24217.5,656
2026-04-02 21:30:00-04:00,24217.5,24220.0,24205.5,24207.5,464
2026-04-02 21:45:00-04:00,24208.0,24208.5,24195.75,24196.75,593
2026-04-02 22:00:00-04:00,24196.0,24201.25,24191.25,24200.0,520
2026-04-02 22:15:00-04:00,24199.75,24205.5,24162.25,24169.0,1052
2026-04-02 22:30:00-04:00,24169.0,24172.0,24155.0,24168.5,906
2026-04-02 22:45:00-04:00,24168.75,24197.75,24150.5,24181.25,1878
2026-04-02 23:00:00-04:00,24180.25,24192.5,24176.5,24179.25,1135
2026-04-02 23:15:00-04:00,24180.0,24187.5,24170.25,24172.75,798
2026-04-02 23:30:00-04:00,24172.5,24179.75,24161.0,24164.25,390
2026-04-02 23:45:00-04:00,24163.5,24173.75,24163.25,24167.25,196
2026-04-03 00:00:00-04:00,24166.25,24179.0,24165.0,24174.5,388
2026-04-03 00:15:00-04:00,24176.0,24183.0,24172.25,24177.0,276
2026-04-03 00:30:00-04:00,24177.25,24179.5,24157.25,24159.75,408
2026-04-03 00:45:00-04:00,24159.25,24176.5,24159.25,24166.25,327
2026-04-03 01:00:00-04:00,24167.5,24191.0,24162.25,24178.75,539
2026-04-03 01:15:00-04:00,24178.25,24179.5,24159.25,24168.75,330
2026-04-03 01:30:00-04:00,24170.25,24191.25,24170.25,24188.25,451
2026-04-03 01:45:00-04:00,24189.0,24193.5,24177.25,24180.75,328
2026-04-03 02:00:00-04:00,24183.0,24184.25,24175.5,24179.0,121
2026-04-03 02:15:00-04:00,24178.75,24181.75,24167.75,24171.5,275
2026-04-03 02:30:00-04:00,24171.25,24171.5,24145.75,24152.75,736
2026-04-03 02:45:00-04:00,24152.25,24164.75,24139.25,24152.75,652
2026-04-03 03:00:00-04:00,24152.75,24154.25,24120.0,24127.5,850
2026-04-03 03:15:00-04:00,24128.5,24150.5,24126.5,24149.75,655
2026-04-03 03:30:00-04:00,24150.0,24163.5,24150.0,24158.5,604
2026-04-03 03:45:00-04:00,24159.75,24160.5,24149.25,24155.25,338
2026-04-03 04:00:00-04:00,24154.25,24167.5,24152.75,24158.25,313
2026-04-03 04:15:00-04:00,24159.25,24161.25,24142.0,24146.25,383
2026-04-03 04:30:00-04:00,24146.25,24158.5,24142.25,24151.25,304
2026-04-03 04:45:00-04:00,24150.25,24158.25,24146.75,24149.0,162
2026-04-03 05:00:00-04:00,24150.5,24153.5,24133.5,24136.0,378
2026-04-03 05:15:00-04:00,24137.25,24150.25,24131.75,24144.0,374
2026-04-03 05:30:00-04:00,24145.25,24148.75,24141.25,24142.25,184
2026-04-03 05:45:00-04:00,24141.25,24146.0,24139.25,24140.25,80
2026-04-03 06:00:00-04:00,24140.25,24145.0,24126.0,24134.0,524
2026-04-03 06:15:00-04:00,24135.75,24144.25,24131.5,24134.5,324
2026-04-03 06:30:00-04:00,24133.75,24141.75,24129.0,24136.75,425
2026-04-03 06:45:00-04:00,24137.0,24144.25,24137.0,24138.5,233
2026-04-03 07:00:00-04:00,24139.75,24140.5,24114.25,24130.75,736
2026-04-03 07:15:00-04:00,24129.0,24154.25,24126.0,24150.75,661
2026-04-03 07:30:00-04:00,24150.5,24159.5,24147.75,24148.25,553
2026-04-03 07:45:00-04:00,24149.25,24156.25,24146.5,24151.25,308
2026-04-03 08:00:00-04:00,24151.25,24180.0,24150.25,24160.5,943
2026-04-03 08:15:00-04:00,24160.5,24172.0,24128.75,24166.25,1136
2026-04-03 08:30:00-04:00,24167.75,24245.25,24128.25,24163.5,3414
2026-04-03 08:45:00-04:00,24164.0,24170.25,24112.75,24116.5,1854
2026-04-03 09:00:00-04:00,24115.75,24137.25,24106.0,24129.75,1211
2026-04-05 18:00:00-04:00,24093.5,24094.25,23981.5,24025.0,7684
2026-04-05 18:15:00-04:00,24025.0,24073.0,24010.5,24063.5,4986
2026-04-05 18:30:00-04:00,24061.75,24083.0,24034.0,24061.25,3472
2026-04-05 18:45:00-04:00,24059.0,24097.0,24046.0,24079.25,2908
2026-04-05 19:00:00-04:00,24079.25,24094.5,24041.0,24069.25,7022
2026-04-05 19:15:00-04:00,24069.5,24089.5,24055.5,24070.5,2313
2026-04-05 19:30:00-04:00,24070.75,24086.0,24068.5,24070.0,630
2026-04-05 19:45:00-04:00,24069.5,24092.5,24068.25,24091.75,652
2026-04-05 20:00:00-04:00,24091.5,24173.5,24087.75,24165.75,4066
2026-04-05 20:15:00-04:00,24165.75,24204.25,24154.0,24171.5,2338
2026-04-05 20:30:00-04:00,24172.5,24203.0,24172.5,24199.0,1786
2026-04-05 20:45:00-04:00,24200.0,24216.0,24188.75,24208.75,1575
2026-04-05 21:00:00-04:00,24209.75,24225.5,24208.25,24218.25,1399
2026-04-05 21:15:00-04:00,24218.25,24240.0,24196.25,24234.0,2086
2026-04-05 21:30:00-04:00,24234.25,24234.25,24207.5,24220.5,1055
2026-04-05 21:45:00-04:00,24220.75,24225.25,24183.75,24193.75,1646
2026-04-05 22:00:00-04:00,24193.25,24274.75,24188.25,24261.5,3094
2026-04-05 22:15:00-04:00,24260.0,24326.75,24253.0,24311.25,3519
2026-04-05 22:30:00-04:00,24311.75,24316.25,24253.0,24264.25,2338
2026-04-05 22:45:00-04:00,24263.0,24269.0,24222.0,24223.0,2107
2026-04-05 23:00:00-04:00,24223.0,24230.0,24193.0,24194.75,1951
2026-04-05 23:15:00-04:00,24196.0,24209.75,24120.5,24185.0,3674
2026-04-05 23:30:00-04:00,24186.5,24199.25,24176.5,24195.75,1145
2026-04-05 23:45:00-04:00,24196.75,24216.5,24191.75,24213.0,845
2026-04-06 00:00:00-04:00,24213.0,24237.25,24207.75,24226.25,1264
2026-04-06 00:15:00-04:00,24227.5,24235.0,24220.0,24227.25,784
2026-04-06 00:30:00-04:00,24227.5,24256.75,24221.5,24252.5,1275
2026-04-06 00:45:00-04:00,24253.0,24265.0,24243.75,24253.5,1120
2026-04-06 01:00:00-04:00,24253.0,24268.0,24251.5,24260.5,740
2026-04-06 01:15:00-04:00,24261.0,24266.0,24251.0,24251.25,595
2026-04-06 01:30:00-04:00,24251.75,24253.25,24223.25,24226.0,974
2026-04-06 01:45:00-04:00,24227.5,24237.5,24212.0,24232.75,991
2026-04-06 02:00:00-04:00,24232.25,24277.25,24219.0,24275.25,1691
2026-04-06 02:15:00-04:00,24274.0,24274.75,24219.75,24228.0,1183
2026-04-06 02:30:00-04:00,24225.25,24237.75,24215.75,24233.0,850
2026-04-06 02:45:00-04:00,24231.25,24290.75,24218.75,24255.5,3164
2026-04-06 03:00:00-04:00,24257.25,24261.75,24207.25,24226.25,1840
2026-04-06 03:15:00-04:00,24228.25,24254.75,24225.25,24237.25,1510
2026-04-06 03:30:00-04:00,24235.25,24282.5,24234.75,24275.5,1649
2026-04-06 03:45:00-04:00,24274.75,24325.5,24271.75,24309.5,2195
2026-04-06 04:00:00-04:00,24310.0,24337.25,24308.75,24329.25,2405
2026-04-06 04:15:00-04:00,24329.25,24360.25,24315.25,24350.0,2119
2026-04-06 04:30:00-04:00,24349.75,24393.25,24344.0,24389.0,2216
2026-04-06 04:45:00-04:00,24388.5,24391.25,24364.0,24370.5,1297
2026-04-06 05:00:00-04:00,24370.5,24398.25,24367.75,24379.0,1246
2026-04-06 05:15:00-04:00,24380.0,24395.5,24368.5,24381.25,1286
2026-04-06 05:30:00-04:00,24382.25,24388.75,24369.5,24370.75,769
2026-04-06 05:45:00-04:00,24371.75,24378.75,24332.0,24337.5,2200
2026-04-06 06:00:00-04:00,24338.0,24359.0,24326.5,24349.25,1399
2026-04-06 06:15:00-04:00,24350.0,24352.75,24327.75,24344.5,1086
2026-04-06 06:30:00-04:00,24343.5,24356.75,24336.5,24344.25,718
2026-04-06 06:45:00-04:00,24344.75,24347.0,24262.5,24315.5,3841
2026-04-06 07:00:00-04:00,24315.5,24316.5,24283.0,24289.5,2136
2026-04-06 07:15:00-04:00,24288.0,24311.25,24282.0,24300.75,1573
2026-04-06 07:30:00-04:00,24302.0,24315.5,24292.5,24295.0,1600
2026-04-06 07:45:00-04:00,24296.75,24316.25,24293.75,24306.5,1304
2026-04-06 08:00:00-04:00,24306.0,24311.0,24294.0,24305.0,1573
2026-04-06 08:15:00-04:00,24304.0,24317.5,24288.25,24310.0,1886
2026-04-06 08:30:00-04:00,24310.75,24329.25,24300.0,24317.25,2188
2026-04-06 08:45:00-04:00,24316.5,24338.0,24301.25,24307.0,2655
2026-04-06 09:00:00-04:00,24307.5,24313.25,24272.0,24307.5,3549
2026-04-06 09:15:00-04:00,24308.25,24314.0,24257.25,24265.0,4975
2026-04-06 09:30:00-04:00,24265.25,24373.75,24245.75,24328.25,32525
2026-04-06 09:45:00-04:00,24329.0,24416.75,24326.5,24411.0,21740
2026-04-06 10:00:00-04:00,24411.0,24452.25,24271.5,24354.75,27336
2026-04-06 10:15:00-04:00,24354.5,24391.25,24341.25,24364.75,14193
2026-04-06 10:30:00-04:00,24366.0,24390.0,24287.0,24317.0,20509
2026-04-06 10:45:00-04:00,24317.25,24327.75,24262.25,24306.25,13591
2026-04-06 11:00:00-04:00,24306.25,24337.5,24292.5,24313.5,11012
2026-04-06 11:15:00-04:00,24313.0,24323.75,24267.25,24280.75,8745
2026-04-06 11:30:00-04:00,24281.25,24298.0,24252.25,24294.0,10136
2026-04-06 11:45:00-04:00,24293.0,24332.75,24285.75,24324.0,7779
2026-04-06 12:00:00-04:00,24324.25,24329.0,24283.25,24303.75,7115
2026-04-06 12:15:00-04:00,24304.5,24323.5,24293.0,24312.5,5016
2026-04-06 12:30:00-04:00,24312.5,24346.75,24301.75,24334.25,6191
2026-04-06 12:45:00-04:00,24334.5,24344.0,24302.0,24309.25,7217
2026-04-06 13:00:00-04:00,24309.0,24311.0,24202.75,24227.0,13435
2026-04-06 13:15:00-04:00,24226.5,24312.5,24217.25,24305.75,9604
2026-04-06 13:30:00-04:00,24305.75,24334.25,24279.25,24292.75,8716
2026-04-06 13:45:00-04:00,24291.5,24292.5,24261.5,24263.5,5316
2026-04-06 14:00:00-04:00,24264.5,24326.75,24245.5,24303.5,10683
2026-04-06 14:15:00-04:00,24304.5,24364.25,24301.75,24341.75,9968
2026-04-06 14:30:00-04:00,24342.25,24358.0,24324.0,24334.5,6603
2026-04-06 14:45:00-04:00,24334.75,24355.0,24331.25,24351.25,4627
2026-04-06 15:00:00-04:00,24351.5,24356.0,24330.5,24344.75,5615
2026-04-06 15:15:00-04:00,24345.0,24349.0,24332.5,24336.25,3791
2026-04-06 15:30:00-04:00,24336.25,24350.0,24326.25,24343.5,5374
2026-04-06 15:45:00-04:00,24342.75,24376.25,24335.75,24363.75,16273
2026-04-06 16:00:00-04:00,24363.5,24370.0,24343.0,24346.25,6678
2026-04-06 16:15:00-04:00,24345.5,24349.75,24334.0,24344.25,1811
2026-04-06 16:30:00-04:00,24344.75,24356.5,24343.0,24349.0,1272
2026-04-06 16:45:00-04:00,24349.25,24353.0,24340.0,24349.75,1232
2026-04-06 18:00:00-04:00,24348.75,24384.0,24337.25,24373.75,1780
2026-04-06 18:15:00-04:00,24372.75,24378.0,24301.75,24322.25,2331
2026-04-06 18:30:00-04:00,24323.0,24328.0,24302.0,24315.0,1190
2026-04-06 18:45:00-04:00,24315.5,24326.75,24299.75,24303.25,852
2026-04-06 19:00:00-04:00,24302.25,24331.75,24302.0,24329.75,1099
2026-04-06 19:15:00-04:00,24330.0,24333.0,24309.75,24313.0,709
2026-04-06 19:30:00-04:00,24312.75,24323.25,24311.25,24314.0,357
2026-04-06 19:45:00-04:00,24314.25,24325.25,24298.25,24299.5,782
2026-04-06 20:00:00-04:00,24299.25,24323.75,24278.75,24315.25,2467
2026-04-06 20:15:00-04:00,24315.0,24358.5,24315.0,24330.0,2138
2026-04-06 20:30:00-04:00,24331.5,24335.5,24290.5,24303.25,1707
2026-04-06 20:45:00-04:00,24303.25,24322.5,24298.25,24303.5,1210
2026-04-06 21:00:00-04:00,24303.0,24310.5,24248.5,24255.0,2923
2026-04-06 21:15:00-04:00,24256.5,24283.75,24255.5,24279.5,1407
2026-04-06 21:30:00-04:00,24278.0,24282.75,24225.25,24228.75,2129
2026-04-06 21:45:00-04:00,24229.5,24240.25,24168.25,24177.0,3265
2026-04-06 22:00:00-04:00,24178.75,24188.25,24153.0,24174.0,2701
2026-04-06 22:15:00-04:00,24174.25,24197.5,24165.75,24193.75,1655
2026-04-06 22:30:00-04:00,24195.0,24209.25,24191.25,24207.75,1289
2026-04-06 22:45:00-04:00,24207.25,24220.25,24200.25,24211.0,1174
2026-04-06 23:00:00-04:00,24212.5,24219.25,24202.25,24215.0,914
2026-04-06 23:15:00-04:00,24215.25,24219.0,24192.75,24216.25,1059
2026-04-06 23:30:00-04:00,24213.25,24231.5,24212.75,24227.0,741
2026-04-06 23:45:00-04:00,24226.5,24228.75,24216.25,24220.25,403
2026-04-07 00:00:00-04:00,24221.5,24230.0,24202.0,24203.75,700
2026-04-07 00:15:00-04:00,24204.75,24242.0,24198.25,24226.0,1075
2026-04-07 00:30:00-04:00,24227.0,24249.5,24227.0,24239.0,1060
2026-04-07 00:45:00-04:00,24239.75,24264.0,24237.5,24247.25,955
2026-04-07 01:00:00-04:00,24248.25,24257.75,24241.25,24249.0,833
2026-04-07 01:15:00-04:00,24249.0,24259.5,24220.75,24224.0,1156
2026-04-07 01:30:00-04:00,24224.75,24227.75,24206.5,24206.75,1189
2026-04-07 01:45:00-04:00,24206.25,24232.0,24204.5,24228.5,738
2026-04-07 02:00:00-04:00,24228.5,24239.0,24218.25,24219.5,808
2026-04-07 02:15:00-04:00,24220.25,24243.0,24207.0,24238.5,938
2026-04-07 02:30:00-04:00,24239.75,24244.75,24219.5,24235.5,852
2026-04-07 02:45:00-04:00,24235.5,24243.0,24222.75,24241.25,562
2026-04-07 03:00:00-04:00,24242.75,24257.5,24222.5,24241.75,1395
2026-04-07 03:15:00-04:00,24241.5,24244.5,24209.25,24218.5,1406
2026-04-07 03:30:00-04:00,24219.75,24251.25,24217.5,24246.25,734
2026-04-07 03:45:00-04:00,24246.0,24249.75,24224.0,24246.25,619
2026-04-07 04:00:00-04:00,24247.75,24346.5,24246.75,24315.0,5013
2026-04-07 04:15:00-04:00,24315.25,24369.5,24305.25,24338.5,3574
2026-04-07 04:30:00-04:00,24336.5,24382.5,24333.0,24363.0,2466
2026-04-07 04:45:00-04:00,24361.25,24370.5,24346.0,24359.25,1313
2026-04-07 05:00:00-04:00,24359.5,24388.25,24352.75,24374.25,1546
2026-04-07 05:15:00-04:00,24375.0,24412.0,24368.0,24401.75,2387
2026-04-07 05:30:00-04:00,24401.5,24422.0,24386.25,24386.5,1974
2026-04-07 05:45:00-04:00,24386.5,24397.0,24371.5,24385.25,1573
2026-04-07 06:00:00-04:00,24387.0,24400.25,24295.0,24364.5,4568
2026-04-07 06:15:00-04:00,24365.25,24393.0,24314.5,24347.25,4098
2026-04-07 06:30:00-04:00,24347.5,24351.75,24270.75,24287.75,2859
2026-04-07 06:45:00-04:00,24287.0,24290.75,24185.25,24202.75,4599
2026-04-07 07:00:00-04:00,24205.5,24234.0,24195.75,24221.5,3940
2026-04-07 07:15:00-04:00,24220.75,24258.0,24220.75,24223.75,3101
2026-04-07 07:30:00-04:00,24223.75,24227.5,24178.25,24220.5,3755
2026-04-07 07:45:00-04:00,24222.0,24222.75,24200.0,24210.75,1548
2026-04-07 08:00:00-04:00,24211.0,24231.25,24133.0,24167.0,6734
2026-04-07 08:15:00-04:00,24167.25,24244.0,24140.5,24242.5,7097
2026-04-07 08:30:00-04:00,24242.75,24249.5,24193.75,24204.0,3131
2026-04-07 08:45:00-04:00,24204.5,24281.0,24179.5,24214.75,5952
2026-04-07 09:00:00-04:00,24216.25,24250.5,24196.25,24230.25,5422
2026-04-07 09:15:00-04:00,24229.5,24248.5,24212.25,24243.5,5051
2026-04-07 09:30:00-04:00,24243.5,24308.0,24188.5,24196.5,27274
2026-04-07 09:45:00-04:00,24197.0,24207.75,24118.0,24120.25,22728
2026-04-07 10:00:00-04:00,24121.25,24130.0,23994.0,24034.75,29042
2026-04-07 10:15:00-04:00,24035.0,24132.0,24030.5,24107.5,21862
2026-04-07 10:30:00-04:00,24108.25,24144.5,24059.25,24075.75,16386
2026-04-07 10:45:00-04:00,24075.25,24124.75,24006.0,24009.25,15115
2026-04-07 11:00:00-04:00,24008.75,24019.5,23941.5,24006.0,21581
2026-04-07 11:15:00-04:00,24005.5,24087.25,23997.25,24065.75,17313
2026-04-07 11:30:00-04:00,24066.75,24093.5,24042.0,24053.5,11666
2026-04-07 11:45:00-04:00,24055.0,24133.0,24052.25,24108.5,10540
2026-04-07 12:00:00-04:00,24107.5,24237.5,24105.5,24157.0,19864
2026-04-07 12:15:00-04:00,24158.25,24228.5,24147.0,24189.75,13779
2026-04-07 12:30:00-04:00,24189.5,24212.0,24175.25,24204.75,7344
2026-04-07 12:45:00-04:00,24205.75,24241.75,24199.0,24202.25,9075
2026-04-07 13:00:00-04:00,24201.75,24238.5,24190.5,24201.25,9710
2026-04-07 13:15:00-04:00,24201.0,24213.0,24169.75,24188.5,7773
2026-04-07 13:30:00-04:00,24188.75,24299.75,24183.25,24230.75,16424
2026-04-07 13:45:00-04:00,24231.25,24254.5,24215.5,24225.5,8758
2026-04-07 14:00:00-04:00,24226.0,24238.25,24197.5,24210.0,7097
2026-04-07 14:15:00-04:00,24210.75,24226.0,24187.0,24194.0,7880
2026-04-07 14:30:00-04:00,24194.25,24203.0,24152.5,24165.75,8855
2026-04-07 14:45:00-04:00,24166.25,24168.75,24076.75,24102.0,13522
2026-04-07 15:00:00-04:00,24102.5,24135.5,24083.25,24132.25,13824
2026-04-07 15:15:00-04:00,24133.0,24297.75,24125.75,24216.75,25473
2026-04-07 15:30:00-04:00,24216.5,24259.0,24191.5,24240.5,10391
2026-04-07 15:45:00-04:00,24240.5,24381.0,24223.5,24369.5,36185
2026-04-07 16:00:00-04:00,24369.25,24400.75,24345.75,24390.5,13856
2026-04-07 16:15:00-04:00,24390.75,24416.0,24359.0,24367.75,4678
2026-04-07 16:30:00-04:00,24368.0,24451.5,24363.75,24414.75,5529
2026-04-07 16:45:00-04:00,24412.25,24423.5,24388.25,24399.25,2877
2026-04-07 18:00:00-04:00,24514.0,24666.0,24502.5,24612.75,8695
2026-04-07 18:15:00-04:00,24611.25,24629.5,24590.0,24604.75,3607
2026-04-07 18:30:00-04:00,24605.5,24844.0,24355.0,24774.5,14234
2026-04-07 18:45:00-04:00,24771.75,24924.5,24765.75,24914.0,9039
2026-04-07 19:00:00-04:00,24915.0,24986.0,24913.5,24965.0,8421
2026-04-07 19:15:00-04:00,24965.75,25086.0,24962.5,25046.25,9540
2026-04-07 19:30:00-04:00,25047.25,25057.5,25016.25,25020.25,5553
2026-04-07 19:45:00-04:00,25020.75,25066.0,25010.75,25050.75,5875
2026-04-07 20:00:00-04:00,25049.75,25091.25,25026.75,25059.0,7177
2026-04-07 20:15:00-04:00,25060.0,25067.25,25029.0,25042.25,4594
2026-04-07 20:30:00-04:00,25042.25,25057.25,25007.75,25044.75,4226
2026-04-07 20:45:00-04:00,25046.75,25101.5,25041.5,25080.25,4128
2026-04-07 21:00:00-04:00,25080.0,25107.75,25069.0,25088.75,2811
2026-04-07 21:15:00-04:00,25088.0,25095.25,25040.75,25067.0,2556
2026-04-07 21:30:00-04:00,25066.25,25098.5,25064.75,25089.0,1730
2026-04-07 21:45:00-04:00,25089.5,25109.5,25083.5,25095.25,2009
2026-04-07 22:00:00-04:00,25095.5,25109.75,25093.75,25102.75,1679
2026-04-07 22:15:00-04:00,25102.5,25107.5,25095.0,25097.25,1287
2026-04-07 22:30:00-04:00,25098.0,25111.0,25091.75,25102.75,1457
2026-04-07 22:45:00-04:00,25103.75,25111.5,25100.5,25110.5,1016
2026-04-07 23:00:00-04:00,25110.25,25118.75,25102.75,25105.0,1120
2026-04-07 23:15:00-04:00,25106.0,25112.25,25086.75,25094.25,1434
2026-04-07 23:30:00-04:00,25094.25,25102.5,25091.5,25093.0,774
2026-04-07 23:45:00-04:00,25093.0,25104.5,25089.75,25102.0,853
2026-04-08 00:00:00-04:00,25103.25,25139.0,25102.5,25134.5,1817
2026-04-08 00:15:00-04:00,25135.0,25156.25,25133.0,25148.75,1995
2026-04-08 00:30:00-04:00,25147.25,25153.25,25139.0,25140.0,972
2026-04-08 00:45:00-04:00,25140.5,25143.0,25121.0,25125.25,1411
2026-04-08 01:00:00-04:00,25125.25,25135.5,25119.0,25126.75,1106
2026-04-08 01:15:00-04:00,25127.25,25163.0,25124.75,25159.0,1513
2026-04-08 01:30:00-04:00,25158.5,25176.0,25139.75,25156.0,2709
2026-04-08 01:45:00-04:00,25156.75,25195.25,25154.5,25192.25,2564
2026-04-08 02:00:00-04:00,25192.0,25201.75,25176.0,25197.25,3374
2026-04-08 02:15:00-04:00,25196.0,25202.0,25161.25,25172.75,2619
2026-04-08 02:30:00-04:00,25172.5,25186.5,25164.0,25176.5,1768
2026-04-08 02:45:00-04:00,25179.0,25188.5,25165.5,25171.25,2481
2026-04-08 03:00:00-04:00,25171.25,25174.25,25142.25,25158.25,3007
2026-04-08 03:15:00-04:00,25156.5,25190.0,25149.75,25167.25,2955
2026-04-08 03:30:00-04:00,25167.0,25167.0,25139.0,25146.5,2623
2026-04-08 03:45:00-04:00,25145.75,25158.0,25136.0,25141.75,2213
2026-04-08 04:00:00-04:00,25141.5,25158.5,25134.25,25157.75,1985
2026-04-08 04:15:00-04:00,25156.5,25176.25,25154.0,25173.0,1885
2026-04-08 04:30:00-04:00,25173.25,25190.0,25147.0,25162.0,3111
2026-04-08 04:45:00-04:00,25162.0,25225.0,25159.0,25215.25,2569
2026-04-08 05:00:00-04:00,25216.0,25245.25,25203.75,25237.0,3064
2026-04-08 05:15:00-04:00,25237.75,25240.5,25215.5,25215.5,1544
2026-04-08 05:30:00-04:00,25216.5,25221.5,25184.5,25188.5,1934
2026-04-08 05:45:00-04:00,25190.5,25220.0,25185.0,25200.0,1943
2026-04-08 06:00:00-04:00,25199.5,25213.75,25191.0,25193.5,1304
2026-04-08 06:15:00-04:00,25194.5,25221.25,25185.5,25219.75,1705
2026-04-08 06:30:00-04:00,25220.75,25231.75,25206.5,25222.75,2088
2026-04-08 06:45:00-04:00,25223.0,25225.75,25202.0,25204.5,1610
2026-04-08 07:00:00-04:00,25204.75,25211.25,25182.0,25199.0,2743
2026-04-08 07:15:00-04:00,25199.25,25233.0,25180.25,25226.75,3173
2026-04-08 07:30:00-04:00,25226.75,25235.0,25205.75,25213.5,2592
2026-04-08 07:45:00-04:00,25212.0,25228.0,25205.25,25209.25,2182
2026-04-08 08:00:00-04:00,25210.75,25257.0,25209.25,25244.5,5103
2026-04-08 08:15:00-04:00,25243.5,25245.25,25155.0,25190.0,10252
2026-04-08 08:30:00-04:00,25189.0,25205.75,25176.5,25189.0,4867
2026-04-08 08:45:00-04:00,25188.25,25221.25,25186.75,25212.75,6319
2026-04-08 09:00:00-04:00,25213.0,25237.25,25211.0,25227.0,3571
2026-04-08 09:15:00-04:00,25227.5,25230.0,25186.75,25199.5,8414
2026-04-08 09:30:00-04:00,25199.5,25249.75,25089.75,25099.5,42293
2026-04-08 09:45:00-04:00,25099.25,25161.25,25064.0,25080.75,30402
2026-04-08 10:00:00-04:00,25080.75,25105.0,25042.5,25077.75,21955
2026-04-08 10:15:00-04:00,25077.5,25093.0,25049.5,25055.25,16708
2026-04-08 10:30:00-04:00,25055.75,25067.5,25026.75,25032.75,19947
2026-04-08 10:45:00-04:00,25032.25,25039.25,24926.5,24993.0,27125
2026-04-08 11:00:00-04:00,24993.25,25044.0,24978.75,25022.5,16836
2026-04-08 11:15:00-04:00,25022.5,25037.0,25003.75,25011.25,10777
2026-04-08 11:30:00-04:00,25011.25,25061.25,25004.75,25056.0,14477
2026-04-08 11:45:00-04:00,25056.75,25089.0,25056.75,25078.5,10220
2026-04-08 12:00:00-04:00,25078.75,25116.0,25077.0,25081.5,11327
2026-04-08 12:15:00-04:00,25081.75,25098.0,25061.75,25094.75,9404
2026-04-08 12:30:00-04:00,25095.0,25137.0,25087.0,25131.5,8816
2026-04-08 12:45:00-04:00,25130.75,25157.5,25128.25,25142.25,8104
2026-04-08 13:00:00-04:00,25142.5,25156.75,25118.5,25122.75,7704
2026-04-08 13:15:00-04:00,25123.75,25130.25,25072.25,25083.0,11944
2026-04-08 13:30:00-04:00,25082.5,25099.5,25065.0,25093.25,9947
2026-04-08 13:45:00-04:00,25092.5,25101.0,25084.25,25094.25,4804
2026-04-08 14:00:00-04:00,25094.5,25131.75,25076.5,25120.25,8162
2026-04-08 14:15:00-04:00,25120.75,25131.75,25032.0,25053.75,18032
2026-04-08 14:30:00-04:00,25054.5,25072.5,25013.75,25017.0,8079
2026-04-08 14:45:00-04:00,25017.75,25029.75,24948.75,24953.25,12522
2026-04-08 15:00:00-04:00,24953.25,25011.25,24943.25,25007.25,14415
2026-04-08 15:15:00-04:00,25007.0,25012.0,24955.25,24957.75,11369
2026-04-08 15:30:00-04:00,24957.5,25016.25,24956.0,25012.75,14528
2026-04-08 15:45:00-04:00,25013.25,25097.0,25011.75,25080.0,27280
2026-04-08 16:00:00-04:00,25079.75,25095.25,25053.25,25059.5,11744
2026-04-08 16:15:00-04:00,25059.25,25076.0,25048.25,25050.0,2092
2026-04-08 16:30:00-04:00,25049.75,25052.25,25036.0,25039.0,1338
2026-04-08 16:45:00-04:00,25038.5,25049.25,25033.25,25039.0,1514
2026-04-08 18:00:00-04:00,25037.75,25065.0,25032.25,25040.75,1949
2026-04-08 18:15:00-04:00,25042.75,25047.25,25010.75,25026.75,2018
2026-04-08 18:30:00-04:00,25028.75,25049.5,25028.75,25031.0,1356
2026-04-08 18:45:00-04:00,25032.5,25036.75,25026.5,25034.5,609
2026-04-08 19:00:00-04:00,25034.25,25055.5,25023.75,25047.0,1598
2026-04-08 19:15:00-04:00,25045.0,25053.0,25030.75,25033.5,940
2026-04-08 19:30:00-04:00,25034.25,25037.75,25026.5,25030.0,946
2026-04-08 19:45:00-04:00,25031.0,25038.0,25022.5,25026.0,1012
2026-04-08 20:00:00-04:00,25026.5,25029.0,24999.0,25018.25,2542
2026-04-08 20:15:00-04:00,25018.0,25034.25,25011.0,25013.5,1812
2026-04-08 20:30:00-04:00,25011.75,25033.0,25009.5,25024.75,1321
2026-04-08 20:45:00-04:00,25025.75,25027.5,25007.0,25012.25,1127
2026-04-08 21:00:00-04:00,25012.0,25021.0,24992.5,25000.0,1730
2026-04-08 21:15:00-04:00,25001.0,25003.5,24980.5,24987.0,1904
2026-04-08 21:30:00-04:00,24989.5,25014.0,24983.75,25005.0,1514
2026-04-08 21:45:00-04:00,25004.75,25025.5,24994.25,25022.75,1373
2026-04-08 22:00:00-04:00,25022.75,25041.75,25022.75,25028.25,1666
2026-04-08 22:15:00-04:00,25027.5,25040.0,25024.0,25026.75,970
2026-04-08 22:30:00-04:00,25026.75,25038.0,25026.25,25033.0,609
2026-04-08 22:45:00-04:00,25034.25,25050.75,25030.75,25031.0,928
2026-04-08 23:00:00-04:00,25031.75,25037.25,25025.5,25028.75,569
2026-04-08 23:15:00-04:00,25027.5,25027.5,25016.25,25019.5,600
2026-04-08 23:30:00-04:00,25019.25,25034.0,25016.75,25022.25,790
2026-04-08 23:45:00-04:00,25023.0,25027.5,25009.0,25018.5,1344
2026-04-09 00:00:00-04:00,25019.5,25022.5,25009.5,25016.25,870
2026-04-09 00:15:00-04:00,25018.25,25019.5,25007.75,25013.5,487
2026-04-09 00:30:00-04:00,25013.5,25020.5,25006.0,25015.75,583
2026-04-09 00:45:00-04:00,25015.25,25023.75,25011.75,25014.0,536
2026-04-09 01:00:00-04:00,25014.5,25019.25,24994.25,25011.75,1000
2026-04-09 01:15:00-04:00,25011.25,25033.0,25011.25,25032.75,1114
2026-04-09 01:30:00-04:00,25032.75,25047.0,25026.5,25039.75,926
2026-04-09 01:45:00-04:00,25039.5,25040.25,25022.0,25028.5,656
2026-04-09 02:00:00-04:00,25030.0,25059.0,25028.5,25032.75,2461
2026-04-09 02:15:00-04:00,25032.75,25039.0,25024.75,25037.25,994
2026-04-09 02:30:00-04:00,25037.0,25042.25,25028.25,25037.75,946
2026-04-09 02:45:00-04:00,25036.25,25040.75,25017.0,25039.0,1491
2026-04-09 03:00:00-04:00,25039.75,25048.75,25012.0,25020.25,1774
2026-04-09 03:15:00-04:00,25019.75,25021.5,24996.75,25010.5,1702
2026-04-09 03:30:00-04:00,25013.0,25017.75,24972.25,24977.0,2698
2026-04-09 03:45:00-04:00,24977.5,24986.75,24965.0,24985.0,1894
2026-04-09 04:00:00-04:00,24986.0,24991.0,24953.25,24957.25,2642
2026-04-09 04:15:00-04:00,24957.0,24974.25,24953.0,24962.25,1903
2026-04-09 04:30:00-04:00,24962.0,24999.0,24962.0,24998.75,1926
2026-04-09 04:45:00-04:00,24998.75,25006.75,24968.0,24972.75,1792
2026-04-09 05:00:00-04:00,24972.5,25000.5,24964.25,24998.25,2095
2026-04-09 05:15:00-04:00,24997.5,25016.0,24995.75,25012.75,1683
2026-04-09 05:30:00-04:00,25012.0,25014.0,24993.0,25003.75,1375
2026-04-09 05:45:00-04:00,25003.75,25018.5,25001.0,25016.25,1087
2026-04-09 06:00:00-04:00,25017.25,25026.0,25007.5,25012.25,1792
2026-04-09 06:15:00-04:00,25012.0,25027.0,25002.25,25022.5,1707
2026-04-09 06:30:00-04:00,25021.0,25023.75,25003.0,25018.5,1521
2026-04-09 06:45:00-04:00,25017.25,25024.5,24981.0,24984.5,2502
2026-04-09 07:00:00-04:00,24983.75,24998.75,24978.0,24992.0,2111
2026-04-09 07:15:00-04:00,24991.0,24993.0,24976.75,24984.0,2204
2026-04-09 07:30:00-04:00,24985.0,25035.0,24983.0,25025.0,3721
2026-04-09 07:45:00-04:00,25024.75,25039.0,25020.75,25030.0,2599
2026-04-09 08:00:00-04:00,25030.25,25050.75,25029.5,25035.0,3258
2026-04-09 08:15:00-04:00,25035.0,25045.0,25027.0,25037.75,1946
2026-04-09 08:30:00-04:00,25037.5,25063.5,25016.5,25039.75,4963
2026-04-09 08:45:00-04:00,25039.25,25048.75,25021.5,25028.75,3646
2026-04-09 09:00:00-04:00,25029.25,25050.0,25026.5,25044.0,4024
2026-04-09 09:15:00-04:00,25044.0,25082.75,25037.25,25080.5,5253
2026-04-09 09:30:00-04:00,25081.0,25109.0,25019.0,25100.0,28074
2026-04-09 09:45:00-04:00,25100.5,25111.5,25005.5,25033.25,21677
2026-04-09 10:00:00-04:00,25033.0,25056.0,25001.0,25012.0,19843
2026-04-09 10:15:00-04:00,25012.25,25013.0,24963.75,24981.75,18821
2026-04-09 10:30:00-04:00,24981.75,24999.0,24960.5,24986.5,12617
2026-04-09 10:45:00-04:00,24986.25,25053.5,24984.25,25041.25,15879
2026-04-09 11:00:00-04:00,25041.5,25079.0,25016.0,25072.75,16271
2026-04-09 11:15:00-04:00,25072.75,25105.75,25051.25,25058.0,15308
2026-04-09 11:30:00-04:00,25058.25,25156.75,25048.5,25125.75,28021
2026-04-09 11:45:00-04:00,25125.5,25197.75,25108.0,25189.0,17997
2026-04-09 12:00:00-04:00,25189.0,25265.75,25188.5,25208.5,22651
2026-04-09 12:15:00-04:00,25208.75,25242.75,25203.75,25216.5,11801
2026-04-09 12:30:00-04:00,25217.0,25220.25,25168.75,25181.5,11045
2026-04-09 12:45:00-04:00,25181.0,25212.75,25161.75,25196.5,10981
2026-04-09 13:00:00-04:00,25196.75,25242.0,25188.0,25228.25,9304
2026-04-09 13:15:00-04:00,25228.0,25253.0,25221.5,25223.25,8818
2026-04-09 13:30:00-04:00,25224.25,25257.0,25189.0,25235.0,11241
2026-04-09 13:45:00-04:00,25234.75,25244.75,25216.5,25226.75,6981
2026-04-09 14:00:00-04:00,25227.0,25231.25,25150.75,25176.5,17298
2026-04-09 14:15:00-04:00,25176.25,25192.0,25145.0,25162.5,12363
2026-04-09 14:30:00-04:00,25162.25,25191.5,25145.75,25171.75,10326
2026-04-09 14:45:00-04:00,25172.0,25190.0,25161.75,25179.75,7795
2026-04-09 15:00:00-04:00,25180.25,25230.25,25175.75,25221.25,9794
2026-04-09 15:15:00-04:00,25220.5,25229.0,25204.75,25222.75,8510
2026-04-09 15:30:00-04:00,25222.5,25254.25,25220.5,25246.75,10732
2026-04-09 15:45:00-04:00,25246.5,25269.75,25239.5,25249.0,21312
2026-04-09 16:00:00-04:00,25248.75,25254.25,25220.25,25235.5,8933
2026-04-09 16:15:00-04:00,25236.25,25242.5,25229.5,25239.75,1568
2026-04-09 16:30:00-04:00,25239.75,25253.75,25239.0,25249.5,1390
2026-04-09 16:45:00-04:00,25250.0,25252.25,25235.5,25244.75,1341
2026-04-09 18:00:00-04:00,25237.0,25254.75,25225.25,25252.25,1687
2026-04-09 18:15:00-04:00,25251.0,25253.75,25212.25,25216.25,1406
2026-04-09 18:30:00-04:00,25216.25,25233.25,25212.75,25225.75,1437
2026-04-09 18:45:00-04:00,25224.5,25225.0,25202.75,25206.75,1781
2026-04-09 19:00:00-04:00,25209.25,25214.0,25193.0,25212.5,1184
2026-04-09 19:15:00-04:00,25212.0,25215.25,25206.25,25209.75,548
2026-04-09 19:30:00-04:00,25210.5,25222.25,25207.5,25214.5,838
2026-04-09 19:45:00-04:00,25214.25,25238.0,25211.0,25224.0,1298
2026-04-09 20:00:00-04:00,25224.0,25224.75,25206.0,25214.5,1153
2026-04-09 20:15:00-04:00,25213.25,25236.75,25208.0,25234.5,1031
2026-04-09 20:30:00-04:00,25234.75,25252.75,25231.5,25246.5,1563
2026-04-09 20:45:00-04:00,25246.25,25280.0,25241.5,25270.5,2095
2026-04-09 21:00:00-04:00,25270.5,25271.75,25257.5,25259.25,1318
2026-04-09 21:15:00-04:00,25258.75,25279.25,25255.75,25279.25,1051
2026-04-09 21:30:00-04:00,25278.5,25298.5,25274.25,25292.5,1938
2026-04-09 21:45:00-04:00,25292.25,25297.0,25283.25,25285.0,858
2026-04-09 22:00:00-04:00,25284.75,25290.25,25268.0,25272.25,1067
2026-04-09 22:15:00-04:00,25272.75,25273.75,25254.0,25262.0,1181
2026-04-09 22:30:00-04:00,25261.75,25278.5,25260.0,25273.5,728
2026-04-09 22:45:00-04:00,25273.0,25277.75,25271.25,25273.0,284
2026-04-09 23:00:00-04:00,25274.25,25288.25,25274.25,25286.75,594
2026-04-09 23:15:00-04:00,25286.0,25287.5,25271.0,25272.25,596
2026-04-09 23:30:00-04:00,25272.0,25303.75,25272.0,25291.25,1195
2026-04-09 23:45:00-04:00,25291.75,25297.0,25283.5,25291.75,460
2026-04-10 00:00:00-04:00,25291.75,25293.25,25275.5,25278.75,631
2026-04-10 00:15:00-04:00,25278.75,25283.5,25272.5,25277.0,444
2026-04-10 00:30:00-04:00,25276.75,25279.75,25265.5,25271.25,499
2026-04-10 00:45:00-04:00,25271.0,25273.75,25266.75,25269.25,345
2026-04-10 01:00:00-04:00,25269.5,25284.75,25269.25,25276.75,657
2026-04-10 01:15:00-04:00,25276.5,25282.25,25268.5,25269.25,433
2026-04-10 01:30:00-04:00,25270.75,25278.5,25266.0,25268.75,699
2026-04-10 01:45:00-04:00,25269.25,25273.0,25257.5,25263.0,604
2026-04-10 02:00:00-04:00,25261.75,25268.0,25248.0,25249.5,1193
2026-04-10 02:15:00-04:00,25249.25,25251.0,25235.5,25237.75,1546
2026-04-10 02:30:00-04:00,25238.25,25243.0,25222.5,25230.75,1317
2026-04-10 02:45:00-04:00,25231.5,25236.75,25218.75,25228.25,1091
2026-04-10 03:00:00-04:00,25229.25,25246.5,25225.25,25231.0,1634
2026-04-10 03:15:00-04:00,25233.5,25248.0,25223.0,25246.25,1015
2026-04-10 03:30:00-04:00,25247.75,25256.0,25231.5,25235.25,1602
2026-04-10 03:45:00-04:00,25235.5,25251.5,25228.75,25242.0,1089
2026-04-10 04:00:00-04:00,25243.0,25243.75,25213.75,25217.5,2389
2026-04-10 04:15:00-04:00,25217.0,25232.0,25202.75,25227.5,1855
2026-04-10 04:30:00-04:00,25227.5,25235.75,25220.75,25232.25,1143
2026-04-10 04:45:00-04:00,25232.0,25232.25,25203.0,25209.5,1714
2026-04-10 05:00:00-04:00,25209.5,25220.5,25206.0,25212.5,1003
2026-04-10 05:15:00-04:00,25212.75,25274.75,25211.25,25237.75,4921
2026-04-10 05:30:00-04:00,25237.5,25242.5,25221.75,25236.75,1397
2026-04-10 05:45:00-04:00,25237.5,25262.0,25235.0,25259.0,2004
2026-04-10 06:00:00-04:00,25258.5,25268.25,25240.5,25245.75,1366
2026-04-10 06:15:00-04:00,25244.5,25282.0,25243.5,25270.5,1623
2026-04-10 06:30:00-04:00,25271.25,25274.25,25255.5,25266.25,1576
2026-04-10 06:45:00-04:00,25266.75,25283.75,25264.5,25271.25,1257
2026-04-10 07:00:00-04:00,25272.0,25293.0,25270.0,25282.25,1993
2026-04-10 07:15:00-04:00,25282.25,25299.25,25280.25,25292.25,1302
2026-04-10 07:30:00-04:00,25291.25,25302.25,25279.25,25281.25,1683
2026-04-10 07:45:00-04:00,25280.75,25289.5,25261.75,25268.75,1753
2026-04-10 08:00:00-04:00,25269.25,25283.0,25263.75,25281.75,1450
2026-04-10 08:15:00-04:00,25281.0,25386.0,25273.75,25336.25,3070
2026-04-10 08:30:00-04:00,25324.5,25371.75,25291.75,25312.5,5374
2026-04-10 08:45:00-04:00,25313.0,25326.5,25298.75,25304.5,3229
2026-04-10 09:00:00-04:00,25304.0,25322.25,25295.5,25318.75,3121
2026-04-10 09:15:00-04:00,25319.25,25319.25,25292.0,25315.25,4873
2026-04-10 09:30:00-04:00,25315.25,25369.25,25290.5,25324.5,30566
2026-04-10 09:45:00-04:00,25324.5,25355.0,25301.0,25320.5,17035
2026-04-10 10:00:00-04:00,25319.0,25327.5,25268.0,25322.75,19841
2026-04-10 10:15:00-04:00,25322.5,25353.0,25312.25,25340.5,12914
2026-04-10 10:30:00-04:00,25341.5,25373.75,25306.25,25319.75,18127
2026-04-10 10:45:00-04:00,25321.25,25358.0,25311.0,25352.5,14431
2026-04-10 11:00:00-04:00,25352.5,25371.75,25328.25,25369.75,12676
2026-04-10 11:15:00-04:00,25368.75,25393.0,25344.25,25348.0,15318
2026-04-10 11:30:00-04:00,25348.25,25357.5,25286.25,25303.5,16117
2026-04-10 11:45:00-04:00,25303.5,25314.5,25244.75,25264.5,15600
2026-04-10 12:00:00-04:00,25264.5,25300.5,25248.25,25293.25,13572
2026-04-10 12:15:00-04:00,25293.25,25301.5,25270.5,25275.75,8859
2026-04-10 12:30:00-04:00,25275.75,25284.0,25222.25,25227.25,11069
2026-04-10 12:45:00-04:00,25227.75,25271.75,25225.25,25264.5,10186
2026-04-10 13:00:00-04:00,25265.5,25266.25,25227.75,25248.0,8836
2026-04-10 13:15:00-04:00,25248.25,25256.75,25228.0,25233.5,7200
2026-04-10 13:30:00-04:00,25232.75,25257.25,25223.25,25253.25,7088
2026-04-10 13:45:00-04:00,25253.5,25276.0,25248.75,25272.0,6443
2026-04-10 14:00:00-04:00,25271.75,25274.0,25240.25,25254.75,8142
2026-04-10 14:15:00-04:00,25254.5,25281.25,25254.5,25267.5,8382
2026-04-10 14:30:00-04:00,25267.0,25271.0,25238.5,25246.75,7534
2026-04-10 14:45:00-04:00,25246.5,25263.0,25243.25,25260.75,4970
2026-04-10 15:00:00-04:00,25261.25,25294.25,25259.0,25293.5,8121
2026-04-10 15:15:00-04:00,25293.25,25302.0,25283.75,25294.5,7224
2026-04-10 15:30:00-04:00,25295.25,25295.25,25259.5,25277.0,8104
2026-04-10 15:45:00-04:00,25277.0,25290.25,25261.25,25284.25,20728
2026-04-10 16:00:00-04:00,25284.25,25302.25,25276.75,25295.5,7248
2026-04-10 16:15:00-04:00,25296.0,25310.5,25295.0,25305.25,1985
2026-04-10 16:30:00-04:00,25305.0,25321.0,25301.0,25319.5,1663
2026-04-10 16:45:00-04:00,25319.25,25338.0,25308.75,25333.0,1747
2026-04-12 18:00:00-04:00,24980.0,25019.25,24904.5,25000.75,10661
2026-04-12 18:15:00-04:00,25001.5,25001.5,24942.5,24954.0,4668
2026-04-12 18:30:00-04:00,24954.75,24965.5,24928.25,24941.75,4298
2026-04-12 18:45:00-04:00,24943.5,24961.25,24939.0,24956.25,1862
2026-04-12 19:00:00-04:00,24957.25,24958.25,24929.5,24945.75,1958
2026-04-12 19:15:00-04:00,24946.5,24954.25,24934.0,24944.5,1088
2026-04-12 19:30:00-04:00,24945.0,24945.5,24928.25,24936.0,1014
2026-04-12 19:45:00-04:00,24935.5,24989.25,24922.0,24984.0,3125
2026-04-12 20:00:00-04:00,24984.0,25009.5,24950.0,25006.0,4040
2026-04-12 20:15:00-04:00,25005.25,25009.5,24990.75,24996.5,2884
2026-04-12 20:30:00-04:00,24996.0,25024.5,24988.5,25011.75,2473
2026-04-12 20:45:00-04:00,25012.25,25056.0,25010.75,25055.0,2476
2026-04-12 21:00:00-04:00,25055.5,25083.25,25052.0,25073.0,3337
2026-04-12 21:15:00-04:00,25072.0,25078.0,25060.75,25073.75,1337
2026-04-12 21:30:00-04:00,25072.5,25086.0,25059.0,25063.0,1861
2026-04-12 21:45:00-04:00,25062.25,25093.75,25059.5,25083.0,1614
2026-04-12 22:00:00-04:00,25083.25,25085.5,25057.25,25062.25,1414
2026-04-12 22:15:00-04:00,25063.25,25071.25,25056.5,25061.5,1030
2026-04-12 22:30:00-04:00,25062.0,25068.5,25056.5,25065.5,685
2026-04-12 22:45:00-04:00,25065.75,25082.5,25063.75,25077.25,1005
2026-04-12 23:00:00-04:00,25077.75,25084.25,25054.0,25055.5,1221
2026-04-12 23:15:00-04:00,25055.0,25077.5,25054.0,25072.0,903
2026-04-12 23:30:00-04:00,25071.25,25074.0,25056.75,25068.5,755
2026-04-12 23:45:00-04:00,25069.5,25070.0,25057.25,25059.75,481
2026-04-13 00:00:00-04:00,25059.75,25066.5,25049.5,25063.5,1126
2026-04-13 00:15:00-04:00,25064.0,25076.0,25059.0,25070.75,839
2026-04-13 00:30:00-04:00,25071.75,25076.25,25064.0,25067.5,668
2026-04-13 00:45:00-04:00,25067.25,25096.0,25063.25,25081.0,1091
2026-04-13 01:00:00-04:00,25081.0,25083.5,25064.25,25067.75,869
2026-04-13 01:15:00-04:00,25069.25,25089.25,25059.25,25078.5,854
2026-04-13 01:30:00-04:00,25079.75,25080.0,25064.0,25071.5,1003
2026-04-13 01:45:00-04:00,25071.75,25085.0,25070.0,25079.75,652
2026-04-13 02:00:00-04:00,25080.0,25092.5,25078.0,25088.0,1249
2026-04-13 02:15:00-04:00,25088.25,25119.0,25087.5,25108.5,1824
2026-04-13 02:30:00-04:00,25109.75,25114.25,25097.5,25101.5,886
2026-04-13 02:45:00-04:00,25102.25,25115.5,25099.75,25115.5,861
2026-04-13 03:00:00-04:00,25115.5,25128.25,25108.75,25114.25,1680
2026-04-13 03:15:00-04:00,25112.5,25121.5,25088.0,25109.75,1767
2026-04-13 03:30:00-04:00,25110.5,25117.0,25100.25,25111.5,924
2026-04-13 03:45:00-04:00,25111.5,25112.5,25093.0,25101.5,906
2026-04-13 04:00:00-04:00,25101.0,25130.25,25099.75,25112.0,1892
2026-04-13 04:15:00-04:00,25111.25,25121.75,25104.0,25118.5,1977
2026-04-13 04:30:00-04:00,25118.25,25123.0,25089.75,25103.0,2626
2026-04-13 04:45:00-04:00,25103.25,25110.75,25096.5,25097.75,1251
2026-04-13 05:00:00-04:00,25098.0,25128.25,25097.75,25109.75,1916
2026-04-13 05:15:00-04:00,25110.0,25129.5,25107.5,25122.0,880
2026-04-13 05:30:00-04:00,25122.0,25133.0,25115.75,25119.5,906
2026-04-13 05:45:00-04:00,25119.0,25122.25,25108.0,25116.0,784
2026-04-13 06:00:00-04:00,25116.5,25123.75,25112.75,25120.25,993
2026-04-13 06:15:00-04:00,25118.75,25119.75,25109.5,25119.0,755
2026-04-13 06:30:00-04:00,25120.75,25125.25,25112.0,25119.0,892
2026-04-13 06:45:00-04:00,25118.75,25164.25,25115.5,25156.75,2173
2026-04-13 07:00:00-04:00,25156.5,25194.75,25155.75,25162.25,3715
2026-04-13 07:15:00-04:00,25162.25,25163.25,25134.5,25139.0,2370
2026-04-13 07:30:00-04:00,25138.0,25141.5,25104.0,25122.75,3141
2026-04-13 07:45:00-04:00,25124.0,25129.25,25084.5,25089.25,3664
2026-04-13 08:00:00-04:00,25090.25,25119.0,25073.5,25116.0,4339
2026-04-13 08:15:00-04:00,25116.5,25129.0,25112.5,25124.75,1757
2026-04-13 08:30:00-04:00,25125.75,25152.5,25120.25,25148.25,3313
2026-04-13 08:45:00-04:00,25148.5,25179.5,25147.75,25168.75,4134
2026-04-13 09:00:00-04:00,25168.25,25181.25,25156.5,25179.0,4020
2026-04-13 09:15:00-04:00,25178.75,25217.5,25166.75,25215.25,6722
2026-04-13 09:30:00-04:00,25215.75,25238.25,25174.0,25182.0,28969
2026-04-13 09:45:00-04:00,25182.25,25310.0,25160.0,25308.0,34812
2026-04-13 10:00:00-04:00,25306.75,25333.0,25275.75,25281.5,23697
2026-04-13 10:15:00-04:00,25282.25,25299.75,25245.5,25296.25,19216
2026-04-13 10:30:00-04:00,25296.25,25319.25,25277.0,25316.0,12542
2026-04-13 10:45:00-04:00,25316.25,25360.75,25293.0,25351.75,16022
2026-04-13 11:00:00-04:00,25352.0,25352.75,25306.25,25331.0,15735
2026-04-13 11:15:00-04:00,25332.0,25340.0,25310.5,25312.25,8490
2026-04-13 11:30:00-04:00,25313.0,25355.0,25296.5,25320.0,12797
2026-04-13 11:45:00-04:00,25320.5,25328.0,25297.75,25309.5,6658
2026-04-13 12:00:00-04:00,25309.0,25344.25,25282.5,25314.5,13710
2026-04-13 12:15:00-04:00,25314.25,25396.5,25305.0,25385.0,15220
2026-04-13 12:30:00-04:00,25385.25,25423.5,25345.25,25380.5,22239
2026-04-13 12:45:00-04:00,25381.0,25435.0,25373.25,25410.75,13856
2026-04-13 13:00:00-04:00,25411.0,25422.25,25396.75,25413.5,7531
2026-04-13 13:15:00-04:00,25413.5,25439.5,25410.75,25430.0,8628
2026-04-13 13:30:00-04:00,25429.5,25438.5,25416.25,25420.0,7037
2026-04-13 13:45:00-04:00,25420.25,25420.25,25398.75,25404.0,7517
2026-04-13 14:00:00-04:00,25404.5,25425.25,25404.0,25416.5,5092
2026-04-13 14:15:00-04:00,25416.75,25418.25,25396.0,25399.75,5852
2026-04-13 14:30:00-04:00,25399.25,25426.5,25397.0,25423.5,4929
2026-04-13 14:45:00-04:00,25423.75,25454.5,25423.5,25445.25,10249
2026-04-13 15:00:00-04:00,25445.5,25454.0,25431.0,25437.25,6235
2026-04-13 15:15:00-04:00,25437.75,25461.25,25435.0,25458.75,6234
2026-04-13 15:30:00-04:00,25458.5,25485.25,25450.75,25465.5,10113
2026-04-13 15:45:00-04:00,25465.75,25550.25,25456.25,25538.25,30777
2026-04-13 16:00:00-04:00,25537.75,25559.75,25533.5,25555.25,11302
2026-04-13 16:15:00-04:00,25555.25,25563.75,25547.5,25551.5,2825
2026-04-13 16:30:00-04:00,25551.5,25581.25,25549.75,25569.75,2531
2026-04-13 16:45:00-04:00,25569.5,25599.25,25569.0,25585.5,2434
2026-04-13 18:00:00-04:00,25575.25,25597.25,25564.25,25585.75,2247
2026-04-13 18:15:00-04:00,25585.5,25591.0,25580.5,25581.25,850
2026-04-13 18:30:00-04:00,25581.25,25597.5,25577.5,25587.25,1273
2026-04-13 18:45:00-04:00,25586.5,25597.5,25579.5,25594.0,1012
2026-04-13 19:00:00-04:00,25593.75,25619.25,25587.0,25609.0,2925
2026-04-13 19:15:00-04:00,25609.0,25613.75,25601.0,25601.25,852
2026-04-13 19:30:00-04:00,25601.0,25607.5,25595.0,25606.0,1386
2026-04-13 19:45:00-04:00,25605.5,25613.0,25583.0,25585.25,1753
2026-04-13 20:00:00-04:00,25585.0,25588.25,25560.0,25579.25,2378
2026-04-13 20:15:00-04:00,25579.25,25588.75,25566.25,25575.25,1659
2026-04-13 20:30:00-04:00,25574.75,25600.0,25574.25,25592.5,1608
2026-04-13 20:45:00-04:00,25592.25,25594.75,25582.25,25590.25,721
2026-04-13 21:00:00-04:00,25590.75,25591.25,25571.25,25588.0,989
2026-04-13 21:15:00-04:00,25588.5,25593.5,25580.25,25585.5,695
2026-04-13 21:30:00-04:00,25584.0,25588.5,25572.75,25585.75,971
2026-04-13 21:45:00-04:00,25585.0,25588.25,25578.0,25581.25,589
2026-04-13 22:00:00-04:00,25582.0,25596.75,25575.75,25595.25,847
2026-04-13 22:15:00-04:00,25594.5,25597.75,25582.25,25590.75,642
2026-04-13 22:30:00-04:00,25590.5,25596.75,25582.5,25593.75,638
2026-04-13 22:45:00-04:00,25594.0,25597.0,25589.5,25596.5,567
2026-04-13 23:00:00-04:00,25595.75,25595.75,25579.75,25583.5,710
2026-04-13 23:15:00-04:00,25583.25,25586.0,25574.5,25578.5,583
2026-04-13 23:30:00-04:00,25578.25,25581.25,25575.25,25579.75,372
2026-04-13 23:45:00-04:00,25579.25,25586.0,25576.5,25582.75,419
2026-04-14 00:00:00-04:00,25583.0,25585.75,25580.75,25581.5,201
2026-04-14 00:15:00-04:00,25582.0,25592.75,25581.75,25588.75,734
2026-04-14 00:30:00-04:00,25588.0,25590.75,25584.0,25586.25,370
2026-04-14 00:45:00-04:00,25587.0,25594.5,25586.75,25593.75,350
2026-04-14 01:00:00-04:00,25593.5,25596.0,25590.0,25594.0,298
2026-04-14 01:15:00-04:00,25594.25,25598.25,25584.5,25593.5,651
2026-04-14 01:30:00-04:00,25593.0,25593.0,25571.5,25577.25,1068
2026-04-14 01:45:00-04:00,25577.25,25582.25,25572.0,25574.25,489
2026-04-14 02:00:00-04:00,25574.5,25580.75,25566.5,25573.5,1048
2026-04-14 02:15:00-04:00,25573.25,25576.5,25564.5,25574.25,918
2026-04-14 02:30:00-04:00,25573.75,25593.25,25569.75,25586.5,1279
2026-04-14 02:45:00-04:00,25586.5,25589.5,25575.75,25584.75,847
2026-04-14 03:00:00-04:00,25586.0,25637.5,25581.5,25619.25,4100
2026-04-14 03:15:00-04:00,25620.0,25631.5,25609.25,25621.75,1706
2026-04-14 03:30:00-04:00,25622.75,25643.5,25616.0,25619.25,2199
2026-04-14 03:45:00-04:00,25619.0,25627.0,25606.5,25618.0,947
2026-04-14 04:00:00-04:00,25618.25,25637.0,25609.75,25633.0,1712
2026-04-14 04:15:00-04:00,25632.5,25645.0,25619.0,25644.75,1409
2026-04-14 04:30:00-04:00,25643.75,25656.75,25634.75,25654.0,1401
2026-04-14 04:45:00-04:00,25654.5,25665.0,25652.5,25662.5,1230
2026-04-14 05:00:00-04:00,25663.0,25674.0,25662.75,25669.5,1668
2026-04-14 05:15:00-04:00,25668.5,25673.25,25651.25,25652.0,1309
2026-04-14 05:30:00-04:00,25651.0,25651.25,25639.75,25641.5,1349
2026-04-14 05:45:00-04:00,25642.0,25642.25,25631.75,25638.25,1084
2026-04-14 06:00:00-04:00,25638.0,25653.25,25627.0,25652.25,1587
2026-04-14 06:15:00-04:00,25651.25,25655.5,25636.0,25648.0,1176
2026-04-14 06:30:00-04:00,25648.5,25649.25,25622.75,25624.75,1793
2026-04-14 06:45:00-04:00,25625.25,25639.5,25623.5,25625.75,973
2026-04-14 07:00:00-04:00,25625.0,25645.75,25620.0,25639.0,1264
2026-04-14 07:15:00-04:00,25639.25,25659.75,25638.25,25657.0,1494
2026-04-14 07:30:00-04:00,25655.75,25662.25,25650.25,25653.25,1186
2026-04-14 07:45:00-04:00,25653.5,25698.0,25651.25,25666.75,3965
2026-04-14 08:00:00-04:00,25667.5,25694.0,25666.25,25674.75,3046
2026-04-14 08:15:00-04:00,25674.0,25701.0,25656.5,25694.5,3402
2026-04-14 08:30:00-04:00,25692.75,25723.0,25666.25,25679.0,5572
2026-04-14 08:45:00-04:00,25679.0,25681.5,25660.0,25676.25,2835
2026-04-14 09:00:00-04:00,25675.5,25677.25,25665.25,25672.5,2372
2026-04-14 09:15:00-04:00,25672.25,25682.25,25651.75,25656.5,5588
2026-04-14 09:30:00-04:00,25656.25,25754.75,25656.0,25748.5,34976
2026-04-14 09:45:00-04:00,25748.25,25763.75,25717.25,25722.25,19798
2026-04-14 10:00:00-04:00,25721.5,25777.0,25712.0,25775.0,18427
2026-04-14 10:15:00-04:00,25775.0,25806.25,25765.0,25803.75,18233
2026-04-14 10:30:00-04:00,25803.75,25817.75,25780.5,25786.25,15066
2026-04-14 10:45:00-04:00,25786.5,25820.25,25783.5,25806.0,12417
2026-04-14 11:00:00-04:00,25805.75,25807.0,25762.5,25786.0,13120
2026-04-14 11:15:00-04:00,25785.75,25846.0,25782.75,25834.0,16243
2026-04-14 11:30:00-04:00,25833.5,25874.0,25832.5,25862.75,13396
2026-04-14 11:45:00-04:00,25863.5,25899.75,25862.5,25875.75,13960
2026-04-14 12:00:00-04:00,25876.0,25896.25,25872.0,25890.5,8954
2026-04-14 12:15:00-04:00,25891.0,25931.5,25890.25,25927.75,10844
2026-04-14 12:30:00-04:00,25927.75,25935.0,25908.0,25926.0,10552
2026-04-14 12:45:00-04:00,25925.75,25938.0,25904.0,25914.0,9907
2026-04-14 13:00:00-04:00,25914.25,25928.5,25911.75,25924.5,7283
2026-04-14 13:15:00-04:00,25924.75,25959.5,25922.25,25943.25,10378
2026-04-14 13:30:00-04:00,25943.0,25967.75,25941.5,25964.25,6979
2026-04-14 13:45:00-04:00,25963.75,25969.25,25951.5,25958.0,6645
2026-04-14 14:00:00-04:00,25958.75,25964.75,25935.5,25937.0,6756
2026-04-14 14:15:00-04:00,25937.25,25939.75,25884.25,25909.75,17043
2026-04-14 14:30:00-04:00,25909.75,25936.0,25905.0,25910.0,9989
2026-04-14 14:45:00-04:00,25909.25,25919.75,25902.25,25917.75,6744
2026-04-14 15:00:00-04:00,25917.5,25971.25,25915.0,25959.5,12662
2026-04-14 15:15:00-04:00,25959.25,25990.0,25959.25,25987.75,10172
2026-04-14 15:30:00-04:00,25988.25,25995.75,25960.25,25972.5,13586
2026-04-14 15:45:00-04:00,25972.5,26003.25,25954.0,26000.75,29652
2026-04-14 16:00:00-04:00,26000.5,26003.0,25972.0,25993.25,11026
2026-04-14 16:15:00-04:00,25992.75,25999.0,25989.25,25993.25,2140
2026-04-14 16:30:00-04:00,25993.25,25998.0,25981.75,25997.5,1755
2026-04-14 16:45:00-04:00,25996.75,25999.75,25989.0,25990.0,1307
2026-04-14 18:00:00-04:00,25985.75,26015.0,25976.5,26002.25,3129
2026-04-14 18:15:00-04:00,26002.5,26012.5,26002.0,26004.0,850
2026-04-14 18:30:00-04:00,26003.25,26007.75,25991.75,26002.0,1075
2026-04-14 18:45:00-04:00,26001.5,26003.75,25993.75,25995.75,575
2026-04-14 19:00:00-04:00,25995.75,26012.0,25993.5,26005.0,742
2026-04-14 19:15:00-04:00,26004.5,26015.0,26002.25,26012.25,780
2026-04-14 19:30:00-04:00,26011.75,26030.0,26005.0,26023.25,2398
2026-04-14 19:45:00-04:00,26024.0,26035.5,26016.0,26018.25,1754
2026-04-14 20:00:00-04:00,26017.5,26022.0,26006.25,26016.5,1598
2026-04-14 20:15:00-04:00,26016.0,26023.0,26010.0,26018.5,1363
2026-04-14 20:30:00-04:00,26018.25,26021.5,25995.0,26000.0,1782
2026-04-14 20:45:00-04:00,26000.25,26021.5,25998.0,26018.75,1649
2026-04-14 21:00:00-04:00,26017.75,26037.75,26014.0,26033.75,1564
2026-04-14 21:15:00-04:00,26034.75,26040.75,26029.75,26037.25,1392
2026-04-14 21:30:00-04:00,26036.25,26039.0,26024.0,26034.25,1212
2026-04-14 21:45:00-04:00,26035.5,26042.5,26034.0,26038.5,616
2026-04-14 22:00:00-04:00,26037.75,26038.5,26022.5,26024.0,914
2026-04-14 22:15:00-04:00,26023.25,26029.0,26011.75,26012.25,880
2026-04-14 22:30:00-04:00,26011.75,26013.0,25990.0,25999.25,2139
2026-04-14 22:45:00-04:00,25999.5,26003.0,25993.0,25996.0,863
2026-04-14 23:00:00-04:00,25995.5,26004.5,25995.0,25998.75,836
2026-04-14 23:15:00-04:00,25998.0,26004.5,25995.5,26002.0,578
2026-04-14 23:30:00-04:00,26002.75,26015.5,26001.25,26012.25,906
2026-04-14 23:45:00-04:00,26012.0,26026.25,26008.5,26021.75,889
2026-04-15 00:00:00-04:00,26021.5,26025.5,26017.25,26020.5,422
2026-04-15 00:15:00-04:00,26021.0,26025.5,26020.0,26023.25,366
2026-04-15 00:30:00-04:00,26024.0,26025.25,26017.75,26019.25,400
2026-04-15 00:45:00-04:00,26019.25,26021.0,26009.75,26014.0,704
2026-04-15 01:00:00-04:00,26014.0,26058.0,25999.0,26009.5,4034
2026-04-15 01:15:00-04:00,26009.5,26010.5,25978.75,25986.75,1557
2026-04-15 01:30:00-04:00,25987.25,25988.25,25967.0,25971.25,1717
2026-04-15 01:45:00-04:00,25971.5,25981.5,25966.0,25978.5,1425
2026-04-15 02:00:00-04:00,25979.0,25989.5,25970.5,25973.5,1272
2026-04-15 02:15:00-04:00,25973.25,25983.75,25968.0,25983.0,681
2026-04-15 02:30:00-04:00,25982.0,25998.0,25981.5,25996.75,1048
2026-04-15 02:45:00-04:00,25997.25,25997.75,25983.0,25988.0,1034
2026-04-15 03:00:00-04:00,25988.5,25999.0,25981.5,25992.75,1383
2026-04-15 03:15:00-04:00,25993.0,25993.75,25977.0,25987.0,1298
2026-04-15 03:30:00-04:00,25987.5,26005.0,25986.0,25998.5,1376
2026-04-15 03:45:00-04:00,25997.75,26009.25,25970.5,26004.75,2194
2026-04-15 04:00:00-04:00,26004.5,26015.0,26001.5,26010.0,1525
2026-04-15 04:15:00-04:00,26011.0,26024.5,26000.0,26022.75,1605
2026-04-15 04:30:00-04:00,26022.5,26030.5,26019.25,26024.5,1069
2026-04-15 04:45:00-04:00,26023.25,26038.0,26019.75,26032.0,954
2026-04-15 05:00:00-04:00,26032.0,26038.25,25987.75,25993.0,2991
2026-04-15 05:15:00-04:00,25993.0,26002.25,25982.75,25991.0,1523
2026-04-15 05:30:00-04:00,25990.5,25998.5,25978.75,25982.75,931
2026-04-15 05:45:00-04:00,25982.25,25990.0,25975.0,25978.25,992
2026-04-15 06:00:00-04:00,25978.75,25998.5,25973.75,25984.75,1681
2026-04-15 06:15:00-04:00,25983.75,25985.0,25940.5,25949.0,4276
2026-04-15 06:30:00-04:00,25949.25,25979.75,25933.75,25979.0,3339
2026-04-15 06:45:00-04:00,25979.25,25989.25,25972.0,25985.25,1970
2026-04-15 07:00:00-04:00,25985.5,25999.75,25978.5,25996.5,1782
2026-04-15 07:15:00-04:00,25996.75,25999.0,25972.5,25980.5,2555
2026-04-15 07:30:00-04:00,25979.75,26006.25,25977.5,25988.75,2272
2026-04-15 07:45:00-04:00,25989.0,26048.0,25980.0,25998.25,4117
2026-04-15 08:00:00-04:00,25998.5,26006.25,25964.25,25966.0,3802
2026-04-15 08:15:00-04:00,25965.5,25981.5,25960.5,25975.0,2330
2026-04-15 08:30:00-04:00,25974.5,26007.25,25970.0,26002.75,2947
2026-04-15 08:45:00-04:00,26002.25,26006.25,25988.75,25990.0,2080
2026-04-15 09:00:00-04:00,25990.0,26000.5,25979.0,25998.0,3132
2026-04-15 09:15:00-04:00,25997.75,26026.0,25991.0,26023.75,5938
2026-04-15 09:30:00-04:00,26023.5,26059.75,25982.25,25989.0,33048
2026-04-15 09:45:00-04:00,25990.0,26072.25,25990.0,26068.5,20904
2026-04-15 10:00:00-04:00,26069.25,26093.0,26048.5,26090.75,15800
2026-04-15 10:15:00-04:00,26090.5,26134.25,26071.25,26133.25,21006
2026-04-15 10:30:00-04:00,26133.25,26152.75,26106.5,26145.0,20051
2026-04-15 10:45:00-04:00,26145.0,26176.25,26137.25,26163.0,12268
2026-04-15 11:00:00-04:00,26163.0,26188.0,26138.75,26185.25,16634
2026-04-15 11:15:00-04:00,26185.25,26202.0,26178.0,26191.75,11986
2026-04-15 11:30:00-04:00,26191.75,26209.75,26167.0,26202.5,11768
2026-04-15 11:45:00-04:00,26202.75,26215.5,26186.25,26196.75,11541
2026-04-15 12:00:00-04:00,26197.25,26224.25,26187.0,26217.75,7908
2026-04-15 12:15:00-04:00,26218.0,26251.5,26211.75,26216.25,12175
2026-04-15 12:30:00-04:00,26216.0,26220.0,26144.0,26146.25,18036
2026-04-15 12:45:00-04:00,26146.0,26166.75,26102.25,26144.25,20660
2026-04-15 13:00:00-04:00,26144.25,26181.25,26136.75,26170.5,10172
2026-04-15 13:15:00-04:00,26170.5,26199.75,26165.25,26187.25,9399
2026-04-15 13:30:00-04:00,26187.5,26220.0,26177.25,26183.25,10404
2026-04-15 13:45:00-04:00,26183.75,26214.25,26183.75,26190.75,7726
2026-04-15 14:00:00-04:00,26190.25,26250.5,26173.25,26242.25,15169
2026-04-15 14:15:00-04:00,26242.5,26258.0,26230.25,26247.75,8768
2026-04-15 14:30:00-04:00,26247.5,26287.75,26247.25,26272.0,12207
2026-04-15 14:45:00-04:00,26272.0,26315.25,26270.0,26303.25,9762
2026-04-15 15:00:00-04:00,26303.0,26327.0,26292.25,26304.5,13976
2026-04-15 15:15:00-04:00,26304.75,26338.25,26303.75,26336.5,8594
2026-04-15 15:30:00-04:00,26336.25,26359.0,26330.25,26337.0,12408
2026-04-15 15:45:00-04:00,26336.5,26377.5,26329.25,26364.25,30287
2026-04-15 16:00:00-04:00,26364.25,26371.25,26330.0,26340.75,9870
2026-04-15 16:15:00-04:00,26340.5,26355.0,26340.5,26350.0,2187
2026-04-15 16:30:00-04:00,26350.5,26359.75,26343.75,26349.5,2381
2026-04-15 16:45:00-04:00,26349.0,26361.0,26343.0,26359.5,1955
2026-04-15 18:00:00-04:00,26350.0,26376.75,26345.0,26367.25,1775
2026-04-15 18:15:00-04:00,26367.5,26376.75,26365.0,26370.5,910
2026-04-15 18:30:00-04:00,26371.75,26390.75,26371.75,26381.0,1206
2026-04-15 18:45:00-04:00,26382.0,26393.25,26380.5,26389.75,927
2026-04-15 19:00:00-04:00,26389.5,26399.0,26386.5,26396.5,910
2026-04-15 19:15:00-04:00,26395.5,26399.0,26383.5,26389.75,770
2026-04-15 19:30:00-04:00,26389.75,26399.0,26385.75,26397.75,687
2026-04-15 19:45:00-04:00,26398.0,26419.0,26395.5,26407.0,1789
2026-04-15 20:00:00-04:00,26408.0,26416.5,26388.75,26411.5,2228
2026-04-15 20:15:00-04:00,26411.0,26424.5,26403.25,26404.5,1815
2026-04-15 20:30:00-04:00,26406.0,26424.25,26405.0,26423.0,1319
2026-04-15 20:45:00-04:00,26422.75,26445.0,26419.25,26437.75,2048
2026-04-15 21:00:00-04:00,26437.5,26441.0,26426.0,26437.0,1605
2026-04-15 21:15:00-04:00,26437.0,26449.75,26434.25,26440.75,1412
2026-04-15 21:30:00-04:00,26439.75,26465.25,26430.25,26453.75,2112
2026-04-15 21:45:00-04:00,26453.5,26457.5,26439.75,26440.75,1215
2026-04-15 22:00:00-04:00,26440.75,26453.75,26440.25,26445.25,897
2026-04-15 22:15:00-04:00,26444.5,26450.0,26440.25,26448.25,736
2026-04-15 22:30:00-04:00,26448.5,26459.0,26443.5,26453.5,815
2026-04-15 22:45:00-04:00,26455.0,26456.0,26439.75,26442.5,853
2026-04-15 23:00:00-04:00,26442.0,26460.5,26442.0,26451.75,1096
2026-04-15 23:15:00-04:00,26451.75,26454.0,26444.0,26445.5,698
2026-04-15 23:30:00-04:00,26446.75,26450.25,26437.5,26446.5,1030
2026-04-15 23:45:00-04:00,26446.5,26453.25,26442.75,26443.5,551
2026-04-16 00:00:00-04:00,26442.75,26444.0,26433.75,26439.25,1017
2026-04-16 00:15:00-04:00,26439.25,26444.5,26430.75,26433.5,600
2026-04-16 00:30:00-04:00,26434.5,26435.25,26429.0,26434.0,453
2026-04-16 00:45:00-04:00,26433.75,26439.25,26432.0,26434.5,413
2026-04-16 01:00:00-04:00,26435.0,26435.75,26416.5,26420.25,1378
2026-04-16 01:15:00-04:00,26419.5,26445.75,26417.25,26443.0,963
2026-04-16 01:30:00-04:00,26443.5,26457.25,26442.75,26447.75,1859
2026-04-16 01:45:00-04:00,26448.25,26461.25,26447.5,26455.0,900
2026-04-16 02:00:00-04:00,26455.75,26486.0,26455.25,26482.25,3024
2026-04-16 02:15:00-04:00,26482.25,26485.5,26464.25,26475.75,1755
2026-04-16 02:30:00-04:00,26478.0,26484.0,26464.5,26476.75,1282
2026-04-16 02:45:00-04:00,26476.75,26485.0,26474.75,26480.75,946
2026-04-16 03:00:00-04:00,26479.75,26481.5,26456.5,26460.25,1888
2026-04-16 03:15:00-04:00,26460.5,26481.0,26459.25,26476.25,1106
2026-04-16 03:30:00-04:00,26476.25,26488.0,26469.5,26482.0,1434
2026-04-16 03:45:00-04:00,26481.25,26482.75,26452.25,26460.0,1559
2026-04-16 04:00:00-04:00,26459.5,26464.5,26424.25,26428.25,3426
2026-04-16 04:15:00-04:00,26429.0,26441.0,26423.0,26428.25,2100
2026-04-16 04:30:00-04:00,26428.75,26433.75,26408.5,26430.5,2195
2026-04-16 04:45:00-04:00,26431.25,26444.0,26427.5,26440.5,1135
2026-04-16 05:00:00-04:00,26440.5,26458.0,26437.5,26452.75,1607
2026-04-16 05:15:00-04:00,26453.5,26456.0,26445.0,26446.75,824
2026-04-16 05:30:00-04:00,26446.75,26455.0,26445.5,26445.75,749
2026-04-16 05:45:00-04:00,26446.0,26454.0,26433.75,26453.25,1229
2026-04-16 06:00:00-04:00,26453.75,26465.75,26448.75,26452.75,1062
2026-04-16 06:15:00-04:00,26451.5,26453.75,26431.25,26432.75,1320
2026-04-16 06:30:00-04:00,26433.25,26433.25,26379.0,26384.25,3942
2026-04-16 06:45:00-04:00,26385.0,26408.75,26364.5,26406.0,3503
2026-04-16 07:00:00-04:00,26407.5,26422.5,26405.0,26411.0,2773
2026-04-16 07:15:00-04:00,26410.5,26417.25,26383.0,26396.25,1913
2026-04-16 07:30:00-04:00,26397.0,26421.5,26397.0,26407.25,1963
2026-04-16 07:45:00-04:00,26406.25,26425.25,26402.25,26418.25,1293
2026-04-16 08:00:00-04:00,26419.0,26430.5,26400.0,26412.0,2624
2026-04-16 08:15:00-04:00,26411.0,26427.0,26407.0,26425.5,1414
2026-04-16 08:30:00-04:00,26427.75,26432.5,26404.75,26414.75,2611
2026-04-16 08:45:00-04:00,26414.0,26414.75,26392.75,26402.0,2676
2026-04-16 09:00:00-04:00,26402.0,26428.0,26400.25,26413.5,3190
2026-04-16 09:15:00-04:00,26412.75,26451.0,26394.75,26439.75,7366
2026-04-16 09:30:00-04:00,26439.0,26453.25,26345.25,26396.0,40308
2026-04-16 09:45:00-04:00,26395.25,26395.25,26275.5,26321.25,31910
2026-04-16 10:00:00-04:00,26321.25,26386.5,26290.5,26358.0,24907
2026-04-16 10:15:00-04:00,26357.25,26370.5,26311.0,26352.0,21228
2026-04-16 10:30:00-04:00,26352.75,26392.5,26348.5,26389.5,16566
2026-04-16 10:45:00-04:00,26389.5,26422.75,26385.0,26404.25,18892
2026-04-16 11:00:00-04:00,26403.75,26486.0,26403.75,26469.25,20351
2026-04-16 11:15:00-04:00,26468.75,26506.0,26458.0,26458.0,17884
2026-04-16 11:30:00-04:00,26458.25,26543.0,26452.25,26498.75,22535
2026-04-16 11:45:00-04:00,26498.25,26537.75,26472.25,26533.25,13801
2026-04-16 12:00:00-04:00,26533.75,26554.0,26526.0,26551.75,10588
2026-04-16 12:15:00-04:00,26551.75,26564.0,26515.0,26517.75,11233
2026-04-16 12:30:00-04:00,26518.0,26523.0,26430.5,26497.0,22190
2026-04-16 12:45:00-04:00,26496.5,26520.0,26469.5,26473.25,12963
2026-04-16 13:00:00-04:00,26474.25,26482.0,26442.0,26443.25,14466
2026-04-16 13:15:00-04:00,26443.5,26488.75,26431.0,26476.0,14428
2026-04-16 13:30:00-04:00,26476.5,26506.5,26463.5,26501.75,9784
2026-04-16 13:45:00-04:00,26502.25,26509.75,26436.5,26460.75,12833
2026-04-16 14:00:00-04:00,26460.25,26484.25,26392.0,26418.75,20892
2026-04-16 14:15:00-04:00,26417.75,26427.5,26355.0,26373.5,18010
2026-04-16 14:30:00-04:00,26373.75,26443.75,26372.0,26436.25,17748
2026-04-16 14:45:00-04:00,26436.0,26452.25,26418.5,26438.0,12329
2026-04-16 15:00:00-04:00,26438.0,26466.75,26434.25,26444.0,12066
2026-04-16 15:15:00-04:00,26443.5,26460.0,26441.75,26445.25,8233
2026-04-16 15:30:00-04:00,26445.25,26481.0,26439.75,26469.0,10865
2026-04-16 15:45:00-04:00,26469.0,26498.5,26459.75,26484.75,23220
2026-04-16 16:00:00-04:00,26484.25,26490.75,26440.75,26456.5,11104
2026-04-16 16:15:00-04:00,26456.25,26461.0,26452.0,26458.0,1742
2026-04-16 16:30:00-04:00,26458.5,26468.75,26454.5,26463.75,1934
2026-04-16 16:45:00-04:00,26464.25,26471.5,26460.5,26464.25,1635
2026-04-16 18:00:00-04:00,26460.0,26483.5,26445.25,26476.75,2131
2026-04-16 18:15:00-04:00,26475.75,26484.5,26470.75,26482.25,1196
2026-04-16 18:30:00-04:00,26482.25,26487.25,26480.0,26484.25,753
2026-04-16 18:45:00-04:00,26484.0,26484.5,26473.0,26475.25,589
2026-04-16 19:00:00-04:00,26473.5,26484.0,26470.25,26473.25,674
2026-04-16 19:15:00-04:00,26472.75,26488.0,26471.25,26477.25,909
2026-04-16 19:30:00-04:00,26477.0,26488.5,26472.0,26482.0,710
2026-04-16 19:45:00-04:00,26481.75,26483.25,26473.25,26479.5,713
2026-04-16 20:00:00-04:00,26479.75,26484.0,26457.75,26462.0,2209
2026-04-16 20:15:00-04:00,26460.75,26494.5,26456.0,26490.5,2224
2026-04-16 20:30:00-04:00,26490.5,26497.25,26484.5,26486.75,1142
2026-04-16 20:45:00-04:00,26487.0,26495.0,26484.25,26487.5,652
2026-04-16 21:00:00-04:00,26487.5,26497.75,26482.0,26492.75,1006
2026-04-16 21:15:00-04:00,26491.75,26497.5,26480.5,26482.75,1861
2026-04-16 21:30:00-04:00,26484.25,26494.5,26483.5,26491.25,587
2026-04-16 21:45:00-04:00,26491.0,26497.0,26486.75,26488.25,649
2026-04-16 22:00:00-04:00,26489.25,26495.0,26469.75,26478.75,958
2026-04-16 22:15:00-04:00,26479.75,26481.25,26455.0,26467.75,1271
2026-04-16 22:30:00-04:00,26467.5,26476.5,26465.75,26468.0,565
2026-04-16 22:45:00-04:00,26468.25,26472.0,26461.0,26465.0,663
2026-04-16 23:00:00-04:00,26464.75,26468.25,26452.25,26455.5,702
2026-04-16 23:15:00-04:00,26455.25,26462.0,26451.25,26457.0,527
2026-04-16 23:30:00-04:00,26458.0,26458.75,26449.5,26455.0,625
2026-04-16 23:45:00-04:00,26455.75,26462.5,26453.75,26459.25,476
2026-04-17 00:00:00-04:00,26459.25,26473.0,26456.0,26471.75,700
2026-04-17 00:15:00-04:00,26471.5,26481.75,26471.5,26475.75,688
2026-04-17 00:30:00-04:00,26476.25,26479.0,26467.5,26469.25,447
2026-04-17 00:45:00-04:00,26468.25,26475.25,26461.5,26463.25,508
2026-04-17 01:00:00-04:00,26463.25,26464.25,26440.0,26457.5,1270
2026-04-17 01:15:00-04:00,26457.0,26458.5,26449.0,26456.25,474
2026-04-17 01:30:00-04:00,26456.5,26467.75,26443.25,26464.0,959
2026-04-17 01:45:00-04:00,26465.25,26470.0,26463.0,26465.5,415
2026-04-17 02:00:00-04:00,26466.0,26480.25,26461.0,26473.25,1180
2026-04-17 02:15:00-04:00,26472.75,26478.75,26458.5,26459.0,1099
2026-04-17 02:30:00-04:00,26458.0,26458.25,26446.75,26456.25,1003
2026-04-17 02:45:00-04:00,26455.5,26465.25,26453.25,26456.75,495
2026-04-17 03:00:00-04:00,26457.0,26486.5,26457.0,26480.0,1664
2026-04-17 03:15:00-04:00,26480.25,26482.5,26464.25,26470.25,972
2026-04-17 03:30:00-04:00,26470.75,26483.25,26468.75,26482.75,910
2026-04-17 03:45:00-04:00,26481.75,26492.25,26473.0,26488.25,1123
2026-04-17 04:00:00-04:00,26488.75,26495.25,26476.75,26484.5,1109
2026-04-17 04:15:00-04:00,26483.5,26500.0,26479.75,26497.75,1181
2026-04-17 04:30:00-04:00,26497.75,26514.75,26491.5,26512.75,1435
2026-04-17 04:45:00-04:00,26512.5,26521.0,26506.5,26518.75,1029
2026-04-17 05:00:00-04:00,26518.75,26528.0,26513.25,26518.25,1288
2026-04-17 05:15:00-04:00,26518.0,26528.5,26506.25,26527.5,1251
2026-04-17 05:30:00-04:00,26527.5,26528.5,26508.75,26520.0,1162
2026-04-17 05:45:00-04:00,26520.75,26541.5,26512.5,26537.0,2157
2026-04-17 06:00:00-04:00,26537.0,26547.0,26532.0,26543.5,1896
2026-04-17 06:15:00-04:00,26543.25,26543.5,26520.25,26523.75,1297
2026-04-17 06:30:00-04:00,26523.75,26524.75,26505.5,26510.5,1316
2026-04-17 06:45:00-04:00,26510.75,26531.0,26508.0,26526.5,1146
2026-04-17 07:00:00-04:00,26525.75,26536.75,26521.75,26530.75,1308
2026-04-17 07:15:00-04:00,26530.25,26547.5,26530.0,26543.0,1466
2026-04-17 07:30:00-04:00,26543.25,26554.75,26540.25,26551.75,2021
2026-04-17 07:45:00-04:00,26552.75,26568.25,26550.0,26565.75,2158
2026-04-17 08:00:00-04:00,26566.5,26595.0,26561.5,26589.75,3679
2026-04-17 08:15:00-04:00,26590.75,26625.0,26570.25,26620.0,5870
2026-04-17 08:30:00-04:00,26620.25,26645.75,26606.25,26608.25,5687
2026-04-17 08:45:00-04:00,26607.5,26745.75,26602.25,26741.5,17557
2026-04-17 09:00:00-04:00,26742.0,26817.75,26699.25,26804.5,17059
2026-04-17 09:15:00-04:00,26805.25,26807.25,26684.0,26692.25,19538
2026-04-17 09:30:00-04:00,26692.5,26720.25,26629.5,26705.5,38001
2026-04-17 09:45:00-04:00,26706.0,26739.0,26632.25,26731.25,32553
2026-04-17 10:00:00-04:00,26731.75,26776.0,26725.0,26769.25,20422
2026-04-17 10:15:00-04:00,26769.5,26770.75,26714.5,26739.75,18220
2026-04-17 10:30:00-04:00,26740.0,26838.0,26740.0,26832.0,23196
2026-04-17 10:45:00-04:00,26832.25,26855.75,26802.0,26827.25,21179
2026-04-17 11:00:00-04:00,26827.75,26855.25,26811.0,26821.0,17737
2026-04-17 11:15:00-04:00,26821.5,26850.0,26807.0,26842.25,14821
2026-04-17 11:30:00-04:00,26842.75,26877.0,26816.5,26817.5,17237
2026-04-17 11:45:00-04:00,26817.25,26852.5,26799.25,26804.75,14516
2026-04-17 12:00:00-04:00,26804.75,26862.5,26791.5,26848.0,13448
2026-04-17 12:15:00-04:00,26847.0,26858.5,26823.75,26856.0,10579
2026-04-17 12:30:00-04:00,26856.75,26884.75,26856.25,26871.5,12042
2026-04-17 12:45:00-04:00,26872.5,26882.5,26853.5,26859.25,7997
2026-04-17 13:00:00-04:00,26859.5,26877.25,26813.75,26840.25,15735
2026-04-17 13:15:00-04:00,26840.75,26846.75,26735.5,26771.75,29714
2026-04-17 13:30:00-04:00,26771.75,26804.0,26760.0,26792.0,14811
2026-04-17 13:45:00-04:00,26791.75,26828.75,26789.25,26808.0,10084
2026-04-17 14:00:00-04:00,26808.25,26822.0,26760.25,26768.25,13464
2026-04-17 14:15:00-04:00,26767.75,26811.5,26755.5,26784.5,17655
2026-04-17 14:30:00-04:00,26785.0,26814.0,26785.0,26806.25,9033
2026-04-17 14:45:00-04:00,26807.5,26813.75,26768.0,26784.75,10774
2026-04-17 15:00:00-04:00,26785.0,26796.75,26757.75,26766.0,8963
2026-04-17 15:15:00-04:00,26766.75,26795.0,26763.25,26778.75,8108
2026-04-17 15:30:00-04:00,26778.75,26828.25,26778.5,26823.5,12013
2026-04-17 15:45:00-04:00,26822.5,26831.0,26791.25,26827.25,25534
2026-04-17 16:00:00-04:00,26827.5,26842.25,26822.0,26840.25,8328
2026-04-17 16:15:00-04:00,26841.0,26845.0,26816.0,26819.75,2647
2026-04-17 16:30:00-04:00,26820.25,26842.75,26818.5,26831.5,1503
2026-04-17 16:45:00-04:00,26831.0,26844.75,26828.5,26840.75,1840
2026-04-19 18:00:00-04:00,26599.75,26659.25,26535.0,26614.75,10537
2026-04-19 18:15:00-04:00,26614.75,26641.0,26608.25,26623.0,3060
2026-04-19 18:30:00-04:00,26623.5,26657.0,26618.5,26652.25,2320
2026-04-19 18:45:00-04:00,26654.0,26675.0,26635.75,26665.0,2663
2026-04-19 19:00:00-04:00,26665.75,26682.0,26649.25,26656.25,2338
2026-04-19 19:15:00-04:00,26656.0,26665.75,26646.75,26658.75,1434
2026-04-19 19:30:00-04:00,26660.0,26663.5,26647.75,26656.25,1191
2026-04-19 19:45:00-04:00,26656.0,26665.25,26636.75,26659.75,1874
2026-04-19 20:00:00-04:00,26658.25,26662.25,26616.0,26620.0,4239
2026-04-19 20:15:00-04:00,26619.25,26654.75,26618.0,26652.5,2387
2026-04-19 20:30:00-04:00,26652.0,26663.0,26640.0,26649.0,1567
2026-04-19 20:45:00-04:00,26648.75,26665.0,26647.0,26656.75,1025
2026-04-19 21:00:00-04:00,26657.75,26700.0,26653.0,26697.25,3404
2026-04-19 21:15:00-04:00,26697.0,26698.0,26677.75,26689.0,1543
2026-04-19 21:30:00-04:00,26688.25,26711.0,26688.25,26704.0,1484
2026-04-19 21:45:00-04:00,26704.75,26714.75,26702.25,26705.25,1071
2026-04-19 22:00:00-04:00,26705.75,26706.25,26688.0,26693.0,1211
2026-04-19 22:15:00-04:00,26692.0,26703.25,26690.25,26697.0,874
2026-04-19 22:30:00-04:00,26697.25,26698.75,26688.75,26692.75,599
2026-04-19 22:45:00-04:00,26692.5,26695.75,26684.75,26694.5,649
2026-04-19 23:00:00-04:00,26694.25,26700.75,26686.0,26689.0,743
2026-04-19 23:15:00-04:00,26688.5,26696.75,26682.0,26691.25,729
2026-04-19 23:30:00-04:00,26692.0,26701.25,26687.5,26689.0,575
2026-04-19 23:45:00-04:00,26688.25,26688.25,26677.0,26679.25,715
2026-04-20 00:00:00-04:00,26679.0,26682.25,26669.0,26675.5,869
2026-04-20 00:15:00-04:00,26675.5,26677.0,26665.5,26666.5,568
2026-04-20 00:30:00-04:00,26666.5,26673.5,26654.25,26672.5,973
2026-04-20 00:45:00-04:00,26673.25,26681.25,26664.25,26675.5,800
2026-04-20 01:00:00-04:00,26675.5,26678.5,26666.75,26669.25,543
2026-04-20 01:15:00-04:00,26669.0,26675.25,26646.0,26648.25,1135
2026-04-20 01:30:00-04:00,26648.25,26649.75,26612.0,26615.0,2374
2026-04-20 01:45:00-04:00,26614.75,26641.75,26614.0,26635.0,1359
2026-04-20 02:00:00-04:00,26636.0,26660.75,26633.25,26652.25,1692
2026-04-20 02:15:00-04:00,26652.25,26655.75,26644.5,26655.0,915
2026-04-20 02:30:00-04:00,26656.75,26671.25,26652.0,26657.25,1470
2026-04-20 02:45:00-04:00,26656.5,26701.25,26648.0,26687.25,2592
2026-04-20 03:00:00-04:00,26689.0,26712.25,26682.25,26704.25,2540
2026-04-20 03:15:00-04:00,26703.75,26721.25,26683.75,26689.25,2342
2026-04-20 03:30:00-04:00,26688.25,26693.5,26646.25,26668.0,2868
2026-04-20 03:45:00-04:00,26665.25,26670.5,26650.0,26669.0,1373
2026-04-20 04:00:00-04:00,26668.5,26672.75,26619.0,26646.25,2861
2026-04-20 04:15:00-04:00,26647.5,26677.0,26641.5,26672.75,1848
2026-04-20 04:30:00-04:00,26673.75,26675.0,26660.0,26670.5,1082
2026-04-20 04:45:00-04:00,26670.5,26708.25,26667.5,26695.75,2016
2026-04-20 05:00:00-04:00,26697.0,26720.0,26692.5,26698.75,1622
2026-04-20 05:15:00-04:00,26699.5,26704.75,26685.5,26698.25,1188
2026-04-20 05:30:00-04:00,26697.5,26712.5,26695.0,26708.0,841
2026-04-20 05:45:00-04:00,26708.0,26708.5,26693.0,26694.25,978
2026-04-20 06:00:00-04:00,26695.25,26732.5,26691.5,26716.25,1861
2026-04-20 06:15:00-04:00,26716.75,26729.5,26706.0,26710.5,1401
2026-04-20 06:30:00-04:00,26711.5,26711.5,26693.25,26695.5,941
2026-04-20 06:45:00-04:00,26695.75,26707.0,26693.0,26700.25,1115
2026-04-20 07:00:00-04:00,26701.0,26705.5,26680.75,26704.25,1743
2026-04-20 07:15:00-04:00,26705.0,26708.75,26687.75,26688.25,1371
2026-04-20 07:30:00-04:00,26689.0,26711.0,26683.0,26710.25,2276
2026-04-20 07:45:00-04:00,26710.5,26723.5,26700.5,26710.0,2285
2026-04-20 08:00:00-04:00,26710.5,26726.5,26702.5,26709.5,2769
2026-04-20 08:15:00-04:00,26710.25,26727.5,26702.0,26716.25,2060
2026-04-20 08:30:00-04:00,26717.5,26741.75,26710.75,26733.0,2730
2026-04-20 08:45:00-04:00,26733.0,26776.0,26733.0,26750.5,4539
2026-04-20 09:00:00-04:00,26751.75,26803.0,26739.0,26773.5,6769
2026-04-20 09:15:00-04:00,26774.75,26799.25,26762.5,26796.25,5791
2026-04-20 09:30:00-04:00,26796.5,26827.75,26733.0,26750.5,30739
2026-04-20 09:45:00-04:00,26750.0,26804.0,26715.75,26780.75,20455
2026-04-20 10:00:00-04:00,26782.75,26788.25,26735.5,26757.0,19459
2026-04-20 10:15:00-04:00,26757.5,26774.5,26717.5,26729.5,18148
2026-04-20 10:30:00-04:00,26730.0,26740.25,26689.0,26695.75,19933
2026-04-20 10:45:00-04:00,26696.75,26721.0,26611.25,26637.75,27969
2026-04-20 11:00:00-04:00,26638.25,26661.25,26568.75,26621.5,23142
2026-04-20 11:15:00-04:00,26621.75,26710.75,26607.0,26699.0,22705
2026-04-20 11:30:00-04:00,26700.25,26700.25,26646.25,26656.25,13919
2026-04-20 11:45:00-04:00,26656.5,26673.5,26634.25,26658.5,9624
2026-04-20 12:00:00-04:00,26658.25,26683.25,26639.25,26675.5,9254
2026-04-20 12:15:00-04:00,26675.75,26687.75,26650.75,26675.0,9274
2026-04-20 12:30:00-04:00,26675.0,26699.75,26666.25,26686.25,9430
2026-04-20 12:45:00-04:00,26686.5,26695.5,26668.75,26679.25,6190
2026-04-20 13:00:00-04:00,26679.5,26700.0,26660.5,26695.25,8768
2026-04-20 13:15:00-04:00,26696.0,26717.25,26691.0,26697.0,8319
2026-04-20 13:30:00-04:00,26697.0,26720.75,26684.75,26708.25,10110
2026-04-20 13:45:00-04:00,26708.0,26727.0,26703.75,26707.5,6055
2026-04-20 14:00:00-04:00,26707.5,26731.75,26696.75,26723.75,10079
2026-04-20 14:15:00-04:00,26724.75,26743.0,26717.25,26733.75,9645
2026-04-20 14:30:00-04:00,26733.75,26738.75,26710.0,26725.25,8029
2026-04-20 14:45:00-04:00,26725.75,26748.5,26720.25,26732.0,7326
2026-04-20 15:00:00-04:00,26732.75,26741.75,26727.0,26739.25,5458
2026-04-20 15:15:00-04:00,26739.25,26742.5,26720.25,26727.75,5292
2026-04-20 15:30:00-04:00,26727.5,26738.25,26715.25,26719.75,7416
2026-04-20 15:45:00-04:00,26720.25,26752.0,26709.25,26745.75,21424
2026-04-20 16:00:00-04:00,26745.25,26752.75,26736.0,26742.75,7567
2026-04-20 16:15:00-04:00,26742.5,26748.5,26734.5,26743.5,1407
2026-04-20 16:30:00-04:00,26743.25,26809.75,26729.25,26792.25,8446
2026-04-20 16:45:00-04:00,26791.5,26792.0,26768.5,26774.25,2263
2026-04-20 18:00:00-04:00,26776.75,26817.5,26756.5,26804.75,2270
2026-04-20 18:15:00-04:00,26802.25,26809.0,26796.5,26800.0,672
2026-04-20 18:30:00-04:00,26800.75,26809.0,26794.5,26805.5,738
2026-04-20 18:45:00-04:00,26805.5,26813.75,26803.5,26810.25,478
2026-04-20 19:00:00-04:00,26810.5,26812.5,26803.0,26809.0,453
2026-04-20 19:15:00-04:00,26809.25,26810.75,26793.5,26798.0,619
2026-04-20 19:30:00-04:00,26796.75,26802.25,26793.75,26798.0,562
2026-04-20 19:45:00-04:00,26798.5,26802.0,26791.5,26796.75,816
2026-04-20 20:00:00-04:00,26796.75,26819.0,26796.5,26812.0,1828
2026-04-20 20:15:00-04:00,26811.25,26817.75,26794.25,26797.5,1386
2026-04-20 20:30:00-04:00,26798.75,26803.5,26785.0,26798.0,1477
2026-04-20 20:45:00-04:00,26798.25,26838.5,26798.25,26824.0,2979
2026-04-20 21:00:00-04:00,26825.0,26826.75,26812.5,26816.5,930
2026-04-20 21:15:00-04:00,26815.75,26831.0,26812.25,26830.0,966
2026-04-20 21:30:00-04:00,26829.75,26837.25,26818.0,26827.5,1435
2026-04-20 21:45:00-04:00,26826.0,26828.5,26807.25,26812.75,1000
2026-04-20 22:00:00-04:00,26813.0,26822.0,26808.25,26821.0,746
2026-04-20 22:15:00-04:00,26820.25,26823.0,26815.75,26821.75,419
2026-04-20 22:30:00-04:00,26821.75,26822.5,26811.25,26820.0,587
2026-04-20 22:45:00-04:00,26819.25,26821.5,26810.5,26812.0,502
2026-04-20 23:00:00-04:00,26813.25,26817.0,26803.75,26806.0,728
2026-04-20 23:15:00-04:00,26805.75,26807.25,26790.0,26805.25,1018
2026-04-20 23:30:00-04:00,26804.5,26809.0,26800.5,26804.0,439
2026-04-20 23:45:00-04:00,26804.75,26813.75,26804.0,26812.25,448
2026-04-21 00:00:00-04:00,26812.25,26819.75,26811.75,26817.5,577
2026-04-21 00:15:00-04:00,26816.5,26827.5,26816.5,26824.0,582
2026-04-21 00:30:00-04:00,26824.25,26831.25,26822.75,26823.75,426
2026-04-21 00:45:00-04:00,26822.75,26830.0,26822.75,26825.5,319
2026-04-21 01:00:00-04:00,26825.5,26843.5,26820.75,26839.75,1294
2026-04-21 01:15:00-04:00,26839.5,26844.25,26834.25,26838.5,702
2026-04-21 01:30:00-04:00,26838.0,26838.25,26829.75,26829.75,390
2026-04-21 01:45:00-04:00,26829.5,26829.5,26819.0,26826.75,805
2026-04-21 02:00:00-04:00,26826.5,26857.25,26823.25,26852.75,1857
2026-04-21 02:15:00-04:00,26853.25,26855.5,26841.5,26845.25,702
2026-04-21 02:30:00-04:00,26846.25,26856.25,26842.75,26850.25,683
2026-04-21 02:45:00-04:00,26850.25,26853.0,26842.25,26846.25,528
2026-04-21 03:00:00-04:00,26846.25,26847.25,26816.5,26820.0,1563
2026-04-21 03:15:00-04:00,26821.25,26828.5,26808.0,26819.25,1284
2026-04-21 03:30:00-04:00,26820.5,26826.0,26806.5,26822.5,985
2026-04-21 03:45:00-04:00,26821.0,26839.75,26812.5,26813.25,1136
2026-04-21 04:00:00-04:00,26813.25,26818.25,26797.25,26802.0,1357
2026-04-21 04:15:00-04:00,26801.25,26832.75,26801.25,26827.25,1086
2026-04-21 04:30:00-04:00,26826.75,26854.0,26819.0,26847.0,1315
2026-04-21 04:45:00-04:00,26848.25,26854.75,26836.5,26837.0,1049
2026-04-21 05:00:00-04:00,26837.25,26837.25,26805.5,26816.25,1943
2026-04-21 05:15:00-04:00,26815.75,26823.75,26812.75,26821.0,556
2026-04-21 05:30:00-04:00,26822.25,26831.25,26820.5,26827.75,540
2026-04-21 05:45:00-04:00,26828.25,26847.0,26826.0,26840.75,1425
2026-04-21 06:00:00-04:00,26841.25,26860.75,26834.5,26850.25,1290
2026-04-21 06:15:00-04:00,26849.25,26853.0,26842.0,26846.75,549
2026-04-21 06:30:00-04:00,26847.0,26863.5,26845.0,26860.75,1035
2026-04-21 06:45:00-04:00,26861.25,26882.5,26858.5,26872.0,1672
2026-04-21 07:00:00-04:00,26871.75,26884.25,26840.0,26855.5,3388
2026-04-21 07:15:00-04:00,26856.5,26875.5,26849.25,26875.0,1614
2026-04-21 07:30:00-04:00,26875.5,26901.75,26874.25,26887.0,3013
2026-04-21 07:45:00-04:00,26887.75,26895.5,26868.5,26871.25,2135
2026-04-21 08:00:00-04:00,26871.5,26880.25,26855.75,26856.75,2565
2026-04-21 08:15:00-04:00,26855.75,26860.75,26828.0,26859.75,3841
2026-04-21 08:30:00-04:00,26860.5,26872.75,26817.0,26829.0,6065
2026-04-21 08:45:00-04:00,26829.5,26842.0,26812.0,26820.75,3901
2026-04-21 09:00:00-04:00,26823.25,26827.25,26801.0,26810.25,3050
2026-04-21 09:15:00-04:00,26810.0,26818.75,26798.5,26808.75,5064
2026-04-21 09:30:00-04:00,26808.0,26826.5,26726.75,26768.5,31455
2026-04-21 09:45:00-04:00,26768.5,26839.0,26742.75,26838.5,21678
2026-04-21 10:00:00-04:00,26838.75,26877.5,26821.0,26856.75,19867
2026-04-21 10:15:00-04:00,26857.0,26885.25,26815.0,26842.0,17009
2026-04-21 10:30:00-04:00,26842.0,26859.5,26818.0,26825.25,16488
2026-04-21 10:45:00-04:00,26824.75,26829.25,26730.0,26736.75,22944
2026-04-21 11:00:00-04:00,26737.75,26771.0,26662.5,26761.5,32837
2026-04-21 11:15:00-04:00,26761.25,26786.25,26706.25,26723.75,21248
2026-04-21 11:30:00-04:00,26723.25,26757.0,26692.5,26734.5,16242
2026-04-21 11:45:00-04:00,26734.5,26762.5,26715.25,26731.5,14572
2026-04-21 12:00:00-04:00,26733.0,26782.75,26720.75,26733.0,16351
2026-04-21 12:15:00-04:00,26732.5,26754.25,26702.0,26704.5,11597
2026-04-21 12:30:00-04:00,26704.25,26746.75,26670.75,26681.5,13539
2026-04-21 12:45:00-04:00,26682.0,26715.25,26668.25,26670.75,11725
2026-04-21 13:00:00-04:00,26670.75,26706.75,26617.0,26643.25,25580
2026-04-21 13:15:00-04:00,26643.75,26655.5,26600.0,26634.25,15220
2026-04-21 13:30:00-04:00,26635.0,26765.75,26632.25,26726.0,26755
2026-04-21 13:45:00-04:00,26726.5,26730.25,26677.5,26699.25,14076
2026-04-21 14:00:00-04:00,26699.0,26729.75,26699.0,26722.75,10959
2026-04-21 14:15:00-04:00,26722.75,26730.5,26659.5,26678.75,13412
2026-04-21 14:30:00-04:00,26679.0,26707.5,26677.75,26689.5,6392
2026-04-21 14:45:00-04:00,26688.75,26746.25,26664.75,26724.0,15762
2026-04-21 15:00:00-04:00,26724.25,26772.25,26720.0,26735.25,14284
2026-04-21 15:15:00-04:00,26736.75,26780.5,26719.0,26777.25,14643
2026-04-21 15:30:00-04:00,26777.5,26786.5,26551.75,26573.25,27636
2026-04-21 15:45:00-04:00,26573.75,26649.75,26569.75,26642.25,31281
2026-04-21 16:00:00-04:00,26642.0,26794.25,26601.75,26748.0,18020
2026-04-21 16:15:00-04:00,26747.75,26773.75,26735.75,26738.0,6126
2026-04-21 16:30:00-04:00,26738.5,26746.75,26713.25,26719.25,3725
2026-04-21 16:45:00-04:00,26720.0,26744.25,26706.5,26721.25,2469
2026-04-21 18:00:00-04:00,26729.5,26760.5,26727.75,26756.75,2362
2026-04-21 18:15:00-04:00,26756.0,26759.0,26746.25,26752.0,865
2026-04-21 18:30:00-04:00,26752.25,26757.25,26744.25,26749.0,612
2026-04-21 18:45:00-04:00,26749.0,26752.5,26733.75,26740.25,1003
2026-04-21 19:00:00-04:00,26740.25,26752.25,26735.0,26747.0,896
2026-04-21 19:15:00-04:00,26746.75,26754.0,26742.25,26747.5,695
2026-04-21 19:30:00-04:00,26748.75,26762.25,26739.0,26760.75,1156
2026-04-21 19:45:00-04:00,26760.75,26777.25,26759.5,26773.5,1366
2026-04-21 20:00:00-04:00,26774.75,26811.25,26771.75,26803.75,2916
2026-04-21 20:15:00-04:00,26803.25,26817.5,26795.5,26803.5,1554
2026-04-21 20:30:00-04:00,26803.25,26818.0,26803.0,26809.5,1112
2026-04-21 20:45:00-04:00,26808.0,26809.25,26790.0,26797.75,1094
2026-04-21 21:00:00-04:00,26797.25,26813.25,26794.75,26803.5,1103
2026-04-21 21:15:00-04:00,26803.75,26807.75,26792.75,26803.5,993
2026-04-21 21:30:00-04:00,26803.0,26832.75,26802.25,26817.0,2010
2026-04-21 21:45:00-04:00,26816.5,26825.5,26808.5,26821.75,1361
2026-04-21 22:00:00-04:00,26821.25,26831.5,26816.75,26826.5,940
2026-04-21 22:15:00-04:00,26828.0,26837.75,26817.75,26828.5,1005
2026-04-21 22:30:00-04:00,26828.75,26831.0,26816.5,26817.75,1017
2026-04-21 22:45:00-04:00,26818.75,26823.0,26816.0,26817.25,414
2026-04-21 23:00:00-04:00,26817.25,26826.25,26804.75,26808.0,956
2026-04-21 23:15:00-04:00,26807.75,26812.75,26804.0,26811.25,609
2026-04-21 23:30:00-04:00,26812.0,26824.75,26804.75,26814.25,1264
2026-04-21 23:45:00-04:00,26814.75,26816.5,26805.5,26808.0,470
2026-04-22 00:00:00-04:00,26808.5,26817.5,26795.25,26812.75,1053
2026-04-22 00:15:00-04:00,26812.75,26816.25,26795.25,26797.75,816
2026-04-22 00:30:00-04:00,26797.5,26800.25,26792.0,26796.75,566
2026-04-22 00:45:00-04:00,26796.5,26802.0,26774.5,26778.25,1111
2026-04-22 01:00:00-04:00,26777.25,26798.25,26765.5,26792.75,1123
2026-04-22 01:15:00-04:00,26792.25,26856.75,26791.5,26827.75,5072
2026-04-22 01:30:00-04:00,26827.75,26840.5,26820.5,26835.0,1227
2026-04-22 01:45:00-04:00,26834.5,26842.75,26829.0,26831.25,560
2026-04-22 02:00:00-04:00,26833.0,26835.0,26805.75,26810.25,1240
2026-04-22 02:15:00-04:00,26809.75,26822.0,26802.0,26821.75,968
2026-04-22 02:30:00-04:00,26821.5,26845.0,26821.0,26836.0,1426
2026-04-22 02:45:00-04:00,26836.0,26844.5,26830.0,26836.0,763
2026-04-22 03:00:00-04:00,26835.75,26847.75,26831.0,26844.75,1687
2026-04-22 03:15:00-04:00,26844.75,26852.75,26825.75,26849.5,1293
2026-04-22 03:30:00-04:00,26850.0,26864.5,26839.75,26863.0,1744
2026-04-22 03:45:00-04:00,26861.25,26864.0,26844.5,26844.75,1518
2026-04-22 04:00:00-04:00,26845.5,26850.25,26828.0,26836.0,1674
2026-04-22 04:15:00-04:00,26836.25,26836.75,26808.0,26810.25,2130
2026-04-22 04:30:00-04:00,26811.0,26820.0,26779.75,26803.0,3147
2026-04-22 04:45:00-04:00,26803.75,26821.5,26792.25,26819.5,1226
2026-04-22 05:00:00-04:00,26818.0,26850.0,26815.5,26848.0,2776
2026-04-22 05:15:00-04:00,26848.5,26860.75,26839.75,26855.75,1257
2026-04-22 05:30:00-04:00,26856.5,26860.25,26846.25,26859.25,1005
2026-04-22 05:45:00-04:00,26859.25,26863.25,26807.75,26825.75,2477
2026-04-22 06:00:00-04:00,26826.0,26840.75,26806.0,26812.25,3154
2026-04-22 06:15:00-04:00,26813.0,26836.5,26812.25,26832.75,1840
2026-04-22 06:30:00-04:00,26832.75,26849.75,26825.5,26830.0,1898
2026-04-22 06:45:00-04:00,26830.5,26833.0,26822.75,26826.0,970
2026-04-22 07:00:00-04:00,26826.25,26834.25,26814.25,26818.25,1753
2026-04-22 07:15:00-04:00,26818.0,26830.75,26811.0,26815.75,1653
2026-04-22 07:30:00-04:00,26815.5,26825.0,26806.0,26810.75,2218
2026-04-22 07:45:00-04:00,26810.5,26839.5,26810.0,26833.75,1842
2026-04-22 08:00:00-04:00,26835.0,26900.5,26834.75,26897.25,5716
2026-04-22 08:15:00-04:00,26897.5,26898.75,26866.0,26868.75,5383
2026-04-22 08:30:00-04:00,26867.0,26877.0,26836.75,26840.0,5594
2026-04-22 08:45:00-04:00,26840.0,26851.75,26819.5,26821.5,4083
2026-04-22 09:00:00-04:00,26821.75,26875.0,26817.0,26833.5,6428
2026-04-22 09:15:00-04:00,26835.0,26888.0,26825.25,26881.25,11012
2026-04-22 09:30:00-04:00,26881.0,26892.75,26813.5,26853.0,26419
2026-04-22 09:45:00-04:00,26853.25,26880.0,26811.5,26864.5,20999
2026-04-22 10:00:00-04:00,26864.25,26925.75,26852.0,26922.25,24761
2026-04-22 10:15:00-04:00,26923.0,26991.25,26922.25,26990.0,22971
2026-04-22 10:30:00-04:00,26989.5,27006.25,26944.75,26969.25,22977
2026-04-22 10:45:00-04:00,26969.25,26990.5,26946.0,26972.0,14334
2026-04-22 11:00:00-04:00,26972.25,26985.0,26940.25,26975.25,14569
2026-04-22 11:15:00-04:00,26974.75,27008.75,26965.0,26990.25,14103
2026-04-22 11:30:00-04:00,26990.25,27005.5,26967.25,26969.25,11783
2026-04-22 11:45:00-04:00,26968.75,27003.75,26963.0,26980.5,11394
2026-04-22 12:00:00-04:00,26980.5,27005.0,26967.0,26997.5,11026
2026-04-22 12:15:00-04:00,26998.0,27002.25,26970.5,26974.25,8555
2026-04-22 12:30:00-04:00,26973.5,26991.25,26958.75,26968.0,10235
2026-04-22 12:45:00-04:00,26967.75,26984.75,26957.25,26966.75,8508
2026-04-22 13:00:00-04:00,26966.5,27036.0,26965.75,27018.25,15803
2026-04-22 13:15:00-04:00,27018.0,27050.0,27007.25,27028.0,10681
2026-04-22 13:30:00-04:00,27028.0,27045.0,27026.25,27040.75,6637
2026-04-22 13:45:00-04:00,27042.25,27048.5,27020.75,27030.0,8875
2026-04-22 14:00:00-04:00,27029.75,27041.0,27023.0,27030.25,5283
2026-04-22 14:15:00-04:00,27030.0,27030.0,26992.5,26999.25,11054
2026-04-22 14:30:00-04:00,26999.75,27028.0,26997.0,27025.5,6463
2026-04-22 14:45:00-04:00,27024.75,27040.25,27009.5,27013.75,7513
2026-04-22 15:00:00-04:00,27014.0,27035.5,26978.0,27031.5,15339
2026-04-22 15:15:00-04:00,27031.75,27057.25,27030.25,27045.0,10162
2026-04-22 15:30:00-04:00,27045.25,27056.0,27036.75,27054.5,7498
2026-04-22 15:45:00-04:00,27054.75,27093.0,27050.75,27080.0,29227
2026-04-22 16:00:00-04:00,27079.75,27136.0,27069.0,27110.25,14571
2026-04-22 16:15:00-04:00,27109.75,27119.5,27091.0,27105.0,3679
2026-04-22 16:30:00-04:00,27105.0,27112.5,27073.0,27096.0,2292
2026-04-22 16:45:00-04:00,27094.75,27108.5,27092.75,27106.5,1740
2026-04-22 18:00:00-04:00,27075.0,27093.5,27066.0,27085.0,1846
2026-04-22 18:15:00-04:00,27084.5,27098.0,27081.5,27081.5,824
2026-04-22 18:30:00-04:00,27082.75,27089.0,27077.0,27082.5,729
2026-04-22 18:45:00-04:00,27083.0,27091.5,27081.75,27087.25,288
2026-04-22 19:00:00-04:00,27088.0,27092.25,27082.0,27091.0,348
2026-04-22 19:15:00-04:00,27091.75,27099.75,27088.75,27094.25,473
2026-04-22 19:30:00-04:00,27093.5,27094.5,27087.0,27091.75,296
2026-04-22 19:45:00-04:00,27090.25,27098.75,27090.0,27096.0,463
2026-04-22 20:00:00-04:00,27095.5,27098.0,26936.0,26938.25,5563
2026-04-22 20:15:00-04:00,26938.5,27054.75,26848.0,27052.25,13925
2026-04-22 20:30:00-04:00,27050.5,27075.0,27036.0,27048.0,2641
2026-04-22 20:45:00-04:00,27048.0,27067.0,27040.5,27060.75,1752
2026-04-22 21:00:00-04:00,27060.5,27062.5,27024.25,27032.75,1840
2026-04-22 21:15:00-04:00,27033.0,27039.5,27013.5,27017.5,1266
2026-04-22 21:30:00-04:00,27018.75,27033.0,27003.0,27015.25,1643
2026-04-22 21:45:00-04:00,27015.25,27017.0,26993.0,27000.25,1246
2026-04-22 22:00:00-04:00,27000.75,27000.75,26957.5,26958.25,1664
2026-04-22 22:15:00-04:00,26956.5,26992.5,26950.0,26966.25,2529
2026-04-22 22:30:00-04:00,26965.75,26981.25,26946.25,26961.0,2025
2026-04-22 22:45:00-04:00,26960.75,26972.75,26943.75,26950.5,1488
2026-04-22 23:00:00-04:00,26952.5,26962.0,26913.25,26918.5,2745
2026-04-22 23:15:00-04:00,26917.5,26918.5,26895.25,26898.0,2588
2026-04-22 23:30:00-04:00,26896.75,26900.75,26865.0,26879.75,2687
2026-04-22 23:45:00-04:00,26880.0,26911.25,26877.75,26908.25,2231
2026-04-23 00:00:00-04:00,26906.25,26929.0,26893.25,26927.75,1426
2026-04-23 00:15:00-04:00,26927.25,26937.25,26922.75,26932.25,1043
2026-04-23 00:30:00-04:00,26930.75,26950.0,26930.5,26944.75,867
2026-04-23 00:45:00-04:00,26944.5,26957.25,26939.75,26956.0,746
2026-04-23 01:00:00-04:00,26956.0,26966.75,26953.25,26961.0,1042
2026-04-23 01:15:00-04:00,26962.0,26963.75,26939.0,26951.5,1217
2026-04-23 01:30:00-04:00,26952.75,26964.5,26939.0,26947.5,1145
2026-04-23 01:45:00-04:00,26946.0,26981.75,26946.0,26978.25,1700
2026-04-23 02:00:00-04:00,26979.0,26993.5,26977.0,26984.25,1784
2026-04-23 02:15:00-04:00,26984.75,27007.25,26982.0,27000.5,1507
2026-04-23 02:30:00-04:00,27000.25,27006.5,26992.25,26994.5,864
2026-04-23 02:45:00-04:00,26994.5,27001.0,26981.5,26990.75,1321
2026-04-23 03:00:00-04:00,26991.25,27000.0,26981.5,26994.5,1432
2026-04-23 03:15:00-04:00,26994.5,26997.75,26974.75,26988.0,1124
2026-04-23 03:30:00-04:00,26987.0,26999.0,26970.25,26995.5,1518
2026-04-23 03:45:00-04:00,26997.5,27013.5,26986.0,26997.5,1798
2026-04-23 04:00:00-04:00,26995.75,27002.0,26955.0,26969.5,2062
2026-04-23 04:15:00-04:00,26970.5,26991.5,26964.0,26976.75,1212
2026-04-23 04:30:00-04:00,26977.5,26977.5,26928.75,26931.25,1932
2026-04-23 04:45:00-04:00,26931.75,26936.75,26918.0,26928.0,1855
2026-04-23 05:00:00-04:00,26927.25,26928.75,26890.0,26909.5,2535
2026-04-23 05:15:00-04:00,26909.25,26952.25,26905.75,26942.25,1965
2026-04-23 05:30:00-04:00,26942.5,26961.5,26941.5,26949.75,1396
2026-04-23 05:45:00-04:00,26948.75,26951.75,26940.25,26941.75,679
2026-04-23 06:00:00-04:00,26941.75,26944.25,26916.25,26922.75,2092
2026-04-23 06:15:00-04:00,26923.25,26953.25,26922.5,26941.5,1605
2026-04-23 06:30:00-04:00,26942.25,26980.25,26937.25,26952.75,2095
2026-04-23 06:45:00-04:00,26951.75,26985.0,26946.75,26978.75,1632
2026-04-23 07:00:00-04:00,26979.5,26995.0,26968.5,26980.75,2502
2026-04-23 07:15:00-04:00,26981.0,26987.25,26955.75,26967.0,1676
2026-04-23 07:30:00-04:00,26970.0,26988.25,26941.75,26987.75,3000
2026-04-23 07:45:00-04:00,26987.0,27048.5,26984.0,27032.5,5374
2026-04-23 08:00:00-04:00,27032.5,27079.75,27027.0,27062.75,5546
2026-04-23 08:15:00-04:00,27062.25,27062.25,27020.75,27032.75,3102
2026-04-23 08:30:00-04:00,27032.25,27049.5,27024.25,27033.5,3461
2026-04-23 08:45:00-04:00,27033.75,27039.25,26956.75,27009.25,7577
2026-04-23 09:00:00-04:00,27009.25,27028.75,26977.25,27002.75,4583
2026-04-23 09:15:00-04:00,27000.5,27027.0,26992.0,27014.75,5392
2026-04-23 09:30:00-04:00,27014.25,27068.0,26965.0,27059.25,26630
2026-04-23 09:45:00-04:00,27056.75,27102.75,27014.5,27016.75,22622
2026-04-23 10:00:00-04:00,27017.25,27029.25,26970.0,26990.0,22307
2026-04-23 10:15:00-04:00,26990.0,27031.0,26986.0,27016.0,16804
2026-04-23 10:30:00-04:00,27016.0,27059.0,27004.75,27034.75,19230
2026-04-23 10:45:00-04:00,27035.25,27106.25,27035.25,27094.25,16266
2026-04-23 11:00:00-04:00,27094.5,27132.75,27093.75,27120.5,13647
2026-04-23 11:15:00-04:00,27119.75,27149.75,27108.25,27131.25,11387
2026-04-23 11:30:00-04:00,27131.5,27155.75,27115.25,27120.5,12028
2026-04-23 11:45:00-04:00,27120.75,27122.0,27061.0,27093.0,20325
2026-04-23 12:00:00-04:00,27093.25,27099.5,27038.75,27080.75,13959
2026-04-23 12:15:00-04:00,27080.5,27104.75,27067.0,27089.0,10025
2026-04-23 12:30:00-04:00,27088.25,27119.0,27083.5,27101.5,7915
2026-04-23 12:45:00-04:00,27101.5,27113.5,27073.75,27087.75,8149
2026-04-23 13:00:00-04:00,27089.0,27099.0,26922.75,26947.5,35858
2026-04-23 13:15:00-04:00,26947.0,26947.0,26860.0,26870.75,31893
2026-04-23 13:30:00-04:00,26871.0,26950.75,26744.5,26761.0,34669
2026-04-23 13:45:00-04:00,26761.0,26894.0,26681.75,26880.5,40570
2026-04-23 14:00:00-04:00,26879.0,26948.0,26860.25,26917.75,23024
2026-04-23 14:15:00-04:00,26918.75,26942.5,26900.25,26938.5,10668
2026-04-23 14:30:00-04:00,26938.0,26982.25,26923.25,26947.5,12793
2026-04-23 14:45:00-04:00,26947.5,26949.5,26842.5,26860.5,12659
2026-04-23 15:00:00-04:00,26861.0,26904.5,26842.25,26903.25,11304
2026-04-23 15:15:00-04:00,26903.5,26926.25,26902.25,26915.0,8564
2026-04-23 15:30:00-04:00,26915.25,26936.25,26856.25,26868.75,12537
2026-04-23 15:45:00-04:00,26869.25,26944.5,26840.25,26926.25,22868
2026-04-23 16:00:00-04:00,26926.0,26988.5,26909.25,26949.75,12656
2026-04-23 16:15:00-04:00,26949.0,26970.0,26919.25,26960.5,3631
2026-04-23 16:30:00-04:00,26960.5,26969.25,26952.25,26963.0,1731
2026-04-23 16:45:00-04:00,26963.25,26965.0,26932.75,26942.75,1663
2026-04-23 18:00:00-04:00,26992.0,27045.25,26992.0,27040.0,3526
2026-04-23 18:15:00-04:00,27039.0,27046.25,27025.75,27032.5,1037
2026-04-23 18:30:00-04:00,27032.75,27043.0,27021.0,27033.5,1445
2026-04-23 18:45:00-04:00,27033.5,27053.0,27033.25,27042.75,1335
2026-04-23 19:00:00-04:00,27041.75,27049.5,27034.75,27037.5,885
2026-04-23 19:15:00-04:00,27037.0,27052.75,27033.5,27051.25,793
2026-04-23 19:30:00-04:00,27050.25,27073.25,27050.0,27066.5,1329
2026-04-23 19:45:00-04:00,27067.25,27080.5,27066.25,27080.25,1081
2026-04-23 20:00:00-04:00,27081.0,27111.0,27070.75,27109.25,2928
2026-04-23 20:15:00-04:00,27110.0,27126.75,27102.5,27125.0,2162
2026-04-23 20:30:00-04:00,27125.5,27135.75,27113.0,27119.75,1968
2026-04-23 20:45:00-04:00,27120.0,27130.0,27106.5,27118.25,2110
2026-04-23 21:00:00-04:00,27119.75,27128.25,27113.5,27117.25,1815
2026-04-23 21:15:00-04:00,27118.0,27128.5,27110.25,27123.25,941
2026-04-23 21:30:00-04:00,27122.5,27124.5,27099.5,27110.0,1346
2026-04-23 21:45:00-04:00,27110.75,27126.25,27109.25,27118.75,1065
2026-04-23 22:00:00-04:00,27118.0,27121.0,27089.0,27094.5,1232
2026-04-23 22:15:00-04:00,27096.0,27102.0,27072.5,27078.0,1715
2026-04-23 22:30:00-04:00,27078.0,27093.0,27075.75,27086.25,1041
2026-04-23 22:45:00-04:00,27086.0,27087.75,27059.0,27070.75,1202
2026-04-23 23:00:00-04:00,27070.25,27078.25,27055.5,27059.25,997
2026-04-23 23:15:00-04:00,27058.75,27063.5,27034.0,27036.5,1302
2026-04-23 23:30:00-04:00,27037.0,27042.25,27023.25,27029.75,1535
2026-04-23 23:45:00-04:00,27030.25,27049.0,27029.5,27032.0,960
2026-04-24 00:00:00-04:00,27031.0,27046.25,27019.75,27042.0,1395
2026-04-24 00:15:00-04:00,27041.5,27044.25,27016.25,27023.5,853
2026-04-24 00:30:00-04:00,27025.25,27040.25,27023.75,27039.75,650
2026-04-24 00:45:00-04:00,27039.75,27057.25,27039.25,27054.25,867
2026-04-24 01:00:00-04:00,27054.5,27055.25,27031.75,27049.0,999
2026-04-24 01:15:00-04:00,27047.75,27066.75,27041.0,27059.0,1241
2026-04-24 01:30:00-04:00,27059.25,27078.5,27059.25,27073.5,1004
2026-04-24 01:45:00-04:00,27072.75,27086.75,27070.25,27086.0,592
2026-04-24 02:00:00-04:00,27086.25,27099.25,27079.25,27088.5,1225
2026-04-24 02:15:00-04:00,27088.5,27091.75,27070.75,27072.25,837
2026-04-24 02:30:00-04:00,27072.25,27089.0,27072.25,27081.0,838
2026-04-24 02:45:00-04:00,27080.75,27081.5,27066.75,27075.0,715
2026-04-24 03:00:00-04:00,27074.25,27107.25,27071.25,27102.5,1789
2026-04-24 03:15:00-04:00,27101.0,27114.75,27089.5,27108.25,1248
2026-04-24 03:30:00-04:00,27107.25,27107.75,27080.0,27086.25,1148
2026-04-24 03:45:00-04:00,27085.5,27111.25,27083.0,27109.0,1230
2026-04-24 04:00:00-04:00,27109.5,27111.0,27073.25,27090.75,2416
2026-04-24 04:15:00-04:00,27093.0,27153.75,27092.75,27110.75,3948
2026-04-24 04:30:00-04:00,27110.5,27112.25,27081.75,27083.25,2021
2026-04-24 04:45:00-04:00,27084.0,27111.75,27081.5,27094.5,1571
2026-04-24 05:00:00-04:00,27096.0,27103.5,27080.25,27100.0,1232
2026-04-24 05:15:00-04:00,27100.25,27107.0,27064.5,27095.5,2049
2026-04-24 05:30:00-04:00,27095.0,27114.25,27089.25,27113.25,1042
2026-04-24 05:45:00-04:00,27113.25,27120.75,27099.25,27108.75,1276
2026-04-24 06:00:00-04:00,27109.25,27140.75,27108.0,27139.0,1982
2026-04-24 06:15:00-04:00,27138.0,27187.25,27134.75,27183.0,3573
2026-04-24 06:30:00-04:00,27183.25,27192.75,27173.25,27178.75,2886
2026-04-24 06:45:00-04:00,27179.0,27181.75,27169.5,27172.5,1583
2026-04-24 07:00:00-04:00,27171.5,27307.5,27170.5,27280.25,11796
2026-04-24 07:15:00-04:00,27280.5,27355.75,27265.25,27350.25,11190
2026-04-24 07:30:00-04:00,27351.0,27363.75,27285.0,27296.5,7375
2026-04-24 07:45:00-04:00,27294.5,27296.0,27265.25,27275.75,4312
2026-04-24 08:00:00-04:00,27277.0,27304.0,27267.75,27300.25,4048
2026-04-24 08:15:00-04:00,27300.75,27312.25,27263.25,27292.25,6151
2026-04-24 08:30:00-04:00,27292.5,27294.5,27230.75,27242.75,5923
2026-04-24 08:45:00-04:00,27244.75,27260.0,27203.0,27238.0,5389
2026-04-24 09:00:00-04:00,27238.0,27266.75,27226.25,27244.5,4796
2026-04-24 09:15:00-04:00,27245.25,27266.75,27206.25,27209.75,7196
2026-04-24 09:30:00-04:00,27210.0,27260.0,27176.25,27215.5,33405
2026-04-24 09:45:00-04:00,27216.0,27255.0,27130.25,27193.75,26660
2026-04-24 10:00:00-04:00,27193.75,27267.25,27158.5,27234.25,24643
2026-04-24 10:15:00-04:00,27234.0,27264.25,27186.25,27201.25,16216
2026-04-24 10:30:00-04:00,27201.5,27258.25,27167.75,27252.25,16624
2026-04-24 10:45:00-04:00,27253.0,27297.25,27230.0,27290.25,17591
2026-04-24 11:00:00-04:00,27290.5,27319.75,27286.25,27318.25,14086
2026-04-24 11:15:00-04:00,27318.25,27332.25,27295.0,27325.5,12646
2026-04-24 11:30:00-04:00,27326.0,27392.0,27307.5,27387.75,18048
2026-04-24 11:45:00-04:00,27384.25,27417.5,27341.5,27396.0,24515
2026-04-24 12:00:00-04:00,27396.25,27404.0,27360.0,27382.5,12089
2026-04-24 12:15:00-04:00,27382.25,27408.75,27367.0,27399.25,7842
2026-04-24 12:30:00-04:00,27399.5,27430.5,27378.0,27392.5,12186
2026-04-24 12:45:00-04:00,27392.25,27418.25,27384.0,27409.75,9524
2026-04-24 13:00:00-04:00,27410.0,27423.25,27401.0,27409.0,8838
2026-04-24 13:15:00-04:00,27408.5,27410.0,27367.0,27384.0,9353
2026-04-24 13:30:00-04:00,27383.0,27420.5,27372.5,27415.0,10408
2026-04-24 13:45:00-04:00,27415.0,27462.5,27411.0,27432.75,10451
2026-04-24 14:00:00-04:00,27433.0,27443.0,27406.5,27415.75,7967
2026-04-24 14:15:00-04:00,27415.25,27417.75,27383.75,27387.5,9281
2026-04-24 14:30:00-04:00,27387.75,27421.5,27385.0,27406.75,7902
2026-04-24 14:45:00-04:00,27406.25,27412.25,27393.25,27408.0,6496
2026-04-24 15:00:00-04:00,27408.5,27445.5,27407.75,27441.5,8911
2026-04-24 15:15:00-04:00,27442.25,27454.5,27418.5,27423.0,8652
2026-04-24 15:30:00-04:00,27422.75,27426.75,27404.0,27417.0,9897
2026-04-24 15:45:00-04:00,27417.0,27446.0,27408.0,27434.0,27373
2026-04-24 16:00:00-04:00,27434.0,27440.25,27409.0,27414.5,9338
2026-04-24 16:15:00-04:00,27414.5,27429.25,27413.25,27420.0,2077
2026-04-24 16:30:00-04:00,27419.5,27443.25,27419.0,27434.5,1870
2026-04-24 16:45:00-04:00,27434.5,27444.5,27429.0,27440.25,1390
2026-04-26 18:00:00-04:00,27403.25,27421.75,27344.25,27358.25,5137
2026-04-26 18:15:00-04:00,27357.5,27375.0,27357.0,27374.5,1532
2026-04-26 18:30:00-04:00,27373.5,27389.25,27363.75,27383.25,1532
2026-04-26 18:45:00-04:00,27383.5,27399.75,27380.0,27395.5,1139
2026-04-26 19:00:00-04:00,27395.25,27398.0,27376.5,27380.75,1577
2026-04-26 19:15:00-04:00,27380.75,27395.0,27379.75,27382.75,1037
2026-04-26 19:30:00-04:00,27382.0,27382.0,27366.75,27376.5,1256
2026-04-26 19:45:00-04:00,27377.75,27389.5,27369.75,27384.0,998
2026-04-26 20:00:00-04:00,27385.0,27412.25,27379.0,27408.75,3414
2026-04-26 20:15:00-04:00,27408.5,27420.5,27397.25,27418.5,1562
2026-04-26 20:30:00-04:00,27418.0,27437.75,27405.0,27434.25,1708
2026-04-26 20:45:00-04:00,27434.25,27474.5,27430.0,27455.5,2508
2026-04-26 21:00:00-04:00,27456.0,27499.75,27456.0,27471.25,4380
2026-04-26 21:15:00-04:00,27470.75,27496.25,27456.0,27493.25,2287
2026-04-26 21:30:00-04:00,27495.75,27521.25,27490.0,27514.75,2065
2026-04-26 21:45:00-04:00,27515.25,27540.0,27510.5,27537.75,2024
2026-04-26 22:00:00-04:00,27537.5,27542.5,27518.5,27527.0,1492
2026-04-26 22:15:00-04:00,27526.25,27538.0,27511.0,27522.5,1405
2026-04-26 22:30:00-04:00,27521.5,27533.0,27516.5,27519.0,1027
2026-04-26 22:45:00-04:00,27520.5,27525.75,27515.0,27518.75,742
2026-04-26 23:00:00-04:00,27518.75,27536.25,27512.75,27520.5,1545
2026-04-26 23:15:00-04:00,27519.75,27529.5,27517.0,27527.75,603
2026-04-26 23:30:00-04:00,27528.25,27533.0,27520.0,27529.5,864
2026-04-26 23:45:00-04:00,27529.5,27531.0,27523.0,27524.5,614
2026-04-27 00:00:00-04:00,27524.5,27526.5,27508.0,27514.75,1014
2026-04-27 00:15:00-04:00,27514.0,27531.0,27514.0,27528.75,682
2026-04-27 00:30:00-04:00,27529.25,27540.0,27525.0,27532.5,1043
2026-04-27 00:45:00-04:00,27532.25,27538.5,27512.5,27517.75,1028
2026-04-27 01:00:00-04:00,27518.75,27520.25,27478.75,27479.0,1933
2026-04-27 01:15:00-04:00,27478.75,27483.25,27458.25,27459.5,1840
2026-04-27 01:30:00-04:00,27459.0,27466.25,27443.5,27458.0,1846
2026-04-27 01:45:00-04:00,27457.5,27465.0,27444.0,27449.5,1006
2026-04-27 02:00:00-04:00,27449.25,27456.0,27429.0,27440.0,2054
2026-04-27 02:15:00-04:00,27440.5,27452.25,27428.0,27451.0,1159
2026-04-27 02:30:00-04:00,27450.0,27450.75,27421.25,27439.75,1773
2026-04-27 02:45:00-04:00,27439.75,27447.0,27430.0,27434.0,963
2026-04-27 03:00:00-04:00,27433.75,27443.5,27408.0,27425.5,2756
2026-04-27 03:15:00-04:00,27425.75,27435.75,27414.0,27418.0,1066
2026-04-27 03:30:00-04:00,27418.5,27426.25,27405.75,27420.25,1159
2026-04-27 03:45:00-04:00,27421.25,27435.0,27415.75,27426.0,942
2026-04-27 04:00:00-04:00,27425.0,27434.75,27388.25,27390.75,2555
2026-04-27 04:15:00-04:00,27391.25,27418.25,27388.0,27414.5,1248
2026-04-27 04:30:00-04:00,27414.0,27437.25,27413.0,27434.75,1346
2026-04-27 04:45:00-04:00,27434.25,27444.75,27433.0,27440.75,1172
2026-04-27 05:00:00-04:00,27439.25,27451.0,27435.75,27447.5,1074
2026-04-27 05:15:00-04:00,27447.25,27455.5,27441.5,27451.25,1500
2026-04-27 05:30:00-04:00,27451.25,27459.25,27447.25,27452.75,803
2026-04-27 05:45:00-04:00,27451.5,27466.25,27450.25,27455.0,1073
2026-04-27 06:00:00-04:00,27455.25,27458.75,27440.0,27445.5,857
2026-04-27 06:15:00-04:00,27446.5,27465.25,27444.25,27454.0,1124
2026-04-27 06:30:00-04:00,27454.0,27481.0,27451.75,27477.5,1179
2026-04-27 06:45:00-04:00,27477.0,27483.25,27467.25,27475.5,1204
2026-04-27 07:00:00-04:00,27475.5,27492.25,27475.0,27485.0,1586
2026-04-27 07:15:00-04:00,27484.75,27498.75,27478.0,27493.0,1488
2026-04-27 07:30:00-04:00,27493.0,27500.25,27478.25,27481.75,2117
2026-04-27 07:45:00-04:00,27482.5,27492.5,27478.0,27482.0,1483
2026-04-27 08:00:00-04:00,27482.0,27483.75,27459.0,27467.0,2791
2026-04-27 08:15:00-04:00,27467.25,27467.25,27398.0,27419.25,5596
2026-04-27 08:30:00-04:00,27418.75,27423.5,27390.0,27418.25,4590
2026-04-27 08:45:00-04:00,27419.0,27437.25,27408.25,27419.25,4018
2026-04-27 09:00:00-04:00,27419.75,27433.75,27384.25,27416.25,9351
2026-04-27 09:15:00-04:00,27415.75,27425.5,27393.0,27410.25,5152
2026-04-27 09:30:00-04:00,27410.75,27435.0,27353.5,27387.75,31672
2026-04-27 09:45:00-04:00,27388.0,27413.25,27298.5,27401.5,32987
2026-04-27 10:00:00-04:00,27402.25,27409.5,27348.25,27389.5,20608
2026-04-27 10:15:00-04:00,27389.0,27393.25,27352.5,27359.5,16028
2026-04-27 10:30:00-04:00,27360.25,27406.0,27321.5,27377.0,24060
2026-04-27 10:45:00-04:00,27377.75,27389.75,27345.25,27368.0,13520
2026-04-27 11:00:00-04:00,27369.0,27379.5,27332.25,27339.5,17010
2026-04-27 11:15:00-04:00,27339.25,27360.5,27307.5,27344.5,13764
2026-04-27 11:30:00-04:00,27344.75,27383.0,27335.25,27371.25,11338
2026-04-27 11:45:00-04:00,27371.5,27380.75,27349.25,27367.25,8729
2026-04-27 12:00:00-04:00,27367.0,27384.0,27347.75,27375.0,7885
2026-04-27 12:15:00-04:00,27375.0,27389.75,27370.0,27376.0,6328
2026-04-27 12:30:00-04:00,27376.5,27406.5,27376.5,27396.25,7674
2026-04-27 12:45:00-04:00,27396.0,27406.25,27379.0,27390.5,5921
2026-04-27 13:00:00-04:00,27391.0,27414.5,27391.0,27413.25,6008
2026-04-27 13:15:00-04:00,27413.25,27420.75,27380.25,27411.25,11601
2026-04-27 13:30:00-04:00,27411.25,27438.75,27410.75,27430.0,8787
2026-04-27 13:45:00-04:00,27430.5,27439.75,27416.25,27428.5,5439
2026-04-27 14:00:00-04:00,27428.5,27436.0,27417.25,27429.75,4579
2026-04-27 14:15:00-04:00,27430.0,27437.25,27422.75,27428.5,4423
2026-04-27 14:30:00-04:00,27428.25,27434.5,27406.25,27411.5,5020
2026-04-27 14:45:00-04:00,27411.25,27413.25,27391.0,27399.25,5978
2026-04-27 15:00:00-04:00,27399.75,27415.75,27390.5,27413.75,5288
2026-04-27 15:15:00-04:00,27413.5,27429.25,27411.0,27423.75,5941
2026-04-27 15:30:00-04:00,27423.25,27436.25,27411.0,27429.5,7495
2026-04-27 15:45:00-04:00,27429.25,27454.75,27427.5,27445.0,17909
2026-04-27 16:00:00-04:00,27444.75,27446.0,27420.0,27427.25,5946
2026-04-27 16:15:00-04:00,27426.5,27434.0,27411.25,27424.75,1850
2026-04-27 16:30:00-04:00,27424.5,27439.5,27424.25,27434.5,1330
2026-04-27 16:45:00-04:00,27434.5,27437.25,27417.25,27418.5,1509
2026-04-27 18:00:00-04:00,27423.0,27490.0,27420.25,27484.75,3858
2026-04-27 18:15:00-04:00,27484.75,27501.5,27484.5,27492.5,1471
2026-04-27 18:30:00-04:00,27493.5,27499.25,27489.25,27496.0,997
2026-04-27 18:45:00-04:00,27496.5,27496.5,27478.5,27484.75,907
2026-04-27 19:00:00-04:00,27484.75,27489.75,27474.75,27479.25,780
2026-04-27 19:15:00-04:00,27478.5,27494.75,27478.5,27490.5,805
2026-04-27 19:30:00-04:00,27489.5,27504.5,27486.25,27497.5,1043
2026-04-27 19:45:00-04:00,27498.0,27500.75,27484.75,27490.0,788
2026-04-27 20:00:00-04:00,27490.25,27512.0,27480.75,27502.5,2182
2026-04-27 20:15:00-04:00,27500.75,27501.0,27450.25,27464.0,2135
2026-04-27 20:30:00-04:00,27466.0,27478.75,27456.25,27474.75,1308
2026-04-27 20:45:00-04:00,27475.5,27481.5,27467.25,27467.5,725
2026-04-27 21:00:00-04:00,27468.0,27473.0,27450.0,27461.5,1756
2026-04-27 21:15:00-04:00,27460.75,27472.0,27453.25,27470.0,927
2026-04-27 21:30:00-04:00,27470.75,27484.5,27457.75,27479.5,1337
2026-04-27 21:45:00-04:00,27480.25,27481.25,27417.5,27421.75,3401
2026-04-27 22:00:00-04:00,27423.5,27434.5,27411.5,27430.75,1726
2026-04-27 22:15:00-04:00,27431.75,27437.25,27424.75,27429.5,865
2026-04-27 22:30:00-04:00,27430.0,27430.0,27402.5,27407.5,1386
2026-04-27 22:45:00-04:00,27407.0,27412.75,27386.0,27395.25,1675
2026-04-27 23:00:00-04:00,27394.0,27410.5,27388.5,27408.5,1229
2026-04-27 23:15:00-04:00,27407.5,27422.25,27406.0,27420.0,903
2026-04-27 23:30:00-04:00,27420.25,27429.25,27419.5,27421.75,720
2026-04-27 23:45:00-04:00,27421.25,27421.75,27406.25,27409.5,668
2026-04-28 00:00:00-04:00,27412.75,27428.0,27404.75,27424.25,782
2026-04-28 00:15:00-04:00,27424.0,27430.0,27421.75,27426.75,373
2026-04-28 00:30:00-04:00,27427.75,27438.25,27427.0,27435.75,509
2026-04-28 00:45:00-04:00,27436.25,27439.5,27415.5,27417.75,769
2026-04-28 01:00:00-04:00,27417.75,27423.0,27373.75,27387.5,2146
2026-04-28 01:15:00-04:00,27386.75,27398.0,27375.5,27394.25,1088
2026-04-28 01:30:00-04:00,27392.5,27392.5,27350.0,27371.5,1936
2026-04-28 01:45:00-04:00,27370.0,27373.75,27352.0,27364.0,1253
2026-04-28 02:00:00-04:00,27363.0,27378.25,27354.25,27371.5,1300
2026-04-28 02:15:00-04:00,27371.5,27372.75,27357.0,27369.0,924
2026-04-28 02:30:00-04:00,27368.25,27375.0,27332.0,27335.0,2154
2026-04-28 02:45:00-04:00,27335.5,27342.75,27322.0,27337.75,1709
2026-04-28 03:00:00-04:00,27337.0,27345.25,27320.0,27336.75,1720
2026-04-28 03:15:00-04:00,27338.75,27348.0,27320.5,27328.25,1627
2026-04-28 03:30:00-04:00,27328.75,27352.25,27326.25,27338.5,1462
2026-04-28 03:45:00-04:00,27339.0,27346.25,27321.75,27338.0,2372
2026-04-28 04:00:00-04:00,27338.0,27341.25,27302.5,27316.0,3342
2026-04-28 04:15:00-04:00,27316.25,27360.0,27315.5,27357.25,2052
2026-04-28 04:30:00-04:00,27356.75,27358.75,27342.75,27344.75,1720
2026-04-28 04:45:00-04:00,27344.5,27352.5,27333.75,27352.0,1141
2026-04-28 05:00:00-04:00,27352.0,27355.25,27325.75,27343.0,1683
2026-04-28 05:15:00-04:00,27343.0,27345.25,27308.25,27314.75,1785
2026-04-28 05:30:00-04:00,27314.25,27316.5,27275.0,27284.5,3390
2026-04-28 05:45:00-04:00,27284.5,27298.0,27256.5,27284.25,3379
2026-04-28 06:00:00-04:00,27284.75,27300.75,27262.5,27264.0,2628
2026-04-28 06:15:00-04:00,27264.25,27284.25,27251.0,27270.0,3065
2026-04-28 06:30:00-04:00,27270.5,27279.25,27251.5,27252.0,1858
2026-04-28 06:45:00-04:00,27252.5,27265.75,27238.75,27262.0,2464
2026-04-28 07:00:00-04:00,27261.25,27269.75,27184.0,27192.0,5043
2026-04-28 07:15:00-04:00,27191.5,27195.5,27137.0,27154.0,5743
2026-04-28 07:30:00-04:00,27154.25,27155.75,27095.75,27143.5,8066
2026-04-28 07:45:00-04:00,27144.0,27150.0,27080.5,27094.0,8227
2026-04-28 08:00:00-04:00,27094.75,27107.75,27063.0,27099.0,8060
2026-04-28 08:15:00-04:00,27099.75,27124.0,27042.0,27053.75,12024
2026-04-28 08:30:00-04:00,27055.25,27111.0,27036.5,27093.75,8120
2026-04-28 08:45:00-04:00,27093.5,27153.5,27091.25,27149.0,6954
2026-04-28 09:00:00-04:00,27148.75,27166.0,27122.25,27124.5,7485
2026-04-28 09:15:00-04:00,27125.25,27179.75,27113.75,27160.75,10040
2026-04-28 09:30:00-04:00,27161.0,27240.0,27068.25,27213.0,44090
2026-04-28 09:45:00-04:00,27214.0,27252.0,27140.75,27202.5,27855
2026-04-28 10:00:00-04:00,27201.75,27235.0,27168.5,27205.0,18537
2026-04-28 10:15:00-04:00,27205.25,27217.25,27148.75,27168.5,18300
2026-04-28 10:30:00-04:00,27169.0,27181.25,27041.0,27101.75,30109
2026-04-28 10:45:00-04:00,27102.75,27113.5,27012.5,27091.75,32938
2026-04-28 11:00:00-04:00,27091.25,27119.75,27031.5,27096.0,23469
2026-04-28 11:15:00-04:00,27095.5,27103.0,27035.75,27046.5,14978
2026-04-28 11:30:00-04:00,27046.0,27059.0,27012.0,27038.0,16001
2026-04-28 11:45:00-04:00,27037.25,27055.0,27009.5,27053.5,11558
2026-04-28 12:00:00-04:00,27053.5,27086.75,27040.0,27070.5,13125
2026-04-28 12:15:00-04:00,27070.5,27088.5,27054.25,27070.5,10810
2026-04-28 12:30:00-04:00,27070.0,27078.25,27028.0,27039.75,10208
2026-04-28 12:45:00-04:00,27039.5,27095.75,27037.0,27084.25,12350
2026-04-28 13:00:00-04:00,27084.5,27099.0,27047.5,27071.0,9649
2026-04-28 13:15:00-04:00,27071.25,27092.5,27048.0,27083.25,8095
2026-04-28 13:30:00-04:00,27083.0,27131.5,27082.25,27118.75,9981
2026-04-28 13:45:00-04:00,27118.75,27144.25,27113.0,27141.5,8593
2026-04-28 14:00:00-04:00,27141.5,27148.0,27120.75,27140.5,7428
2026-04-28 14:15:00-04:00,27140.5,27183.0,27140.25,27176.0,14199
2026-04-28 14:30:00-04:00,27175.75,27180.75,27150.75,27178.5,9222
2026-04-28 14:45:00-04:00,27178.25,27194.75,27170.0,27194.25,7725
2026-04-28 15:00:00-04:00,27194.75,27224.5,27187.5,27207.25,11246
2026-04-28 15:15:00-04:00,27207.0,27207.5,27173.75,27187.0,9452
2026-04-28 15:30:00-04:00,27186.75,27191.75,27164.5,27178.75,8318
2026-04-28 15:45:00-04:00,27179.0,27188.5,27154.5,27169.25,23133
2026-04-28 16:00:00-04:00,27169.25,27200.25,27147.25,27186.75,10380
2026-04-28 16:15:00-04:00,27186.25,27207.25,27185.75,27200.25,2872
2026-04-28 16:30:00-04:00,27200.5,27201.5,27191.25,27195.5,1816
2026-04-28 16:45:00-04:00,27195.5,27199.0,27185.25,27191.5,1241
2026-04-28 18:00:00-04:00,27197.25,27233.0,27197.25,27224.0,2072
2026-04-28 18:15:00-04:00,27224.5,27227.0,27209.25,27215.0,856
2026-04-28 18:30:00-04:00,27215.0,27227.0,27215.0,27220.5,1026
2026-04-28 18:45:00-04:00,27220.25,27223.75,27218.0,27223.75,409
2026-04-28 19:00:00-04:00,27224.25,27227.0,27213.75,27220.25,1277
2026-04-28 19:15:00-04:00,27220.25,27226.5,27220.25,27223.5,490
2026-04-28 19:30:00-04:00,27224.25,27241.75,27223.5,27238.0,1001
2026-04-28 19:45:00-04:00,27238.5,27247.75,27235.0,27247.5,743
2026-04-28 20:00:00-04:00,27246.25,27280.75,27246.25,27278.0,2430
2026-04-28 20:15:00-04:00,27277.25,27289.25,27264.0,27289.0,2039
2026-04-28 20:30:00-04:00,27288.5,27294.0,27271.75,27279.75,1253
2026-04-28 20:45:00-04:00,27280.25,27281.0,27260.5,27264.0,1129
2026-04-28 21:00:00-04:00,27263.5,27266.0,27191.75,27221.0,5050
2026-04-28 21:15:00-04:00,27221.25,27236.5,27213.5,27228.0,1732
2026-04-28 21:30:00-04:00,27228.0,27270.0,27223.75,27261.0,2253
2026-04-28 21:45:00-04:00,27259.5,27264.25,27240.25,27246.5,1024
2026-04-28 22:00:00-04:00,27247.25,27271.75,27242.25,27270.0,1989
2026-04-28 22:15:00-04:00,27270.5,27281.5,27262.0,27266.0,1709
2026-04-28 22:30:00-04:00,27266.75,27266.75,27247.5,27253.5,1372
2026-04-28 22:45:00-04:00,27254.25,27271.25,27250.5,27267.5,1050
2026-04-28 23:00:00-04:00,27269.0,27293.5,27266.0,27283.0,1206
2026-04-28 23:15:00-04:00,27282.25,27291.75,27281.5,27288.0,616
2026-04-28 23:30:00-04:00,27286.75,27289.75,27279.0,27282.0,423
2026-04-28 23:45:00-04:00,27280.0,27285.5,27276.25,27283.25,645
2026-04-29 00:00:00-04:00,27284.0,27297.25,27282.0,27295.25,765
2026-04-29 00:15:00-04:00,27295.75,27296.25,27289.0,27293.75,402
2026-04-29 00:30:00-04:00,27294.0,27312.25,27294.0,27303.25,1059
2026-04-29 00:45:00-04:00,27302.75,27303.75,27292.75,27297.75,593
2026-04-29 01:00:00-04:00,27299.25,27302.25,27281.5,27285.5,712
2026-04-29 01:15:00-04:00,27285.5,27295.75,27276.25,27294.5,860
2026-04-29 01:30:00-04:00,27294.75,27303.75,27288.0,27302.5,575
2026-04-29 01:45:00-04:00,27301.5,27309.75,27296.75,27297.25,680
2026-04-29 02:00:00-04:00,27297.25,27317.25,27293.0,27295.5,1292
2026-04-29 02:15:00-04:00,27295.0,27295.0,27281.75,27283.0,892
2026-04-29 02:30:00-04:00,27283.0,27299.5,27278.25,27291.75,1256
2026-04-29 02:45:00-04:00,27292.0,27292.0,27260.5,27265.75,1682
2026-04-29 03:00:00-04:00,27265.5,27288.5,27255.25,27257.5,1571
2026-04-29 03:15:00-04:00,27257.75,27268.25,27246.5,27263.25,1520
2026-04-29 03:30:00-04:00,27263.0,27272.0,27237.75,27238.0,1666
2026-04-29 03:45:00-04:00,27238.5,27240.75,27210.0,27237.75,2834
2026-04-29 04:00:00-04:00,27238.75,27261.5,27206.25,27209.0,3135
2026-04-29 04:15:00-04:00,27210.75,27249.5,27198.0,27245.5,1940
2026-04-29 04:30:00-04:00,27245.25,27248.25,27205.5,27240.0,2365
2026-04-29 04:45:00-04:00,27240.5,27249.5,27229.25,27241.25,1436
2026-04-29 05:00:00-04:00,27241.0,27262.0,27229.75,27254.5,1599
2026-04-29 05:15:00-04:00,27254.0,27270.0,27239.5,27250.0,1528
2026-04-29 05:30:00-04:00,27249.25,27265.5,27234.0,27236.0,1321
2026-04-29 05:45:00-04:00,27236.75,27248.0,27222.25,27229.0,955
2026-04-29 06:00:00-04:00,27227.0,27247.0,27212.0,27244.75,1369
2026-04-29 06:15:00-04:00,27245.25,27287.5,27243.75,27281.5,1858
2026-04-29 06:30:00-04:00,27282.25,27288.5,27258.0,27263.5,1409
2026-04-29 06:45:00-04:00,27263.0,27274.75,27254.25,27264.0,1158
2026-04-29 07:00:00-04:00,27262.25,27276.5,27254.5,27269.75,1924
2026-04-29 07:15:00-04:00,27269.5,27279.75,27257.25,27260.25,1084
2026-04-29 07:30:00-04:00,27260.0,27285.0,27240.75,27247.25,2161
2026-04-29 07:45:00-04:00,27247.25,27262.0,27235.0,27251.25,1504
2026-04-29 08:00:00-04:00,27251.75,27253.0,27229.25,27233.5,1630
2026-04-29 08:15:00-04:00,27233.0,27251.5,27217.75,27232.25,2784
2026-04-29 08:30:00-04:00,27232.0,27248.0,27191.75,27241.0,4839
2026-04-29 08:45:00-04:00,27241.0,27246.0,27218.0,27225.75,1882
2026-04-29 09:00:00-04:00,27225.75,27251.25,27225.75,27244.5,2315
2026-04-29 09:15:00-04:00,27243.5,27245.75,27198.5,27207.25,6669
2026-04-29 09:30:00-04:00,27206.75,27218.0,27124.25,27180.5,28639
2026-04-29 09:45:00-04:00,27180.25,27235.75,27155.5,27220.25,19406
2026-04-29 10:00:00-04:00,27220.75,27225.25,27177.75,27215.25,14657
2026-04-29 10:15:00-04:00,27215.25,27277.0,27203.5,27269.0,14954
2026-04-29 10:30:00-04:00,27268.75,27315.5,27248.5,27305.5,19200
2026-04-29 10:45:00-04:00,27305.75,27312.0,27282.0,27302.25,10553
2026-04-29 11:00:00-04:00,27303.0,27309.5,27221.75,27230.5,15576
2026-04-29 11:15:00-04:00,27230.5,27287.0,27219.75,27275.75,13250
2026-04-29 11:30:00-04:00,27275.25,27293.25,27264.25,27278.0,11356
2026-04-29 11:45:00-04:00,27277.5,27298.0,27199.25,27240.25,22707
2026-04-29 12:00:00-04:00,27239.75,27273.5,27231.25,27247.0,10397
2026-04-29 12:15:00-04:00,27247.25,27257.25,27200.0,27202.25,10364
2026-04-29 12:30:00-04:00,27202.0,27210.0,27153.5,27205.5,17151
2026-04-29 12:45:00-04:00,27205.0,27222.0,27184.0,27199.25,8731
2026-04-29 13:00:00-04:00,27199.0,27218.0,27170.0,27205.25,8800
2026-04-29 13:15:00-04:00,27204.75,27229.25,27191.25,27213.75,8874
2026-04-29 13:30:00-04:00,27214.0,27231.0,27205.75,27220.0,6523
2026-04-29 13:45:00-04:00,27220.25,27254.0,27216.5,27249.5,7896
2026-04-29 14:00:00-04:00,27249.5,27256.75,27158.0,27191.5,13377
2026-04-29 14:15:00-04:00,27191.75,27238.75,27188.5,27208.5,9052
2026-04-29 14:30:00-04:00,27209.25,27267.0,27180.0,27192.25,14909
2026-04-29 14:45:00-04:00,27191.0,27301.0,27170.5,27295.25,12262
2026-04-29 15:00:00-04:00,27295.5,27321.25,27263.5,27318.75,14089
2026-04-29 15:15:00-04:00,27319.5,27340.25,27297.75,27310.75,10591
2026-04-29 15:30:00-04:00,27311.0,27313.5,27267.5,27277.5,11556
2026-04-29 15:45:00-04:00,27277.5,27338.75,27262.25,27337.25,21023
2026-04-29 16:00:00-04:00,27337.0,27414.0,27118.25,27131.25,28294
2026-04-29 16:15:00-04:00,27131.0,27288.5,27094.0,27281.5,15773
2026-04-29 16:30:00-04:00,27282.0,27299.0,27251.25,27254.75,6013
2026-04-29 16:45:00-04:00,27253.75,27275.5,27148.5,27148.75,6481
2026-04-29 18:00:00-04:00,27207.0,27437.5,27207.0,27434.75,9950
2026-04-29 18:15:00-04:00,27434.0,27500.0,27427.25,27467.75,6985
2026-04-29 18:30:00-04:00,27469.75,27488.75,27452.0,27472.25,3098
2026-04-29 18:45:00-04:00,27471.25,27499.0,27466.0,27471.25,2662
2026-04-29 19:00:00-04:00,27473.25,27485.75,27464.0,27476.0,1878
2026-04-29 19:15:00-04:00,27476.0,27477.5,27452.0,27471.25,1756
2026-04-29 19:30:00-04:00,27472.0,27522.0,27471.5,27520.0,3258
2026-04-29 19:45:00-04:00,27520.25,27557.5,27510.0,27550.5,4032
2026-04-29 20:00:00-04:00,27551.75,27592.5,27551.25,27574.75,4862
2026-04-29 20:15:00-04:00,27575.25,27592.0,27558.5,27576.25,2743
2026-04-29 20:30:00-04:00,27578.0,27622.75,27577.5,27603.0,3616
2026-04-29 20:45:00-04:00,27603.25,27616.0,27589.25,27595.25,2081
2026-04-29 21:00:00-04:00,27594.25,27601.25,27566.0,27567.75,1935
2026-04-29 21:15:00-04:00,27569.0,27582.75,27564.5,27581.25,1756
2026-04-29 21:30:00-04:00,27581.5,27597.5,27556.0,27567.0,2706
2026-04-29 21:45:00-04:00,27568.5,27583.25,27557.0,27581.25,1420
2026-04-29 22:00:00-04:00,27581.25,27588.5,27559.0,27566.0,1284
2026-04-29 22:15:00-04:00,27565.75,27568.5,27512.75,27517.5,2320
2026-04-29 22:30:00-04:00,27516.5,27516.5,27386.5,27437.75,8616
2026-04-29 22:45:00-04:00,27438.5,27442.0,27395.5,27427.5,4407
2026-04-29 23:00:00-04:00,27424.75,27453.5,27403.75,27413.0,2489
2026-04-29 23:15:00-04:00,27413.5,27426.25,27402.5,27422.75,1843
2026-04-29 23:30:00-04:00,27423.0,27440.25,27413.0,27427.0,1267
2026-04-29 23:45:00-04:00,27426.25,27432.25,27406.0,27410.25,1046
2026-04-30 00:00:00-04:00,27410.25,27410.5,27320.75,27338.75,4640
2026-04-30 00:15:00-04:00,27339.75,27345.75,27278.5,27297.75,3784
2026-04-30 00:30:00-04:00,27296.5,27299.5,27239.0,27267.75,4586
2026-04-30 00:45:00-04:00,27266.75,27279.0,27231.5,27234.25,2473
2026-04-30 01:00:00-04:00,27233.5,27307.25,27233.5,27305.25,3610
2026-04-30 01:15:00-04:00,27305.0,27308.75,27244.0,27252.0,2321
2026-04-30 01:30:00-04:00,27252.25,27296.75,27251.0,27274.5,1718
2026-04-30 01:45:00-04:00,27273.5,27279.25,27221.75,27223.75,1583
2026-04-30 02:00:00-04:00,27223.5,27230.25,27185.25,27211.5,3336
2026-04-30 02:15:00-04:00,27212.25,27240.0,27201.0,27233.0,2761
2026-04-30 02:30:00-04:00,27234.0,27307.5,27234.0,27270.25,4191
2026-04-30 02:45:00-04:00,27269.75,27292.5,27252.0,27283.5,2128
2026-04-30 03:00:00-04:00,27282.25,27341.5,27269.75,27324.75,3925
2026-04-30 03:15:00-04:00,27323.0,27364.75,27304.25,27363.0,2881
2026-04-30 03:30:00-04:00,27362.25,27377.25,27352.0,27359.75,2537
2026-04-30 03:45:00-04:00,27363.75,27367.0,27334.75,27352.25,1886
2026-04-30 04:00:00-04:00,27351.5,27382.75,27341.5,27356.5,2996
2026-04-30 04:15:00-04:00,27356.0,27363.0,27324.75,27362.25,2099
2026-04-30 04:30:00-04:00,27362.5,27396.75,27359.25,27383.75,2368
2026-04-30 04:45:00-04:00,27385.75,27395.75,27360.0,27360.0,1614
2026-04-30 05:00:00-04:00,27359.5,27379.0,27342.75,27351.25,1968
2026-04-30 05:15:00-04:00,27351.0,27395.25,27330.75,27393.0,2057
2026-04-30 05:30:00-04:00,27392.5,27442.0,27372.0,27375.25,3569
2026-04-30 05:45:00-04:00,27374.5,27391.5,27356.0,27367.75,2324
2026-04-30 06:00:00-04:00,27368.25,27400.75,27368.25,27377.25,2383
2026-04-30 06:15:00-04:00,27376.25,27422.5,27371.25,27418.0,2279
2026-04-30 06:30:00-04:00,27417.25,27432.75,27373.0,27378.75,4161
2026-04-30 06:45:00-04:00,27378.5,27402.0,27350.5,27374.75,3101
2026-04-30 07:00:00-04:00,27376.5,27440.0,27371.5,27415.0,3036
2026-04-30 07:15:00-04:00,27414.5,27490.25,27412.0,27487.75,3698
2026-04-30 07:30:00-04:00,27489.5,27494.25,27449.5,27450.5,3960
2026-04-30 07:45:00-04:00,27450.25,27465.5,27434.5,27440.5,2773
2026-04-30 08:00:00-04:00,27440.25,27491.25,27438.0,27489.75,3231
2026-04-30 08:15:00-04:00,27486.0,27541.0,27485.25,27539.75,5687
2026-04-30 08:30:00-04:00,27538.25,27550.0,27466.25,27486.0,6129
2026-04-30 08:45:00-04:00,27486.5,27534.75,27480.0,27524.75,4767
2026-04-30 09:00:00-04:00,27522.75,27540.0,27497.5,27498.5,4222
2026-04-30 09:15:00-04:00,27499.5,27514.25,27483.5,27492.25,5115
2026-04-30 09:30:00-04:00,27491.25,27491.5,27271.0,27345.25,47432
2026-04-30 09:45:00-04:00,27345.75,27365.25,27203.0,27245.75,35962
2026-04-30 10:00:00-04:00,27247.25,27303.0,27200.75,27252.75,30451
2026-04-30 10:15:00-04:00,27253.0,27258.25,27163.25,27228.25,27018
2026-04-30 10:30:00-04:00,27228.5,27275.75,27171.25,27245.5,26542
2026-04-30 10:45:00-04:00,27245.25,27376.0,27243.25,27359.5,23178
2026-04-30 11:00:00-04:00,27359.25,27415.25,27356.5,27401.75,24565
2026-04-30 11:15:00-04:00,27401.5,27417.0,27377.0,27404.75,14094
2026-04-30 11:30:00-04:00,27404.25,27435.75,27350.5,27361.25,18117
2026-04-30 11:45:00-04:00,27362.25,27422.0,27331.25,27388.5,16428
2026-04-30 12:00:00-04:00,27388.25,27433.25,27356.25,27430.75,13532
2026-04-30 12:15:00-04:00,27430.5,27435.0,27395.25,27415.0,9560
2026-04-30 12:30:00-04:00,27415.5,27424.25,27392.0,27394.75,7361
2026-04-30 12:45:00-04:00,27394.75,27402.0,27347.75,27371.25,12575
2026-04-30 13:00:00-04:00,27370.75,27455.0,27369.5,27448.75,14230
2026-04-30 13:15:00-04:00,27448.0,27463.5,27426.0,27462.25,9891
2026-04-30 13:30:00-04:00,27461.75,27504.25,27461.5,27498.0,14672
2026-04-30 13:45:00-04:00,27498.5,27548.0,27497.5,27543.25,11743
2026-04-30 14:00:00-04:00,27543.5,27586.75,27542.0,27570.25,16220
2026-04-30 14:15:00-04:00,27570.75,27585.5,27552.5,27562.5,9361
2026-04-30 14:30:00-04:00,27563.0,27591.75,27561.0,27575.5,8734
2026-04-30 14:45:00-04:00,27575.5,27581.75,27548.75,27551.25,7666
2026-04-30 15:00:00-04:00,27551.25,27598.25,27542.0,27597.5,12059
2026-04-30 15:15:00-04:00,27597.0,27608.5,27587.0,27592.0,8379
2026-04-30 15:30:00-04:00,27592.25,27619.5,27582.0,27618.0,9522
2026-04-30 15:45:00-04:00,27618.25,27622.0,27572.25,27577.5,31848
2026-04-30 16:00:00-04:00,27578.5,27603.0,27557.0,27588.5,16130
2026-04-30 16:15:00-04:00,27589.0,27615.0,27588.75,27604.25,3788
2026-04-30 16:30:00-04:00,27604.75,27617.5,27576.75,27584.5,4850
2026-04-30 16:45:00-04:00,27584.5,27607.0,27583.0,27598.5,2677
2026-04-30 18:00:00-04:00,27631.75,27646.5,27603.0,27640.5,3850
2026-04-30 18:15:00-04:00,27640.25,27640.5,27613.75,27618.25,1238
2026-04-30 18:30:00-04:00,27618.75,27620.0,27603.5,27615.25,1247
2026-04-30 18:45:00-04:00,27615.5,27615.75,27556.25,27579.75,2476
2026-04-30 19:00:00-04:00,27579.75,27600.0,27576.5,27584.5,1574
2026-04-30 19:15:00-04:00,27584.0,27607.0,27580.25,27605.0,1010
2026-04-30 19:30:00-04:00,27604.5,27624.25,27599.25,27607.25,1054
2026-04-30 19:45:00-04:00,27606.75,27618.0,27588.0,27594.25,1459
2026-04-30 20:00:00-04:00,27594.5,27621.25,27591.0,27600.0,2253
2026-04-30 20:15:00-04:00,27600.0,27634.0,27600.0,27629.75,1814
2026-04-30 20:30:00-04:00,27629.25,27640.25,27621.75,27631.25,1116
2026-04-30 20:45:00-04:00,27632.0,27641.5,27622.25,27625.5,729
2026-04-30 21:00:00-04:00,27624.75,27639.75,27613.0,27638.25,1257
2026-04-30 21:15:00-04:00,27638.75,27650.75,27633.5,27646.5,1258
2026-04-30 21:30:00-04:00,27648.0,27658.25,27640.25,27646.0,1089
2026-04-30 21:45:00-04:00,27644.75,27657.25,27642.25,27650.25,857
2026-04-30 22:00:00-04:00,27648.5,27652.25,27643.0,27644.5,560
2026-04-30 22:15:00-04:00,27644.25,27648.75,27635.25,27638.0,659
2026-04-30 22:30:00-04:00,27638.0,27642.75,27625.0,27628.5,1180
2026-04-30 22:45:00-04:00,27628.5,27645.5,27624.5,27642.0,804
2026-04-30 23:00:00-04:00,27642.5,27653.75,27637.0,27650.0,1184
2026-04-30 23:15:00-04:00,27649.25,27659.75,27648.75,27656.75,754
2026-04-30 23:30:00-04:00,27658.25,27674.5,27637.75,27640.0,1778
2026-04-30 23:45:00-04:00,27640.0,27645.5,27634.25,27643.0,560
2026-05-01 00:00:00-04:00,27643.5,27643.5,27621.75,27630.75,999
2026-05-01 00:15:00-04:00,27631.5,27636.0,27625.5,27629.75,448
2026-05-01 00:30:00-04:00,27629.0,27633.5,27620.75,27626.5,488
2026-05-01 00:45:00-04:00,27626.25,27632.5,27624.75,27628.5,502
2026-05-01 01:00:00-04:00,27628.25,27640.75,27619.25,27637.75,882
2026-05-01 01:15:00-04:00,27636.0,27638.0,27621.25,27636.75,573
2026-05-01 01:30:00-04:00,27636.0,27636.5,27622.0,27627.0,524
2026-05-01 01:45:00-04:00,27627.0,27627.5,27612.25,27616.75,569
2026-05-01 02:00:00-04:00,27617.75,27623.25,27612.25,27622.75,706
2026-05-01 02:15:00-04:00,27623.0,27628.5,27608.75,27609.75,880
2026-05-01 02:30:00-04:00,27612.0,27613.0,27596.25,27603.75,1096
2026-05-01 02:45:00-04:00,27603.5,27606.75,27591.5,27596.5,1102
2026-05-01 03:00:00-04:00,27595.75,27622.75,27595.0,27618.0,1652
2026-05-01 03:15:00-04:00,27617.75,27625.75,27602.75,27605.0,821
2026-05-01 03:30:00-04:00,27604.75,27606.25,27582.0,27584.0,1204
2026-05-01 03:45:00-04:00,27583.0,27605.25,27572.0,27579.5,1885
2026-05-01 04:00:00-04:00,27580.5,27596.25,27575.5,27588.75,1157
2026-05-01 04:15:00-04:00,27589.75,27597.75,27579.25,27583.0,816
2026-05-01 04:30:00-04:00,27582.0,27582.25,27562.75,27565.25,1095
2026-05-01 04:45:00-04:00,27564.0,27569.25,27554.5,27566.75,847
2026-05-01 05:00:00-04:00,27566.0,27566.5,27545.5,27555.25,924
2026-05-01 05:15:00-04:00,27557.0,27569.0,27553.0,27563.5,883
2026-05-01 05:30:00-04:00,27562.25,27569.0,27556.0,27563.75,575
2026-05-01 05:45:00-04:00,27562.5,27576.0,27561.25,27569.75,766
2026-05-01 06:00:00-04:00,27570.25,27573.0,27558.0,27569.5,556
2026-05-01 06:15:00-04:00,27570.0,27580.75,27562.5,27564.5,806
2026-05-01 06:30:00-04:00,27565.25,27568.25,27536.25,27550.5,1517
2026-05-01 06:45:00-04:00,27550.5,27571.0,27548.5,27569.75,901
2026-05-01 07:00:00-04:00,27570.25,27575.0,27540.75,27548.5,1271
2026-05-01 07:15:00-04:00,27548.0,27564.5,27541.5,27547.5,1205
2026-05-01 07:30:00-04:00,27546.0,27552.0,27537.25,27548.5,1301
2026-05-01 07:45:00-04:00,27549.0,27564.75,27547.0,27564.25,1466
2026-05-01 08:00:00-04:00,27564.5,27622.75,27547.0,27601.0,4921
2026-05-01 08:15:00-04:00,27599.5,27625.75,27589.25,27614.25,4050
2026-05-01 08:30:00-04:00,27612.75,27614.5,27568.25,27571.5,3844
2026-05-01 08:45:00-04:00,27571.0,27588.75,27565.75,27577.0,1788
2026-05-01 09:00:00-04:00,27576.5,27615.75,27575.75,27604.75,3296
2026-05-01 09:15:00-04:00,27604.0,27638.0,27594.75,27632.5,6168
2026-05-01 09:30:00-04:00,27632.75,27795.0,27617.75,27788.25,40434
2026-05-01 09:45:00-04:00,27787.75,27875.75,27752.5,27873.5,32491
2026-05-01 10:00:00-04:00,27873.5,27909.25,27852.0,27889.5,23353
2026-05-01 10:15:00-04:00,27890.0,27905.5,27859.5,27871.5,17700
2026-05-01 10:30:00-04:00,27871.5,27873.25,27751.0,27816.75,32713
2026-05-01 10:45:00-04:00,27816.75,27844.75,27793.5,27814.75,18207
2026-05-01 11:00:00-04:00,27815.25,27838.0,27769.0,27837.0,17337
2026-05-01 11:15:00-04:00,27836.75,27870.25,27828.25,27863.0,12411
2026-05-01 11:30:00-04:00,27863.5,27903.0,27856.0,27895.0,12230
2026-05-01 11:45:00-04:00,27894.75,27917.0,27837.75,27890.75,17815
2026-05-01 12:00:00-04:00,27890.75,27901.5,27841.0,27844.0,10526
2026-05-01 12:15:00-04:00,27843.25,27877.25,27818.0,27832.75,14618
2026-05-01 12:30:00-04:00,27832.5,27848.5,27808.75,27819.5,11505
2026-05-01 12:45:00-04:00,27819.0,27856.25,27805.5,27831.5,10822
2026-05-01 13:00:00-04:00,27831.0,27858.25,27828.5,27856.75,7049
2026-05-01 13:15:00-04:00,27856.25,27887.75,27855.75,27885.5,8347
2026-05-01 13:30:00-04:00,27885.5,27890.5,27864.0,27885.25,6996
2026-05-01 13:45:00-04:00,27885.25,27897.0,27876.5,27883.75,7629
2026-05-01 14:00:00-04:00,27883.25,27890.25,27844.0,27846.75,9097
2026-05-01 14:15:00-04:00,27846.5,27872.0,27835.75,27867.5,8964
2026-05-01 14:30:00-04:00,27868.25,27869.25,27812.75,27822.5,11064
2026-05-01 14:45:00-04:00,27822.0,27826.0,27794.75,27821.75,9636
2026-05-01 15:00:00-04:00,27822.25,27873.0,27818.0,27868.25,9173
2026-05-01 15:15:00-04:00,27869.0,27900.0,27861.75,27896.25,10236
2026-05-01 15:30:00-04:00,27896.25,27900.75,27863.5,27874.25,9835
2026-05-01 15:45:00-04:00,27873.75,27881.0,27822.75,27837.25,24831
2026-05-01 16:00:00-04:00,27837.25,27837.5,27814.0,27819.75,8380
2026-05-01 16:15:00-04:00,27820.25,27820.75,27787.5,27798.75,4343
2026-05-01 16:30:00-04:00,27799.25,27800.75,27782.0,27788.25,2812
2026-05-01 16:45:00-04:00,27788.0,27799.25,27755.75,27783.25,2778
2026-05-03 18:00:00-04:00,27890.0,27926.0,27856.5,27866.0,5206
2026-05-03 18:15:00-04:00,27866.0,27879.75,27837.5,27845.5,2341
2026-05-03 18:30:00-04:00,27846.75,27860.75,27840.25,27854.5,1873
2026-05-03 18:45:00-04:00,27854.75,27876.0,27836.0,27849.75,2329
2026-05-03 19:00:00-04:00,27850.0,27857.5,27818.75,27828.25,1637
2026-05-03 19:15:00-04:00,27828.5,27829.5,27815.0,27821.75,947
2026-05-03 19:30:00-04:00,27821.0,27836.0,27815.75,27826.5,1549
2026-05-03 19:45:00-04:00,27826.0,27832.75,27816.0,27825.0,750
2026-05-03 20:00:00-04:00,27823.25,27866.75,27800.25,27855.75,4464
2026-05-03 20:15:00-04:00,27854.75,27864.75,27807.75,27835.5,2979
2026-05-03 20:30:00-04:00,27837.5,27864.5,27833.75,27863.75,2351
2026-05-03 20:45:00-04:00,27863.0,27897.25,27860.25,27892.75,3255
2026-05-03 21:00:00-04:00,27893.0,27898.5,27858.5,27884.5,2401
2026-05-03 21:15:00-04:00,27885.0,27893.0,27873.0,27876.0,1537
2026-05-03 21:30:00-04:00,27875.25,27912.0,27872.5,27905.25,3110
2026-05-03 21:45:00-04:00,27905.25,27922.0,27900.25,27919.5,1456
2026-05-03 22:00:00-04:00,27919.5,27924.0,27894.5,27913.0,1722
2026-05-03 22:15:00-04:00,27913.0,27913.0,27878.25,27886.25,2222
2026-05-03 22:30:00-04:00,27886.25,27916.25,27884.5,27913.75,1132
2026-05-03 22:45:00-04:00,27913.75,27944.0,27910.0,27928.75,2198
2026-05-03 23:00:00-04:00,27929.25,27945.0,27926.75,27940.75,1048
2026-05-03 23:15:00-04:00,27940.25,27940.25,27925.5,27929.0,746
2026-05-03 23:30:00-04:00,27928.25,27931.5,27918.75,27930.25,753
2026-05-03 23:45:00-04:00,27929.25,27939.5,27918.75,27931.75,1267
2026-05-04 00:00:00-04:00,27931.75,27943.75,27927.25,27938.5,829
2026-05-04 00:15:00-04:00,27938.0,27951.5,27937.75,27949.0,1115
2026-05-04 00:30:00-04:00,27949.25,27953.25,27939.0,27944.5,817
2026-05-04 00:45:00-04:00,27946.25,27947.75,27936.25,27938.75,599
2026-05-04 01:00:00-04:00,27938.0,27951.75,27930.5,27949.25,874
2026-05-04 01:15:00-04:00,27951.0,27965.75,27931.25,27937.0,1692
2026-05-04 01:30:00-04:00,27938.25,27949.75,27931.25,27949.75,938
2026-05-04 01:45:00-04:00,27949.0,27953.0,27933.25,27935.5,866
2026-05-04 02:00:00-04:00,27935.75,27940.25,27904.75,27921.5,2098
2026-05-04 02:15:00-04:00,27923.0,27925.5,27892.75,27910.0,1255
2026-05-04 02:30:00-04:00,27910.0,27918.25,27872.25,27884.75,2261
2026-05-04 02:45:00-04:00,27884.5,27900.0,27874.75,27895.5,1051
2026-05-04 03:00:00-04:00,27896.5,27932.25,27881.25,27925.0,2151
2026-05-04 03:15:00-04:00,27924.25,27946.75,27924.0,27936.25,1754
2026-05-04 03:30:00-04:00,27937.0,27943.5,27922.25,27940.0,1383
2026-05-04 03:45:00-04:00,27938.75,27951.25,27912.25,27912.25,1623
2026-05-04 04:00:00-04:00,27912.0,27914.25,27864.25,27887.5,3587
2026-05-04 04:15:00-04:00,27887.0,27907.25,27869.5,27903.0,1662
2026-05-04 04:30:00-04:00,27903.75,27911.5,27892.75,27893.25,1168
2026-05-04 04:45:00-04:00,27892.75,27904.25,27888.0,27892.5,1195
2026-05-04 05:00:00-04:00,27894.5,27915.25,27883.5,27911.75,1183
2026-05-04 05:15:00-04:00,27912.0,27913.75,27902.75,27911.5,782
2026-05-04 05:30:00-04:00,27912.0,27922.5,27905.75,27914.25,951
2026-05-04 05:45:00-04:00,27914.5,27924.75,27889.25,27890.25,1468
2026-05-04 06:00:00-04:00,27891.0,27897.0,27664.0,27700.25,14257
2026-05-04 06:15:00-04:00,27700.25,27767.25,27662.25,27753.5,9227
2026-05-04 06:30:00-04:00,27753.75,27854.25,27742.75,27828.0,8460
2026-05-04 06:45:00-04:00,27827.0,27838.0,27806.5,27813.75,2679
2026-05-04 07:00:00-04:00,27815.0,27847.75,27792.5,27828.75,5195
2026-05-04 07:15:00-04:00,27829.75,27845.0,27814.75,27820.25,1624
2026-05-04 07:30:00-04:00,27818.0,27831.25,27778.75,27810.75,4218
2026-05-04 07:45:00-04:00,27810.5,27834.75,27793.5,27826.75,2433
2026-05-04 08:00:00-04:00,27828.5,27868.75,27828.5,27856.0,3454
2026-05-04 08:15:00-04:00,27855.25,27881.5,27828.25,27864.0,4559
2026-05-04 08:30:00-04:00,27863.0,27876.0,27841.25,27865.25,2530
2026-05-04 08:45:00-04:00,27864.5,27866.75,27831.75,27844.5,2499
2026-05-04 09:00:00-04:00,27845.25,27880.75,27787.5,27850.0,11326
2026-05-04 09:15:00-04:00,27850.25,27862.75,27843.0,27854.75,4030
2026-05-04 09:30:00-04:00,27854.5,27888.0,27808.25,27855.5,29146
2026-05-04 09:45:00-04:00,27855.25,27898.75,27840.5,27896.0,19145
2026-05-04 10:00:00-04:00,27895.25,27913.25,27844.0,27892.75,20240
2026-05-04 10:15:00-04:00,27892.75,27912.25,27867.25,27871.25,12663
2026-05-04 10:30:00-04:00,27870.75,27930.0,27864.0,27926.5,13439
2026-05-04 10:45:00-04:00,27926.75,27941.0,27874.0,27882.0,16977
2026-05-04 11:00:00-04:00,27882.0,27914.25,27837.75,27854.5,18603
2026-05-04 11:15:00-04:00,27854.25,27867.75,27711.5,27776.25,34047
2026-05-04 11:30:00-04:00,27776.25,27783.75,27697.25,27762.75,23175
2026-05-04 11:45:00-04:00,27762.25,27771.5,27700.75,27734.75,17965
2026-05-04 12:00:00-04:00,27734.25,27746.5,27613.0,27656.5,23927
2026-05-04 12:15:00-04:00,27656.75,27747.75,27629.5,27713.25,21326
2026-05-04 12:30:00-04:00,27714.5,27744.25,27691.0,27711.75,13099
2026-05-04 12:45:00-04:00,27712.0,27723.0,27688.75,27706.25,9603
2026-05-04 13:00:00-04:00,27705.25,27758.5,27704.0,27743.25,12447
2026-05-04 13:15:00-04:00,27743.75,27803.75,27740.0,27794.0,14022
2026-05-04 13:30:00-04:00,27793.25,27798.25,27753.5,27776.25,8656
2026-05-04 13:45:00-04:00,27776.5,27802.5,27767.25,27792.25,6549
2026-05-04 14:00:00-04:00,27792.25,27818.75,27786.25,27787.5,8196
2026-05-04 14:15:00-04:00,27787.0,27789.5,27732.25,27770.75,10528
2026-05-04 14:30:00-04:00,27771.5,27777.0,27726.5,27727.75,7570
2026-05-04 14:45:00-04:00,27728.25,27765.0,27718.0,27759.75,9549
2026-05-04 15:00:00-04:00,27759.0,27789.25,27739.75,27774.5,11798
2026-05-04 15:15:00-04:00,27774.75,27788.5,27749.0,27778.5,7732
2026-05-04 15:30:00-04:00,27778.5,27792.5,27762.0,27768.25,6223
2026-05-04 15:45:00-04:00,27768.25,27794.0,27747.0,27780.25,17545
2026-05-04 16:00:00-04:00,27779.75,27781.0,27739.0,27754.0,6131
2026-05-04 16:15:00-04:00,27753.5,27764.5,27738.75,27761.5,1779
2026-05-04 16:30:00-04:00,27761.5,27764.0,27748.5,27749.0,1072
2026-05-04 16:45:00-04:00,27748.25,27753.0,27740.25,27743.0,1204
2026-05-04 18:00:00-04:00,27760.0,27789.5,27751.5,27773.75,1585
2026-05-04 18:15:00-04:00,27773.75,27781.25,27771.75,27778.0,411
2026-05-04 18:30:00-04:00,27778.0,27779.75,27763.5,27764.0,695
2026-05-04 18:45:00-04:00,27764.0,27764.75,27740.75,27753.5,1032
2026-05-04 19:00:00-04:00,27752.0,27764.75,27741.25,27758.5,954
2026-05-04 19:15:00-04:00,27759.25,27762.5,27746.75,27752.75,457
2026-05-04 19:30:00-04:00,27752.5,27761.0,27744.5,27745.25,526
2026-05-04 19:45:00-04:00,27746.25,27753.75,27731.75,27745.5,884
2026-05-04 20:00:00-04:00,27747.0,27791.25,27741.0,27784.75,2070
2026-05-04 20:15:00-04:00,27783.75,27783.75,27739.75,27753.0,2038
2026-05-04 20:30:00-04:00,27752.0,27779.0,27751.0,27757.75,1338
2026-05-04 20:45:00-04:00,27759.5,27793.0,27758.0,27785.0,1098
2026-05-04 21:00:00-04:00,27785.0,27807.25,27767.75,27800.5,1566
2026-05-04 21:15:00-04:00,27800.25,27814.25,27797.5,27802.5,1131
2026-05-04 21:30:00-04:00,27803.25,27833.25,27790.75,27811.25,1849
2026-05-04 21:45:00-04:00,27812.25,27824.75,27810.0,27815.25,681
2026-05-04 22:00:00-04:00,27815.5,27825.75,27808.5,27811.25,855
2026-05-04 22:15:00-04:00,27811.25,27834.25,27808.5,27831.25,974
2026-05-04 22:30:00-04:00,27831.75,27841.0,27829.25,27836.0,1082
2026-05-04 22:45:00-04:00,27836.0,27836.75,27801.0,27815.5,1686
2026-05-04 23:00:00-04:00,27816.0,27833.75,27811.25,27830.0,742
2026-05-04 23:15:00-04:00,27830.75,27848.5,27827.25,27841.5,1015
2026-05-04 23:30:00-04:00,27840.75,27842.0,27835.25,27837.5,425
2026-05-04 23:45:00-04:00,27836.75,27847.5,27835.5,27841.0,499
2026-05-05 00:00:00-04:00,27840.0,27860.25,27839.75,27847.0,1045
2026-05-05 00:15:00-04:00,27846.0,27846.25,27837.5,27838.0,375
2026-05-05 00:30:00-04:00,27838.5,27840.25,27830.25,27833.5,475
2026-05-05 00:45:00-04:00,27833.5,27850.5,27826.75,27828.25,816
2026-05-05 01:00:00-04:00,27827.25,27838.0,27818.75,27836.5,877
2026-05-05 01:15:00-04:00,27836.75,27846.0,27833.5,27835.25,511
2026-05-05 01:30:00-04:00,27836.0,27854.0,27825.0,27845.75,1119
2026-05-05 01:45:00-04:00,27846.0,27855.0,27842.25,27852.75,624
2026-05-05 02:00:00-04:00,27852.5,27873.5,27839.25,27844.0,1924
2026-05-05 02:15:00-04:00,27844.25,27846.5,27818.25,27829.5,953
2026-05-05 02:30:00-04:00,27829.5,27871.25,27829.0,27864.25,1328
2026-05-05 02:45:00-04:00,27866.5,27887.0,27860.25,27880.75,1691
2026-05-05 03:00:00-04:00,27880.0,27902.25,27875.25,27895.75,2264
2026-05-05 03:15:00-04:00,27895.75,27901.0,27882.25,27886.0,1146
2026-05-05 03:30:00-04:00,27886.0,27926.75,27882.75,27898.25,2773
2026-05-05 03:45:00-04:00,27897.75,27900.0,27874.75,27882.0,1262
2026-05-05 04:00:00-04:00,27882.5,27934.0,27879.5,27926.5,2088
2026-05-05 04:15:00-04:00,27927.0,27935.0,27918.0,27918.75,1475
2026-05-05 04:30:00-04:00,27918.75,27933.0,27912.0,27928.0,1556
2026-05-05 04:45:00-04:00,27927.5,27942.25,27920.25,27929.75,1346
2026-05-05 05:00:00-04:00,27930.0,27939.75,27908.5,27926.0,1765
2026-05-05 05:15:00-04:00,27925.75,27934.25,27913.5,27929.25,1193
2026-05-05 05:30:00-04:00,27929.75,27949.0,27928.75,27937.25,1617
2026-05-05 05:45:00-04:00,27938.5,27958.5,27929.25,27936.75,1706
2026-05-05 06:00:00-04:00,27936.75,27945.0,27921.75,27935.25,1067
2026-05-05 06:15:00-04:00,27935.0,27944.25,27928.0,27939.25,737
2026-05-05 06:30:00-04:00,27939.75,27959.0,27930.75,27931.75,2827
2026-05-05 06:45:00-04:00,27932.0,27938.5,27927.5,27934.75,1434
2026-05-05 07:00:00-04:00,27934.0,27939.25,27905.75,27913.5,2957
2026-05-05 07:15:00-04:00,27913.75,27938.25,27900.0,27927.5,2148
2026-05-05 07:30:00-04:00,27928.25,27945.0,27927.25,27939.5,1277
2026-05-05 07:45:00-04:00,27940.0,27947.25,27936.0,27943.75,907
2026-05-05 08:00:00-04:00,27942.5,27997.25,27928.5,27993.5,5249
2026-05-05 08:15:00-04:00,27993.25,28006.0,27980.0,27988.25,3580
2026-05-05 08:30:00-04:00,27989.75,27994.5,27975.25,27976.5,1911
2026-05-05 08:45:00-04:00,27976.5,27982.5,27970.25,27973.5,1961
2026-05-05 09:00:00-04:00,27973.5,28008.5,27972.75,27990.5,3774
2026-05-05 09:15:00-04:00,27990.75,27999.5,27973.75,27988.25,5390
2026-05-05 09:30:00-04:00,27988.5,28084.0,27971.0,28082.75,34992
2026-05-05 09:45:00-04:00,28082.75,28112.0,28064.75,28085.25,26864
2026-05-05 10:00:00-04:00,28085.0,28109.25,28045.0,28054.75,24874
2026-05-05 10:15:00-04:00,28055.0,28134.0,28031.75,28119.5,27960
2026-05-05 10:30:00-04:00,28119.5,28139.25,28083.0,28087.5,16251
2026-05-05 10:45:00-04:00,28087.75,28113.75,28077.5,28096.0,11650
2026-05-05 11:00:00-04:00,28095.75,28134.0,28087.75,28132.0,11301
2026-05-05 11:15:00-04:00,28132.0,28139.25,28115.25,28129.5,9750
2026-05-05 11:30:00-04:00,28129.5,28142.0,28110.5,28134.75,11495
2026-05-05 11:45:00-04:00,28135.0,28149.75,28120.0,28127.0,9091
2026-05-05 12:00:00-04:00,28126.75,28152.5,28120.5,28148.25,8365
2026-05-05 12:15:00-04:00,28147.5,28149.75,28090.25,28115.75,10575
2026-05-05 12:30:00-04:00,28115.75,28129.0,28092.75,28107.5,10197
2026-05-05 12:45:00-04:00,28107.5,28135.75,28102.5,28125.5,7431
2026-05-05 13:00:00-04:00,28125.5,28135.5,28107.75,28122.0,6184
2026-05-05 13:15:00-04:00,28122.5,28145.25,28122.5,28144.5,6746
2026-05-05 13:30:00-04:00,28144.75,28152.25,28135.0,28147.75,7193
2026-05-05 13:45:00-04:00,28148.25,28167.75,28145.5,28159.0,7556
2026-05-05 14:00:00-04:00,28159.5,28186.25,28156.75,28180.5,7799
2026-05-05 14:15:00-04:00,28181.0,28185.5,28169.25,28177.25,5932
2026-05-05 14:30:00-04:00,28177.0,28181.75,28170.25,28175.25,3927
2026-05-05 14:45:00-04:00,28175.75,28182.5,28154.25,28168.75,6654
2026-05-05 15:00:00-04:00,28168.75,28188.25,28162.25,28172.75,7250
2026-05-05 15:15:00-04:00,28172.5,28179.0,28161.0,28166.25,6369
2026-05-05 15:30:00-04:00,28166.0,28170.0,28150.75,28158.75,7598
2026-05-05 15:45:00-04:00,28158.5,28160.5,28108.75,28135.75,27563
2026-05-05 16:00:00-04:00,28135.25,28157.5,28129.0,28154.75,8764
2026-05-05 16:15:00-04:00,28155.0,28247.0,28110.0,28236.0,12107
2026-05-05 16:30:00-04:00,28236.25,28238.5,28199.0,28201.25,5239
2026-05-05 16:45:00-04:00,28201.0,28213.0,28183.75,28207.25,2769
2026-05-05 18:00:00-04:00,28250.0,28268.5,28243.0,28260.0,3259
2026-05-05 18:15:00-04:00,28260.5,28283.75,28253.25,28280.0,1954
2026-05-05 18:30:00-04:00,28281.25,28297.5,28276.25,28294.75,1839
2026-05-05 18:45:00-04:00,28295.25,28422.0,28293.25,28376.25,7318
2026-05-05 19:00:00-04:00,28375.25,28385.25,28345.5,28383.0,3612
2026-05-05 19:15:00-04:00,28382.75,28383.75,28346.75,28350.75,2366
2026-05-05 19:30:00-04:00,28351.25,28370.0,28348.75,28361.75,2043
2026-05-05 19:45:00-04:00,28362.75,28377.0,28359.75,28370.0,1846
2026-05-05 20:00:00-04:00,28369.5,28372.75,28307.0,28313.5,5033
2026-05-05 20:15:00-04:00,28313.0,28314.25,28248.0,28251.0,4790
2026-05-05 20:30:00-04:00,28250.75,28286.0,28248.75,28275.0,2610
2026-05-05 20:45:00-04:00,28275.25,28281.5,28248.75,28275.75,2986
2026-05-05 21:00:00-04:00,28275.25,28299.0,28267.75,28290.0,2148
2026-05-05 21:15:00-04:00,28290.25,28309.0,28278.0,28286.75,2626
2026-05-05 21:30:00-04:00,28284.75,28293.75,28274.5,28289.25,1901
2026-05-05 21:45:00-04:00,28289.0,28298.5,28271.25,28292.0,1573
2026-05-05 22:00:00-04:00,28291.75,28295.75,28275.75,28286.5,1261
2026-05-05 22:15:00-04:00,28285.75,28296.5,28271.25,28273.0,1792
2026-05-05 22:30:00-04:00,28272.0,28282.25,28261.5,28271.5,1186
2026-05-05 22:45:00-04:00,28270.5,28290.25,28270.5,28288.0,1119
2026-05-05 23:00:00-04:00,28287.75,28309.0,28282.75,28305.0,1116
2026-05-05 23:15:00-04:00,28304.25,28323.5,28297.75,28322.25,1316
2026-05-05 23:30:00-04:00,28322.0,28334.5,28319.75,28325.25,1340
2026-05-05 23:45:00-04:00,28325.0,28325.0,28307.75,28312.25,849
2026-05-06 00:00:00-04:00,28313.5,28324.5,28310.25,28324.25,903
2026-05-06 00:15:00-04:00,28325.0,28331.0,28318.5,28327.75,726
2026-05-06 00:30:00-04:00,28328.5,28332.25,28312.0,28326.25,1143
2026-05-06 00:45:00-04:00,28327.25,28344.5,28325.75,28335.5,1405
2026-05-06 01:00:00-04:00,28334.75,28349.0,28328.75,28342.5,1080
2026-05-06 01:15:00-04:00,28341.75,28348.0,28326.0,28346.0,1108
2026-05-06 01:30:00-04:00,28345.5,28347.25,28331.0,28344.75,946
2026-05-06 01:45:00-04:00,28344.25,28359.75,28344.0,28355.0,1280
2026-05-06 02:00:00-04:00,28354.25,28369.0,28326.25,28334.75,1845
2026-05-06 02:15:00-04:00,28333.75,28337.5,28318.0,28329.75,1285
2026-05-06 02:30:00-04:00,28330.25,28342.75,28300.0,28325.5,2543
2026-05-06 02:45:00-04:00,28325.5,28337.0,28312.5,28336.25,954
2026-05-06 03:00:00-04:00,28335.25,28352.75,28314.25,28318.75,2716
2026-05-06 03:15:00-04:00,28318.25,28334.0,28308.0,28328.25,1659
2026-05-06 03:30:00-04:00,28329.25,28339.5,28316.25,28338.75,1265
2026-05-06 03:45:00-04:00,28338.75,28350.5,28334.25,28347.75,1868
2026-05-06 04:00:00-04:00,28348.0,28364.5,28342.0,28348.75,3505
2026-05-06 04:15:00-04:00,28347.5,28350.0,28323.75,28339.75,1971
2026-05-06 04:30:00-04:00,28339.25,28365.0,28334.75,28362.0,2177
2026-05-06 04:45:00-04:00,28362.0,28517.75,28360.75,28482.75,12024
2026-05-06 05:00:00-04:00,28482.5,28498.5,28415.0,28448.5,5222
2026-05-06 05:15:00-04:00,28449.0,28473.25,28447.0,28466.25,3154
2026-05-06 05:30:00-04:00,28465.5,28509.0,28457.75,28497.0,4171
2026-05-06 05:45:00-04:00,28497.25,28514.25,28481.0,28506.25,3233
2026-05-06 06:00:00-04:00,28507.75,28538.25,28501.5,28512.75,4618
2026-05-06 06:15:00-04:00,28511.75,28557.25,28508.25,28553.75,4220
2026-05-06 06:30:00-04:00,28553.25,28590.75,28551.25,28583.75,4708
2026-05-06 06:45:00-04:00,28583.0,28614.5,28560.5,28585.0,7257
2026-05-06 07:00:00-04:00,28584.0,28634.25,28577.75,28620.5,6918
2026-05-06 07:15:00-04:00,28620.75,28631.0,28585.5,28596.25,4282
2026-05-06 07:30:00-04:00,28597.25,28608.5,28546.5,28548.0,5378
2026-05-06 07:45:00-04:00,28548.5,28561.0,28512.0,28538.25,6260
2026-05-06 08:00:00-04:00,28539.25,28540.25,28440.0,28452.0,8714
2026-05-06 08:15:00-04:00,28451.25,28513.75,28426.25,28495.5,6980
2026-05-06 08:30:00-04:00,28498.25,28503.75,28441.5,28448.25,5418
2026-05-06 08:45:00-04:00,28448.5,28473.5,28432.0,28458.0,5318
2026-05-06 09:00:00-04:00,28457.75,28457.75,28392.0,28423.75,10444
2026-05-06 09:15:00-04:00,28423.75,28437.25,28372.0,28389.25,11427
2026-05-06 09:30:00-04:00,28389.5,28482.25,28336.0,28481.75,42433
2026-05-06 09:45:00-04:00,28481.25,28506.0,28419.5,28469.0,31208
2026-05-06 10:00:00-04:00,28468.25,28499.5,28385.0,28474.0,30905
2026-05-06 10:15:00-04:00,28475.0,28488.0,28404.5,28418.25,26011
2026-05-06 10:30:00-04:00,28420.25,28526.5,28418.25,28521.25,22368
2026-05-06 10:45:00-04:00,28521.0,28550.75,28518.5,28537.25,16714
2026-05-06 11:00:00-04:00,28537.5,28558.25,28518.0,28535.75,14183
2026-05-06 11:15:00-04:00,28536.5,28582.5,28532.25,28577.75,12367
2026-05-06 11:30:00-04:00,28577.75,28586.75,28530.25,28557.0,15822
2026-05-06 11:45:00-04:00,28557.0,28576.0,28547.5,28560.25,9226
2026-05-06 12:00:00-04:00,28560.5,28601.25,28554.0,28596.25,8464
2026-05-06 12:15:00-04:00,28596.25,28597.5,28566.0,28574.0,8298
2026-05-06 12:30:00-04:00,28574.0,28585.0,28553.0,28567.75,7017
2026-05-06 12:45:00-04:00,28567.5,28570.75,28512.25,28539.25,12281
2026-05-06 13:00:00-04:00,28539.5,28584.25,28528.5,28578.5,8910
2026-05-06 13:15:00-04:00,28579.0,28591.75,28567.0,28583.25,6245
2026-05-06 13:30:00-04:00,28583.5,28610.25,28581.75,28606.0,7091
2026-05-06 13:45:00-04:00,28606.25,28609.5,28587.5,28600.0,5224
2026-05-06 14:00:00-04:00,28599.5,28624.25,28591.75,28620.25,7735
2026-05-06 14:15:00-04:00,28620.75,28640.0,28620.25,28634.5,8645
2026-05-06 14:30:00-04:00,28634.5,28665.75,28625.25,28649.75,10098
2026-05-06 14:45:00-04:00,28649.5,28657.25,28633.75,28640.25,7829
2026-05-06 15:00:00-04:00,28640.0,28679.75,28637.75,28677.25,9458
2026-05-06 15:15:00-04:00,28676.75,28699.75,28672.75,28694.25,10632
2026-05-06 15:30:00-04:00,28694.0,28694.0,28667.5,28669.75,9302
2026-05-06 15:45:00-04:00,28669.25,28725.75,28666.75,28710.25,35025
2026-05-06 16:00:00-04:00,28710.25,28800.0,28701.75,28793.0,16879
2026-05-06 16:15:00-04:00,28793.75,28798.5,28769.5,28777.75,4763
2026-05-06 16:30:00-04:00,28777.25,28779.75,28723.25,28725.0,4420
2026-05-06 16:45:00-04:00,28725.0,28726.75,28694.5,28712.25,3158
2026-05-06 18:00:00-04:00,28662.75,28702.0,28650.0,28683.75,2867
2026-05-06 18:15:00-04:00,28683.5,28693.25,28653.0,28656.25,1875
2026-05-06 18:30:00-04:00,28656.25,28673.0,28652.25,28671.5,1090
2026-05-06 18:45:00-04:00,28672.0,28681.5,28667.75,28676.5,1047
2026-05-06 19:00:00-04:00,28677.25,28694.5,28669.5,28683.0,1129
2026-05-06 19:15:00-04:00,28683.5,28692.0,28672.0,28676.25,910
2026-05-06 19:30:00-04:00,28676.0,28683.25,28663.0,28673.25,824
2026-05-06 19:45:00-04:00,28673.0,28686.25,28654.25,28670.25,1586
2026-05-06 20:00:00-04:00,28669.5,28695.0,28659.75,28677.0,2157
2026-05-06 20:15:00-04:00,28677.5,28681.5,28642.25,28647.75,2307
2026-05-06 20:30:00-04:00,28647.75,28656.5,28637.0,28652.25,1492
2026-05-06 20:45:00-04:00,28653.25,28665.75,28649.25,28662.0,1233
2026-05-06 21:00:00-04:00,28661.5,28664.5,28638.25,28657.75,1579
2026-05-06 21:15:00-04:00,28658.75,28673.25,28656.5,28670.5,1252
2026-05-06 21:30:00-04:00,28669.0,28690.25,28665.5,28686.5,1309
2026-05-06 21:45:00-04:00,28686.25,28716.0,28686.25,28697.0,1782
2026-05-06 22:00:00-04:00,28698.5,28706.75,28652.5,28655.0,1984
2026-05-06 22:15:00-04:00,28654.25,28686.0,28654.25,28685.0,1672
2026-05-06 22:30:00-04:00,28685.75,28691.75,28667.5,28673.75,1061
2026-05-06 22:45:00-04:00,28675.25,28691.0,28673.75,28687.0,668
2026-05-06 23:00:00-04:00,28686.5,28688.5,28673.75,28680.5,659
2026-05-06 23:15:00-04:00,28679.5,28694.75,28673.75,28688.75,1010
2026-05-06 23:30:00-04:00,28688.0,28697.0,28687.25,28696.0,542
2026-05-06 23:45:00-04:00,28695.5,28702.5,28688.0,28691.75,605
2026-05-07 00:00:00-04:00,28691.5,28705.5,28686.0,28703.25,631
2026-05-07 00:15:00-04:00,28703.0,28713.25,28701.0,28707.75,627
2026-05-07 00:30:00-04:00,28707.75,28713.5,28697.5,28703.75,580
2026-05-07 00:45:00-04:00,28703.75,28713.5,28700.25,28705.0,549
2026-05-07 01:00:00-04:00,28704.75,28714.5,28694.25,28712.75,1030
2026-05-07 01:15:00-04:00,28711.75,28714.5,28698.5,28704.0,702
2026-05-07 01:30:00-04:00,28704.5,28727.75,28704.0,28724.5,1099
2026-05-07 01:45:00-04:00,28724.0,28727.75,28715.75,28720.25,647
2026-05-07 02:00:00-04:00,28720.0,28731.5,28697.0,28697.0,1448
2026-05-07 02:15:00-04:00,28696.5,28724.0,28695.0,28711.75,900
2026-05-07 02:30:00-04:00,28711.0,28748.75,28710.0,28743.5,1777
2026-05-07 02:45:00-04:00,28742.25,28743.25,28713.5,28737.5,1526
2026-05-07 03:00:00-04:00,28737.25,28800.0,28728.5,28798.25,4784
2026-05-07 03:15:00-04:00,28799.5,28805.25,28752.25,28771.0,3072
2026-05-07 03:30:00-04:00,28771.25,28798.75,28767.75,28791.25,1984
2026-05-07 03:45:00-04:00,28792.75,28792.75,28766.0,28777.5,1506
2026-05-07 04:00:00-04:00,28779.5,28814.5,28762.25,28769.0,2918
2026-05-07 04:15:00-04:00,28769.0,28771.25,28733.75,28746.5,2896
2026-05-07 04:30:00-04:00,28747.25,28764.0,28741.25,28742.0,1471
2026-05-07 04:45:00-04:00,28741.5,28753.5,28728.75,28736.75,1430
2026-05-07 05:00:00-04:00,28736.25,28743.0,28711.0,28732.75,2011
2026-05-07 05:15:00-04:00,28733.5,28762.5,28731.0,28747.5,1614
2026-05-07 05:30:00-04:00,28748.5,28754.5,28738.75,28743.0,987
2026-05-07 05:45:00-04:00,28742.5,28762.5,28721.75,28730.25,1682
2026-05-07 06:00:00-04:00,28729.75,28736.0,28690.25,28715.5,2164
2026-05-07 06:15:00-04:00,28717.25,28731.25,28704.5,28723.0,1212
2026-05-07 06:30:00-04:00,28722.5,28742.75,28717.0,28741.25,1332
2026-05-07 06:45:00-04:00,28741.25,28743.0,28724.5,28727.0,1015
2026-05-07 07:00:00-04:00,28728.0,28751.0,28720.0,28720.5,2326
2026-05-07 07:15:00-04:00,28720.5,28734.5,28710.5,28712.75,2013
2026-05-07 07:30:00-04:00,28713.75,28740.25,28705.25,28732.0,1798
2026-05-07 07:45:00-04:00,28731.0,28739.0,28712.5,28732.0,1757
2026-05-07 08:00:00-04:00,28732.25,28746.25,28717.0,28741.75,2997
2026-05-07 08:15:00-04:00,28740.25,28742.25,28718.5,28740.5,2265
2026-05-07 08:30:00-04:00,28740.0,28759.5,28729.25,28753.25,2957
2026-05-07 08:45:00-04:00,28753.75,28760.75,28738.75,28755.25,2106
2026-05-07 09:00:00-04:00,28755.25,28755.25,28727.25,28743.25,3917
2026-05-07 09:15:00-04:00,28743.0,28764.0,28740.25,28750.25,5370
2026-05-07 09:30:00-04:00,28750.0,28782.5,28720.75,28742.0,31680
2026-05-07 09:45:00-04:00,28741.5,28803.0,28708.0,28781.5,32102
2026-05-07 10:00:00-04:00,28781.5,28848.75,28779.0,28837.0,24792
2026-05-07 10:15:00-04:00,28836.75,28902.5,28822.5,28874.0,24124
2026-05-07 10:30:00-04:00,28874.25,28915.0,28860.25,28899.25,15846
2026-05-07 10:45:00-04:00,28899.25,28944.75,28870.25,28928.0,17764
2026-05-07 11:00:00-04:00,28928.5,28930.5,28847.0,28862.5,20688
2026-05-07 11:15:00-04:00,28862.75,28883.0,28823.75,28853.75,18725
2026-05-07 11:30:00-04:00,28854.5,28896.5,28850.5,28880.0,13871
2026-05-07 11:45:00-04:00,28879.5,28887.0,28772.75,28784.25,18065
2026-05-07 12:00:00-04:00,28785.5,28788.25,28692.0,28700.0,25577
2026-05-07 12:15:00-04:00,28700.5,28748.25,28637.0,28740.5,32062
2026-05-07 12:30:00-04:00,28740.5,28776.25,28706.25,28725.75,18439
2026-05-07 12:45:00-04:00,28725.75,28735.25,28661.0,28696.75,14908
2026-05-07 13:00:00-04:00,28697.5,28713.5,28653.25,28669.0,14793
2026-05-07 13:15:00-04:00,28668.0,28698.75,28552.0,28608.25,32111
2026-05-07 13:30:00-04:00,28608.5,28688.75,28590.5,28645.5,18640
2026-05-07 13:45:00-04:00,28645.5,28705.75,28605.0,28696.5,18151
2026-05-07 14:00:00-04:00,28696.75,28721.5,28654.0,28677.25,16977
2026-05-07 14:15:00-04:00,28679.25,28707.5,28642.5,28654.0,12453
2026-05-07 14:30:00-04:00,28654.25,28691.0,28594.25,28610.0,14510
2026-05-07 14:45:00-04:00,28608.5,28648.75,28582.75,28644.75,19661
2026-05-07 15:00:00-04:00,28645.0,28663.25,28616.0,28652.75,11280
2026-05-07 15:15:00-04:00,28653.25,28657.25,28586.75,28611.5,15303
2026-05-07 15:30:00-04:00,28611.75,28685.25,28608.75,28679.0,9839
2026-05-07 15:45:00-04:00,28679.5,28708.75,28648.0,28684.25,27215
2026-05-07 16:00:00-04:00,28684.25,28766.25,28652.25,28711.5,14081
2026-05-07 16:15:00-04:00,28711.5,28725.25,28703.0,28710.5,2410
2026-05-07 16:30:00-04:00,28711.0,28720.5,28636.5,28673.5,5309
2026-05-07 16:45:00-04:00,28672.75,28688.5,28633.0,28644.0,2985
2026-05-07 18:00:00-04:00,28582.0,28643.25,28541.0,28627.25,4259
2026-05-07 18:15:00-04:00,28626.75,28670.75,28616.5,28659.0,3109
2026-05-07 18:30:00-04:00,28662.0,28663.25,28606.75,28621.5,2148
2026-05-07 18:45:00-04:00,28622.75,28626.5,28602.25,28614.5,1070
2026-05-07 19:00:00-04:00,28615.25,28641.75,28607.75,28628.0,924
2026-05-07 19:15:00-04:00,28629.25,28649.0,28625.5,28644.5,577
2026-05-07 19:30:00-04:00,28646.0,28654.75,28636.25,28654.0,570
2026-05-07 19:45:00-04:00,28654.5,28679.75,28646.0,28679.5,1145
2026-05-07 20:00:00-04:00,28679.75,28731.75,28679.75,28719.5,2521
2026-05-07 20:15:00-04:00,28717.0,28725.25,28693.0,28710.75,1760
2026-05-07 20:30:00-04:00,28710.25,28741.25,28708.5,28734.75,1210
2026-05-07 20:45:00-04:00,28735.25,28747.5,28713.5,28744.75,1395
2026-05-07 21:00:00-04:00,28744.75,28770.0,28744.0,28767.75,2023
2026-05-07 21:15:00-04:00,28766.75,28782.25,28757.25,28771.75,1778
2026-05-07 21:30:00-04:00,28772.5,28777.25,28764.75,28769.0,930
2026-05-07 21:45:00-04:00,28769.75,28780.0,28758.0,28760.5,844
2026-05-07 22:00:00-04:00,28761.0,28764.0,28749.75,28754.75,980
2026-05-07 22:15:00-04:00,28754.0,28755.0,28727.75,28744.5,1611
2026-05-07 22:30:00-04:00,28744.0,28755.0,28709.5,28739.0,2224
2026-05-07 22:45:00-04:00,28738.75,28773.25,28738.5,28747.5,1291
2026-05-07 23:00:00-04:00,28748.25,28760.5,28744.0,28751.5,546
2026-05-07 23:15:00-04:00,28753.0,28759.25,28743.75,28753.0,464
2026-05-07 23:30:00-04:00,28752.5,28770.75,28748.25,28758.0,748
2026-05-07 23:45:00-04:00,28758.5,28776.75,28754.25,28773.75,704
2026-05-08 00:00:00-04:00,28773.75,28785.75,28763.75,28772.25,713
2026-05-08 00:15:00-04:00,28772.5,28780.5,28760.0,28774.25,687
2026-05-08 00:30:00-04:00,28774.5,28778.0,28758.25,28764.25,436
2026-05-08 00:45:00-04:00,28763.75,28796.0,28761.25,28779.0,892
2026-05-08 01:00:00-04:00,28780.25,28795.0,28779.25,28787.5,811
2026-05-08 01:15:00-04:00,28787.5,28800.0,28786.0,28796.5,851
2026-05-08 01:30:00-04:00,28797.0,28829.5,28797.0,28811.25,1798
2026-05-08 01:45:00-04:00,28810.25,28815.5,28802.75,28804.5,625
2026-05-08 02:00:00-04:00,28803.75,28824.0,28783.5,28813.75,1531
2026-05-08 02:15:00-04:00,28814.25,28833.0,28807.0,28826.25,1142
2026-05-08 02:30:00-04:00,28827.25,28830.5,28810.25,28827.25,1098
2026-05-08 02:45:00-04:00,28826.0,28838.5,28814.5,28836.25,933
2026-05-08 03:00:00-04:00,28835.5,28837.0,28803.5,28810.5,2041
2026-05-08 03:15:00-04:00,28811.25,28834.0,28809.25,28824.5,1454
2026-05-08 03:30:00-04:00,28824.25,28829.0,28810.75,28822.25,1107
2026-05-08 03:45:00-04:00,28823.5,28833.25,28815.0,28828.0,1293
2026-05-08 04:00:00-04:00,28827.75,28869.0,28824.25,28847.75,2714
2026-05-08 04:15:00-04:00,28847.75,28867.0,28845.75,28859.0,1528
2026-05-08 04:30:00-04:00,28858.25,28866.5,28844.25,28847.25,1199
2026-05-08 04:45:00-04:00,28846.0,28862.75,28842.75,28862.0,1246
2026-05-08 05:00:00-04:00,28863.0,28890.0,28860.5,28883.0,2067
2026-05-08 05:15:00-04:00,28882.75,28897.0,28876.75,28888.25,1531
2026-05-08 05:30:00-04:00,28888.25,28889.0,28855.75,28858.0,1735
2026-05-08 05:45:00-04:00,28858.0,28861.25,28831.5,28852.25,1882
2026-05-08 06:00:00-04:00,28851.5,28864.75,28851.25,28855.75,926
2026-05-08 06:15:00-04:00,28856.5,28879.75,28856.5,28869.25,1073
2026-05-08 06:30:00-04:00,28868.5,28890.0,28865.5,28880.0,1192
2026-05-08 06:45:00-04:00,28880.0,28880.0,28841.25,28863.5,2387
2026-05-08 07:00:00-04:00,28864.0,28885.5,28864.0,28881.75,2002
2026-05-08 07:15:00-04:00,28881.25,28895.25,28872.5,28892.25,1554
2026-05-08 07:30:00-04:00,28893.25,28900.5,28888.5,28894.75,1579
2026-05-08 07:45:00-04:00,28894.25,28915.0,28894.25,28898.5,2102
2026-05-08 08:00:00-04:00,28897.75,28903.5,28881.25,28886.5,2096
2026-05-08 08:15:00-04:00,28886.5,28906.25,28877.0,28906.25,2110
2026-05-08 08:30:00-04:00,28900.25,28976.0,28890.0,28961.0,10068
2026-05-08 08:45:00-04:00,28961.5,28962.0,28898.0,28912.25,6542
2026-05-08 09:00:00-04:00,28911.5,28928.0,28862.75,28879.0,7069
2026-05-08 09:15:00-04:00,28879.0,28893.5,28863.5,28876.75,6738
2026-05-08 09:30:00-04:00,28878.5,28998.0,28859.5,28997.0,33902
2026-05-08 09:45:00-04:00,28997.25,29111.25,28996.75,29107.25,29010
2026-05-08 10:00:00-04:00,29106.5,29129.0,29075.5,29100.75,25937
2026-05-08 10:15:00-04:00,29099.75,29166.0,29087.5,29111.25,20947
2026-05-08 10:30:00-04:00,29111.0,29138.0,29073.5,29137.5,18890
2026-05-08 10:45:00-04:00,29137.25,29175.25,29125.0,29162.0,14186
2026-05-08 11:00:00-04:00,29162.25,29187.5,29147.0,29155.5,13665
2026-05-08 11:15:00-04:00,29154.75,29185.0,29124.75,29183.75,13684
2026-05-08 11:30:00-04:00,29183.75,29216.5,29153.25,29183.75,18242
2026-05-08 11:45:00-04:00,29185.0,29217.75,29176.5,29191.5,13831
2026-05-08 12:00:00-04:00,29191.0,29227.0,29190.25,29219.0,10848
2026-05-08 12:15:00-04:00,29218.5,29244.75,29210.0,29241.75,8963
2026-05-08 12:30:00-04:00,29241.5,29243.5,29195.5,29198.0,10963
2026-05-08 12:45:00-04:00,29197.75,29247.75,29196.75,29241.0,11249
2026-05-08 13:00:00-04:00,29241.25,29296.25,29235.0,29284.0,14337
2026-05-08 13:15:00-04:00,29283.75,29316.75,29282.25,29305.75,11317
2026-05-08 13:30:00-04:00,29305.5,29317.5,29276.5,29279.5,10597
2026-05-08 13:45:00-04:00,29279.75,29298.0,29254.75,29264.25,12207
2026-05-08 14:00:00-04:00,29264.25,29305.5,29259.5,29288.75,12585
2026-05-08 14:15:00-04:00,29288.5,29294.75,29270.25,29286.75,5341
2026-05-08 14:30:00-04:00,29286.25,29292.75,29267.75,29273.75,5330
2026-05-08 14:45:00-04:00,29274.75,29280.75,29237.75,29240.5,10956
2026-05-08 15:00:00-04:00,29240.5,29304.0,29238.5,29294.25,9533
2026-05-08 15:15:00-04:00,29294.5,29306.0,29261.0,29262.0,9484
2026-05-08 15:30:00-04:00,29262.0,29303.75,29256.25,29300.5,10340
2026-05-08 15:45:00-04:00,29300.75,29341.0,29294.75,29339.75,33880
2026-05-08 16:00:00-04:00,29339.5,29386.75,29333.25,29343.75,15828
2026-05-08 16:15:00-04:00,29343.75,29352.5,29331.5,29343.75,3491
2026-05-08 16:30:00-04:00,29343.5,29346.75,29335.75,29341.0,2097
2026-05-08 16:45:00-04:00,29340.25,29348.75,29330.25,29333.75,2431
2026-05-10 18:00:00-04:00,29294.0,29320.0,29250.0,29271.25,4981
2026-05-10 18:15:00-04:00,29274.25,29276.25,29225.75,29272.75,2855
2026-05-10 18:30:00-04:00,29274.0,29277.5,29253.75,29269.5,1584
2026-05-10 18:45:00-04:00,29269.0,29299.25,29266.75,29294.5,1833
2026-05-10 19:00:00-04:00,29293.75,29342.0,29290.5,29321.5,3344
2026-05-10 19:15:00-04:00,29321.5,29346.25,29299.25,29304.0,2085
2026-05-10 19:30:00-04:00,29303.25,29314.0,29291.0,29310.0,2052
2026-05-10 19:45:00-04:00,29310.25,29317.25,29296.0,29305.0,2320
2026-05-10 20:00:00-04:00,29304.5,29373.75,29303.5,29369.25,4321
2026-05-10 20:15:00-04:00,29369.5,29395.0,29347.0,29387.75,4088
2026-05-10 20:30:00-04:00,29387.5,29399.75,29382.25,29388.0,2553
2026-05-10 20:45:00-04:00,29387.75,29389.75,29264.75,29295.75,6581
2026-05-10 21:00:00-04:00,29295.0,29305.5,29245.0,29294.75,5211
2026-05-10 21:15:00-04:00,29295.5,29340.5,29278.0,29317.5,3619
2026-05-10 21:30:00-04:00,29317.0,29337.0,29303.0,29331.25,2604
2026-05-10 21:45:00-04:00,29332.25,29353.0,29324.75,29339.25,3340
2026-05-10 22:00:00-04:00,29338.75,29358.0,29322.5,29340.0,3196
2026-05-10 22:15:00-04:00,29340.25,29353.75,29326.0,29350.0,1051
2026-05-10 22:30:00-04:00,29350.0,29361.0,29326.75,29351.25,1795
2026-05-10 22:45:00-04:00,29352.0,29357.0,29336.25,29337.25,931
2026-05-10 23:00:00-04:00,29337.5,29340.5,29310.75,29323.0,2070
2026-05-10 23:15:00-04:00,29323.0,29341.5,29315.25,29339.25,1782
2026-05-10 23:30:00-04:00,29340.25,29348.25,29322.75,29345.25,1920
2026-05-10 23:45:00-04:00,29344.25,29345.75,29322.0,29324.75,707
2026-05-11 00:00:00-04:00,29324.25,29326.25,29293.0,29309.5,1402
2026-05-11 00:15:00-04:00,29308.25,29336.5,29308.25,29330.75,943
2026-05-11 00:30:00-04:00,29332.0,29338.0,29328.0,29334.0,625
2026-05-11 00:45:00-04:00,29334.25,29344.25,29329.75,29342.25,570
2026-05-11 01:00:00-04:00,29342.25,29347.5,29331.0,29336.5,818
2026-05-11 01:15:00-04:00,29336.75,29356.25,29329.25,29342.25,1721
2026-05-11 01:30:00-04:00,29342.0,29353.25,29318.25,29322.25,1363
2026-05-11 01:45:00-04:00,29319.75,29333.0,29317.5,29321.75,979
2026-05-11 02:00:00-04:00,29321.5,29345.75,29320.5,29338.5,1053
2026-05-11 02:15:00-04:00,29338.75,29354.0,29323.25,29345.75,1474
2026-05-11 02:30:00-04:00,29343.75,29348.25,29311.25,29316.5,1468
2026-05-11 02:45:00-04:00,29315.75,29325.5,29300.25,29321.5,1644
2026-05-11 03:00:00-04:00,29322.0,29325.75,29296.0,29298.25,2045
2026-05-11 03:15:00-04:00,29299.0,29322.25,29287.5,29311.75,1660
2026-05-11 03:30:00-04:00,29312.75,29330.0,29300.0,29311.75,1541
2026-05-11 03:45:00-04:00,29312.25,29326.0,29310.5,29322.5,974
2026-05-11 04:00:00-04:00,29322.5,29330.75,29268.75,29278.25,2626
2026-05-11 04:15:00-04:00,29280.0,29314.5,29267.0,29267.0,2101
2026-05-11 04:30:00-04:00,29267.75,29293.75,29263.25,29291.75,1789
2026-05-11 04:45:00-04:00,29292.0,29315.75,29289.25,29298.0,1133
2026-05-11 05:00:00-04:00,29297.0,29331.75,29295.0,29315.25,1605
2026-05-11 05:15:00-04:00,29314.75,29336.5,29311.25,29320.25,1532
2026-05-11 05:30:00-04:00,29319.5,29342.25,29319.5,29339.0,1628
2026-05-11 05:45:00-04:00,29339.75,29366.0,29315.0,29315.5,3898
2026-05-11 06:00:00-04:00,29315.25,29333.5,29308.5,29314.5,1431
2026-05-11 06:15:00-04:00,29311.5,29318.0,29297.75,29312.75,1143
2026-05-11 06:30:00-04:00,29313.25,29315.0,29291.5,29301.5,1721
2026-05-11 06:45:00-04:00,29302.0,29312.75,29289.25,29301.25,1572
2026-05-11 07:00:00-04:00,29301.5,29343.0,29300.75,29341.5,2575
2026-05-11 07:15:00-04:00,29341.5,29377.75,29334.25,29372.25,3114
2026-05-11 07:30:00-04:00,29373.25,29389.0,29345.25,29347.0,2669
2026-05-11 07:45:00-04:00,29347.75,29350.0,29324.25,29347.75,2130
2026-05-11 08:00:00-04:00,29349.0,29353.25,29296.75,29301.0,3778
2026-05-11 08:15:00-04:00,29301.0,29317.5,29278.0,29307.75,4225
2026-05-11 08:30:00-04:00,29307.0,29315.0,29270.25,29271.0,3487
2026-05-11 08:45:00-04:00,29271.25,29298.25,29259.25,29297.75,6059
2026-05-11 09:00:00-04:00,29297.0,29313.5,29285.0,29307.25,3933
2026-05-11 09:15:00-04:00,29307.25,29309.75,29281.75,29305.25,5256
2026-05-11 09:30:00-04:00,29305.25,29434.75,29281.5,29399.25,42890
2026-05-11 09:45:00-04:00,29399.75,29414.0,29300.75,29310.25,26351
2026-05-11 10:00:00-04:00,29311.25,29405.0,29307.75,29400.5,19789
2026-05-11 10:15:00-04:00,29400.5,29417.75,29274.5,29285.0,19692
2026-05-11 10:30:00-04:00,29286.25,29374.0,29246.75,29365.0,24998
2026-05-11 10:45:00-04:00,29365.5,29412.25,29357.25,29391.5,15440
2026-05-11 11:00:00-04:00,29390.75,29408.5,29362.25,29369.0,11131
2026-05-11 11:15:00-04:00,29370.25,29429.5,29359.75,29427.0,11961
2026-05-11 11:30:00-04:00,29427.0,29443.5,29405.75,29421.25,14200
2026-05-11 11:45:00-04:00,29420.25,29475.25,29416.25,29465.25,13754
2026-05-11 12:00:00-04:00,29465.25,29480.0,29456.25,29479.25,9573
2026-05-11 12:15:00-04:00,29479.5,29479.75,29446.25,29465.0,8868
2026-05-11 12:30:00-04:00,29464.5,29477.5,29369.0,29414.5,15192
2026-05-11 12:45:00-04:00,29413.5,29431.0,29396.0,29405.0,9511
2026-05-11 13:00:00-04:00,29404.5,29432.5,29382.75,29390.25,8752
2026-05-11 13:15:00-04:00,29389.5,29441.0,29377.25,29436.75,9500
2026-05-11 13:30:00-04:00,29436.25,29474.0,29435.5,29467.5,8730
2026-05-11 13:45:00-04:00,29468.5,29476.5,29439.75,29441.5,8821
2026-05-11 14:00:00-04:00,29442.0,29475.0,29440.75,29464.25,7214
2026-05-11 14:15:00-04:00,29463.25,29475.0,29448.25,29472.0,7110
2026-05-11 14:30:00-04:00,29471.75,29471.75,29437.0,29446.5,7989
2026-05-11 14:45:00-04:00,29446.25,29452.0,29386.0,29387.75,10080
2026-05-11 15:00:00-04:00,29388.75,29434.5,29376.0,29416.0,13825
2026-05-11 15:15:00-04:00,29416.25,29419.5,29371.25,29382.0,11905
2026-05-11 15:30:00-04:00,29381.75,29408.5,29371.5,29382.25,11701
2026-05-11 15:45:00-04:00,29382.0,29431.75,29376.5,29429.25,24911
2026-05-11 16:00:00-04:00,29428.5,29430.0,29314.75,29391.0,12627
2026-05-11 16:15:00-04:00,29391.0,29404.5,29376.25,29399.25,2679
2026-05-11 16:30:00-04:00,29398.25,29413.0,29397.75,29402.0,2042
2026-05-11 16:45:00-04:00,29402.0,29406.25,29389.5,29400.0,1468
2026-05-11 18:00:00-04:00,29399.0,29430.0,29398.0,29427.5,1374
2026-05-11 18:15:00-04:00,29427.5,29438.0,29424.0,29435.5,1157
2026-05-11 18:30:00-04:00,29434.5,29452.25,29433.0,29450.25,1147
2026-05-11 18:45:00-04:00,29450.0,29455.75,29439.75,29444.5,1216
2026-05-11 19:00:00-04:00,29446.5,29449.0,29435.5,29438.5,912
2026-05-11 19:15:00-04:00,29438.5,29453.0,29422.0,29451.5,1045
2026-05-11 19:30:00-04:00,29450.0,29454.0,29440.0,29445.5,588
2026-05-11 19:45:00-04:00,29444.25,29445.0,29418.25,29428.25,1185
2026-05-11 20:00:00-04:00,29428.25,29428.25,29384.0,29393.25,2554
2026-05-11 20:15:00-04:00,29393.0,29404.25,29353.25,29378.75,2494
2026-05-11 20:30:00-04:00,29378.0,29401.5,29363.75,29375.25,2073
2026-05-11 20:45:00-04:00,29374.5,29390.75,29372.25,29378.5,1058
2026-05-11 21:00:00-04:00,29378.5,29392.0,29365.5,29367.0,1214
2026-05-11 21:15:00-04:00,29366.5,29366.5,29315.5,29316.5,2911
2026-05-11 21:30:00-04:00,29317.25,29330.75,29227.0,29270.25,6407
2026-05-11 21:45:00-04:00,29270.0,29311.25,29264.25,29270.0,5354
2026-05-11 22:00:00-04:00,29270.5,29344.25,29260.0,29340.25,4086
2026-05-11 22:15:00-04:00,29340.75,29341.75,29310.5,29333.0,2677
2026-05-11 22:30:00-04:00,29330.75,29336.0,29304.75,29322.5,1750
2026-05-11 22:45:00-04:00,29325.5,29365.25,29323.5,29361.25,2404
2026-05-11 23:00:00-04:00,29361.5,29364.0,29322.0,29339.25,1968
2026-05-11 23:15:00-04:00,29341.5,29347.0,29330.0,29337.5,769
2026-05-11 23:30:00-04:00,29339.5,29346.5,29335.0,29338.0,599
2026-05-11 23:45:00-04:00,29337.25,29342.0,29320.25,29323.5,1062
2026-05-12 00:00:00-04:00,29325.25,29335.75,29315.0,29320.0,1277
2026-05-12 00:15:00-04:00,29321.0,29337.5,29319.25,29327.5,886
2026-05-12 00:30:00-04:00,29327.25,29333.5,29318.0,29324.0,656
2026-05-12 00:45:00-04:00,29324.75,29327.0,29282.5,29282.75,1394
2026-05-12 01:00:00-04:00,29282.75,29303.0,29277.0,29280.0,1354
2026-05-12 01:15:00-04:00,29281.25,29301.75,29272.0,29297.0,1203
2026-05-12 01:30:00-04:00,29296.5,29298.75,29271.0,29274.5,1155
2026-05-12 01:45:00-04:00,29275.25,29298.25,29275.25,29282.5,931
2026-05-12 02:00:00-04:00,29282.25,29292.25,29260.75,29274.5,1517
2026-05-12 02:15:00-04:00,29275.5,29283.75,29246.25,29251.0,1407
2026-05-12 02:30:00-04:00,29253.0,29260.5,29235.0,29244.25,1309
2026-05-12 02:45:00-04:00,29244.5,29254.0,29214.0,29219.5,2041
2026-05-12 03:00:00-04:00,29219.25,29223.0,29176.0,29215.75,4056
2026-05-12 03:15:00-04:00,29217.25,29254.5,29213.0,29228.0,2827
2026-05-12 03:30:00-04:00,29229.75,29254.5,29229.75,29238.25,1639
2026-05-12 03:45:00-04:00,29239.0,29252.0,29232.75,29240.0,1212
2026-05-12 04:00:00-04:00,29240.75,29245.25,29181.75,29182.5,3030
2026-05-12 04:15:00-04:00,29181.25,29221.75,29174.0,29218.5,3002
2026-05-12 04:30:00-04:00,29219.25,29225.5,29199.0,29199.0,1797
2026-05-12 04:45:00-04:00,29198.75,29215.25,29185.0,29214.0,1990
2026-05-12 05:00:00-04:00,29213.75,29224.75,29175.25,29208.0,2601
2026-05-12 05:15:00-04:00,29208.5,29219.75,29195.25,29207.25,1468
2026-05-12 05:30:00-04:00,29208.5,29246.5,29208.5,29215.0,3520
2026-05-12 05:45:00-04:00,29217.25,29235.0,29210.0,29221.0,1131
2026-05-12 06:00:00-04:00,29221.5,29250.25,29217.25,29238.25,1878
2026-05-12 06:15:00-04:00,29238.0,29240.25,29216.0,29225.0,1132
2026-05-12 06:30:00-04:00,29225.5,29227.5,29184.5,29195.0,2107
2026-05-12 06:45:00-04:00,29194.0,29213.75,29188.0,29207.75,1707
2026-05-12 07:00:00-04:00,29207.5,29217.0,29145.0,29153.5,5717
2026-05-12 07:15:00-04:00,29153.5,29167.0,29133.0,29162.75,3083
2026-05-12 07:30:00-04:00,29163.0,29184.75,29153.5,29172.0,2740
2026-05-12 07:45:00-04:00,29172.25,29183.75,29164.75,29166.25,1594
2026-05-12 08:00:00-04:00,29165.75,29168.75,29121.25,29165.25,3710
2026-05-12 08:15:00-04:00,29166.5,29166.5,29127.0,29144.25,3080
2026-05-12 08:30:00-04:00,29159.5,29228.75,29113.0,29202.75,12017
2026-05-12 08:45:00-04:00,29204.0,29232.25,29201.75,29224.0,4279
2026-05-12 09:00:00-04:00,29222.75,29237.0,29204.75,29216.5,6118
2026-05-12 09:15:00-04:00,29216.75,29220.75,29185.0,29213.25,8152
2026-05-12 09:30:00-04:00,29213.0,29285.75,29143.0,29284.75,44419
2026-05-12 09:45:00-04:00,29285.25,29296.0,29109.75,29129.5,40522
2026-05-12 10:00:00-04:00,29129.0,29194.75,29088.25,29190.75,35653
2026-05-12 10:15:00-04:00,29191.75,29228.25,29081.0,29085.0,23839
2026-05-12 10:30:00-04:00,29085.75,29127.0,29006.5,29082.0,31566
2026-05-12 10:45:00-04:00,29083.0,29084.5,29000.0,29014.25,21143
2026-05-12 11:00:00-04:00,29013.75,29031.0,28964.25,28965.25,21307
2026-05-12 11:15:00-04:00,28966.5,28969.5,28856.5,28875.75,29447
2026-05-12 11:30:00-04:00,28875.75,28945.25,28869.0,28928.5,19988
2026-05-12 11:45:00-04:00,28929.5,28940.25,28828.5,28839.75,16084
2026-05-12 12:00:00-04:00,28840.0,28913.5,28811.0,28908.75,17920
2026-05-12 12:15:00-04:00,28908.75,28911.75,28828.0,28839.0,13530
2026-05-12 12:30:00-04:00,28839.5,28846.5,28769.5,28791.0,16360
2026-05-12 12:45:00-04:00,28791.25,28805.25,28742.0,28749.0,16801
2026-05-12 13:00:00-04:00,28749.5,28843.75,28749.0,28840.25,16294
2026-05-12 13:15:00-04:00,28839.75,28929.75,28838.25,28888.25,18300
2026-05-12 13:30:00-04:00,28888.75,28929.0,28876.75,28899.75,12462
2026-05-12 13:45:00-04:00,28900.0,28925.0,28877.75,28920.5,10213
2026-05-12 14:00:00-04:00,28920.25,28949.25,28911.25,28947.0,12956
2026-05-12 14:15:00-04:00,28946.75,29002.5,28931.5,28991.0,15177
2026-05-12 14:30:00-04:00,28990.75,29007.25,28972.5,28979.25,11535
2026-05-12 14:45:00-04:00,28979.5,29007.0,28947.5,28956.0,14221
2026-05-12 15:00:00-04:00,28956.25,29050.0,28955.75,29040.0,13010
2026-05-12 15:15:00-04:00,29040.25,29064.0,29014.5,29047.5,13046
2026-05-12 15:30:00-04:00,29047.5,29132.0,29047.0,29127.5,15767
2026-05-12 15:45:00-04:00,29127.75,29188.25,29112.25,29174.25,32331
2026-05-12 16:00:00-04:00,29174.5,29176.0,29103.0,29124.75,12866
2026-05-12 16:15:00-04:00,29125.0,29141.5,29106.25,29123.75,3677
2026-05-12 16:30:00-04:00,29124.0,29135.5,29108.0,29130.25,2430
2026-05-12 16:45:00-04:00,29129.5,29151.0,29128.0,29134.25,1613
2026-05-12 18:00:00-04:00,29143.75,29170.0,29133.5,29164.0,1882
2026-05-12 18:15:00-04:00,29163.0,29187.0,29162.0,29170.75,1254
2026-05-12 18:30:00-04:00,29169.0,29179.75,29165.25,29166.75,770
2026-05-12 18:45:00-04:00,29167.75,29176.0,29141.25,29142.5,1159
2026-05-12 19:00:00-04:00,29142.0,29158.75,29129.75,29136.75,2127
2026-05-12 19:15:00-04:00,29138.25,29143.75,29126.5,29129.5,1001
2026-05-12 19:30:00-04:00,29129.5,29129.5,29077.5,29088.25,1827
2026-05-12 19:45:00-04:00,29087.25,29112.75,29082.0,29082.0,2177
2026-05-12 20:00:00-04:00,29081.75,29115.5,29055.5,29087.0,3119
2026-05-12 20:15:00-04:00,29085.0,29157.0,29082.25,29122.25,3120
2026-05-12 20:30:00-04:00,29122.25,29145.75,29094.25,29135.5,1984
2026-05-12 20:45:00-04:00,29134.75,29148.75,29113.75,29145.25,1407
2026-05-12 21:00:00-04:00,29144.0,29187.75,29142.25,29183.25,2442
2026-05-12 21:15:00-04:00,29184.0,29197.0,29165.25,29195.75,2308
2026-05-12 21:30:00-04:00,29194.25,29203.25,29172.5,29202.5,2232
2026-05-12 21:45:00-04:00,29202.5,29260.25,29202.0,29214.75,5058
2026-05-12 22:00:00-04:00,29214.75,29240.5,29202.25,29216.75,2742
2026-05-12 22:15:00-04:00,29216.5,29237.25,29213.25,29234.25,1059
2026-05-12 22:30:00-04:00,29235.25,29240.0,29220.0,29226.5,800
2026-05-12 22:45:00-04:00,29227.25,29232.0,29211.0,29223.0,1169
2026-05-12 23:00:00-04:00,29222.25,29226.5,29203.25,29205.25,1174
2026-05-12 23:15:00-04:00,29206.5,29239.25,29205.5,29237.25,937
2026-05-12 23:30:00-04:00,29237.0,29264.75,29236.75,29262.75,1452
2026-05-12 23:45:00-04:00,29262.25,29262.25,29239.0,29249.0,1481
2026-05-13 00:00:00-04:00,29248.75,29266.0,29244.0,29262.5,1272
2026-05-13 00:15:00-04:00,29262.75,29281.25,29260.5,29276.75,1146
2026-05-13 00:30:00-04:00,29276.0,29297.75,29259.5,29278.5,1744
2026-05-13 00:45:00-04:00,29278.75,29295.25,29278.0,29287.5,1159
2026-05-13 01:00:00-04:00,29287.0,29310.0,29275.5,29295.0,2008
2026-05-13 01:15:00-04:00,29294.75,29307.5,29284.75,29298.0,1304
2026-05-13 01:30:00-04:00,29299.75,29304.0,29287.75,29292.25,908
2026-05-13 01:45:00-04:00,29292.75,29297.75,29285.0,29297.0,729
2026-05-13 02:00:00-04:00,29296.25,29323.5,29290.75,29322.75,1594
2026-05-13 02:15:00-04:00,29322.5,29352.0,29311.25,29315.75,3110
2026-05-13 02:30:00-04:00,29315.0,29327.5,29309.0,29313.75,1182
2026-05-13 02:45:00-04:00,29313.75,29313.75,29290.5,29309.0,1419
2026-05-13 03:00:00-04:00,29309.75,29322.75,29289.5,29310.25,1981
2026-05-13 03:15:00-04:00,29310.5,29322.5,29307.0,29316.5,1103
2026-05-13 03:30:00-04:00,29316.75,29363.25,29311.75,29355.5,2011
2026-05-13 03:45:00-04:00,29355.75,29371.5,29349.5,29370.25,1670
2026-05-13 04:00:00-04:00,29371.25,29432.0,29369.5,29423.25,4889
2026-05-13 04:15:00-04:00,29423.0,29447.0,29421.0,29436.25,2464
2026-05-13 04:30:00-04:00,29436.75,29447.0,29421.75,29435.0,1545
2026-05-13 04:45:00-04:00,29435.0,29438.25,29401.75,29412.75,1919
2026-05-13 05:00:00-04:00,29412.75,29412.75,29367.0,29380.0,2081
2026-05-13 05:15:00-04:00,29380.0,29392.75,29366.75,29388.0,1903
2026-05-13 05:30:00-04:00,29387.25,29418.75,29376.0,29414.0,1901
2026-05-13 05:45:00-04:00,29412.25,29426.5,29402.75,29421.0,993
2026-05-13 06:00:00-04:00,29421.0,29423.25,29390.25,29399.5,1522
2026-05-13 06:15:00-04:00,29400.5,29405.25,29381.25,29385.5,1647
2026-05-13 06:30:00-04:00,29387.5,29394.25,29367.5,29392.0,1753
2026-05-13 06:45:00-04:00,29391.5,29396.25,29380.5,29384.5,726
2026-05-13 07:00:00-04:00,29384.25,29394.5,29355.5,29366.75,2436
2026-05-13 07:15:00-04:00,29366.25,29376.5,29348.0,29359.5,1869
2026-05-13 07:30:00-04:00,29359.75,29385.0,29354.0,29371.25,2025
2026-05-13 07:45:00-04:00,29371.25,29380.0,29355.75,29370.0,1506
2026-05-13 08:00:00-04:00,29369.5,29404.75,29365.0,29374.25,2365
2026-05-13 08:15:00-04:00,29374.5,29375.0,29309.25,29360.0,4467
2026-05-13 08:30:00-04:00,29358.75,29360.75,29200.0,29248.0,15051
2026-05-13 08:45:00-04:00,29248.0,29264.5,29224.0,29236.25,7394
2026-05-13 09:00:00-04:00,29237.5,29294.75,29236.75,29288.75,5860
2026-05-13 09:15:00-04:00,29289.25,29304.75,29280.25,29288.0,5879
2026-05-13 09:30:00-04:00,29286.5,29288.5,29180.5,29210.5,41281
2026-05-13 09:45:00-04:00,29211.0,29225.75,29075.0,29169.25,42747
2026-05-13 10:00:00-04:00,29170.25,29193.0,29112.0,29172.75,25676
2026-05-13 10:15:00-04:00,29172.0,29268.5,29149.5,29237.25,23267
2026-05-13 10:30:00-04:00,29236.0,29280.5,29218.75,29265.25,19560
2026-05-13 10:45:00-04:00,29265.75,29322.0,29238.25,29317.5,15672
2026-05-13 11:00:00-04:00,29317.5,29349.5,29298.75,29322.75,14282
2026-05-13 11:15:00-04:00,29321.75,29341.25,29281.5,29311.5,11969
2026-05-13 11:30:00-04:00,29312.0,29386.75,29284.25,29378.5,13692
2026-05-13 11:45:00-04:00,29378.5,29379.5,29297.0,29310.0,12044
2026-05-13 12:00:00-04:00,29310.25,29388.25,29299.25,29385.75,10228
2026-05-13 12:15:00-04:00,29385.75,29444.75,29374.0,29436.75,15918
2026-05-13 12:30:00-04:00,29436.5,29449.0,29413.25,29433.75,10337
2026-05-13 12:45:00-04:00,29433.5,29463.5,29415.5,29447.75,12533
2026-05-13 13:00:00-04:00,29448.0,29492.75,29448.0,29488.0,11891
2026-05-13 13:15:00-04:00,29488.0,29496.25,29463.75,29487.25,8394
2026-05-13 13:30:00-04:00,29486.5,29492.0,29465.0,29480.25,7242
2026-05-13 13:45:00-04:00,29480.5,29488.75,29442.5,29444.25,6294
2026-05-13 14:00:00-04:00,29445.25,29523.5,29441.5,29521.75,12027
2026-05-13 14:15:00-04:00,29522.0,29565.5,29522.0,29550.5,15357
2026-05-13 14:30:00-04:00,29549.75,29555.75,29510.5,29513.5,10170
2026-05-13 14:45:00-04:00,29514.0,29523.5,29466.75,29472.25,10252
2026-05-13 15:00:00-04:00,29472.5,29527.5,29471.0,29525.25,10176
2026-05-13 15:15:00-04:00,29525.0,29540.0,29499.5,29525.5,8451
2026-05-13 15:30:00-04:00,29526.0,29535.75,29510.0,29532.0,7545
2026-05-13 15:45:00-04:00,29532.25,29539.5,29449.5,29476.0,25026
2026-05-13 16:00:00-04:00,29476.0,29519.0,29448.75,29511.0,10517
2026-05-13 16:15:00-04:00,29511.25,29523.75,29508.5,29518.25,2554
2026-05-13 16:30:00-04:00,29518.25,29547.0,29518.0,29539.75,2138
2026-05-13 16:45:00-04:00,29539.75,29540.75,29531.75,29536.0,1506
2026-05-13 18:00:00-04:00,29537.0,29561.75,29528.0,29558.25,2388
2026-05-13 18:15:00-04:00,29556.75,29576.5,29546.75,29558.25,2003
2026-05-13 18:30:00-04:00,29557.25,29574.0,29556.25,29573.75,677
2026-05-13 18:45:00-04:00,29573.0,29609.25,29571.0,29590.25,2984
2026-05-13 19:00:00-04:00,29590.25,29648.5,29590.25,29642.5,3901
2026-05-13 19:15:00-04:00,29642.25,29645.0,29615.75,29620.75,1824
2026-05-13 19:30:00-04:00,29619.25,29628.75,29596.75,29613.25,2017
2026-05-13 19:45:00-04:00,29613.0,29633.5,29603.5,29631.25,1555
2026-05-13 20:00:00-04:00,29631.75,29634.0,29590.5,29631.0,2905
2026-05-13 20:15:00-04:00,29631.5,29657.5,29625.75,29648.75,3828
2026-05-13 20:30:00-04:00,29649.75,29681.25,29649.75,29679.0,3606
2026-05-13 20:45:00-04:00,29678.5,29693.0,29659.0,29681.0,3240
2026-05-13 21:00:00-04:00,29680.75,29680.75,29662.75,29670.5,1894
2026-05-13 21:15:00-04:00,29668.25,29681.5,29637.25,29679.5,2638
2026-05-13 21:30:00-04:00,29678.0,29682.75,29631.0,29641.5,1701
2026-05-13 21:45:00-04:00,29642.75,29643.5,29603.0,29607.75,2642
2026-05-13 22:00:00-04:00,29609.0,29626.25,29600.0,29615.75,1339
2026-05-13 22:15:00-04:00,29616.0,29633.0,29608.5,29627.5,1185
2026-05-13 22:30:00-04:00,29625.75,29635.0,29613.75,29622.5,971
2026-05-13 22:45:00-04:00,29624.25,29625.25,29572.0,29587.25,2274
2026-05-13 23:00:00-04:00,29586.75,29608.25,29577.25,29601.25,1306
2026-05-13 23:15:00-04:00,29600.0,29610.75,29563.5,29583.0,1912
2026-05-13 23:30:00-04:00,29583.5,29586.5,29541.0,29548.0,2096
2026-05-13 23:45:00-04:00,29548.0,29555.5,29521.5,29536.0,2023
2026-05-14 00:00:00-04:00,29535.25,29553.25,29514.0,29549.5,1748
2026-05-14 00:15:00-04:00,29550.0,29573.25,29539.75,29566.25,1393
2026-05-14 00:30:00-04:00,29566.25,29590.5,29564.75,29582.25,1259
2026-05-14 00:45:00-04:00,29582.0,29598.75,29564.75,29567.5,1409
2026-05-14 01:00:00-04:00,29568.0,29583.5,29551.75,29554.0,1386
2026-05-14 01:15:00-04:00,29552.75,29569.0,29535.25,29566.25,1512
2026-05-14 01:30:00-04:00,29568.0,29575.5,29546.25,29559.25,1198
2026-05-14 01:45:00-04:00,29560.0,29613.0,29560.0,29603.25,3201
2026-05-14 02:00:00-04:00,29603.75,29634.75,29602.75,29625.75,2126
2026-05-14 02:15:00-04:00,29625.75,29640.75,29614.0,29623.75,1614
2026-05-14 02:30:00-04:00,29623.0,29637.75,29620.25,29632.5,1373
2026-05-14 02:45:00-04:00,29631.75,29633.5,29603.25,29607.25,1570
2026-05-14 03:00:00-04:00,29608.75,29620.0,29581.25,29594.75,2039
2026-05-14 03:15:00-04:00,29593.75,29611.0,29592.0,29600.75,1114
2026-05-14 03:30:00-04:00,29600.75,29633.0,29596.5,29620.5,1562
2026-05-14 03:45:00-04:00,29622.25,29631.0,29567.0,29573.5,1624
2026-05-14 04:00:00-04:00,29574.75,29601.0,29548.25,29599.5,2559
2026-05-14 04:15:00-04:00,29600.5,29629.75,29583.75,29595.0,2612
2026-05-14 04:30:00-04:00,29593.75,29614.0,29552.0,29555.25,1797
2026-05-14 04:45:00-04:00,29556.25,29580.5,29546.5,29576.0,1586
2026-05-14 05:00:00-04:00,29577.25,29589.5,29543.5,29558.5,2333
2026-05-14 05:15:00-04:00,29558.0,29566.5,29526.75,29535.75,1777
2026-05-14 05:30:00-04:00,29536.0,29545.5,29480.5,29510.5,3382
2026-05-14 05:45:00-04:00,29510.0,29543.75,29505.5,29533.25,1582
2026-05-14 06:00:00-04:00,29532.75,29593.5,29530.25,29556.75,3463
2026-05-14 06:15:00-04:00,29556.5,29579.5,29534.25,29547.75,2559
2026-05-14 06:30:00-04:00,29548.0,29555.0,29514.5,29525.25,1428
2026-05-14 06:45:00-04:00,29526.5,29567.0,29518.0,29545.0,2426
2026-05-14 07:00:00-04:00,29544.0,29577.25,29542.25,29565.75,1677
2026-05-14 07:15:00-04:00,29563.75,29568.0,29508.25,29523.75,2375
2026-05-14 07:30:00-04:00,29524.75,29551.75,29524.5,29546.0,1284
2026-05-14 07:45:00-04:00,29546.0,29565.0,29536.75,29540.0,2039
2026-05-14 08:00:00-04:00,29540.0,29565.25,29535.0,29560.75,1802
2026-05-14 08:15:00-04:00,29560.25,29575.0,29549.5,29561.0,2308
2026-05-14 08:30:00-04:00,29562.75,29564.75,29520.75,29521.0,3136
2026-05-14 08:45:00-04:00,29520.5,29529.75,29476.5,29494.5,5181
2026-05-14 09:00:00-04:00,29494.25,29500.75,29448.25,29474.0,6394
2026-05-14 09:15:00-04:00,29473.25,29496.75,29452.5,29476.25,7900
2026-05-14 09:30:00-04:00,29476.25,29628.5,29458.5,29626.0,41373
2026-05-14 09:45:00-04:00,29625.5,29684.75,29526.75,29541.75,40344
2026-05-14 10:00:00-04:00,29542.0,29616.75,29533.0,29583.75,28535
2026-05-14 10:15:00-04:00,29583.0,29666.5,29578.25,29623.0,22969
2026-05-14 10:30:00-04:00,29622.25,29686.75,29607.0,29686.25,16111
2026-05-14 10:45:00-04:00,29686.5,29730.0,29664.0,29674.25,21213
2026-05-14 11:00:00-04:00,29674.75,29734.5,29665.0,29733.0,12761
2026-05-14 11:15:00-04:00,29733.25,29773.75,29731.75,29756.75,17899
2026-05-14 11:30:00-04:00,29756.75,29770.0,29727.75,29752.0,12150
2026-05-14 11:45:00-04:00,29752.25,29769.75,29733.0,29755.25,10926
2026-05-14 12:00:00-04:00,29756.0,29782.0,29752.5,29756.0,10865
2026-05-14 12:15:00-04:00,29755.75,29782.0,29714.5,29727.25,13765
2026-05-14 12:30:00-04:00,29727.5,29743.25,29697.25,29719.0,13439
2026-05-14 12:45:00-04:00,29718.0,29739.0,29692.25,29728.0,11636
2026-05-14 13:00:00-04:00,29728.25,29754.5,29652.0,29660.0,15856
2026-05-14 13:15:00-04:00,29659.25,29670.0,29595.25,29648.0,23572
2026-05-14 13:30:00-04:00,29648.25,29702.5,29636.75,29697.5,14201
2026-05-14 13:45:00-04:00,29698.5,29752.5,29698.5,29731.0,12036
2026-05-14 14:00:00-04:00,29730.75,29730.75,29640.5,29690.0,20572
2026-05-14 14:15:00-04:00,29690.25,29708.0,29660.25,29673.5,11913
2026-05-14 14:30:00-04:00,29673.75,29698.0,29655.0,29673.0,8430
2026-05-14 14:45:00-04:00,29672.75,29717.75,29656.25,29708.5,10085
2026-05-14 15:00:00-04:00,29709.0,29732.0,29692.5,29706.0,10049
2026-05-14 15:15:00-04:00,29706.75,29735.0,29695.25,29698.75,10558
2026-05-14 15:30:00-04:00,29699.5,29735.0,29696.5,29727.25,10127
2026-05-14 15:45:00-04:00,29727.5,29731.25,29678.5,29686.75,22216
2026-05-14 16:00:00-04:00,29686.75,29737.75,29685.25,29709.5,9688
2026-05-14 16:15:00-04:00,29708.25,29711.0,29674.25,29681.75,2940
2026-05-14 16:30:00-04:00,29681.5,29691.75,29633.75,29659.25,2830
2026-05-14 16:45:00-04:00,29659.25,29688.5,29657.5,29688.5,1761
2026-05-14 18:00:00-04:00,29690.0,29718.0,29674.25,29694.25,2311
2026-05-14 18:15:00-04:00,29693.75,29700.0,29670.0,29698.75,1411
2026-05-14 18:30:00-04:00,29698.25,29711.25,29697.5,29707.75,783
2026-05-14 18:45:00-04:00,29707.5,29720.5,29704.75,29708.5,853
2026-05-14 19:00:00-04:00,29708.5,29719.0,29705.75,29718.5,713
2026-05-14 19:15:00-04:00,29717.0,29726.25,29705.75,29724.25,914
2026-05-14 19:30:00-04:00,29724.5,29734.0,29715.75,29718.0,1110
2026-05-14 19:45:00-04:00,29718.0,29718.75,29674.75,29687.5,1962
2026-05-14 20:00:00-04:00,29687.0,29700.0,29655.75,29700.0,2846
2026-05-14 20:15:00-04:00,29700.75,29727.0,29699.0,29720.75,1894
2026-05-14 20:30:00-04:00,29721.5,29721.75,29636.5,29662.0,2863
2026-05-14 20:45:00-04:00,29662.5,29688.0,29655.0,29684.0,1639
2026-05-14 21:00:00-04:00,29684.25,29691.5,29642.0,29657.0,2241
2026-05-14 21:15:00-04:00,29656.25,29661.75,29581.5,29582.25,3476
2026-05-14 21:30:00-04:00,29581.0,29604.5,29546.0,29584.25,3475
2026-05-14 21:45:00-04:00,29581.75,29584.25,29512.75,29519.0,3964
2026-05-14 22:00:00-04:00,29519.0,29540.0,29498.0,29509.75,3543
2026-05-14 22:15:00-04:00,29507.75,29555.75,29493.75,29525.5,2810
2026-05-14 22:30:00-04:00,29524.0,29556.75,29503.5,29554.5,2581
2026-05-14 22:45:00-04:00,29555.25,29600.25,29547.5,29581.0,2892
2026-05-14 23:00:00-04:00,29581.25,29593.5,29563.5,29581.5,1883
2026-05-14 23:15:00-04:00,29583.5,29587.0,29563.75,29572.25,1095
2026-05-14 23:30:00-04:00,29570.75,29585.5,29531.25,29563.5,2833
2026-05-14 23:45:00-04:00,29563.75,29574.75,29552.0,29563.25,1114
2026-05-15 00:00:00-04:00,29562.25,29563.5,29523.75,29549.25,1444
2026-05-15 00:15:00-04:00,29547.0,29555.0,29515.5,29520.5,1744
2026-05-15 00:30:00-04:00,29519.75,29537.0,29500.25,29507.5,2155
2026-05-15 00:45:00-04:00,29507.5,29516.75,29445.75,29462.5,3646
2026-05-15 01:00:00-04:00,29462.0,29464.0,29406.5,29428.0,4151
2026-05-15 01:15:00-04:00,29428.25,29446.0,29414.75,29437.0,2195
2026-05-15 01:30:00-04:00,29439.0,29439.75,29351.5,29357.0,4289
2026-05-15 01:45:00-04:00,29356.5,29360.25,29280.5,29282.5,4825
2026-05-15 02:00:00-04:00,29281.75,29349.75,29248.0,29332.75,6552
2026-05-15 02:15:00-04:00,29333.0,29355.25,29263.75,29306.5,5963
2026-05-15 02:30:00-04:00,29307.5,29404.75,29298.25,29401.75,5133
2026-05-15 02:45:00-04:00,29401.5,29414.5,29379.5,29404.5,2572
2026-05-15 03:00:00-04:00,29402.5,29462.0,29394.75,29461.5,4044
2026-05-15 03:15:00-04:00,29460.5,29469.25,29435.25,29456.0,3073
2026-05-15 03:30:00-04:00,29457.5,29459.25,29383.75,29393.75,4597
2026-05-15 03:45:00-04:00,29393.0,29407.0,29376.5,29405.75,1964
2026-05-15 04:00:00-04:00,29406.25,29413.0,29330.75,29341.75,4922
2026-05-15 04:15:00-04:00,29341.0,29342.25,29218.0,29228.0,7308
2026-05-15 04:30:00-04:00,29227.5,29300.75,29186.75,29298.0,6569
2026-05-15 04:45:00-04:00,29300.0,29301.0,29252.5,29264.25,3734
2026-05-15 05:00:00-04:00,29266.0,29289.25,29234.5,29241.0,3300
2026-05-15 05:15:00-04:00,29242.0,29255.25,29190.0,29253.5,4478
2026-05-15 05:30:00-04:00,29252.25,29262.75,29201.75,29212.25,3768
2026-05-15 05:45:00-04:00,29212.25,29255.5,29177.0,29223.25,5539
2026-05-15 06:00:00-04:00,29225.5,29283.0,29200.0,29279.5,4394
2026-05-15 06:15:00-04:00,29278.5,29317.75,29263.25,29275.75,3981
2026-05-15 06:30:00-04:00,29274.0,29306.5,29245.0,29289.75,4143
2026-05-15 06:45:00-04:00,29290.5,29375.5,29281.0,29328.25,8137
2026-05-15 07:00:00-04:00,29328.75,29355.0,29300.0,29317.75,3447
2026-05-15 07:15:00-04:00,29319.25,29331.25,29292.25,29305.25,2548
2026-05-15 07:30:00-04:00,29306.25,29318.25,29267.0,29267.75,2775
2026-05-15 07:45:00-04:00,29267.5,29315.25,29250.75,29254.5,3055
2026-05-15 08:00:00-04:00,29255.0,29255.5,29168.75,29180.75,6527
2026-05-15 08:15:00-04:00,29180.25,29243.25,29172.25,29196.75,5652
2026-05-15 08:30:00-04:00,29197.0,29199.25,29142.75,29159.25,7283
2026-05-15 08:45:00-04:00,29157.25,29203.5,29142.5,29190.0,5634
2026-05-15 09:00:00-04:00,29191.0,29191.25,29153.25,29177.0,6860
2026-05-15 09:15:00-04:00,29177.0,29288.25,29167.25,29278.25,12905
2026-05-15 09:30:00-04:00,29278.0,29291.0,29151.0,29167.25,47510
2026-05-15 09:45:00-04:00,29167.0,29288.0,29089.75,29143.25,45819
2026-05-15 10:00:00-04:00,29144.0,29304.75,29132.0,29301.0,34317
2026-05-15 10:15:00-04:00,29300.75,29382.75,29269.75,29291.5,32863
2026-05-15 10:30:00-04:00,29292.25,29360.5,29286.0,29347.0,20576
2026-05-15 10:45:00-04:00,29346.75,29354.0,29247.5,29281.25,23210
2026-05-15 11:00:00-04:00,29281.0,29325.5,29240.5,29285.75,18906
2026-05-15 11:15:00-04:00,29284.75,29361.0,29274.75,29334.0,15573
2026-05-15 11:30:00-04:00,29333.75,29382.0,29271.25,29285.25,18915
2026-05-15 11:45:00-04:00,29286.0,29301.25,29212.0,29281.25,19572
2026-05-15 12:00:00-04:00,29282.0,29313.0,29251.5,29287.25,13994
2026-05-15 12:15:00-04:00,29287.25,29336.5,29253.25,29332.25,11663
2026-05-15 12:30:00-04:00,29333.0,29348.0,29316.25,29345.25,9670
2026-05-15 12:45:00-04:00,29345.25,29351.0,29279.75,29322.75,11450
2026-05-15 13:00:00-04:00,29323.25,29363.0,29312.0,29362.5,9278
2026-05-15 13:15:00-04:00,29362.5,29430.0,29341.25,29417.75,12096
2026-05-15 13:30:00-04:00,29417.75,29446.75,29404.75,29424.25,11289
2026-05-15 13:45:00-04:00,29425.0,29453.75,29412.0,29447.25,7409
2026-05-15 14:00:00-04:00,29449.0,29486.75,29446.75,29468.75,12000
2026-05-15 14:15:00-04:00,29468.5,29472.25,29376.0,29384.75,16579
2026-05-15 14:30:00-04:00,29385.5,29389.5,29316.0,29376.0,14784
2026-05-15 14:45:00-04:00,29376.25,29407.0,29352.75,29389.75,8850
2026-05-15 15:00:00-04:00,29389.5,29398.25,29300.0,29322.0,11982
2026-05-15 15:15:00-04:00,29321.5,29322.5,29283.75,29291.25,10707
2026-05-15 15:30:00-04:00,29289.75,29340.25,29287.5,29295.75,10363
2026-05-15 15:45:00-04:00,29295.25,29307.0,29208.25,29231.25,33192
2026-05-15 16:00:00-04:00,29230.5,29233.75,29111.0,29154.75,18126
2026-05-15 16:15:00-04:00,29155.5,29193.5,29142.75,29176.0,6537
2026-05-15 16:30:00-04:00,29175.75,29180.0,29166.0,29173.5,2766
2026-05-15 16:45:00-04:00,29173.0,29198.75,29160.5,29173.0,2675
2026-05-17 18:00:00-04:00,29135.0,29283.75,29110.0,29252.0,5896
2026-05-17 18:15:00-04:00,29252.75,29263.75,29190.5,29222.25,3930
2026-05-17 18:30:00-04:00,29223.75,29274.5,29197.5,29262.75,3424
2026-05-17 18:45:00-04:00,29263.0,29268.0,29200.0,29232.75,3049
2026-05-17 19:00:00-04:00,29233.0,29248.5,29162.75,29190.75,4594
2026-05-17 19:15:00-04:00,29189.0,29195.25,29127.0,29140.0,4200
2026-05-17 19:30:00-04:00,29139.0,29165.0,29011.75,29117.0,6887
2026-05-17 19:45:00-04:00,29116.5,29158.5,29088.0,29119.0,5193
2026-05-17 20:00:00-04:00,29116.75,29145.0,28937.5,29012.75,10423
2026-05-17 20:15:00-04:00,29012.25,29043.0,28962.75,29011.75,7067
2026-05-17 20:30:00-04:00,29011.5,29030.25,28948.5,28950.5,5419
2026-05-17 20:45:00-04:00,28950.5,29039.0,28945.5,29033.75,4342
2026-05-17 21:00:00-04:00,29033.25,29051.0,28965.0,28965.75,4042
2026-05-17 21:15:00-04:00,28965.5,28989.75,28938.75,28958.25,4361
2026-05-17 21:30:00-04:00,28957.75,28992.5,28926.0,28987.25,4216
2026-05-17 21:45:00-04:00,28985.25,29049.0,28977.5,29023.25,3713
2026-05-17 22:00:00-04:00,29021.5,29047.0,28991.0,29040.5,3050
2026-05-17 22:15:00-04:00,29039.25,29093.5,29039.25,29090.0,3488
2026-05-17 22:30:00-04:00,29089.75,29092.75,29037.0,29047.0,2400
2026-05-17 22:45:00-04:00,29045.0,29052.25,28996.5,29010.75,2466
2026-05-17 23:00:00-04:00,29011.75,29062.0,29008.25,29018.25,2340
2026-05-17 23:15:00-04:00,29019.0,29044.0,29008.75,29038.75,1637
2026-05-17 23:30:00-04:00,29039.5,29071.25,29003.75,29064.0,2258
2026-05-17 23:45:00-04:00,29063.75,29068.5,29041.0,29055.5,1145
2026-05-18 00:00:00-04:00,29056.0,29110.0,29054.0,29100.0,2260
2026-05-18 00:15:00-04:00,29099.25,29116.5,29022.0,29028.25,2571
2026-05-18 00:30:00-04:00,29028.0,29079.0,29020.0,29072.25,2179
2026-05-18 00:45:00-04:00,29072.25,29086.25,29032.0,29051.0,1530
2026-05-18 01:00:00-04:00,29051.25,29097.25,29040.0,29065.0,1749
2026-05-18 01:15:00-04:00,29062.5,29067.25,29021.25,29063.25,1899
2026-05-18 01:30:00-04:00,29064.75,29087.5,29043.5,29065.75,2717
2026-05-18 01:45:00-04:00,29064.5,29081.5,29040.0,29043.25,1671
2026-05-18 02:00:00-04:00,29042.0,29055.5,29015.75,29040.0,2511
2026-05-18 02:15:00-04:00,29039.5,29057.5,29000.75,29003.0,2714
2026-05-18 02:30:00-04:00,29005.75,29066.75,28990.5,29066.5,3486
2026-05-18 02:45:00-04:00,29067.25,29113.0,29065.25,29111.5,2908
2026-05-18 03:00:00-04:00,29111.75,29143.5,29082.0,29087.0,3653
2026-05-18 03:15:00-04:00,29088.0,29154.25,29060.0,29150.75,3387
2026-05-18 03:30:00-04:00,29150.25,29175.75,29069.0,29080.25,5877
2026-05-18 03:45:00-04:00,29080.25,29128.75,29073.75,29121.0,3586
2026-05-18 04:00:00-04:00,29121.75,29190.25,29121.75,29166.75,4125
2026-05-18 04:15:00-04:00,29166.5,29225.25,29150.25,29222.0,4279
2026-05-18 04:30:00-04:00,29221.25,29241.5,29187.5,29192.25,3155
2026-05-18 04:45:00-04:00,29192.5,29242.5,29192.0,29241.0,2901
2026-05-18 05:00:00-04:00,29240.75,29249.25,29194.0,29201.0,2171
2026-05-18 05:15:00-04:00,29199.5,29219.75,29183.25,29202.75,1514
2026-05-18 05:30:00-04:00,29204.0,29208.75,29190.5,29200.5,1694
2026-05-18 05:45:00-04:00,29201.75,29213.25,29169.0,29189.0,3768
2026-05-18 06:00:00-04:00,29190.0,29195.75,29116.5,29139.5,2837
2026-05-18 06:15:00-04:00,29140.0,29150.5,29126.25,29134.5,1769
2026-05-18 06:30:00-04:00,29136.0,29141.75,29080.25,29118.75,3029
2026-05-18 06:45:00-04:00,29118.5,29144.5,29110.75,29120.0,1512
2026-05-18 07:00:00-04:00,29120.25,29127.75,29052.0,29105.5,4198
2026-05-18 07:15:00-04:00,29104.75,29130.0,29085.75,29090.25,2117
2026-05-18 07:30:00-04:00,29090.0,29274.25,29087.5,29237.75,12547
2026-05-18 07:45:00-04:00,29241.0,29242.25,29158.0,29177.5,4747
2026-05-18 08:00:00-04:00,29178.75,29238.25,29171.75,29219.5,4233
2026-05-18 08:15:00-04:00,29218.25,29222.0,29186.25,29201.5,3450
2026-05-18 08:30:00-04:00,29201.75,29324.25,29187.0,29318.5,9639
2026-05-18 08:45:00-04:00,29318.25,29419.75,29313.0,29408.0,16485
2026-05-18 09:00:00-04:00,29408.25,29419.0,29353.0,29378.75,11192
2026-05-18 09:15:00-04:00,29378.5,29381.25,29333.75,29338.0,8373
2026-05-18 09:30:00-04:00,29338.5,29356.25,29160.0,29166.5,47389
2026-05-18 09:45:00-04:00,29167.5,29308.75,29135.0,29243.75,40606
2026-05-18 10:00:00-04:00,29242.5,29272.0,29129.0,29261.5,34922
2026-05-18 10:15:00-04:00,29259.25,29299.0,29137.25,29153.25,25143
2026-05-18 10:30:00-04:00,29154.0,29175.75,28970.75,29087.75,39847
2026-05-18 10:45:00-04:00,29087.75,29109.0,29002.5,29082.5,25170
2026-05-18 11:00:00-04:00,29082.25,29126.25,29006.0,29065.75,24566
2026-05-18 11:15:00-04:00,29066.0,29069.75,28956.25,28960.75,19954
2026-05-18 11:30:00-04:00,28960.25,29065.25,28941.5,29000.75,19702
2026-05-18 11:45:00-04:00,28999.75,29046.5,28978.5,28997.25,12902
2026-05-18 12:00:00-04:00,28996.25,29030.0,28951.75,29027.5,13918
2026-05-18 12:15:00-04:00,29026.5,29074.0,28859.25,28878.5,25157
2026-05-18 12:30:00-04:00,28877.75,28961.5,28842.5,28922.75,19503
2026-05-18 12:45:00-04:00,28921.75,29045.5,28907.75,29006.0,17642
2026-05-18 13:00:00-04:00,29004.75,29038.0,28966.75,28995.75,13347
2026-05-18 13:15:00-04:00,28995.0,29017.25,28966.25,29009.5,9368
2026-05-18 13:30:00-04:00,29009.75,29029.75,28959.75,29011.25,11427
2026-05-18 13:45:00-04:00,29011.75,29023.0,28972.0,29014.0,9978
2026-05-18 14:00:00-04:00,29014.25,29020.5,28914.25,28917.0,13524
2026-05-18 14:15:00-04:00,28916.0,28918.5,28834.75,28892.5,20397
2026-05-18 14:30:00-04:00,28892.75,28915.0,28843.25,28873.75,13341
2026-05-18 14:45:00-04:00,28873.0,28882.25,28814.75,28840.0,14015
2026-05-18 15:00:00-04:00,28842.25,29070.25,28837.75,28959.5,39426
2026-05-18 15:15:00-04:00,28959.25,28973.25,28881.5,28922.5,15089
2026-05-18 15:30:00-04:00,28923.0,29055.25,28913.25,29053.5,16839
2026-05-18 15:45:00-04:00,29053.5,29114.0,29041.75,29098.75,27432
2026-05-18 16:00:00-04:00,29098.75,29110.0,29068.5,29080.0,8792
2026-05-18 16:15:00-04:00,29079.75,29091.25,29072.5,29086.25,2154
2026-05-18 16:30:00-04:00,29086.5,29094.5,29072.0,29087.25,1480
2026-05-18 16:45:00-04:00,29088.0,29091.75,29075.0,29076.0,1218
2026-05-18 18:00:00-04:00,29100.0,29159.0,29090.25,29118.0,3414
2026-05-18 18:15:00-04:00,29117.0,29164.25,29116.5,29158.0,2322
2026-05-18 18:30:00-04:00,29158.0,29173.5,29148.0,29154.25,1649
2026-05-18 18:45:00-04:00,29153.5,29158.75,29132.5,29158.0,1355
2026-05-18 19:00:00-04:00,29158.0,29185.0,29150.0,29161.5,2984
2026-05-18 19:15:00-04:00,29161.5,29169.5,29144.0,29162.5,1070
2026-05-18 19:30:00-04:00,29160.5,29164.25,29147.75,29157.75,911
2026-05-18 19:45:00-04:00,29158.75,29160.25,29114.25,29134.75,1974
2026-05-18 20:00:00-04:00,29134.5,29152.5,29086.5,29119.25,3961
2026-05-18 20:15:00-04:00,29119.5,29188.5,29092.25,29162.25,3559
2026-05-18 20:30:00-04:00,29162.5,29173.25,29114.25,29128.0,2283
2026-05-18 20:45:00-04:00,29129.0,29139.25,29076.25,29084.0,2119
2026-05-18 21:00:00-04:00,29080.75,29097.5,29043.25,29064.0,3167
2026-05-18 21:15:00-04:00,29066.0,29072.0,28989.5,29022.5,3511
2026-05-18 21:30:00-04:00,29022.5,29079.5,28997.25,29068.5,2530
2026-05-18 21:45:00-04:00,29068.5,29077.75,29011.0,29013.5,1867
2026-05-18 22:00:00-04:00,29012.5,29012.5,28929.75,28962.75,3446
2026-05-18 22:15:00-04:00,28962.25,28992.0,28935.0,28973.25,2930
2026-05-18 22:30:00-04:00,28971.5,28999.0,28964.0,28998.0,1641
2026-05-18 22:45:00-04:00,28997.5,29014.5,28964.5,28972.0,1919
2026-05-18 23:00:00-04:00,28971.5,29002.5,28944.75,28990.0,1689
2026-05-18 23:15:00-04:00,28992.25,29013.75,28979.75,29009.25,1084
2026-05-18 23:30:00-04:00,29009.0,29038.0,29009.0,29018.75,1477
2026-05-18 23:45:00-04:00,29016.75,29016.75,28981.75,28989.75,1346
2026-05-19 00:00:00-04:00,28991.0,28991.0,28932.0,28956.5,2155
2026-05-19 00:15:00-04:00,28957.25,28957.25,28905.0,28927.25,2148
2026-05-19 00:30:00-04:00,28928.25,28974.0,28923.75,28951.75,2134
2026-05-19 00:45:00-04:00,28952.25,28972.25,28926.5,28963.5,1676
2026-05-19 01:00:00-04:00,28964.25,28982.0,28929.0,28956.25,1872
2026-05-19 01:15:00-04:00,28957.75,28966.0,28885.0,28957.75,2967
2026-05-19 01:30:00-04:00,28958.75,28970.0,28920.75,28930.5,1833
2026-05-19 01:45:00-04:00,28930.75,28952.25,28920.5,28935.0,1543
2026-05-19 02:00:00-04:00,28936.25,28970.25,28905.0,28966.75,2802
2026-05-19 02:15:00-04:00,28967.25,28996.0,28946.0,28983.5,2145
2026-05-19 02:30:00-04:00,28983.25,29019.25,28965.75,29015.5,2191
2026-05-19 02:45:00-04:00,29012.75,29021.75,28987.0,29020.5,1610
2026-05-19 03:00:00-04:00,29020.75,29084.25,29005.75,29059.75,3075
2026-05-19 03:15:00-04:00,29060.5,29073.75,29043.75,29061.75,1715
2026-05-19 03:30:00-04:00,29061.75,29100.5,29042.0,29084.5,2108
2026-05-19 03:45:00-04:00,29085.25,29125.25,29081.75,29102.75,2680
2026-05-19 04:00:00-04:00,29103.25,29117.0,29020.0,29037.0,3300
2026-05-19 04:15:00-04:00,29038.5,29053.0,28973.75,28989.75,3011
2026-05-19 04:30:00-04:00,28989.0,29022.25,28983.25,29012.25,2171
2026-05-19 04:45:00-04:00,29012.25,29033.5,29003.5,29005.75,1505
2026-05-19 05:00:00-04:00,29004.75,29005.5,28969.75,28972.5,1792
2026-05-19 05:15:00-04:00,28971.5,28974.25,28893.0,28901.5,3250
2026-05-19 05:30:00-04:00,28903.5,28917.75,28836.0,28841.5,5457
2026-05-19 05:45:00-04:00,28840.5,28930.25,28839.5,28915.25,3084
2026-05-19 06:00:00-04:00,28914.5,28922.0,28875.0,28905.5,2398
2026-05-19 06:15:00-04:00,28905.75,28913.25,28884.0,28903.25,1562
2026-05-19 06:30:00-04:00,28903.75,28931.0,28840.0,28853.5,4429
2026-05-19 06:45:00-04:00,28855.75,28929.5,28840.0,28923.75,4938
2026-05-19 07:00:00-04:00,28923.25,28950.75,28908.5,28915.5,3008
2026-05-19 07:15:00-04:00,28914.0,28930.75,28894.5,28911.5,2298
2026-05-19 07:30:00-04:00,28911.5,28942.0,28890.5,28897.25,2520
2026-05-19 07:45:00-04:00,28896.0,28897.75,28853.75,28853.75,2620
2026-05-19 08:00:00-04:00,28854.5,28889.25,28831.0,28880.0,4442
2026-05-19 08:15:00-04:00,28879.5,28887.5,28842.0,28867.75,4014
2026-05-19 08:30:00-04:00,28866.75,28937.75,28857.75,28916.0,4951
2026-05-19 08:45:00-04:00,28915.5,28937.75,28908.5,28912.75,2901
2026-05-19 09:00:00-04:00,28912.25,28925.75,28835.0,28875.75,8035
2026-05-19 09:15:00-04:00,28876.25,28879.5,28802.75,28849.5,12067
2026-05-19 09:30:00-04:00,28850.25,29068.0,28850.25,28909.75,55955
2026-05-19 09:45:00-04:00,28910.25,29028.0,28868.75,28938.75,39389
2026-05-19 10:00:00-04:00,28938.0,28944.0,28730.25,28736.75,44720
2026-05-19 10:15:00-04:00,28737.25,28755.0,28663.0,28711.75,40512
2026-05-19 10:30:00-04:00,28711.5,28801.0,28684.0,28744.75,28570
2026-05-19 10:45:00-04:00,28743.5,28807.0,28675.0,28804.0,21028
2026-05-19 11:00:00-04:00,28803.75,28836.0,28755.0,28827.75,19093
2026-05-19 11:15:00-04:00,28829.25,28860.0,28726.0,28770.75,18807
2026-05-19 11:30:00-04:00,28770.5,28877.75,28757.75,28855.0,17877
2026-05-19 11:45:00-04:00,28856.75,28863.5,28779.75,28815.75,12929
2026-05-19 12:00:00-04:00,28818.0,28880.5,28791.5,28814.5,13702
2026-05-19 12:15:00-04:00,28815.5,28922.75,28814.25,28910.75,14476
2026-05-19 12:30:00-04:00,28908.0,28990.25,28902.25,28989.0,14875
2026-05-19 12:45:00-04:00,28989.0,29034.75,28967.25,29021.75,13979
2026-05-19 13:00:00-04:00,29022.5,29080.5,29011.0,29073.75,15012
2026-05-19 13:15:00-04:00,29073.75,29126.5,29061.5,29082.0,16722
2026-05-19 13:30:00-04:00,29082.25,29119.0,29078.5,29089.5,10930
2026-05-19 13:45:00-04:00,29089.75,29092.0,29007.0,29068.75,13428
2026-05-19 14:00:00-04:00,29069.25,29101.75,29063.75,29072.5,9014
2026-05-19 14:15:00-04:00,29072.25,29081.75,29006.75,29023.5,12514
2026-05-19 14:30:00-04:00,29023.75,29061.5,29000.5,29017.25,10099
2026-05-19 14:45:00-04:00,29016.75,29022.0,28941.75,28959.5,13015
2026-05-19 15:00:00-04:00,28959.75,29055.0,28957.75,29053.0,13063
2026-05-19 15:15:00-04:00,29053.25,29059.75,28924.5,28977.5,13539
2026-05-19 15:30:00-04:00,28977.25,29004.0,28926.5,28931.75,11282
2026-05-19 15:45:00-04:00,28932.0,28942.0,28867.0,28924.5,25533
2026-05-19 16:00:00-04:00,28924.5,28941.5,28897.0,28923.0,7996
2026-05-19 16:15:00-04:00,28922.5,28929.75,28902.0,28908.5,2395
2026-05-19 16:30:00-04:00,28908.5,28911.0,28896.0,28899.5,1288
2026-05-19 16:45:00-04:00,28899.75,28903.75,28887.5,28899.25,1632
2026-05-19 18:00:00-04:00,28929.75,28956.5,28914.0,28926.0,2216
2026-05-19 18:15:00-04:00,28924.5,28928.5,28863.25,28877.75,3356
2026-05-19 18:30:00-04:00,28877.0,28914.25,28869.0,28886.75,2243
2026-05-19 18:45:00-04:00,28889.25,28913.5,28870.75,28911.5,1182
2026-05-19 19:00:00-04:00,28910.5,28950.5,28904.0,28945.0,1526
2026-05-19 19:15:00-04:00,28946.5,28974.0,28939.75,28970.0,1559
2026-05-19 19:30:00-04:00,28970.0,29024.25,28969.75,28993.75,2281
2026-05-19 19:45:00-04:00,28995.0,28995.75,28945.0,28950.0,1655
2026-05-19 20:00:00-04:00,28950.0,28950.5,28815.75,28831.25,4959
2026-05-19 20:15:00-04:00,28830.25,28894.0,28797.25,28892.75,4741
2026-05-19 20:30:00-04:00,28894.25,28948.75,28891.25,28927.25,4381
2026-05-19 20:45:00-04:00,28930.0,28971.5,28922.5,28938.75,2653
2026-05-19 21:00:00-04:00,28939.5,28979.5,28900.0,28975.75,3037
2026-05-19 21:15:00-04:00,28972.75,28984.75,28901.5,28909.5,2217
2026-05-19 21:30:00-04:00,28909.5,28924.0,28858.25,28904.5,3283
2026-05-19 21:45:00-04:00,28903.5,28999.0,28899.25,28980.25,3142
2026-05-19 22:00:00-04:00,28982.0,28993.0,28965.0,28982.75,1647
2026-05-19 22:15:00-04:00,28984.0,29017.25,28957.0,28957.0,2058
2026-05-19 22:30:00-04:00,28956.25,28958.0,28884.5,28884.75,3676
2026-05-19 22:45:00-04:00,28883.5,28907.0,28866.25,28884.75,2056
2026-05-19 23:00:00-04:00,28884.75,28884.75,28839.0,28845.0,1863
2026-05-19 23:15:00-04:00,28843.75,28890.0,28840.25,28882.25,1856
2026-05-19 23:30:00-04:00,28883.0,28914.0,28858.25,28893.25,1670
2026-05-19 23:45:00-04:00,28894.0,28906.0,28879.5,28895.5,967
2026-05-20 00:00:00-04:00,28898.5,28942.25,28898.5,28940.25,1481
2026-05-20 00:15:00-04:00,28939.5,28949.5,28911.0,28928.0,880
2026-05-20 00:30:00-04:00,28929.25,28930.75,28883.5,28883.5,945
2026-05-20 00:45:00-04:00,28884.0,28898.75,28870.5,28882.25,734
2026-05-20 01:00:00-04:00,28885.0,28941.25,28885.0,28913.0,1278
2026-05-20 01:15:00-04:00,28912.0,28940.0,28888.5,28912.0,1265
2026-05-20 01:30:00-04:00,28914.0,28982.5,28914.0,28945.25,2235
2026-05-20 01:45:00-04:00,28944.75,28963.75,28914.5,28955.0,1410
2026-05-20 02:00:00-04:00,28952.5,28976.25,28950.75,28972.75,1365
2026-05-20 02:15:00-04:00,28973.5,29026.75,28973.5,29011.25,2254
2026-05-20 02:30:00-04:00,29012.5,29015.75,28981.75,28987.75,1181
2026-05-20 02:45:00-04:00,28989.0,29039.75,28987.75,29038.75,1454
2026-05-20 03:00:00-04:00,29039.5,29052.0,29023.5,29032.75,1917
2026-05-20 03:15:00-04:00,29031.5,29065.0,29030.5,29054.75,1228
2026-05-20 03:30:00-04:00,29054.0,29058.5,29020.75,29047.0,1491
2026-05-20 03:45:00-04:00,29046.0,29049.75,29014.25,29027.25,1649
2026-05-20 04:00:00-04:00,29027.5,29086.75,29024.0,29080.25,2481
2026-05-20 04:15:00-04:00,29080.0,29095.0,29060.0,29092.75,2057
2026-05-20 04:30:00-04:00,29094.75,29123.25,29087.0,29117.0,2242
2026-05-20 04:45:00-04:00,29118.0,29136.75,29096.25,29099.25,2429
2026-05-20 05:00:00-04:00,29095.75,29100.5,29070.75,29071.0,1494
2026-05-20 05:15:00-04:00,29070.0,29092.5,29066.75,29083.75,882
2026-05-20 05:30:00-04:00,29085.0,29103.75,29084.25,29099.5,851
2026-05-20 05:45:00-04:00,29100.0,29149.75,29096.5,29124.0,2380
2026-05-20 06:00:00-04:00,29124.75,29155.75,29123.0,29139.25,1751
2026-05-20 06:15:00-04:00,29140.5,29141.75,29118.0,29124.25,1244
2026-05-20 06:30:00-04:00,29125.5,29157.75,29122.25,29130.5,2175
2026-05-20 06:45:00-04:00,29131.75,29140.5,29103.5,29109.0,1544
2026-05-20 07:00:00-04:00,29110.0,29129.0,29091.25,29097.25,1779
2026-05-20 07:15:00-04:00,29096.25,29122.25,29095.25,29118.25,1075
2026-05-20 07:30:00-04:00,29119.25,29127.5,29078.25,29089.5,2124
2026-05-20 07:45:00-04:00,29089.0,29099.75,29063.5,29080.75,1871
2026-05-20 08:00:00-04:00,29081.75,29123.75,29073.25,29121.5,1982
2026-05-20 08:15:00-04:00,29120.25,29161.25,29109.75,29146.5,3695
2026-05-20 08:30:00-04:00,29147.5,29169.25,29122.75,29127.25,4167
2026-05-20 08:45:00-04:00,29127.25,29147.5,29103.0,29104.5,4740
2026-05-20 09:00:00-04:00,29103.75,29117.75,29096.5,29100.5,3558
2026-05-20 09:15:00-04:00,29099.75,29117.0,29056.5,29073.75,7973
2026-05-20 09:30:00-04:00,29073.5,29154.5,29023.25,29142.5,47588
2026-05-20 09:45:00-04:00,29142.75,29194.75,29047.25,29100.5,35424
2026-05-20 10:00:00-04:00,29100.75,29130.0,29008.5,29088.25,29549
2026-05-20 10:15:00-04:00,29087.25,29233.75,29074.5,29209.75,37130
2026-05-20 10:30:00-04:00,29208.75,29263.0,29173.0,29223.75,24722
2026-05-20 10:45:00-04:00,29224.0,29279.5,29175.25,29261.5,17412
2026-05-20 11:00:00-04:00,29261.5,29281.5,29230.75,29256.0,11849
2026-05-20 11:15:00-04:00,29255.0,29395.5,29255.0,29292.25,32537
2026-05-20 11:30:00-04:00,29293.5,29334.25,29289.0,29319.75,12457
2026-05-20 11:45:00-04:00,29320.0,29358.75,29305.75,29331.5,11546
2026-05-20 12:00:00-04:00,29331.5,29337.5,29286.25,29299.25,8284
2026-05-20 12:15:00-04:00,29299.5,29300.5,29210.0,29235.75,16362
2026-05-20 12:30:00-04:00,29236.25,29289.0,29221.0,29288.25,14830
2026-05-20 12:45:00-04:00,29287.5,29296.25,29224.5,29261.75,11702
2026-05-20 13:00:00-04:00,29263.0,29304.75,29229.0,29282.75,10940
2026-05-20 13:15:00-04:00,29282.5,29306.0,29261.0,29294.5,7939
2026-05-20 13:30:00-04:00,29295.25,29326.0,29273.75,29302.75,8574
2026-05-20 13:45:00-04:00,29304.0,29310.75,29282.25,29301.25,6672
2026-05-20 14:00:00-04:00,29302.5,29326.0,29275.25,29307.25,7377
2026-05-20 14:15:00-04:00,29307.25,29317.0,29278.25,29305.5,7748
2026-05-20 14:30:00-04:00,29306.25,29345.0,29296.0,29298.25,8750
2026-05-20 14:45:00-04:00,29297.75,29316.25,29288.25,29300.5,6364
2026-05-20 15:00:00-04:00,29301.25,29338.75,29298.25,29337.5,7230
2026-05-20 15:15:00-04:00,29337.5,29349.75,29329.75,29340.25,8907
2026-05-20 15:30:00-04:00,29340.75,29377.0,29326.75,29354.25,9890
2026-05-20 15:45:00-04:00,29353.25,29396.75,29336.25,29396.25,23501
2026-05-20 16:00:00-04:00,29396.25,29397.5,29341.0,29356.0,9223
2026-05-20 16:15:00-04:00,29357.25,29379.0,29247.25,29373.75,12528
2026-05-20 16:30:00-04:00,29373.0,29379.0,29277.25,29304.75,5893
2026-05-20 16:45:00-04:00,29306.0,29320.5,29252.25,29278.5,4143
2026-05-20 18:00:00-04:00,29253.0,29278.5,29113.0,29156.75,5739
2026-05-20 18:15:00-04:00,29160.25,29177.0,29118.5,29172.0,2075
2026-05-20 18:30:00-04:00,29169.5,29189.25,29157.25,29183.75,1562
2026-05-20 18:45:00-04:00,29183.5,29192.0,29161.75,29191.5,1120
2026-05-20 19:00:00-04:00,29191.75,29225.0,29188.0,29205.25,1546
2026-05-20 19:15:00-04:00,29206.25,29206.75,29164.0,29181.5,1551
2026-05-20 19:30:00-04:00,29180.5,29199.75,29173.5,29186.75,885
2026-05-20 19:45:00-04:00,29186.75,29209.0,29178.75,29192.25,1160
2026-05-20 20:00:00-04:00,29193.0,29213.25,29171.0,29208.5,2013
2026-05-20 20:15:00-04:00,29209.0,29220.0,29172.0,29194.75,1688
2026-05-20 20:30:00-04:00,29194.75,29219.25,29182.0,29218.25,1309
2026-05-20 20:45:00-04:00,29218.25,29232.5,29205.25,29222.0,1469
2026-05-20 21:00:00-04:00,29221.75,29281.25,29221.75,29281.0,2430
2026-05-20 21:15:00-04:00,29280.25,29295.5,29260.25,29271.0,1588
2026-05-20 21:30:00-04:00,29269.5,29320.5,29262.75,29314.5,2123
2026-05-20 21:45:00-04:00,29312.75,29320.0,29281.0,29313.25,1488
2026-05-20 22:00:00-04:00,29315.0,29340.25,29312.5,29332.0,1554
2026-05-20 22:15:00-04:00,29333.25,29377.25,29330.5,29356.0,1987
2026-05-20 22:30:00-04:00,29355.5,29358.25,29333.5,29336.75,1547
2026-05-20 22:45:00-04:00,29337.25,29342.25,29319.0,29329.0,1211
2026-05-20 23:00:00-04:00,29329.75,29356.5,29325.25,29346.75,993
2026-05-20 23:15:00-04:00,29348.0,29366.25,29335.75,29359.75,977
2026-05-20 23:30:00-04:00,29359.25,29381.5,29350.75,29380.25,1017
2026-05-20 23:45:00-04:00,29380.0,29381.0,29356.0,29360.75,933
2026-05-21 00:00:00-04:00,29362.75,29390.0,29360.0,29383.25,928
2026-05-21 00:15:00-04:00,29383.75,29414.75,29379.5,29408.25,1488
2026-05-21 00:30:00-04:00,29407.0,29409.0,29380.5,29404.0,1116
2026-05-21 00:45:00-04:00,29404.0,29428.75,29395.0,29418.25,1277
2026-05-21 01:00:00-04:00,29420.75,29439.75,29408.5,29415.0,1356
2026-05-21 01:15:00-04:00,29413.5,29427.75,29390.5,29397.0,1175
2026-05-21 01:30:00-04:00,29398.0,29398.75,29372.75,29385.25,1486
2026-05-21 01:45:00-04:00,29381.5,29386.75,29298.0,29368.0,2991
2026-05-21 02:00:00-04:00,29366.25,29393.5,29355.5,29364.25,1819
2026-05-21 02:15:00-04:00,29363.75,29389.0,29340.25,29366.5,2119
2026-05-21 02:30:00-04:00,29366.0,29376.75,29317.0,29319.25,1268
2026-05-21 02:45:00-04:00,29318.0,29321.75,29280.0,29300.25,2225
2026-05-21 03:00:00-04:00,29299.0,29305.0,29200.0,29230.75,3756
2026-05-21 03:15:00-04:00,29230.25,29267.25,29201.5,29258.0,2616
2026-05-21 03:30:00-04:00,29257.5,29289.75,29253.5,29284.5,1545
2026-05-21 03:45:00-04:00,29285.0,29333.25,29276.5,29321.25,2008
2026-05-21 04:00:00-04:00,29321.5,29433.0,29311.25,29432.0,4025
2026-05-21 04:15:00-04:00,29432.75,29464.5,29373.5,29415.5,4502
2026-05-21 04:30:00-04:00,29413.75,29416.5,29365.0,29385.25,1655
2026-05-21 04:45:00-04:00,29387.25,29389.0,29349.25,29373.25,1958
2026-05-21 05:00:00-04:00,29374.0,29419.75,29367.0,29404.25,1888
2026-05-21 05:15:00-04:00,29403.75,29429.75,29397.0,29418.75,1247
2026-05-21 05:30:00-04:00,29419.0,29429.0,29375.0,29379.0,1416
2026-05-21 05:45:00-04:00,29378.0,29395.75,29373.25,29380.25,835
2026-05-21 06:00:00-04:00,29381.5,29392.5,29355.0,29384.75,1205
2026-05-21 06:15:00-04:00,29385.5,29393.0,29242.5,29272.0,4748
2026-05-21 06:30:00-04:00,29274.0,29296.75,29212.25,29252.0,4066
2026-05-21 06:45:00-04:00,29253.25,29257.25,29192.25,29246.5,4002
2026-05-21 07:00:00-04:00,29247.25,29259.0,29204.0,29250.0,3344
2026-05-21 07:15:00-04:00,29249.0,29293.75,29247.0,29276.0,2740
2026-05-21 07:30:00-04:00,29276.0,29286.75,29239.0,29243.5,1821
2026-05-21 07:45:00-04:00,29243.0,29277.75,29243.0,29253.25,1540
2026-05-21 08:00:00-04:00,29252.75,29268.0,29224.25,29238.5,2221
2026-05-21 08:15:00-04:00,29238.0,29262.0,29219.5,29241.75,3126
2026-05-21 08:30:00-04:00,29244.25,29292.75,29221.0,29236.25,7000
2026-05-21 08:45:00-04:00,29237.0,29244.0,29185.5,29194.0,5048
2026-05-21 09:00:00-04:00,29193.5,29244.0,29188.0,29215.75,7109
2026-05-21 09:15:00-04:00,29213.5,29221.25,29180.0,29215.5,7322
2026-05-21 09:30:00-04:00,29217.25,29268.5,29174.0,29214.0,39735
2026-05-21 09:45:00-04:00,29216.25,29315.0,29188.0,29288.25,36019
2026-05-21 10:00:00-04:00,29287.5,29340.0,29251.25,29267.0,26111
2026-05-21 10:15:00-04:00,29267.0,29276.75,29127.0,29190.0,33277
2026-05-21 10:30:00-04:00,29189.25,29255.75,29175.75,29236.0,21216
2026-05-21 10:45:00-04:00,29234.5,29253.5,29166.0,29235.75,18122
2026-05-21 11:00:00-04:00,29235.5,29249.25,29139.0,29233.0,22709
2026-05-21 11:15:00-04:00,29233.0,29263.5,29219.5,29234.75,14945
2026-05-21 11:30:00-04:00,29234.5,29274.75,29175.5,29258.0,14995
2026-05-21 11:45:00-04:00,29257.5,29304.5,29257.0,29266.25,10796
2026-05-21 12:00:00-04:00,29267.0,29310.5,29263.0,29275.25,11316
2026-05-21 12:15:00-04:00,29274.75,29282.5,29215.25,29247.75,8531
2026-05-21 12:30:00-04:00,29247.25,29273.75,29232.0,29254.5,6559
2026-05-21 12:45:00-04:00,29256.25,29270.0,29207.75,29257.75,7205
2026-05-21 13:00:00-04:00,29258.75,29382.0,29258.25,29343.25,17434
2026-05-21 13:15:00-04:00,29344.5,29478.25,29335.25,29412.75,25007
2026-05-21 13:30:00-04:00,29412.5,29496.25,29407.25,29493.0,12962
2026-05-21 13:45:00-04:00,29493.75,29554.0,29470.0,29497.25,14191
2026-05-21 14:00:00-04:00,29497.0,29521.5,29445.0,29450.75,14314
2026-05-21 14:15:00-04:00,29451.75,29478.0,29428.0,29459.0,9956
2026-05-21 14:30:00-04:00,29459.75,29469.5,29435.0,29457.5,7948
2026-05-21 14:45:00-04:00,29456.25,29465.75,29293.25,29337.0,23192
2026-05-21 15:00:00-04:00,29338.5,29413.0,29335.25,29412.25,12401
2026-05-21 15:15:00-04:00,29411.75,29439.25,29405.0,29427.5,9176
2026-05-21 15:30:00-04:00,29428.0,29444.5,29403.0,29416.5,9585
2026-05-21 15:45:00-04:00,29416.75,29466.0,29399.0,29446.25,23059
2026-05-21 16:00:00-04:00,29446.25,29471.0,29433.75,29458.0,6502
2026-05-21 16:15:00-04:00,29457.25,29460.75,29439.25,29447.0,1917
2026-05-21 16:30:00-04:00,29447.75,29460.25,29445.0,29458.25,1194
2026-05-21 16:45:00-04:00,29458.25,29464.25,29451.25,29455.5,1121
2026-05-21 18:00:00-04:00,29444.0,29515.75,29444.0,29512.75,2456
2026-05-21 18:15:00-04:00,29511.5,29520.75,29486.75,29505.75,1255
2026-05-21 18:30:00-04:00,29505.25,29516.0,29486.75,29512.25,1224
2026-05-21 18:45:00-04:00,29513.5,29543.75,29513.25,29537.75,1880
2026-05-21 19:00:00-04:00,29538.5,29553.0,29534.5,29543.75,1003
2026-05-21 19:15:00-04:00,29543.75,29549.0,29535.0,29539.0,655
2026-05-21 19:30:00-04:00,29539.5,29553.75,29534.5,29543.0,1137
2026-05-21 19:45:00-04:00,29543.0,29584.75,29541.25,29550.5,2319
2026-05-21 20:00:00-04:00,29550.75,29576.75,29534.5,29555.25,2976
2026-05-21 20:15:00-04:00,29552.5,29599.5,29547.25,29572.0,2595
2026-05-21 20:30:00-04:00,29572.25,29603.5,29572.0,29574.75,2196
2026-05-21 20:45:00-04:00,29574.0,29590.75,29564.75,29566.0,1109
2026-05-21 21:00:00-04:00,29563.5,29578.75,29537.0,29574.0,2154
2026-05-21 21:15:00-04:00,29574.0,29575.75,29539.0,29545.0,1313
2026-05-21 21:30:00-04:00,29543.0,29550.25,29491.0,29525.25,2390
2026-05-21 21:45:00-04:00,29526.25,29553.5,29521.75,29529.5,1505
2026-05-21 22:00:00-04:00,29530.0,29543.0,29513.0,29532.25,1416
2026-05-21 22:15:00-04:00,29533.25,29541.75,29504.25,29512.5,1352
2026-05-21 22:30:00-04:00,29511.5,29550.0,29509.25,29538.25,1147
2026-05-21 22:45:00-04:00,29538.0,29556.75,29532.25,29549.75,883
2026-05-21 23:00:00-04:00,29548.5,29553.25,29527.75,29536.5,766
2026-05-21 23:15:00-04:00,29538.0,29548.0,29531.5,29545.0,749
2026-05-21 23:30:00-04:00,29545.25,29564.25,29545.25,29563.25,643
2026-05-21 23:45:00-04:00,29562.5,29573.25,29560.25,29572.25,626
2026-05-22 00:00:00-04:00,29572.75,29593.5,29572.75,29584.5,977
2026-05-22 00:15:00-04:00,29585.0,29593.5,29577.5,29588.5,909
2026-05-22 00:30:00-04:00,29588.75,29588.75,29564.5,29571.75,952
2026-05-22 00:45:00-04:00,29571.75,29598.0,29571.75,29592.5,794
2026-05-22 01:00:00-04:00,29592.5,29606.25,29589.5,29594.75,1059
2026-05-22 01:15:00-04:00,29595.5,29600.25,29573.25,29587.25,965
2026-05-22 01:30:00-04:00,29585.75,29592.25,29563.5,29579.25,1200
2026-05-22 01:45:00-04:00,29579.25,29595.25,29534.75,29547.0,1927
2026-05-22 02:00:00-04:00,29545.25,29565.0,29533.25,29561.25,1913
2026-05-22 02:15:00-04:00,29560.5,29574.0,29546.25,29562.0,1121
2026-05-22 02:30:00-04:00,29565.25,29593.25,29552.5,29587.75,1562
2026-05-22 02:45:00-04:00,29591.0,29592.75,29559.75,29563.75,869
2026-05-22 03:00:00-04:00,29562.25,29563.75,29528.75,29538.0,2176
2026-05-22 03:15:00-04:00,29538.5,29580.5,29538.5,29573.75,1129
2026-05-22 03:30:00-04:00,29575.25,29576.75,29532.25,29563.5,1525
2026-05-22 03:45:00-04:00,29564.25,29587.5,29553.0,29583.75,1091
2026-05-22 04:00:00-04:00,29584.0,29615.0,29582.75,29596.0,2396
2026-05-22 04:15:00-04:00,29595.5,29665.25,29595.5,29634.5,3478
2026-05-22 04:30:00-04:00,29633.0,29635.5,29580.25,29597.75,2914
2026-05-22 04:45:00-04:00,29598.0,29618.0,29562.75,29565.25,1464
2026-05-22 05:00:00-04:00,29564.25,29566.0,29505.25,29508.0,2807
2026-05-22 05:15:00-04:00,29506.75,29528.25,29486.0,29496.5,2210
2026-05-22 05:30:00-04:00,29497.5,29537.5,29477.0,29533.75,2558
2026-05-22 05:45:00-04:00,29533.25,29549.75,29518.25,29527.25,1642
2026-05-22 06:00:00-04:00,29527.0,29527.25,29485.5,29489.0,2172
2026-05-22 06:15:00-04:00,29489.75,29494.0,29449.0,29454.5,2277
2026-05-22 06:30:00-04:00,29455.0,29464.5,29436.0,29452.25,1376
2026-05-22 06:45:00-04:00,29453.0,29478.75,29450.5,29465.5,1327
2026-05-22 07:00:00-04:00,29464.75,29496.0,29461.0,29469.0,1722
2026-05-22 07:15:00-04:00,29467.75,29482.75,29452.75,29470.75,1385
2026-05-22 07:30:00-04:00,29470.0,29500.0,29462.0,29499.0,1303
2026-05-22 07:45:00-04:00,29499.0,29527.75,29492.5,29509.5,2159
2026-05-22 08:00:00-04:00,29508.25,29581.5,29495.75,29566.5,4182
2026-05-22 08:15:00-04:00,29567.5,29584.75,29529.75,29549.5,4365
2026-05-22 08:30:00-04:00,29549.75,29566.25,29545.0,29554.5,2674
2026-05-22 08:45:00-04:00,29555.5,29595.75,29555.5,29593.75,3522
2026-05-22 09:00:00-04:00,29594.25,29603.75,29556.25,29584.25,5931
2026-05-22 09:15:00-04:00,29583.75,29595.25,29548.5,29580.75,7066
2026-05-22 09:30:00-04:00,29580.0,29715.5,29551.25,29642.25,43723
2026-05-22 09:45:00-04:00,29642.0,29667.75,29587.5,29643.0,22515
2026-05-22 10:00:00-04:00,29640.5,29642.0,29515.5,29564.25,25845
2026-05-22 10:15:00-04:00,29565.0,29599.0,29490.25,29564.25,21271
2026-05-22 10:30:00-04:00,29563.75,29637.25,29553.0,29635.75,17210
2026-05-22 10:45:00-04:00,29635.5,29655.0,29607.25,29647.25,12431
2026-05-22 11:00:00-04:00,29647.0,29696.0,29644.5,29688.75,13419
2026-05-22 11:15:00-04:00,29689.0,29708.75,29668.75,29708.5,12504
2026-05-22 11:30:00-04:00,29708.0,29713.75,29678.0,29695.0,9882
2026-05-22 11:45:00-04:00,29695.25,29696.0,29660.0,29687.5,8752
2026-05-22 12:00:00-04:00,29687.0,29694.75,29665.0,29681.25,7998
2026-05-22 12:15:00-04:00,29680.25,29681.25,29640.25,29666.0,9655
2026-05-22 12:30:00-04:00,29666.5,29677.5,29632.5,29640.75,9126
2026-05-22 12:45:00-04:00,29640.75,29673.75,29639.25,29671.5,6738
2026-05-22 13:00:00-04:00,29671.75,29704.5,29671.75,29696.75,8282
2026-05-22 13:15:00-04:00,29697.75,29737.25,29645.0,29736.75,16328
2026-05-22 13:30:00-04:00,29736.5,29749.0,29684.75,29702.25,11969
2026-05-22 13:45:00-04:00,29702.25,29709.0,29661.5,29678.5,8059
2026-05-22 14:00:00-04:00,29679.25,29688.75,29646.0,29664.5,8115
2026-05-22 14:15:00-04:00,29664.5,29673.75,29650.5,29660.5,5619
2026-05-22 14:30:00-04:00,29661.0,29674.25,29624.0,29666.5,9615
2026-05-22 14:45:00-04:00,29667.25,29672.25,29641.25,29650.25,6938
2026-05-22 15:00:00-04:00,29650.5,29664.5,29588.0,29599.75,13416
2026-05-22 15:15:00-04:00,29600.25,29603.5,29543.25,29551.0,11220
2026-05-22 15:30:00-04:00,29551.5,29588.5,29533.0,29561.0,11114
2026-05-22 15:45:00-04:00,29561.25,29582.75,29532.0,29552.5,19715
2026-05-22 16:00:00-04:00,29552.5,29580.75,29541.5,29561.0,7497
2026-05-22 16:15:00-04:00,29561.25,29561.75,29540.0,29548.5,1920
2026-05-22 16:30:00-04:00,29549.0,29552.0,29502.25,29529.25,3527
2026-05-22 16:45:00-04:00,29530.25,29539.75,29519.75,29520.75,1691
2026-05-24 18:00:00-04:00,29676.25,29778.75,29676.25,29772.0,6254
2026-05-24 18:15:00-04:00,29772.5,29786.0,29756.75,29774.0,2386
2026-05-24 18:30:00-04:00,29775.5,29808.5,29774.5,29804.25,2232
2026-05-24 18:45:00-04:00,29804.75,29825.5,29802.75,29808.5,1672
2026-05-24 19:00:00-04:00,29807.5,29831.75,29807.5,29822.5,1872
2026-05-24 19:15:00-04:00,29824.0,29825.0,29805.25,29811.75,1045
2026-05-24 19:30:00-04:00,29812.0,29883.0,29812.0,29858.5,3471
2026-05-24 19:45:00-04:00,29857.5,29865.5,29838.0,29842.5,1309
2026-05-24 20:00:00-04:00,29842.25,29872.5,29826.25,29870.25,1945
2026-05-24 20:15:00-04:00,29869.75,29892.0,29860.0,29884.5,2015
2026-05-24 20:30:00-04:00,29884.5,29922.0,29883.75,29912.75,2807
2026-05-24 20:45:00-04:00,29913.25,29935.75,29904.5,29914.75,2354
2026-05-24 21:00:00-04:00,29915.25,29929.75,29906.0,29923.25,2058
2026-05-24 21:15:00-04:00,29923.25,29929.25,29915.75,29927.0,986
2026-05-24 21:30:00-04:00,29927.25,29949.0,29921.0,29933.0,1897
2026-05-24 21:45:00-04:00,29933.5,29935.25,29921.5,29924.75,734
2026-05-24 22:00:00-04:00,29925.75,29935.0,29917.75,29924.0,1008
2026-05-24 22:15:00-04:00,29925.0,29925.25,29905.0,29914.5,1225
2026-05-24 22:30:00-04:00,29915.0,29917.25,29903.0,29915.75,715
2026-05-24 22:45:00-04:00,29915.75,29960.75,29915.75,29957.0,2238
2026-05-24 23:00:00-04:00,29958.0,29988.0,29957.5,29965.25,3728
2026-05-24 23:15:00-04:00,29966.0,29983.5,29955.5,29965.5,1421
2026-05-24 23:30:00-04:00,29966.75,29975.0,29963.25,29966.75,911
2026-05-24 23:45:00-04:00,29966.0,29970.0,29957.0,29962.5,717
2026-05-25 00:00:00-04:00,29962.25,29977.0,29962.0,29966.75,795
2026-05-25 00:15:00-04:00,29966.75,29972.0,29962.25,29969.5,323
2026-05-25 00:30:00-04:00,29968.5,29972.25,29961.0,29971.5,519
2026-05-25 00:45:00-04:00,29971.25,29987.5,29971.25,29974.5,874
2026-05-25 01:00:00-04:00,29974.0,29990.0,29973.0,29986.25,891
2026-05-25 01:15:00-04:00,29986.25,29995.0,29976.0,29983.0,933
2026-05-25 01:30:00-04:00,29983.0,29993.75,29977.75,29991.75,700
2026-05-25 01:45:00-04:00,29991.5,29992.25,29968.25,29969.25,691
2026-05-25 02:00:00-04:00,29968.25,29981.0,29963.0,29970.75,916
2026-05-25 02:15:00-04:00,29969.75,29971.25,29950.0,29967.75,1361
2026-05-25 02:30:00-04:00,29968.25,29978.5,29960.0,29966.5,901
2026-05-25 02:45:00-04:00,29966.75,29985.0,29964.5,29967.5,993
2026-05-25 03:00:00-04:00,29968.25,29973.0,29940.5,29941.25,1304
2026-05-25 03:15:00-04:00,29941.0,29950.0,29889.5,29930.0,3813
2026-05-25 03:30:00-04:00,29931.0,29987.75,29927.0,29965.25,2813
2026-05-25 03:45:00-04:00,29965.25,29975.75,29956.0,29972.25,839
2026-05-25 04:00:00-04:00,29971.75,29974.5,29938.75,29940.5,1273
2026-05-25 04:15:00-04:00,29939.5,29944.5,29927.0,29933.25,1122
2026-05-25 04:30:00-04:00,29935.5,29957.0,29927.5,29952.75,667
2026-05-25 04:45:00-04:00,29955.5,29964.25,29955.5,29962.75,503
2026-05-25 05:00:00-04:00,29963.25,29976.75,29962.25,29966.75,711
2026-05-25 05:15:00-04:00,29966.5,29970.25,29957.25,29962.75,365
2026-05-25 05:30:00-04:00,29962.25,29972.25,29956.0,29962.0,461
2026-05-25 05:45:00-04:00,29961.75,29962.75,29954.25,29956.25,500
2026-05-25 06:00:00-04:00,29955.75,29963.25,29947.0,29962.25,621
2026-05-25 06:15:00-04:00,29962.0,29971.0,29956.75,29962.5,475
2026-05-25 06:30:00-04:00,29962.0,29972.5,29957.5,29970.75,363
2026-05-25 06:45:00-04:00,29971.75,29974.75,29966.25,29973.0,396
2026-05-25 07:00:00-04:00,29971.75,29980.5,29965.5,29977.0,625
2026-05-25 07:15:00-04:00,29976.5,29983.5,29975.25,29977.5,349
2026-05-25 07:30:00-04:00,29976.5,29988.0,29974.5,29980.5,919
2026-05-25 07:45:00-04:00,29981.0,29989.25,29970.0,29972.25,728
2026-05-25 08:00:00-04:00,29972.25,29985.0,29964.0,29965.0,804
2026-05-25 08:15:00-04:00,29964.0,29990.0,29960.0,29965.5,1583
2026-05-25 08:30:00-04:00,29965.0,29968.0,29949.75,29953.25,1098
2026-05-25 08:45:00-04:00,29953.75,29957.75,29936.75,29941.5,1696
2026-05-25 09:00:00-04:00,29941.25,29955.5,29939.25,29946.75,844
2026-05-25 09:15:00-04:00,29947.0,29947.0,29937.75,29940.5,1067
2026-05-25 09:30:00-04:00,29940.5,29975.75,29939.75,29975.0,3698
2026-05-25 09:45:00-04:00,29975.0,29993.75,29970.0,29993.5,3799
2026-05-25 10:00:00-04:00,29992.75,29993.75,29952.25,29953.5,4043
2026-05-25 10:15:00-04:00,29952.75,29957.5,29940.0,29942.25,3018
2026-05-25 10:30:00-04:00,29943.0,29945.5,29910.0,29912.75,3565
2026-05-25 10:45:00-04:00,29912.25,29940.5,29910.0,29929.0,3352
2026-05-25 11:00:00-04:00,29928.75,29990.75,29925.0,29967.75,6183
2026-05-25 11:15:00-04:00,29968.25,29977.5,29933.0,29934.25,4544
2026-05-25 11:30:00-04:00,29933.75,29941.0,29920.25,29926.75,2080
2026-05-25 11:45:00-04:00,29925.5,29931.0,29915.5,29922.5,1911
2026-05-25 12:00:00-04:00,29923.0,29935.0,29913.0,29932.25,1319
2026-05-25 12:15:00-04:00,29931.75,29936.25,29914.0,29924.0,1441
2026-05-25 12:30:00-04:00,29923.75,29936.25,29920.0,29934.5,1225
2026-05-25 12:45:00-04:00,29934.25,29966.75,29927.75,29962.5,2146
2026-05-25 18:00:00-04:00,29962.0,29977.0,29910.25,29925.75,3700
2026-05-25 18:15:00-04:00,29924.75,29951.5,29919.25,29939.5,1416
2026-05-25 18:30:00-04:00,29936.5,29936.5,29884.5,29906.75,3187
2026-05-25 18:45:00-04:00,29906.5,29910.0,29881.25,29891.0,1245
2026-05-25 19:00:00-04:00,29889.0,29901.0,29872.25,29878.75,1641
2026-05-25 19:15:00-04:00,29879.5,29885.75,29834.25,29840.75,2568
2026-05-25 19:30:00-04:00,29840.0,29883.5,29836.5,29881.0,1708
2026-05-25 19:45:00-04:00,29880.5,29898.75,29872.25,29879.25,1794
2026-05-25 20:00:00-04:00,29879.5,29880.5,29800.5,29828.0,4504
2026-05-25 20:15:00-04:00,29827.5,29849.0,29811.25,29844.0,2111
2026-05-25 20:30:00-04:00,29843.0,29856.25,29817.5,29823.75,1929
2026-05-25 20:45:00-04:00,29822.75,29833.75,29808.0,29821.5,1473
2026-05-25 21:00:00-04:00,29820.75,29828.5,29796.5,29823.0,2227
2026-05-25 21:15:00-04:00,29822.75,29836.0,29794.0,29802.0,1941
2026-05-25 21:30:00-04:00,29802.5,29804.0,29770.25,29789.25,3008
2026-05-25 21:45:00-04:00,29788.0,29817.25,29788.0,29811.75,1940
2026-05-25 22:00:00-04:00,29814.5,29827.0,29804.75,29820.5,969
2026-05-25 22:15:00-04:00,29819.5,29829.0,29797.0,29813.75,1232
2026-05-25 22:30:00-04:00,29814.25,29825.5,29801.25,29809.0,1157
2026-05-25 22:45:00-04:00,29810.0,29819.5,29803.25,29817.75,575
2026-05-25 23:00:00-04:00,29818.25,29823.5,29803.25,29803.5,905
2026-05-25 23:15:00-04:00,29803.5,29826.25,29802.25,29825.25,887
2026-05-25 23:30:00-04:00,29825.5,29828.5,29810.75,29812.5,612
2026-05-25 23:45:00-04:00,29811.75,29825.75,29804.0,29819.5,742
2026-05-26 00:00:00-04:00,29821.0,29827.0,29805.5,29826.25,665
2026-05-26 00:15:00-04:00,29826.0,29829.0,29813.0,29813.0,580
2026-05-26 00:30:00-04:00,29813.0,29823.0,29807.75,29811.0,631
2026-05-26 00:45:00-04:00,29810.75,29811.25,29793.0,29800.5,1026
2026-05-26 01:00:00-04:00,29800.0,29810.0,29782.5,29805.25,991
2026-05-26 01:15:00-04:00,29805.25,29812.5,29801.75,29807.25,547
2026-05-26 01:30:00-04:00,29807.0,29816.5,29798.5,29806.5,622
2026-05-26 01:45:00-04:00,29806.75,29814.25,29793.75,29806.0,705
2026-05-26 02:00:00-04:00,29807.0,29840.5,29798.75,29837.25,1390
2026-05-26 02:15:00-04:00,29837.0,29845.25,29802.0,29816.5,1899
2026-05-26 02:30:00-04:00,29817.25,29842.5,29810.0,29834.75,1257
2026-05-26 02:45:00-04:00,29835.25,29835.25,29820.0,29826.25,675
2026-05-26 03:00:00-04:00,29825.25,29830.0,29762.5,29780.75,2902
2026-05-26 03:15:00-04:00,29781.5,29787.5,29760.0,29771.5,1596
2026-05-26 03:30:00-04:00,29772.25,29784.5,29744.0,29782.75,1988
2026-05-26 03:45:00-04:00,29782.0,29796.25,29755.0,29773.0,1603
2026-05-26 04:00:00-04:00,29774.5,29786.0,29758.0,29772.0,1241
2026-05-26 04:15:00-04:00,29771.0,29793.0,29765.5,29790.25,906
2026-05-26 04:30:00-04:00,29789.5,29804.75,29773.0,29800.75,1293
2026-05-26 04:45:00-04:00,29800.75,29811.0,29784.25,29808.75,969
2026-05-26 05:00:00-04:00,29809.0,29823.5,29807.75,29809.25,830
2026-05-26 05:15:00-04:00,29808.25,29843.75,29805.0,29839.5,1757
2026-05-26 05:30:00-04:00,29839.5,29844.25,29830.25,29837.75,994
2026-05-26 05:45:00-04:00,29837.75,29850.5,29836.5,29847.0,852
2026-05-26 06:00:00-04:00,29848.25,29871.0,29844.0,29868.0,1317
2026-05-26 06:15:00-04:00,29869.75,29906.0,29862.25,29897.5,2608
2026-05-26 06:30:00-04:00,29898.0,29915.0,29869.5,29871.25,2120
2026-05-26 06:45:00-04:00,29873.0,29880.0,29854.25,29854.25,1652
2026-05-26 07:00:00-04:00,29855.75,29866.0,29840.25,29840.75,1789
2026-05-26 07:15:00-04:00,29842.0,29866.75,29840.0,29859.5,1870
2026-05-26 07:30:00-04:00,29858.5,29874.25,29818.0,29858.75,3078
2026-05-26 07:45:00-04:00,29857.75,29872.0,29852.25,29865.75,1182
2026-05-26 08:00:00-04:00,29864.0,29884.75,29851.0,29870.25,2779
2026-05-26 08:15:00-04:00,29870.0,29902.5,29864.25,29898.0,2286
2026-05-26 08:30:00-04:00,29897.75,29930.5,29891.0,29918.0,3079
2026-05-26 08:45:00-04:00,29918.75,29926.0,29910.25,29920.5,2400
2026-05-26 09:00:00-04:00,29920.0,29925.0,29901.25,29921.25,2810
2026-05-26 09:15:00-04:00,29921.25,29929.0,29888.5,29902.5,6510
2026-05-26 09:30:00-04:00,29902.0,29938.0,29826.75,29934.0,43848
2026-05-26 09:45:00-04:00,29933.5,30007.0,29914.0,30006.75,35655
2026-05-26 10:00:00-04:00,30007.0,30030.0,29976.0,30028.25,21105
2026-05-26 10:15:00-04:00,30028.75,30084.0,30008.0,30067.75,21503
2026-05-26 10:30:00-04:00,30067.5,30118.75,30060.75,30105.25,18734
2026-05-26 10:45:00-04:00,30104.75,30113.25,30053.0,30054.75,16152
2026-05-26 11:00:00-04:00,30055.5,30066.75,30003.75,30038.25,23087
2026-05-26 11:15:00-04:00,30037.75,30038.25,29992.5,29999.25,18159
2026-05-26 11:30:00-04:00,29999.0,30007.5,29960.25,29972.0,16286
2026-05-26 11:45:00-04:00,29972.25,29981.75,29886.0,29927.25,22919
2026-05-26 12:00:00-04:00,29926.75,29979.5,29921.75,29938.5,14989
2026-05-26 12:15:00-04:00,29938.5,29992.5,29928.0,29992.25,10713
2026-05-26 12:30:00-04:00,29992.0,30015.5,29961.75,29964.0,11944
2026-05-26 12:45:00-04:00,29963.5,29984.5,29948.0,29974.75,10756
2026-05-26 13:00:00-04:00,29975.5,30002.25,29968.0,29986.75,9064
2026-05-26 13:15:00-04:00,29987.0,29990.75,29954.5,29969.25,9259
2026-05-26 13:30:00-04:00,29970.0,30002.0,29958.5,29985.25,8906
2026-05-26 13:45:00-04:00,29986.0,30013.25,29985.0,29996.75,7394
2026-05-26 14:00:00-04:00,29996.5,30031.0,29982.0,30025.0,8498
2026-05-26 14:15:00-04:00,30025.5,30054.25,30022.5,30046.0,9948
2026-05-26 14:30:00-04:00,30046.0,30060.75,30030.25,30031.0,9284
2026-05-26 14:45:00-04:00,30031.0,30045.75,30008.75,30014.5,8594
2026-05-26 15:00:00-04:00,30014.0,30057.75,30005.75,30051.75,9326
2026-05-26 15:15:00-04:00,30052.0,30062.5,30044.75,30053.0,7633
2026-05-26 15:30:00-04:00,30052.75,30095.25,30051.5,30091.75,11060
2026-05-26 15:45:00-04:00,30092.0,30112.0,30067.75,30079.75,26228
2026-05-26 16:00:00-04:00,30079.5,30084.0,30055.5,30057.5,8901
2026-05-26 16:15:00-04:00,30057.25,30073.0,30055.75,30061.25,2553
2026-05-26 16:30:00-04:00,30061.5,30070.0,30059.75,30061.0,1075
2026-05-26 16:45:00-04:00,30060.75,30063.0,30031.5,30044.25,2389
2026-05-26 18:00:00-04:00,30050.0,30077.25,30030.75,30045.75,2735
2026-05-26 18:15:00-04:00,30044.5,30060.5,30035.0,30043.75,1292
2026-05-26 18:30:00-04:00,30044.5,30062.75,30044.5,30045.25,998
2026-05-26 18:45:00-04:00,30045.5,30048.5,30028.5,30039.75,1110
2026-05-26 19:00:00-04:00,30040.0,30059.0,30039.25,30044.75,1052
2026-05-26 19:15:00-04:00,30045.75,30076.5,30042.0,30075.0,1333
2026-05-26 19:30:00-04:00,30074.75,30093.0,30064.25,30092.5,1539
2026-05-26 19:45:00-04:00,30092.0,30104.25,30089.5,30099.5,1531
2026-05-26 20:00:00-04:00,30098.0,30115.0,30090.75,30105.75,2546
2026-05-26 20:15:00-04:00,30105.25,30107.0,30071.0,30097.25,2235
2026-05-26 20:30:00-04:00,30097.5,30125.0,30093.0,30114.0,2964
2026-05-26 20:45:00-04:00,30116.0,30137.0,30107.0,30129.0,2564
2026-05-26 21:00:00-04:00,30129.75,30158.0,30115.0,30146.75,2813
2026-05-26 21:15:00-04:00,30146.25,30159.25,30138.0,30150.0,1704
2026-05-26 21:30:00-04:00,30150.25,30153.75,30137.25,30139.5,1366
2026-05-26 21:45:00-04:00,30140.0,30141.0,30116.0,30122.25,1872
2026-05-26 22:00:00-04:00,30125.0,30142.5,30120.75,30139.75,1318
2026-05-26 22:15:00-04:00,30140.75,30153.25,30139.5,30146.0,1065
2026-05-26 22:30:00-04:00,30145.75,30156.0,30141.0,30149.25,1209
2026-05-26 22:45:00-04:00,30149.0,30159.0,30136.25,30138.25,1446
2026-05-26 23:00:00-04:00,30138.0,30155.0,30130.25,30132.0,1481
2026-05-26 23:15:00-04:00,30132.5,30138.0,30120.25,30127.0,1017
2026-05-26 23:30:00-04:00,30127.75,30132.0,30109.5,30122.0,1230
2026-05-26 23:45:00-04:00,30122.0,30122.0,30093.75,30097.25,1229
2026-05-27 00:00:00-04:00,30097.0,30123.75,30094.5,30109.5,1054
2026-05-27 00:15:00-04:00,30108.75,30111.5,30076.5,30079.0,1971
2026-05-27 00:30:00-04:00,30077.75,30106.0,30074.75,30105.25,980
2026-05-27 00:45:00-04:00,30105.75,30121.25,30105.0,30105.5,946
2026-05-27 01:00:00-04:00,30105.25,30120.5,30093.75,30104.0,1212
2026-05-27 01:15:00-04:00,30102.25,30103.25,30076.25,30100.75,1363
2026-05-27 01:30:00-04:00,30101.25,30103.25,30067.75,30101.5,1335
2026-05-27 01:45:00-04:00,30101.75,30109.5,30086.75,30103.5,1238
2026-05-27 02:00:00-04:00,30103.5,30110.75,30089.0,30099.25,1302
2026-05-27 02:15:00-04:00,30098.5,30104.0,30076.0,30081.5,1075
2026-05-27 02:30:00-04:00,30083.25,30088.0,30055.75,30072.75,2000
2026-05-27 02:45:00-04:00,30072.5,30086.0,30066.0,30075.75,1259
2026-05-27 03:00:00-04:00,30076.5,30115.0,30076.25,30115.0,2181
2026-05-27 03:15:00-04:00,30115.0,30130.0,30104.75,30124.75,1602
2026-05-27 03:30:00-04:00,30126.5,30138.25,30115.5,30130.0,1664
2026-05-27 03:45:00-04:00,30131.25,30144.0,30112.5,30140.25,1167
2026-05-27 04:00:00-04:00,30141.0,30168.25,30130.25,30166.25,3077
2026-05-27 04:15:00-04:00,30166.75,30217.0,30166.25,30208.5,3609
2026-05-27 04:30:00-04:00,30208.5,30217.75,30190.5,30211.75,2075
2026-05-27 04:45:00-04:00,30210.5,30211.25,30191.5,30195.5,1227
2026-05-27 05:00:00-04:00,30197.25,30199.75,30173.25,30187.25,1938
2026-05-27 05:15:00-04:00,30186.75,30197.5,30180.0,30188.5,1539
2026-05-27 05:30:00-04:00,30188.75,30209.5,30179.0,30196.0,1406
2026-05-27 05:45:00-04:00,30195.75,30213.5,30186.0,30213.25,1413
2026-05-27 06:00:00-04:00,30214.0,30247.0,30212.5,30246.5,2366
2026-05-27 06:15:00-04:00,30246.75,30248.5,30227.5,30231.75,1344
2026-05-27 06:30:00-04:00,30231.75,30232.75,30212.25,30224.0,1299
2026-05-27 06:45:00-04:00,30225.25,30240.75,30221.0,30235.5,1168
2026-05-27 07:00:00-04:00,30236.0,30273.25,30235.25,30268.5,3289
2026-05-27 07:15:00-04:00,30268.75,30291.5,30251.25,30270.25,3132
2026-05-27 07:30:00-04:00,30269.25,30297.0,30268.75,30278.0,2304
2026-05-27 07:45:00-04:00,30278.0,30293.5,30262.25,30264.75,3037
2026-05-27 08:00:00-04:00,30265.25,30279.0,30254.5,30267.75,2959
2026-05-27 08:15:00-04:00,30266.75,30379.0,30243.25,30353.75,14286
2026-05-27 08:30:00-04:00,30355.25,30357.0,30308.25,30314.75,6061
2026-05-27 08:45:00-04:00,30315.0,30315.75,30256.25,30261.25,5721
2026-05-27 09:00:00-04:00,30260.75,30271.0,30201.0,30215.5,7496
2026-05-27 09:15:00-04:00,30214.75,30224.75,30185.75,30188.25,7596
2026-05-27 09:30:00-04:00,30187.5,30192.0,29965.0,29981.75,60321
2026-05-27 09:45:00-04:00,29982.0,30077.0,29937.0,30059.75,43712
2026-05-27 10:00:00-04:00,30060.75,30099.25,29982.5,30015.5,34505
2026-05-27 10:15:00-04:00,30015.0,30057.25,29888.25,29916.0,35489
2026-05-27 10:30:00-04:00,29916.75,30024.0,29877.5,29993.75,30763
2026-05-27 10:45:00-04:00,29993.75,30024.0,29923.25,29940.75,18686
2026-05-27 11:00:00-04:00,29940.5,29977.75,29908.5,29950.5,16867
2026-05-27 11:15:00-04:00,29950.75,29952.0,29883.25,29951.5,17202
2026-05-27 11:30:00-04:00,29952.0,29981.25,29884.5,29890.5,18504
2026-05-27 11:45:00-04:00,29890.25,29943.5,29882.5,29936.0,16164
2026-05-27 12:00:00-04:00,29934.75,30001.75,29917.25,29996.0,14960
2026-05-27 12:15:00-04:00,29996.5,30017.0,29977.25,29991.75,11945
2026-05-27 12:30:00-04:00,29990.75,30039.5,29973.25,30030.0,9968
2026-05-27 12:45:00-04:00,30031.0,30048.25,29975.25,29988.0,11525
2026-05-27 13:00:00-04:00,29989.75,29997.25,29894.75,29921.5,15618
2026-05-27 13:15:00-04:00,29920.5,29976.0,29913.25,29956.25,9646
2026-05-27 13:30:00-04:00,29956.75,29990.5,29943.0,29947.75,9366
2026-05-27 13:45:00-04:00,29948.0,29994.75,29942.25,29972.5,8287
2026-05-27 14:00:00-04:00,29972.5,30005.75,29963.0,29997.25,8351
2026-05-27 14:15:00-04:00,29997.5,30054.25,29991.5,30053.5,10448
2026-05-27 14:30:00-04:00,30053.25,30060.25,30023.0,30047.5,10276
2026-05-27 14:45:00-04:00,30047.5,30055.0,30033.0,30038.75,8284
2026-05-27 15:00:00-04:00,30039.0,30062.25,30024.5,30042.0,8304
2026-05-27 15:15:00-04:00,30041.25,30053.5,30009.5,30027.25,8068
2026-05-27 15:30:00-04:00,30027.0,30072.0,30025.25,30066.0,10748
2026-05-27 15:45:00-04:00,30066.0,30066.5,30034.25,30047.25,18854
2026-05-27 16:00:00-04:00,30047.5,30071.5,30031.0,30057.5,7486
2026-05-27 16:15:00-04:00,30058.5,30114.25,30058.5,30093.5,5228
2026-05-27 16:30:00-04:00,30093.5,30116.75,30092.0,30110.75,2099
2026-05-27 16:45:00-04:00,30110.75,30129.5,30108.75,30125.25,3000
2026-05-27 18:00:00-04:00,30120.0,30136.25,30064.75,30074.75,3426
2026-05-27 18:15:00-04:00,30075.0,30094.75,30047.75,30047.75,1946
2026-05-27 18:30:00-04:00,30047.5,30063.5,30026.5,30044.75,2288
2026-05-27 18:45:00-04:00,30046.0,30068.5,30044.0,30061.5,1282
2026-05-27 19:00:00-04:00,30061.5,30075.5,30045.25,30056.5,1215
2026-05-27 19:15:00-04:00,30056.0,30080.0,30028.5,30041.5,2276
2026-05-27 19:30:00-04:00,30041.5,30041.75,30001.5,30005.0,2126
2026-05-27 19:45:00-04:00,30006.5,30006.5,29966.75,29979.0,2556
2026-05-27 20:00:00-04:00,29978.0,30018.5,29963.25,29973.0,2922
2026-05-27 20:15:00-04:00,29973.5,30016.75,29970.75,30007.75,2459
2026-05-27 20:30:00-04:00,30008.5,30025.0,29980.75,30025.0,1814
2026-05-27 20:45:00-04:00,30025.0,30090.0,30023.25,30070.5,2476
2026-05-27 21:00:00-04:00,30073.25,30080.25,30037.25,30064.25,1766
2026-05-27 21:15:00-04:00,30064.0,30072.0,30045.0,30058.25,1341
2026-05-27 21:30:00-04:00,30060.25,30076.25,30044.75,30047.75,1352
2026-05-27 21:45:00-04:00,30049.25,30077.0,30034.0,30071.0,1471
2026-05-27 22:00:00-04:00,30071.25,30079.5,30028.0,30028.0,1977
2026-05-27 22:15:00-04:00,30029.0,30033.5,30001.5,30002.5,1976
2026-05-27 22:30:00-04:00,30001.75,30015.25,29979.75,29983.5,2195
2026-05-27 22:45:00-04:00,29983.75,30000.5,29970.75,29973.25,1693
2026-05-27 23:00:00-04:00,29974.25,29985.0,29931.0,29939.5,3328
2026-05-27 23:15:00-04:00,29939.5,29956.5,29910.75,29911.75,2532
2026-05-27 23:30:00-04:00,29911.0,29911.5,29801.5,29802.75,6769
2026-05-27 23:45:00-04:00,29801.75,29836.75,29795.75,29812.0,3611
2026-05-28 00:00:00-04:00,29811.0,29825.0,29770.25,29800.0,4161
2026-05-28 00:15:00-04:00,29799.75,29806.5,29763.0,29785.0,4006
2026-05-28 00:30:00-04:00,29786.25,29822.5,29778.0,29805.25,2126
2026-05-28 00:45:00-04:00,29804.5,29809.0,29781.5,29788.25,1750
2026-05-28 01:00:00-04:00,29789.0,29817.25,29769.0,29811.25,2705
2026-05-28 01:15:00-04:00,29812.25,29841.75,29802.75,29840.75,2624
2026-05-28 01:30:00-04:00,29841.75,29886.75,29834.0,29871.75,3024
2026-05-28 01:45:00-04:00,29874.0,29911.75,29874.0,29905.0,1736
2026-05-28 02:00:00-04:00,29905.5,29933.0,29903.25,29928.0,2108
2026-05-28 02:15:00-04:00,29928.25,29938.0,29915.25,29916.5,1755
2026-05-28 02:30:00-04:00,29916.75,29923.25,29891.75,29912.0,1759
2026-05-28 02:45:00-04:00,29911.5,29913.5,29880.5,29908.25,1815
2026-05-28 03:00:00-04:00,29908.5,29965.0,29908.5,29947.0,3275
2026-05-28 03:15:00-04:00,29947.75,29960.0,29938.25,29946.75,1541
2026-05-28 03:30:00-04:00,29949.75,29959.0,29936.75,29951.0,1205
2026-05-28 03:45:00-04:00,29950.25,29963.5,29923.5,29955.75,1478
2026-05-28 04:00:00-04:00,29958.25,29990.0,29947.5,29966.0,2562
2026-05-28 04:15:00-04:00,29964.5,29995.25,29950.0,29964.0,1867
2026-05-28 04:30:00-04:00,29964.0,29988.0,29959.0,29972.25,1232
2026-05-28 04:45:00-04:00,29970.75,29985.5,29962.0,29984.25,740
2026-05-28 05:00:00-04:00,29984.25,29998.0,29963.25,29970.0,1439
2026-05-28 05:15:00-04:00,29970.0,29989.25,29967.75,29970.75,829
2026-05-28 05:30:00-04:00,29970.25,29971.0,29941.75,29949.75,1433
2026-05-28 05:45:00-04:00,29950.5,29980.5,29946.75,29975.75,1080
2026-05-28 06:00:00-04:00,29975.25,29975.5,29943.75,29946.75,971
2026-05-28 06:15:00-04:00,29945.5,29955.5,29914.25,29934.75,1756
2026-05-28 06:30:00-04:00,29934.5,29940.25,29911.0,29913.5,1224
2026-05-28 06:45:00-04:00,29914.25,29927.25,29863.5,29885.0,3440
2026-05-28 07:00:00-04:00,29884.5,29908.0,29871.25,29879.0,2681
2026-05-28 07:15:00-04:00,29878.75,29912.75,29877.0,29894.75,1762
2026-05-28 07:30:00-04:00,29894.75,29940.0,29882.75,29937.75,2336
2026-05-28 07:45:00-04:00,29937.75,29939.0,29914.0,29924.0,1245
2026-05-28 08:00:00-04:00,29923.25,29962.25,29922.0,29955.0,2251
2026-05-28 08:15:00-04:00,29955.5,29958.75,29928.25,29951.5,2227
2026-05-28 08:30:00-04:00,29952.5,30028.75,29952.25,30027.0,6353
2026-05-28 08:45:00-04:00,30026.0,30067.5,30020.0,30056.0,4751
2026-05-28 09:00:00-04:00,30056.75,30099.0,30028.25,30036.75,7018
2026-05-28 09:15:00-04:00,30036.75,30066.0,30033.0,30053.5,6054
2026-05-28 09:30:00-04:00,30053.0,30112.0,29943.25,29955.5,44198
2026-05-28 09:45:00-04:00,29954.75,29999.0,29920.25,29990.75,31110
2026-05-28 10:00:00-04:00,29992.25,30187.0,29963.25,30161.25,39620
2026-05-28 10:15:00-04:00,30161.0,30173.25,30062.5,30147.5,25949
2026-05-28 10:30:00-04:00,30148.0,30171.25,30107.5,30167.25,20395
2026-05-28 10:45:00-04:00,30168.5,30191.5,30123.25,30187.75,17404
2026-05-28 11:00:00-04:00,30188.0,30244.0,30180.75,30221.0,16155
2026-05-28 11:15:00-04:00,30221.5,30274.75,30209.25,30262.5,14162
2026-05-28 11:30:00-04:00,30262.5,30293.0,30256.75,30261.5,12313
2026-05-28 11:45:00-04:00,30261.75,30281.0,30251.0,30264.5,9674
2026-05-28 12:00:00-04:00,30264.75,30283.0,30238.5,30274.5,9661
2026-05-28 12:15:00-04:00,30274.25,30318.25,30268.0,30301.75,11327
2026-05-28 12:30:00-04:00,30302.0,30309.75,30277.5,30306.75,7688
2026-05-28 12:45:00-04:00,30306.5,30329.75,30298.75,30327.0,7360
2026-05-28 13:00:00-04:00,30326.75,30335.75,30313.75,30317.75,8349
2026-05-28 13:15:00-04:00,30318.0,30320.5,30295.25,30299.25,8840
2026-05-28 13:30:00-04:00,30299.5,30324.5,30282.5,30321.5,9577
2026-05-28 13:45:00-04:00,30322.0,30344.5,30312.0,30319.5,10346
2026-05-28 14:00:00-04:00,30319.5,30337.5,30300.75,30303.75,8915
2026-05-28 14:15:00-04:00,30304.0,30325.5,30297.5,30315.25,9288
2026-05-28 14:30:00-04:00,30315.0,30316.0,30289.5,30300.5,7125
2026-05-28 14:45:00-04:00,30300.75,30317.0,30280.5,30293.5,7392
2026-05-28 15:00:00-04:00,30292.0,30312.0,30277.5,30287.5,7589
2026-05-28 15:15:00-04:00,30287.5,30309.25,30274.25,30306.0,9236
2026-05-28 15:30:00-04:00,30305.75,30331.5,30303.25,30310.25,8921
2026-05-28 15:45:00-04:00,30309.75,30331.0,30283.25,30306.25,21662
2026-05-28 16:00:00-04:00,30306.0,30335.75,30292.0,30333.5,6631
2026-05-28 16:15:00-04:00,30333.75,30344.0,30315.25,30321.75,2977
2026-05-28 16:30:00-04:00,30322.0,30328.75,30316.0,30321.0,1421
2026-05-28 16:45:00-04:00,30320.75,30333.75,30311.25,30313.0,1907
2026-05-28 18:00:00-04:00,30328.0,30362.0,30291.0,30311.5,3944
2026-05-28 18:15:00-04:00,30311.0,30314.75,30287.25,30301.5,1621
2026-05-28 18:30:00-04:00,30301.5,30313.0,30289.75,30308.0,947
2026-05-28 18:45:00-04:00,30308.25,30314.25,30295.0,30297.5,495
2026-05-28 19:00:00-04:00,30297.0,30318.25,30297.0,30315.75,707
2026-05-28 19:15:00-04:00,30315.25,30327.5,30313.25,30318.25,714
2026-05-28 19:30:00-04:00,30314.75,30317.75,30308.0,30312.0,526
2026-05-28 19:45:00-04:00,30310.75,30310.75,30295.0,30301.5,838
2026-05-28 20:00:00-04:00,30301.25,30301.5,30272.25,30282.75,2035
2026-05-28 20:15:00-04:00,30282.25,30301.75,30278.25,30280.75,1255
2026-05-28 20:30:00-04:00,30281.25,30282.0,30244.0,30249.75,1956
2026-05-28 20:45:00-04:00,30249.5,30255.0,30234.0,30247.75,1589
2026-05-28 21:00:00-04:00,30248.25,30262.25,30216.5,30233.5,2556
2026-05-28 21:15:00-04:00,30233.0,30253.5,30226.5,30231.25,1327
2026-05-28 21:30:00-04:00,30230.0,30257.75,30222.0,30253.5,1352
2026-05-28 21:45:00-04:00,30254.25,30263.25,30232.5,30248.75,1468
2026-05-28 22:00:00-04:00,30246.75,30272.0,30239.0,30264.75,1546
2026-05-28 22:15:00-04:00,30264.25,30266.25,30227.75,30235.25,1024
2026-05-28 22:30:00-04:00,30233.25,30255.0,30228.5,30246.75,772
2026-05-28 22:45:00-04:00,30247.75,30252.5,30232.5,30237.25,764
2026-05-28 23:00:00-04:00,30241.25,30265.5,30235.75,30257.0,955
2026-05-28 23:15:00-04:00,30257.75,30266.5,30252.5,30261.0,543
2026-05-28 23:30:00-04:00,30260.5,30264.0,30250.75,30259.75,439
2026-05-28 23:45:00-04:00,30259.75,30274.5,30246.75,30260.5,1148
2026-05-29 00:00:00-04:00,30261.0,30277.0,30260.0,30271.75,802
2026-05-29 00:15:00-04:00,30271.75,30286.75,30271.5,30283.5,1091
2026-05-29 00:30:00-04:00,30283.0,30305.5,30279.5,30304.75,1502
2026-05-29 00:45:00-04:00,30304.25,30307.25,30291.25,30298.0,963
2026-05-29 01:00:00-04:00,30298.0,30317.75,30296.0,30311.75,1296
2026-05-29 01:15:00-04:00,30312.5,30317.5,30304.25,30312.25,717
2026-05-29 01:30:00-04:00,30311.75,30315.0,30292.0,30305.0,1402
2026-05-29 01:45:00-04:00,30304.5,30315.5,30294.25,30299.0,1014
2026-05-29 02:00:00-04:00,30301.0,30327.5,30299.75,30322.25,1467
2026-05-29 02:15:00-04:00,30322.0,30342.25,30313.25,30316.75,2065
2026-05-29 02:30:00-04:00,30316.25,30335.5,30312.25,30328.0,1199
2026-05-29 02:45:00-04:00,30327.75,30350.5,30326.25,30348.25,1318
2026-05-29 03:00:00-04:00,30348.25,30349.5,30322.0,30324.5,2263
2026-05-29 03:15:00-04:00,30324.25,30326.75,30293.75,30300.0,1834
2026-05-29 03:30:00-04:00,30299.25,30303.0,30265.75,30278.75,2294
2026-05-29 03:45:00-04:00,30277.5,30302.25,30276.5,30300.5,1237
2026-05-29 04:00:00-04:00,30299.5,30318.25,30287.0,30310.5,1944
2026-05-29 04:15:00-04:00,30311.25,30318.5,30292.0,30313.0,1414
2026-05-29 04:30:00-04:00,30313.0,30326.0,30306.25,30308.25,1196
2026-05-29 04:45:00-04:00,30309.25,30319.25,30289.5,30314.25,1766
2026-05-29 05:00:00-04:00,30316.25,30361.0,30309.0,30361.0,2245
2026-05-29 05:15:00-04:00,30360.25,30369.25,30337.0,30352.5,2722
2026-05-29 05:30:00-04:00,30353.25,30354.5,30328.75,30331.0,1270
2026-05-29 05:45:00-04:00,30331.0,30349.5,30328.25,30331.5,1540
2026-05-29 06:00:00-04:00,30332.0,30333.5,30301.0,30315.75,1813
2026-05-29 06:15:00-04:00,30316.0,30333.0,30303.25,30329.25,1240
2026-05-29 06:30:00-04:00,30329.75,30346.5,30322.0,30339.25,1442
2026-05-29 06:45:00-04:00,30339.5,30350.0,30334.0,30340.5,1174
2026-05-29 07:00:00-04:00,30339.75,30364.25,30338.0,30361.25,1888
2026-05-29 07:15:00-04:00,30361.75,30372.25,30332.0,30334.0,2218
2026-05-29 07:30:00-04:00,30333.5,30352.25,30309.75,30343.25,2898
2026-05-29 07:45:00-04:00,30343.0,30354.75,30298.75,30349.0,3318
2026-05-29 08:00:00-04:00,30350.0,30351.0,30314.25,30320.75,2017
2026-05-29 08:15:00-04:00,30320.25,30333.75,30312.25,30326.75,1755
2026-05-29 08:30:00-04:00,30327.5,30332.0,30297.0,30322.25,3346
2026-05-29 08:45:00-04:00,30321.75,30349.5,30310.0,30349.0,2203
2026-05-29 09:00:00-04:00,30349.5,30363.75,30341.5,30344.5,3426
2026-05-29 09:15:00-04:00,30345.25,30384.5,30336.0,30382.25,6942
2026-05-29 09:30:00-04:00,30383.0,30462.0,30364.75,30460.5,42521
2026-05-29 09:45:00-04:00,30460.5,30520.75,30452.25,30519.0,24152
2026-05-29 10:00:00-04:00,30518.0,30536.0,30444.5,30459.75,28384
2026-05-29 10:15:00-04:00,30460.0,30462.75,30346.0,30405.5,38895
2026-05-29 10:30:00-04:00,30405.25,30437.5,30289.0,30293.5,35277
2026-05-29 10:45:00-04:00,30294.0,30394.75,30270.0,30359.5,34228
2026-05-29 11:00:00-04:00,30359.75,30429.5,30335.25,30427.0,18042
2026-05-29 11:15:00-04:00,30426.25,30439.75,30359.5,30397.5,17534
2026-05-29 11:30:00-04:00,30398.0,30419.75,30362.75,30376.75,14482
2026-05-29 11:45:00-04:00,30376.75,30397.5,30352.5,30362.5,11009
2026-05-29 12:00:00-04:00,30364.0,30447.75,30357.75,30435.75,10982
2026-05-29 12:15:00-04:00,30435.0,30447.75,30400.5,30403.75,9076
2026-05-29 12:30:00-04:00,30404.0,30447.5,30385.75,30422.5,11518
2026-05-29 12:45:00-04:00,30422.75,30426.75,30375.5,30396.75,9172
2026-05-29 13:00:00-04:00,30398.0,30410.75,30381.75,30392.5,7240
2026-05-29 13:15:00-04:00,30392.5,30399.25,30355.25,30368.0,10083
2026-05-29 13:30:00-04:00,30367.0,30376.5,30340.25,30347.5,9635
2026-05-29 13:45:00-04:00,30347.0,30360.75,30296.0,30302.0,10639
2026-05-29 14:00:00-04:00,30301.75,30366.25,30291.0,30342.5,11858
2026-05-29 14:15:00-04:00,30342.75,30385.5,30328.5,30379.5,8661
2026-05-29 14:30:00-04:00,30379.5,30402.25,30367.0,30384.75,8870
2026-05-29 14:45:00-04:00,30385.25,30385.5,30316.5,30324.5,12854
2026-05-29 15:00:00-04:00,30324.0,30369.25,30315.25,30365.0,8410
2026-05-29 15:15:00-04:00,30365.5,30384.25,30344.0,30381.25,8223
2026-05-29 15:30:00-04:00,30382.25,30440.0,30381.75,30429.0,12301
2026-05-29 15:45:00-04:00,30429.75,30445.25,30393.0,30397.5,32013
2026-05-29 16:00:00-04:00,30398.0,30411.0,30389.0,30396.25,9319
2026-05-29 16:15:00-04:00,30396.0,30397.0,30379.0,30386.5,2848
2026-05-29 16:30:00-04:00,30386.25,30392.25,30376.5,30382.75,1665
2026-05-29 16:45:00-04:00,30382.5,30397.0,30380.5,30389.5,1816
2026-05-31 18:00:00-04:00,30415.5,30440.75,30361.25,30420.25,4461
2026-05-31 18:15:00-04:00,30419.75,30438.0,30396.25,30423.75,2137
2026-05-31 18:30:00-04:00,30423.75,30453.5,30423.5,30453.5,1651
2026-05-31 18:45:00-04:00,30453.75,30473.0,30452.0,30455.5,1869
2026-05-31 19:00:00-04:00,30456.0,30479.0,30450.25,30465.0,1338
2026-05-31 19:15:00-04:00,30464.5,30473.0,30450.5,30468.0,1025
2026-05-31 19:30:00-04:00,30468.25,30478.25,30459.25,30466.0,931
2026-05-31 19:45:00-04:00,30466.75,30485.0,30461.25,30477.0,1190
2026-05-31 20:00:00-04:00,30478.25,30524.5,30470.25,30513.0,3983
2026-05-31 20:15:00-04:00,30512.25,30546.5,30495.0,30543.5,2761
2026-05-31 20:30:00-04:00,30543.5,30552.25,30525.75,30544.0,1953
2026-05-31 20:45:00-04:00,30545.75,30554.75,30535.0,30539.5,2110
2026-05-31 21:00:00-04:00,30541.0,30549.0,30519.75,30530.25,2359
2026-05-31 21:15:00-04:00,30530.5,30551.5,30529.0,30533.25,1866
2026-05-31 21:30:00-04:00,30533.25,30548.75,30527.0,30539.25,1857
2026-05-31 21:45:00-04:00,30539.25,30553.0,30533.5,30548.5,1105
2026-05-31 22:00:00-04:00,30548.5,30566.75,30546.5,30564.25,2048
2026-05-31 22:15:00-04:00,30563.75,30568.75,30555.25,30562.25,1084
2026-05-31 22:30:00-04:00,30562.25,30564.5,30545.25,30550.0,1175
2026-05-31 22:45:00-04:00,30549.75,30552.25,30543.25,30549.25,992
2026-05-31 23:00:00-04:00,30549.75,30566.25,30549.75,30560.5,1211
2026-05-31 23:15:00-04:00,30561.0,30577.75,30535.5,30574.5,2395
2026-05-31 23:30:00-04:00,30574.25,30595.25,30552.25,30555.0,2318
2026-05-31 23:45:00-04:00,30554.75,30565.0,30537.25,30545.75,1787
2026-06-01 00:00:00-04:00,30546.5,30564.25,30543.75,30558.25,1197
2026-06-01 00:15:00-04:00,30558.25,30568.0,30549.5,30561.25,785
2026-06-01 00:30:00-04:00,30562.25,30581.25,30551.5,30579.0,1045
2026-06-01 00:45:00-04:00,30579.25,30580.0,30569.0,30573.75,718
2026-06-01 01:00:00-04:00,30572.75,30581.0,30556.75,30570.25,1197
2026-06-01 01:15:00-04:00,30571.0,30577.5,30551.0,30553.75,1012
2026-06-01 01:30:00-04:00,30554.5,30576.75,30552.5,30574.0,1109
2026-06-01 01:45:00-04:00,30574.0,30592.25,30570.75,30578.25,1504
2026-06-01 02:00:00-04:00,30579.5,30589.5,30568.25,30575.75,1599
2026-06-01 02:15:00-04:00,30575.25,30578.0,30554.5,30558.5,1112
2026-06-01 02:30:00-04:00,30557.75,30580.5,30556.0,30568.5,1132
2026-06-01 02:45:00-04:00,30567.75,30589.0,30567.5,30578.75,1535
2026-06-01 03:00:00-04:00,30578.75,30591.75,30565.25,30570.75,1860
2026-06-01 03:15:00-04:00,30570.5,30573.25,30512.25,30522.25,3632
2026-06-01 03:30:00-04:00,30523.25,30531.75,30486.5,30501.5,2558
2026-06-01 03:45:00-04:00,30501.5,30514.5,30492.0,30510.0,1485
2026-06-01 04:00:00-04:00,30510.5,30516.5,30472.0,30476.25,2851
2026-06-01 04:15:00-04:00,30476.0,30480.25,30454.0,30454.25,2081
2026-06-01 04:30:00-04:00,30454.75,30479.75,30443.75,30478.25,2247
2026-06-01 04:45:00-04:00,30478.75,30504.75,30459.75,30499.25,2210
2026-06-01 05:00:00-04:00,30499.75,30512.25,30481.0,30484.25,1889
2026-06-01 05:15:00-04:00,30483.25,30496.0,30470.0,30472.5,1238
2026-06-01 05:30:00-04:00,30473.0,30479.25,30462.25,30472.25,1749
2026-06-01 05:45:00-04:00,30472.5,30474.5,30453.75,30462.0,1337
2026-06-01 06:00:00-04:00,30462.5,30485.5,30453.5,30483.5,1594
2026-06-01 06:15:00-04:00,30483.5,30489.5,30467.25,30486.75,1166
2026-06-01 06:30:00-04:00,30487.75,30504.75,30487.75,30500.0,1556
2026-06-01 06:45:00-04:00,30500.75,30504.75,30490.75,30494.0,927
2026-06-01 07:00:00-04:00,30493.5,30497.25,30462.0,30470.5,1928
2026-06-01 07:15:00-04:00,30470.25,30471.5,30452.0,30461.25,2154
2026-06-01 07:30:00-04:00,30460.5,30502.25,30451.75,30484.5,3154
2026-06-01 07:45:00-04:00,30483.75,30491.25,30460.25,30462.5,1786
2026-06-01 08:00:00-04:00,30462.25,30464.25,30419.0,30422.75,3937
2026-06-01 08:15:00-04:00,30422.75,30459.0,30415.0,30450.25,3835
2026-06-01 08:30:00-04:00,30449.75,30489.0,30433.0,30484.75,3956
2026-06-01 08:45:00-04:00,30485.75,30496.25,30446.0,30449.5,3090
2026-06-01 09:00:00-04:00,30449.0,30456.0,30310.75,30347.5,12198
2026-06-01 09:15:00-04:00,30347.75,30384.5,30291.5,30343.0,14857
2026-06-01 09:30:00-04:00,30343.0,30462.25,30309.5,30413.25,41976
2026-06-01 09:45:00-04:00,30412.0,30467.25,30306.0,30321.5,27379
2026-06-01 10:00:00-04:00,30314.5,30384.0,30292.0,30352.0,30616
2026-06-01 10:15:00-04:00,30352.5,30421.75,30338.5,30381.75,22374
2026-06-01 10:30:00-04:00,30381.5,30433.0,30368.75,30420.0,16473
2026-06-01 10:45:00-04:00,30420.25,30447.25,30406.25,30436.75,12688
2026-06-01 11:00:00-04:00,30437.0,30457.25,30412.5,30446.0,13529
2026-06-01 11:15:00-04:00,30445.25,30490.0,30444.75,30479.5,12697
2026-06-01 11:30:00-04:00,30479.25,30554.25,30477.75,30537.75,23311
2026-06-01 11:45:00-04:00,30538.25,30540.75,30495.5,30502.25,10842
2026-06-01 12:00:00-04:00,30501.5,30538.5,30469.0,30482.5,12488
2026-06-01 12:15:00-04:00,30482.75,30513.0,30450.0,30510.0,11679
2026-06-01 12:30:00-04:00,30510.5,30540.5,30510.5,30523.5,10063
2026-06-01 12:45:00-04:00,30523.0,30584.25,30507.5,30580.75,14739
2026-06-01 13:00:00-04:00,30581.25,30584.5,30535.0,30550.5,10522
2026-06-01 13:15:00-04:00,30549.75,30605.0,30538.0,30600.75,9521
2026-06-01 13:30:00-04:00,30602.25,30693.0,30568.75,30651.0,23494
2026-06-01 13:45:00-04:00,30651.5,30692.25,30651.25,30670.0,14494
2026-06-01 14:00:00-04:00,30670.0,30675.75,30629.5,30634.75,8641
2026-06-01 14:15:00-04:00,30635.25,30655.5,30626.75,30646.75,7674
2026-06-01 14:30:00-04:00,30646.5,30654.5,30631.0,30642.25,5851
2026-06-01 14:45:00-04:00,30642.25,30645.25,30614.0,30623.5,7734
2026-06-01 15:00:00-04:00,30622.75,30648.75,30612.75,30630.5,8655
2026-06-01 15:15:00-04:00,30630.5,30632.75,30616.5,30625.0,6829
2026-06-01 15:30:00-04:00,30624.0,30625.0,30583.25,30588.5,9617
2026-06-01 15:45:00-04:00,30588.0,30595.5,30555.75,30571.25,24571
2026-06-01 16:00:00-04:00,30571.5,30575.0,30548.25,30556.75,7277
2026-06-01 16:15:00-04:00,30556.25,30556.25,30539.5,30546.0,2292
2026-06-01 16:30:00-04:00,30545.75,30574.0,30539.25,30554.75,3665
2026-06-01 16:45:00-04:00,30554.25,30556.5,30506.75,30522.5,5351
2026-06-01 18:00:00-04:00,30544.75,30547.25,30455.25,30477.0,4083
2026-06-01 18:15:00-04:00,30475.0,30489.0,30450.5,30455.0,2681
2026-06-01 18:30:00-04:00,30454.25,30463.5,30437.25,30444.25,1652
2026-06-01 18:45:00-04:00,30445.5,30462.0,30431.0,30458.5,1828
2026-06-01 19:00:00-04:00,30457.75,30465.75,30446.0,30455.0,1320
2026-06-01 19:15:00-04:00,30453.0,30465.25,30450.25,30457.5,605
2026-06-01 19:30:00-04:00,30458.25,30479.75,30446.5,30460.0,2064
2026-06-01 19:45:00-04:00,30459.25,30469.75,30442.0,30469.25,1214
2026-06-01 20:00:00-04:00,30469.75,30470.25,30406.0,30414.0,3995
2026-06-01 20:15:00-04:00,30413.5,30436.25,30377.75,30402.75,3683
2026-06-01 20:30:00-04:00,30402.25,30422.25,30380.0,30396.75,2898
2026-06-01 20:45:00-04:00,30396.75,30396.75,30363.25,30372.75,2191
2026-06-01 21:00:00-04:00,30372.75,30401.0,30357.5,30395.5,3129
2026-06-01 21:15:00-04:00,30395.25,30398.5,30350.75,30375.75,2222
2026-06-01 21:30:00-04:00,30376.75,30390.75,30355.0,30370.5,2287
2026-06-01 21:45:00-04:00,30369.25,30369.25,30333.0,30333.5,2649
2026-06-01 22:00:00-04:00,30333.25,30348.0,30321.75,30338.5,2268
2026-06-01 22:15:00-04:00,30337.25,30368.25,30331.5,30356.0,2007
2026-06-01 22:30:00-04:00,30357.0,30385.0,30356.75,30375.25,1593
2026-06-01 22:45:00-04:00,30376.0,30381.0,30363.0,30374.0,982
2026-06-01 23:00:00-04:00,30373.0,30383.75,30340.75,30346.5,1722
2026-06-01 23:15:00-04:00,30346.0,30355.75,30317.75,30323.75,2426
2026-06-01 23:30:00-04:00,30324.5,30353.75,30318.5,30343.5,1919
2026-06-01 23:45:00-04:00,30343.0,30365.0,30341.75,30363.5,1425
2026-06-02 00:00:00-04:00,30363.0,30392.0,30357.5,30375.25,2363
2026-06-02 00:15:00-04:00,30377.5,30412.5,30370.5,30405.25,1638
2026-06-02 00:30:00-04:00,30404.25,30414.25,30393.75,30412.5,1164
2026-06-02 00:45:00-04:00,30411.5,30445.0,30408.75,30442.75,1472
2026-06-02 01:00:00-04:00,30444.0,30469.5,30428.75,30468.5,2366
2026-06-02 01:15:00-04:00,30468.0,30475.5,30456.25,30470.5,1369
2026-06-02 01:30:00-04:00,30471.75,30495.0,30471.75,30482.0,1737
2026-06-02 01:45:00-04:00,30482.0,30484.75,30457.75,30476.25,1577
2026-06-02 02:00:00-04:00,30476.0,30492.75,30469.25,30482.0,1921
2026-06-02 02:15:00-04:00,30482.25,30503.25,30481.5,30487.5,1541
2026-06-02 02:30:00-04:00,30486.75,30509.0,30469.0,30496.5,2363
2026-06-02 02:45:00-04:00,30496.5,30515.75,30494.0,30514.5,1281
2026-06-02 03:00:00-04:00,30514.25,30543.0,30509.75,30536.0,2563
2026-06-02 03:15:00-04:00,30535.25,30547.25,30526.25,30531.0,1888
2026-06-02 03:30:00-04:00,30532.0,30539.25,30520.25,30529.75,1245
2026-06-02 03:45:00-04:00,30529.25,30531.0,30511.0,30529.5,1685
2026-06-02 04:00:00-04:00,30529.75,30569.0,30529.75,30556.0,2975
2026-06-02 04:15:00-04:00,30555.75,30567.75,30532.5,30546.0,2141
2026-06-02 04:30:00-04:00,30547.0,30566.0,30543.75,30548.5,1109
2026-06-02 04:45:00-04:00,30548.5,30564.25,30540.5,30547.75,1190
2026-06-02 05:00:00-04:00,30548.0,30549.5,30525.75,30539.75,1159
2026-06-02 05:15:00-04:00,30539.5,30553.0,30527.5,30535.75,1266
2026-06-02 05:30:00-04:00,30536.0,30584.5,30533.25,30577.25,2064
2026-06-02 05:45:00-04:00,30577.25,30586.0,30563.25,30565.5,1618
2026-06-02 06:00:00-04:00,30565.75,30571.75,30554.0,30560.0,1107
2026-06-02 06:15:00-04:00,30560.25,30567.5,30548.25,30554.75,1091
2026-06-02 06:30:00-04:00,30556.25,30557.5,30532.25,30535.75,1120
2026-06-02 06:45:00-04:00,30538.0,30544.0,30527.75,30529.25,959
2026-06-02 07:00:00-04:00,30529.75,30546.0,30502.5,30544.25,2168
2026-06-02 07:15:00-04:00,30543.25,30549.5,30523.75,30548.0,1774
2026-06-02 07:30:00-04:00,30548.25,30574.5,30547.25,30551.5,3390
2026-06-02 07:45:00-04:00,30551.75,30554.5,30530.75,30531.25,1490
2026-06-02 08:00:00-04:00,30531.5,30545.0,30527.75,30530.5,1752
2026-06-02 08:15:00-04:00,30530.75,30559.75,30523.0,30548.25,2908
2026-06-02 08:30:00-04:00,30548.5,30560.0,30526.75,30554.25,2432
2026-06-02 08:45:00-04:00,30555.5,30555.75,30526.5,30529.75,2024
2026-06-02 09:00:00-04:00,30529.75,30536.25,30481.25,30493.75,5443
2026-06-02 09:15:00-04:00,30493.25,30560.0,30488.5,30557.0,6871
2026-06-02 09:30:00-04:00,30557.0,30567.75,30423.75,30503.25,39744
2026-06-02 09:45:00-04:00,30502.5,30604.75,30497.0,30601.75,29386
2026-06-02 10:00:00-04:00,30603.0,30647.25,30570.0,30633.75,24386
2026-06-02 10:15:00-04:00,30634.0,30638.5,30537.75,30559.5,23921
2026-06-02 10:30:00-04:00,30559.25,30625.0,30555.25,30623.75,18001
2026-06-02 10:45:00-04:00,30623.5,30643.5,30600.75,30642.25,11884
2026-06-02 11:00:00-04:00,30642.5,30666.0,30611.75,30666.0,15289
2026-06-02 11:15:00-04:00,30666.0,30676.5,30651.75,30665.5,13084
2026-06-02 11:30:00-04:00,30666.0,30685.75,30650.0,30668.0,11647
2026-06-02 11:45:00-04:00,30668.25,30697.75,30657.25,30689.5,12353
2026-06-02 12:00:00-04:00,30690.0,30713.25,30668.25,30700.0,12234
2026-06-02 12:15:00-04:00,30700.25,30700.25,30651.0,30658.25,10332
2026-06-02 12:30:00-04:00,30658.75,30676.0,30640.5,30647.5,8565
2026-06-02 12:45:00-04:00,30647.25,30694.0,30642.0,30691.25,9810
2026-06-02 13:00:00-04:00,30691.0,30703.25,30677.75,30695.75,8756
2026-06-02 13:15:00-04:00,30696.0,30696.5,30632.0,30643.75,11023
2026-06-02 13:30:00-04:00,30643.0,30649.75,30608.75,30635.5,11125
2026-06-02 13:45:00-04:00,30635.0,30650.0,30625.0,30627.5,7808
2026-06-02 14:00:00-04:00,30628.5,30664.0,30614.0,30647.75,8857
2026-06-02 14:15:00-04:00,30648.25,30648.25,30629.25,30637.75,6580
2026-06-02 14:30:00-04:00,30638.25,30654.5,30598.5,30619.0,10344
2026-06-02 14:45:00-04:00,30617.75,30641.5,30614.0,30638.5,6783
2026-06-02 15:00:00-04:00,30639.0,30682.25,30637.5,30672.75,10029
2026-06-02 15:15:00-04:00,30673.25,30686.5,30662.0,30664.25,8265
2026-06-02 15:30:00-04:00,30663.75,30687.0,30662.5,30681.75,7844
2026-06-02 15:45:00-04:00,30682.0,30721.25,30678.25,30707.25,25690
2026-06-02 16:00:00-04:00,30707.25,30763.25,30697.75,30738.5,12791
2026-06-02 16:15:00-04:00,30738.75,30762.5,30737.0,30737.25,3447
2026-06-02 16:30:00-04:00,30737.75,30745.75,30737.0,30743.25,1630
2026-06-02 16:45:00-04:00,30742.0,30749.25,30736.0,30743.0,1672
2026-06-02 18:00:00-04:00,30741.75,30751.75,30715.25,30730.5,3518
2026-06-02 18:15:00-04:00,30729.5,30742.75,30722.75,30740.5,1131
2026-06-02 18:30:00-04:00,30739.25,30757.0,30734.5,30737.5,1180
2026-06-02 18:45:00-04:00,30737.75,30740.5,30698.0,30703.5,2296
2026-06-02 19:00:00-04:00,30705.0,30710.0,30667.75,30674.75,2784
2026-06-02 19:15:00-04:00,30675.0,30678.25,30561.25,30610.75,7875
2026-06-02 19:30:00-04:00,30611.25,30689.25,30595.5,30682.75,4922
2026-06-02 19:45:00-04:00,30682.25,30715.0,30667.25,30708.0,3469
2026-06-02 20:00:00-04:00,30708.25,30719.5,30676.75,30678.75,2981
2026-06-02 20:15:00-04:00,30678.0,30704.25,30671.0,30691.5,2250
2026-06-02 20:30:00-04:00,30692.75,30714.75,30686.75,30714.25,2538
2026-06-02 20:45:00-04:00,30713.5,30727.5,30707.75,30720.0,1639
2026-06-02 21:00:00-04:00,30720.5,30723.75,30675.0,30675.0,2724
2026-06-02 21:15:00-04:00,30676.0,30688.75,30671.75,30685.0,1197
2026-06-02 21:30:00-04:00,30685.0,30701.25,30658.0,30666.75,3080
2026-06-02 21:45:00-04:00,30666.75,30685.0,30653.0,30683.0,1534
2026-06-02 22:00:00-04:00,30683.75,30693.25,30671.5,30690.0,1041
2026-06-02 22:15:00-04:00,30689.75,30696.25,30662.75,30680.0,1668
2026-06-02 22:30:00-04:00,30680.25,30688.75,30670.75,30680.0,1017
2026-06-02 22:45:00-04:00,30679.0,30680.5,30667.75,30679.0,875
2026-06-02 23:00:00-04:00,30678.75,30687.5,30668.5,30687.5,997
2026-06-02 23:15:00-04:00,30688.0,30705.25,30681.75,30684.75,1440
2026-06-02 23:30:00-04:00,30685.0,30701.25,30685.0,30697.25,627
2026-06-02 23:45:00-04:00,30698.5,30710.0,30690.75,30706.75,768
2026-06-03 00:00:00-04:00,30706.0,30727.25,30705.5,30723.75,2105
2026-06-03 00:15:00-04:00,30723.5,30727.25,30712.75,30722.0,635
2026-06-03 00:30:00-04:00,30722.0,30730.5,30715.25,30724.25,737
2026-06-03 00:45:00-04:00,30722.5,30723.75,30700.5,30702.5,815
2026-06-03 01:00:00-04:00,30702.5,30718.5,30675.0,30713.75,1378
2026-06-03 01:15:00-04:00,30713.0,30723.25,30704.25,30707.0,781
2026-06-03 01:30:00-04:00,30707.25,30710.5,30685.0,30695.5,993
2026-06-03 01:45:00-04:00,30694.25,30699.25,30680.5,30689.25,861
2026-06-03 02:00:00-04:00,30689.75,30716.0,30670.25,30682.75,1826
2026-06-03 02:15:00-04:00,30682.25,30696.25,30674.75,30691.75,943
2026-06-03 02:30:00-04:00,30690.25,30718.0,30679.75,30705.0,2076
2026-06-03 02:45:00-04:00,30706.25,30707.5,30688.25,30698.0,971
2026-06-03 03:00:00-04:00,30697.75,30742.0,30687.0,30728.0,2145
2026-06-03 03:15:00-04:00,30729.75,30738.25,30704.5,30707.75,1233
2026-06-03 03:30:00-04:00,30706.75,30719.5,30687.0,30702.75,1745
2026-06-03 03:45:00-04:00,30703.75,30722.5,30698.0,30722.5,1015
2026-06-03 04:00:00-04:00,30722.75,30751.5,30700.0,30735.0,2664
2026-06-03 04:15:00-04:00,30735.25,30742.0,30702.0,30738.25,2421
2026-06-03 04:30:00-04:00,30738.25,30742.0,30708.5,30717.25,1594
2026-06-03 04:45:00-04:00,30716.75,30726.0,30707.0,30717.25,1055
2026-06-03 05:00:00-04:00,30717.0,30751.0,30711.5,30741.75,1528
2026-06-03 05:15:00-04:00,30742.5,30770.0,30735.25,30766.5,2176
2026-06-03 05:30:00-04:00,30766.75,30769.25,30748.25,30763.25,1711
2026-06-03 05:45:00-04:00,30762.5,30764.25,30731.5,30733.5,1673
2026-06-03 06:00:00-04:00,30733.75,30785.0,30716.0,30759.0,4899
2026-06-03 06:15:00-04:00,30759.25,30764.5,30738.5,30764.0,2005
2026-06-03 06:30:00-04:00,30764.5,30783.5,30743.0,30744.75,1807
2026-06-03 06:45:00-04:00,30744.75,30764.25,30744.25,30753.75,1336
2026-06-03 07:00:00-04:00,30753.5,30781.5,30753.25,30774.75,2146
2026-06-03 07:15:00-04:00,30774.25,30787.0,30764.25,30776.0,1737
2026-06-03 07:30:00-04:00,30776.5,30794.25,30767.75,30773.25,1988
2026-06-03 07:45:00-04:00,30773.25,30789.5,30766.0,30780.0,1610
2026-06-03 08:00:00-04:00,30780.5,30799.0,30772.75,30791.25,2619
2026-06-03 08:15:00-04:00,30792.0,30792.0,30754.0,30755.5,3218
2026-06-03 08:30:00-04:00,30754.0,30755.5,30703.5,30726.5,4815
2026-06-03 08:45:00-04:00,30725.75,30734.75,30700.0,30717.25,4204
2026-06-03 09:00:00-04:00,30716.75,30742.5,30712.5,30730.25,4148
2026-06-03 09:15:00-04:00,30730.5,30763.25,30728.5,30753.75,7201
2026-06-03 09:30:00-04:00,30754.75,30807.75,30622.0,30623.75,53821
2026-06-03 09:45:00-04:00,30624.25,30648.75,30496.0,30558.75,47889
2026-06-03 10:00:00-04:00,30562.0,30687.75,30547.5,30687.25,29749
2026-06-03 10:15:00-04:00,30687.25,30724.75,30663.0,30723.0,27253
2026-06-03 10:30:00-04:00,30722.75,30739.5,30667.25,30701.0,19200
2026-06-03 10:45:00-04:00,30701.25,30723.0,30644.5,30667.25,17510
2026-06-03 11:00:00-04:00,30667.75,30715.5,30664.75,30693.0,12444
2026-06-03 11:15:00-04:00,30692.75,30698.25,30615.0,30668.75,16314
2026-06-03 11:30:00-04:00,30668.5,30692.25,30599.75,30602.25,16558
2026-06-03 11:45:00-04:00,30602.0,30631.75,30568.0,30604.25,16072
2026-06-03 12:00:00-04:00,30605.0,30623.25,30579.0,30611.25,11204
2026-06-03 12:15:00-04:00,30611.25,30611.5,30531.25,30553.75,15864
2026-06-03 12:30:00-04:00,30552.75,30578.5,30505.75,30530.25,15610
2026-06-03 12:45:00-04:00,30529.75,30607.5,30529.75,30606.75,14486
2026-06-03 13:00:00-04:00,30607.25,30609.0,30534.5,30543.5,13392
2026-06-03 13:15:00-04:00,30544.0,30575.25,30516.25,30572.75,10880
2026-06-03 13:30:00-04:00,30572.75,30616.5,30543.25,30613.5,10198
2026-06-03 13:45:00-04:00,30613.75,30647.25,30604.75,30642.75,9131
2026-06-03 14:00:00-04:00,30643.25,30655.75,30612.0,30625.5,9329
2026-06-03 14:15:00-04:00,30625.75,30680.0,30608.0,30677.0,10760
2026-06-03 14:30:00-04:00,30676.5,30682.25,30635.0,30651.0,9824
2026-06-03 14:45:00-04:00,30651.75,30668.0,30636.75,30652.0,7992
2026-06-03 15:00:00-04:00,30652.0,30659.75,30615.25,30636.75,11147
2026-06-03 15:15:00-04:00,30637.25,30660.25,30611.25,30635.25,10057
2026-06-03 15:30:00-04:00,30634.5,30691.25,30627.0,30683.75,12250
2026-06-03 15:45:00-04:00,30683.75,30694.75,30625.0,30635.75,25746
2026-06-03 16:00:00-04:00,30635.75,30639.75,30597.25,30606.75,12164
2026-06-03 16:15:00-04:00,30607.25,30619.0,30544.5,30564.0,10410
2026-06-03 16:30:00-04:00,30564.25,30566.5,30498.25,30501.75,6021
2026-06-03 16:45:00-04:00,30501.5,30524.25,30478.25,30495.0,5644
2026-06-03 18:00:00-04:00,30453.0,30499.0,30432.0,30457.25,4048
2026-06-03 18:15:00-04:00,30457.25,30462.5,30405.5,30438.25,3315
2026-06-03 18:30:00-04:00,30436.5,30469.0,30425.5,30440.0,2580
2026-06-03 18:45:00-04:00,30438.75,30471.5,30368.5,30457.75,4810
2026-06-03 19:00:00-04:00,30458.75,30463.0,30406.25,30425.25,2764
2026-06-03 19:15:00-04:00,30426.75,30431.5,30390.75,30405.5,1796
2026-06-03 19:30:00-04:00,30408.5,30423.0,30378.25,30387.0,2194
2026-06-03 19:45:00-04:00,30387.5,30421.5,30370.75,30395.25,2218
2026-06-03 20:00:00-04:00,30393.0,30453.0,30377.5,30433.5,4157
2026-06-03 20:15:00-04:00,30433.75,30463.0,30412.0,30455.0,2771
2026-06-03 20:30:00-04:00,30456.5,30501.75,30454.0,30496.25,2911
2026-06-03 20:45:00-04:00,30497.0,30502.75,30472.75,30498.75,1682
2026-06-03 21:00:00-04:00,30498.0,30531.0,30496.0,30515.0,2304
2026-06-03 21:15:00-04:00,30516.0,30516.5,30473.0,30491.5,2314
2026-06-03 21:30:00-04:00,30493.5,30524.75,30474.75,30482.5,2017
2026-06-03 21:45:00-04:00,30481.5,30487.5,30438.25,30453.5,2607
2026-06-03 22:00:00-04:00,30453.75,30456.75,30390.0,30393.5,2943
2026-06-03 22:15:00-04:00,30395.25,30424.5,30352.5,30414.5,4135
2026-06-03 22:30:00-04:00,30414.0,30418.5,30387.75,30409.75,2075
2026-06-03 22:45:00-04:00,30410.0,30440.75,30409.0,30412.0,1965
2026-06-03 23:00:00-04:00,30412.25,30453.25,30409.25,30438.25,1692
2026-06-03 23:15:00-04:00,30438.0,30470.0,30438.0,30470.0,1348
2026-06-03 23:30:00-04:00,30469.25,30486.75,30450.0,30454.75,1908
2026-06-03 23:45:00-04:00,30454.5,30484.75,30446.25,30480.5,1644
2026-06-04 00:00:00-04:00,30481.0,30496.5,30466.0,30496.5,1109
2026-06-04 00:15:00-04:00,30497.0,30502.25,30485.25,30487.5,1034
2026-06-04 00:30:00-04:00,30488.75,30507.5,30483.0,30504.0,1190
2026-06-04 00:45:00-04:00,30504.25,30508.25,30489.75,30497.5,726
2026-06-04 01:00:00-04:00,30497.25,30499.75,30450.0,30475.0,1809
2026-06-04 01:15:00-04:00,30475.25,30484.0,30452.0,30461.75,1152
2026-06-04 01:30:00-04:00,30463.0,30493.25,30454.0,30492.5,1321
2026-06-04 01:45:00-04:00,30492.0,30492.75,30458.25,30484.5,1081
2026-06-04 02:00:00-04:00,30484.5,30500.75,30478.0,30485.25,1155
2026-06-04 02:15:00-04:00,30484.5,30488.75,30465.5,30488.5,1125
2026-06-04 02:30:00-04:00,30488.5,30520.0,30470.5,30519.5,1637
2026-06-04 02:45:00-04:00,30518.0,30535.0,30502.75,30528.25,1593
2026-06-04 03:00:00-04:00,30530.0,30544.5,30512.5,30533.25,1976
2026-06-04 03:15:00-04:00,30532.0,30534.25,30490.5,30518.0,2097
2026-06-04 03:30:00-04:00,30518.75,30533.0,30502.5,30505.5,1606
2026-06-04 03:45:00-04:00,30505.25,30515.0,30490.25,30500.0,1194
2026-06-04 04:00:00-04:00,30499.25,30500.25,30405.0,30405.0,3622
2026-06-04 04:15:00-04:00,30405.0,30424.0,30340.0,30371.5,5831
2026-06-04 04:30:00-04:00,30373.0,30402.0,30363.0,30367.5,3186
2026-06-04 04:45:00-04:00,30367.0,30376.5,30326.5,30344.5,3146
2026-06-04 05:00:00-04:00,30344.0,30346.25,30257.0,30260.75,5645
2026-06-04 05:15:00-04:00,30260.75,30312.75,30248.5,30303.0,4243
2026-06-04 05:30:00-04:00,30303.5,30331.5,30291.25,30298.25,2742
2026-06-04 05:45:00-04:00,30298.0,30349.0,30294.25,30336.25,3057
2026-06-04 06:00:00-04:00,30337.0,30337.0,30298.25,30309.25,2131
2026-06-04 06:15:00-04:00,30308.75,30310.25,30268.75,30271.5,2807
2026-06-04 06:30:00-04:00,30272.0,30292.0,30247.5,30253.5,2456
2026-06-04 06:45:00-04:00,30253.75,30276.0,30204.25,30245.25,5440
2026-06-04 07:00:00-04:00,30245.25,30264.75,30228.25,30246.5,4016
2026-06-04 07:15:00-04:00,30245.0,30279.5,30228.25,30270.0,4701
2026-06-04 07:30:00-04:00,30272.25,30290.0,30164.25,30196.75,8652
2026-06-04 07:45:00-04:00,30196.5,30282.75,30191.25,30280.75,6153
2026-06-04 08:00:00-04:00,30279.25,30286.0,30224.25,30237.5,6158
2026-06-04 08:15:00-04:00,30237.25,30253.75,30223.0,30248.0,3896
2026-06-04 08:30:00-04:00,30249.0,30312.25,30246.0,30309.5,5852
2026-06-04 08:45:00-04:00,30308.75,30330.0,30289.75,30309.75,5372
2026-06-04 09:00:00-04:00,30310.25,30317.0,30287.75,30301.75,4386
2026-06-04 09:15:00-04:00,30300.25,30330.75,30265.25,30268.25,8989
2026-06-04 09:30:00-04:00,30268.25,30364.5,30210.0,30227.25,56333
2026-06-04 09:45:00-04:00,30226.25,30316.0,30187.75,30248.0,40011
2026-06-04 10:00:00-04:00,30247.75,30282.5,30151.0,30279.25,40298
2026-06-04 10:15:00-04:00,30279.5,30348.5,30251.75,30341.25,24649
2026-06-04 10:30:00-04:00,30341.0,30348.25,30290.25,30301.5,19612
2026-06-04 10:45:00-04:00,30300.5,30360.0,30291.75,30356.75,16719
2026-06-04 11:00:00-04:00,30357.25,30453.25,30354.5,30450.5,21180
2026-06-04 11:15:00-04:00,30451.0,30469.5,30431.5,30442.0,16584
2026-06-04 11:30:00-04:00,30442.0,30448.75,30410.75,30419.0,11605
2026-06-04 11:45:00-04:00,30419.25,30423.0,30363.0,30413.75,18732
2026-06-04 12:00:00-04:00,30413.25,30452.0,30393.0,30440.0,10747
2026-06-04 12:15:00-04:00,30440.0,30486.25,30440.0,30480.0,11326
2026-06-04 12:30:00-04:00,30480.25,30490.0,30436.0,30482.75,12249
2026-06-04 12:45:00-04:00,30482.75,30493.25,30465.75,30479.0,9044
2026-06-04 13:00:00-04:00,30479.0,30502.25,30464.25,30494.0,10598
2026-06-04 13:15:00-04:00,30493.5,30519.75,30474.0,30513.75,9521
2026-06-04 13:30:00-04:00,30514.0,30540.25,30511.0,30540.0,12333
2026-06-04 13:45:00-04:00,30539.75,30563.25,30525.75,30559.5,9324
2026-06-04 14:00:00-04:00,30559.25,30598.5,30555.25,30592.0,13012
2026-06-04 14:15:00-04:00,30592.0,30595.5,30574.0,30586.25,10013
2026-06-04 14:30:00-04:00,30586.25,30590.75,30557.75,30572.5,10715
2026-06-04 14:45:00-04:00,30572.75,30592.25,30550.0,30558.0,9751
2026-06-04 15:00:00-04:00,30558.0,30588.75,30545.75,30555.25,10811
2026-06-04 15:15:00-04:00,30555.25,30596.0,30531.0,30594.75,12573
2026-06-04 15:30:00-04:00,30594.25,30603.25,30546.5,30548.75,11383
2026-06-04 15:45:00-04:00,30548.25,30551.5,30481.25,30485.5,29876
2026-06-04 16:00:00-04:00,30485.5,30495.0,30439.75,30451.75,13160
2026-06-04 16:15:00-04:00,30451.75,30463.25,30402.0,30413.75,5006
2026-06-04 16:30:00-04:00,30413.0,30424.0,30403.0,30411.5,2443
2026-06-04 16:45:00-04:00,30412.0,30419.0,30397.5,30399.5,2792
2026-06-04 18:00:00-04:00,30414.0,30422.0,30367.0,30371.0,2443
2026-06-04 18:15:00-04:00,30369.75,30383.5,30316.0,30341.5,2898
2026-06-04 18:30:00-04:00,30342.5,30357.75,30329.5,30336.0,1534
2026-06-04 18:45:00-04:00,30336.25,30369.0,30335.5,30366.5,1025
2026-06-04 19:00:00-04:00,30365.75,30371.25,30324.25,30328.5,1508
2026-06-04 19:15:00-04:00,30328.75,30330.75,30289.0,30310.5,2617
2026-06-04 19:30:00-04:00,30311.0,30311.5,30277.0,30281.5,1613
2026-06-04 19:45:00-04:00,30281.75,30284.5,30255.0,30264.25,2197
2026-06-04 20:00:00-04:00,30262.25,30264.0,30198.75,30199.75,4520
2026-06-04 20:15:00-04:00,30199.5,30220.5,30169.0,30193.5,4247
2026-06-04 20:30:00-04:00,30194.0,30214.75,30160.75,30167.25,3752
2026-06-04 20:45:00-04:00,30166.0,30184.75,30130.75,30142.75,4635
2026-06-04 21:00:00-04:00,30143.5,30153.75,30111.0,30123.75,3736
2026-06-04 21:15:00-04:00,30124.0,30130.25,30052.25,30085.25,6100
2026-06-04 21:30:00-04:00,30085.0,30152.5,30084.5,30146.75,4748
2026-06-04 21:45:00-04:00,30147.0,30202.0,30129.5,30195.5,3941
2026-06-04 22:00:00-04:00,30196.5,30218.75,30170.75,30211.0,3131
2026-06-04 22:15:00-04:00,30212.0,30239.75,30199.75,30234.25,2879
2026-06-04 22:30:00-04:00,30233.0,30249.0,30215.25,30221.5,2456
2026-06-04 22:45:00-04:00,30220.75,30239.0,30207.75,30214.25,1989
2026-06-04 23:00:00-04:00,30214.5,30223.5,30185.75,30211.5,2467
2026-06-04 23:15:00-04:00,30211.25,30229.5,30185.75,30188.5,1580
2026-06-04 23:30:00-04:00,30187.75,30208.25,30177.25,30181.75,1772
2026-06-04 23:45:00-04:00,30182.75,30184.75,30146.0,30163.0,2440
2026-06-05 00:00:00-04:00,30163.25,30189.0,30156.0,30184.75,1319
2026-06-05 00:15:00-04:00,30185.5,30204.25,30174.75,30177.0,1483
2026-06-05 00:30:00-04:00,30178.25,30211.25,30163.5,30202.25,1565
2026-06-05 00:45:00-04:00,30201.25,30243.0,30195.75,30229.75,1792
2026-06-05 01:00:00-04:00,30230.25,30233.25,30195.0,30198.25,1618
2026-06-05 01:15:00-04:00,30198.5,30228.25,30190.0,30202.5,1805
2026-06-05 01:30:00-04:00,30199.25,30224.75,30193.75,30195.75,1624
2026-06-05 01:45:00-04:00,30194.75,30197.0,30163.0,30170.25,1700
2026-06-05 02:00:00-04:00,30170.25,30213.75,30167.5,30171.25,2968
2026-06-05 02:15:00-04:00,30170.25,30175.0,30131.5,30142.25,2774
2026-06-05 02:30:00-04:00,30143.5,30157.5,30113.5,30119.0,2632
2026-06-05 02:45:00-04:00,30119.0,30145.0,30113.0,30123.5,1590
2026-06-05 03:00:00-04:00,30124.25,30127.0,30075.0,30081.0,3352
2026-06-05 03:15:00-04:00,30081.0,30111.75,30062.0,30106.5,3275
2026-06-05 03:30:00-04:00,30106.75,30158.25,30102.25,30127.25,3229
2026-06-05 03:45:00-04:00,30125.75,30156.75,30124.25,30150.25,1912
2026-06-05 04:00:00-04:00,30151.25,30163.5,30120.25,30141.5,2920
2026-06-05 04:15:00-04:00,30142.25,30218.0,30127.25,30216.25,3398
2026-06-05 04:30:00-04:00,30216.25,30222.5,30166.75,30168.5,3177
2026-06-05 04:45:00-04:00,30168.5,30182.75,30148.0,30158.75,2129
2026-06-05 05:00:00-04:00,30159.5,30259.0,30152.25,30219.75,4183
2026-06-05 05:15:00-04:00,30221.75,30236.5,30176.25,30182.25,2658
2026-06-05 05:30:00-04:00,30183.0,30196.25,30172.5,30181.25,1905
2026-06-05 05:45:00-04:00,30181.75,30212.75,30181.0,30198.25,1213
2026-06-05 06:00:00-04:00,30199.0,30210.0,30192.5,30207.25,1025
2026-06-05 06:15:00-04:00,30207.0,30235.75,30200.75,30231.5,1282
2026-06-05 06:30:00-04:00,30231.25,30236.0,30212.75,30227.0,1387
2026-06-05 06:45:00-04:00,30226.5,30227.0,30192.0,30195.5,1153
2026-06-05 07:00:00-04:00,30194.25,30197.0,30172.0,30184.25,1901
2026-06-05 07:15:00-04:00,30183.25,30186.0,30135.5,30184.25,2983
2026-06-05 07:30:00-04:00,30184.0,30194.25,30167.5,30177.25,1824
2026-06-05 07:45:00-04:00,30178.0,30180.5,30144.75,30147.75,1720
2026-06-05 08:00:00-04:00,30147.5,30149.0,30107.5,30112.75,3336
2026-06-05 08:15:00-04:00,30111.5,30157.5,30103.0,30115.25,3958
2026-06-05 08:30:00-04:00,30116.0,30151.75,30042.5,30121.0,12039
2026-06-05 08:45:00-04:00,30122.0,30135.5,30053.5,30054.5,7124
2026-06-05 09:00:00-04:00,30054.25,30071.5,30031.75,30039.5,6969
2026-06-05 09:15:00-04:00,30038.75,30051.5,30013.0,30036.25,9697
2026-06-05 09:30:00-04:00,30035.75,30100.5,29928.75,29932.75,56300
2026-06-05 09:45:00-04:00,29931.25,29954.0,29771.0,29773.75,49014
2026-06-05 10:00:00-04:00,29774.25,29871.0,29758.0,29871.0,45677
2026-06-05 10:15:00-04:00,29869.75,29942.5,29801.5,29824.5,30096
2026-06-05 10:30:00-04:00,29824.75,29929.25,29814.25,29843.0,26222
2026-06-05 10:45:00-04:00,29842.25,29873.25,29805.25,29853.0,22389
2026-06-05 11:00:00-04:00,29853.25,29870.0,29726.5,29727.75,24961
2026-06-05 11:15:00-04:00,29727.75,29765.25,29695.5,29717.25,24119
2026-06-05 11:30:00-04:00,29717.25,29739.75,29614.5,29645.5,24965
2026-06-05 11:45:00-04:00,29645.0,29682.5,29628.5,29658.5,19321
2026-06-05 12:00:00-04:00,29658.75,29660.25,29564.25,29593.75,24399
2026-06-05 12:15:00-04:00,29593.5,29593.5,29536.0,29543.75,23093
2026-06-05 12:30:00-04:00,29543.75,29549.0,29418.0,29433.5,31424
2026-06-05 12:45:00-04:00,29433.25,29507.75,29379.0,29490.5,33462
2026-06-05 13:00:00-04:00,29490.5,29493.0,29377.0,29410.0,24557
2026-06-05 13:15:00-04:00,29410.0,29449.0,29361.75,29440.75,22140
2026-06-05 13:30:00-04:00,29439.75,29505.0,29405.5,29418.5,24167
2026-06-05 13:45:00-04:00,29418.0,29473.75,29407.5,29471.0,14019
2026-06-05 14:00:00-04:00,29471.5,29477.0,29311.0,29317.25,23153
2026-06-05 14:15:00-04:00,29318.0,29319.75,29221.0,29243.5,28606
2026-06-05 14:30:00-04:00,29244.0,29256.75,29150.5,29181.25,25348
2026-06-05 14:45:00-04:00,29181.75,29216.0,29096.0,29191.5,35266
2026-06-05 15:00:00-04:00,29191.75,29211.0,29049.5,29071.25,28380
2026-06-05 15:15:00-04:00,29070.75,29156.25,28974.25,29155.0,29713
2026-06-05 15:30:00-04:00,29155.0,29158.0,29050.5,29095.75,27398
2026-06-05 15:45:00-04:00,29095.25,29194.75,29005.5,29015.75,50677
2026-06-05 16:00:00-04:00,29016.25,29042.25,28817.75,28832.25,26741
2026-06-05 16:15:00-04:00,28834.5,28875.5,28800.0,28866.5,9549
2026-06-05 16:30:00-04:00,28865.75,28866.25,28788.75,28818.0,6592
2026-06-05 16:45:00-04:00,28818.25,28859.5,28781.25,28829.25,7279
2026-06-07 18:00:00-04:00,28844.5,28998.0,28822.25,28995.25,11137
2026-06-07 18:15:00-04:00,28993.5,29023.0,28954.25,28967.25,6880
2026-06-07 18:30:00-04:00,28969.25,29017.75,28944.0,28974.0,4561
2026-06-07 18:45:00-04:00,28972.5,29000.0,28872.25,28893.0,5811
2026-06-07 19:00:00-04:00,28894.75,29002.75,28894.5,28994.25,3230
2026-06-07 19:15:00-04:00,28992.5,28994.75,28938.5,28979.0,2925
2026-06-07 19:30:00-04:00,28977.25,29026.5,28964.75,29024.75,2885
2026-06-07 19:45:00-04:00,29023.5,29103.5,29013.75,29087.75,5224
2026-06-07 20:00:00-04:00,29083.5,29148.25,29059.5,29146.5,6227
2026-06-07 20:15:00-04:00,29146.75,29225.75,29135.0,29223.0,5335
2026-06-07 20:30:00-04:00,29223.5,29287.5,29213.5,29253.5,7080
2026-06-07 20:45:00-04:00,29253.5,29254.0,29163.5,29216.75,7291
2026-06-07 21:00:00-04:00,29218.5,29236.75,29150.25,29151.5,5996
2026-06-07 21:15:00-04:00,29153.5,29163.0,29071.0,29074.75,7153
2026-06-07 21:30:00-04:00,29076.75,29168.0,29025.25,29158.75,6680
2026-06-07 21:45:00-04:00,29158.25,29179.25,29118.25,29158.75,3366
2026-06-07 22:00:00-04:00,29161.5,29181.75,29111.0,29152.0,3385
2026-06-07 22:15:00-04:00,29151.0,29179.0,29105.0,29173.75,3221
2026-06-07 22:30:00-04:00,29173.5,29229.0,29126.25,29229.0,4025
2026-06-07 22:45:00-04:00,29228.75,29243.5,29201.25,29211.25,3221
2026-06-07 23:00:00-04:00,29211.75,29232.0,29195.75,29208.25,1994
2026-06-07 23:15:00-04:00,29207.5,29223.0,29176.5,29218.0,2173
2026-06-07 23:30:00-04:00,29216.5,29232.25,29205.75,29212.5,1299
2026-06-07 23:45:00-04:00,29212.0,29226.0,29200.0,29211.75,1262
2026-06-08 00:00:00-04:00,29212.5,29223.25,29156.5,29176.5,3615
2026-06-08 00:15:00-04:00,29180.0,29199.75,29146.0,29171.5,2008
2026-06-08 00:30:00-04:00,29171.75,29178.75,29097.25,29101.0,2649
2026-06-08 00:45:00-04:00,29101.25,29140.75,29088.5,29092.0,2072
2026-06-08 01:00:00-04:00,29089.75,29144.0,29060.0,29063.0,2989
2026-06-08 01:15:00-04:00,29065.0,29100.75,29060.75,29092.0,2528
2026-06-08 01:30:00-04:00,29092.25,29098.0,28980.75,28990.5,4470
2026-06-08 01:45:00-04:00,28989.5,29023.5,28972.75,29017.5,3367
2026-06-08 02:00:00-04:00,29016.75,29073.25,29000.0,29030.75,3715
2026-06-08 02:15:00-04:00,29028.75,29138.0,29011.75,29130.75,3940
2026-06-08 02:30:00-04:00,29129.75,29151.0,29066.75,29097.0,4201
2026-06-08 02:45:00-04:00,29097.25,29103.75,29050.0,29101.75,2409
2026-06-08 03:00:00-04:00,29101.0,29157.0,29082.75,29142.75,3840
2026-06-08 03:15:00-04:00,29143.25,29241.0,29115.75,29228.5,5360
2026-06-08 03:30:00-04:00,29229.0,29241.5,29184.75,29225.75,3560
2026-06-08 03:45:00-04:00,29223.5,29281.0,29215.25,29257.0,4094
2026-06-08 04:00:00-04:00,29255.25,29256.5,29201.25,29210.75,4834
2026-06-08 04:15:00-04:00,29212.25,29248.5,29203.75,29223.25,3001
2026-06-08 04:30:00-04:00,29225.0,29267.75,29188.25,29206.0,3433
2026-06-08 04:45:00-04:00,29206.5,29208.0,29157.0,29176.25,3911
2026-06-08 05:00:00-04:00,29179.0,29198.5,29145.0,29188.5,2198
2026-06-08 05:15:00-04:00,29187.5,29223.0,29182.25,29193.25,2008
2026-06-08 05:30:00-04:00,29193.25,29254.5,29162.75,29219.0,4120
2026-06-08 05:45:00-04:00,29218.0,29240.5,29212.25,29240.5,2305
2026-06-08 06:00:00-04:00,29239.0,29241.0,29185.75,29221.75,2691
2026-06-08 06:15:00-04:00,29223.0,29227.25,29175.0,29194.0,2031
2026-06-08 06:30:00-04:00,29192.25,29273.5,29188.75,29246.5,3551
2026-06-08 06:45:00-04:00,29246.25,29256.0,29223.0,29240.75,2434
2026-06-08 07:00:00-04:00,29241.5,29365.5,29212.0,29361.25,5701
2026-06-08 07:15:00-04:00,29361.25,29410.0,29340.25,29407.75,8268
2026-06-08 07:30:00-04:00,29409.25,29437.75,29408.5,29410.75,5501
2026-06-08 07:45:00-04:00,29410.0,29419.5,29370.25,29375.0,3696
2026-06-08 08:00:00-04:00,29374.75,29416.5,29364.75,29414.0,6062
2026-06-08 08:15:00-04:00,29412.75,29457.75,29402.0,29457.75,4528
2026-06-08 08:30:00-04:00,29456.25,29510.5,29456.0,29493.5,7425
2026-06-08 08:45:00-04:00,29494.25,29495.75,29462.25,29486.0,4932
2026-06-08 09:00:00-04:00,29484.5,29581.5,29484.0,29574.75,10217
2026-06-08 09:15:00-04:00,29574.75,29604.25,29523.5,29525.75,13573
2026-06-08 09:30:00-04:00,29526.0,29584.0,29397.5,29515.5,53908
2026-06-08 09:45:00-04:00,29516.0,29554.0,29341.0,29349.75,37060
2026-06-08 10:00:00-04:00,29350.25,29471.75,29331.5,29441.5,33852
2026-06-08 10:15:00-04:00,29441.0,29531.0,29374.75,29517.25,24798
2026-06-08 10:30:00-04:00,29517.0,29603.75,29504.5,29549.75,26109
2026-06-08 10:45:00-04:00,29549.25,29681.0,29549.0,29676.5,24228
2026-06-08 11:00:00-04:00,29676.5,29734.0,29665.25,29715.25,19854
2026-06-08 11:15:00-04:00,29716.25,29743.0,29623.25,29630.0,22641
2026-06-08 11:30:00-04:00,29630.25,29685.25,29559.0,29685.25,23619
2026-06-08 11:45:00-04:00,29685.25,29710.75,29594.25,29610.0,18281
2026-06-08 12:00:00-04:00,29610.25,29651.25,29580.25,29635.25,15868
2026-06-08 12:15:00-04:00,29636.75,29692.25,29581.5,29584.75,15534
2026-06-08 12:30:00-04:00,29587.5,29616.75,29554.0,29586.5,14735
2026-06-08 12:45:00-04:00,29586.5,29630.5,29577.25,29580.5,10740
2026-06-08 13:00:00-04:00,29580.75,29584.25,29485.25,29531.75,18960
2026-06-08 13:15:00-04:00,29531.0,29605.5,29492.0,29602.0,14651
2026-06-08 13:30:00-04:00,29602.0,29624.25,29509.0,29512.25,17363
2026-06-08 13:45:00-04:00,29511.75,29600.0,29511.25,29558.25,13129
2026-06-08 14:00:00-04:00,29559.25,29611.75,29556.0,29564.0,12423
2026-06-08 14:15:00-04:00,29565.5,29598.25,29558.0,29590.5,8625
2026-06-08 14:30:00-04:00,29591.25,29617.75,29527.5,29530.75,13340
2026-06-08 14:45:00-04:00,29531.5,29571.0,29529.5,29542.0,8892
2026-06-08 15:00:00-04:00,29543.0,29548.0,29427.0,29429.0,16256
2026-06-08 15:15:00-04:00,29428.75,29451.25,29377.0,29436.75,19032
2026-06-08 15:30:00-04:00,29437.0,29495.0,29420.75,29437.0,16764
2026-06-08 15:45:00-04:00,29436.5,29475.0,29419.0,29453.0,30337
2026-06-08 16:00:00-04:00,29453.0,29470.0,29427.0,29444.5,9743
2026-06-08 16:15:00-04:00,29445.5,29450.5,29401.0,29432.0,4671
2026-06-08 16:30:00-04:00,29431.0,29437.75,29418.25,29429.25,2207
2026-06-08 16:45:00-04:00,29429.25,29448.75,29417.0,29435.25,1770
2026-06-08 18:00:00-04:00,29435.0,29468.75,29349.0,29358.25,4164
2026-06-08 18:15:00-04:00,29360.25,29370.25,29321.25,29328.25,3037
2026-06-08 18:30:00-04:00,29332.25,29376.75,29332.25,29370.0,1691
2026-06-08 18:45:00-04:00,29369.0,29429.0,29360.0,29425.5,1993
2026-06-08 19:00:00-04:00,29426.5,29463.25,29403.5,29454.5,1813
2026-06-08 19:15:00-04:00,29455.25,29459.25,29422.25,29433.0,1708
2026-06-08 19:30:00-04:00,29431.0,29482.0,29416.0,29444.0,2607
2026-06-08 19:45:00-04:00,29444.75,29445.0,29385.0,29425.0,2411
2026-06-08 20:00:00-04:00,29425.75,29441.0,29340.0,29361.25,4200
2026-06-08 20:15:00-04:00,29362.25,29386.0,29329.75,29368.75,2659
2026-06-08 20:30:00-04:00,29368.0,29378.0,29307.75,29347.0,2989
2026-06-08 20:45:00-04:00,29347.25,29357.75,29303.5,29337.75,2746
2026-06-08 21:00:00-04:00,29341.75,29385.0,29329.0,29371.25,3014
2026-06-08 21:15:00-04:00,29372.5,29476.5,29363.75,29456.25,4056
2026-06-08 21:30:00-04:00,29457.0,29521.5,29448.0,29502.0,2934
2026-06-08 21:45:00-04:00,29501.5,29547.75,29482.0,29492.0,3094
2026-06-08 22:00:00-04:00,29492.5,29516.25,29482.75,29498.0,1805
2026-06-08 22:15:00-04:00,29498.25,29502.0,29460.5,29490.5,1926
2026-06-08 22:30:00-04:00,29491.75,29512.0,29473.5,29508.75,1557
2026-06-08 22:45:00-04:00,29509.75,29523.75,29489.25,29514.0,1474
2026-06-08 23:00:00-04:00,29514.0,29542.25,29501.0,29534.5,1679
2026-06-08 23:15:00-04:00,29532.75,29555.0,29516.5,29539.0,1472
2026-06-08 23:30:00-04:00,29540.0,29592.5,29534.75,29584.25,1895
2026-06-08 23:45:00-04:00,29584.5,29593.0,29565.0,29580.0,1421
2026-06-09 00:00:00-04:00,29580.0,29612.25,29569.0,29602.0,2015
2026-06-09 00:15:00-04:00,29602.75,29623.5,29597.0,29611.5,1429
2026-06-09 00:30:00-04:00,29612.0,29631.25,29598.5,29617.75,1387
2026-06-09 00:45:00-04:00,29617.5,29624.5,29600.75,29603.25,1082
2026-06-09 01:00:00-04:00,29604.5,29626.0,29592.5,29607.25,1769
2026-06-09 01:15:00-04:00,29606.0,29619.25,29588.75,29592.75,1042
2026-06-09 01:30:00-04:00,29593.0,29647.0,29591.75,29628.5,2218
2026-06-09 01:45:00-04:00,29627.5,29651.5,29618.0,29633.25,1790
2026-06-09 02:00:00-04:00,29634.75,29660.0,29625.75,29656.75,2054
2026-06-09 02:15:00-04:00,29655.75,29674.75,29633.5,29635.75,2077
2026-06-09 02:30:00-04:00,29635.75,29652.0,29623.75,29636.5,1706
2026-06-09 02:45:00-04:00,29637.25,29643.5,29601.5,29622.25,1610
2026-06-09 03:00:00-04:00,29623.0,29689.25,29616.0,29647.5,3112
2026-06-09 03:15:00-04:00,29648.5,29661.5,29601.5,29612.75,2110
2026-06-09 03:30:00-04:00,29612.75,29626.75,29588.0,29625.25,1780
2026-06-09 03:45:00-04:00,29625.75,29638.5,29583.5,29593.0,1595
2026-06-09 04:00:00-04:00,29593.5,29668.5,29566.0,29665.75,3487
2026-06-09 04:15:00-04:00,29665.5,29674.25,29637.5,29663.25,1956
2026-06-09 04:30:00-04:00,29662.75,29685.5,29645.0,29678.75,1910
2026-06-09 04:45:00-04:00,29677.75,29686.25,29637.25,29641.5,1368
2026-06-09 05:00:00-04:00,29641.75,29671.75,29636.0,29666.75,1176
2026-06-09 05:15:00-04:00,29668.0,29691.25,29660.25,29685.75,1491
2026-06-09 05:30:00-04:00,29686.5,29687.0,29656.25,29679.0,1142
2026-06-09 05:45:00-04:00,29678.25,29696.25,29678.0,29678.75,1300
2026-06-09 06:00:00-04:00,29680.5,29697.5,29617.75,29677.5,4540
2026-06-09 06:15:00-04:00,29677.5,29679.0,29651.75,29672.5,1204
2026-06-09 06:30:00-04:00,29672.0,29676.5,29647.25,29657.25,886
2026-06-09 06:45:00-04:00,29657.5,29698.75,29652.5,29685.25,2291
2026-06-09 07:00:00-04:00,29686.0,29705.0,29681.0,29698.75,2033
2026-06-09 07:15:00-04:00,29699.0,29702.25,29670.75,29688.5,2090
2026-06-09 07:30:00-04:00,29690.0,29727.5,29684.5,29717.75,2562
2026-06-09 07:45:00-04:00,29717.5,29724.0,29679.25,29681.5,2166
2026-06-09 08:00:00-04:00,29681.0,29701.25,29671.0,29673.5,2299
2026-06-09 08:15:00-04:00,29673.25,29682.0,29652.25,29669.0,2453
2026-06-09 08:30:00-04:00,29670.0,29730.25,29667.5,29696.25,4546
2026-06-09 08:45:00-04:00,29695.5,29739.5,29669.75,29735.25,4145
2026-06-09 09:00:00-04:00,29735.75,29747.25,29707.25,29713.25,6167
2026-06-09 09:15:00-04:00,29713.75,29741.0,29692.25,29736.75,8748
2026-06-09 09:30:00-04:00,29737.0,29769.5,29633.25,29767.0,44582
2026-06-09 09:45:00-04:00,29766.5,29848.25,29663.25,29672.75,40137
2026-06-09 10:00:00-04:00,29672.75,29712.0,29484.5,29491.5,43988
2026-06-09 10:15:00-04:00,29491.75,29526.25,29365.0,29444.0,51141
2026-06-09 10:30:00-04:00,29444.0,29487.5,29271.25,29286.25,41840
2026-06-09 10:45:00-04:00,29287.25,29314.5,29083.75,29239.75,50488
2026-06-09 11:00:00-04:00,29242.0,29302.0,29143.5,29243.5,28007
2026-06-09 11:15:00-04:00,29243.75,29254.5,28848.5,28859.25,35669
2026-06-09 11:30:00-04:00,28861.25,28944.25,28809.75,28902.75,40643
2026-06-09 11:45:00-04:00,28903.75,28972.0,28681.5,28695.25,36387
2026-06-09 12:00:00-04:00,28696.0,28787.5,28575.0,28621.75,40697
2026-06-09 12:15:00-04:00,28621.75,28627.75,28404.25,28523.5,48627
2026-06-09 12:30:00-04:00,28522.5,28572.0,28227.75,28375.5,47687
2026-06-09 12:45:00-04:00,28375.25,28487.75,28279.0,28480.0,34330
2026-06-09 13:00:00-04:00,28480.25,28674.5,28462.5,28650.0,32602
2026-06-09 13:15:00-04:00,28650.0,28787.25,28606.25,28743.25,32204
2026-06-09 13:30:00-04:00,28743.5,28924.5,28708.0,28866.0,26982
2026-06-09 13:45:00-04:00,28867.25,28884.5,28714.25,28832.5,29143
2026-06-09 14:00:00-04:00,28831.5,28887.5,28784.75,28861.5,19973
2026-06-09 14:15:00-04:00,28860.5,28980.0,28823.0,28972.75,19898
2026-06-09 14:30:00-04:00,28973.25,29047.0,28912.25,28921.75,17567
2026-06-09 14:45:00-04:00,28922.5,29091.25,28916.0,29065.75,17352
2026-06-09 15:00:00-04:00,29066.0,29146.5,28956.0,28965.25,20801
2026-06-09 15:15:00-04:00,28965.75,28972.5,28839.0,28953.75,24065
2026-06-09 15:30:00-04:00,28952.75,28988.0,28853.25,28922.25,18369
2026-06-09 15:45:00-04:00,28922.75,29135.25,28850.5,29115.25,42759
2026-06-09 16:00:00-04:00,29115.75,29196.25,29085.75,29103.25,16698
2026-06-09 16:15:00-04:00,29104.25,29131.5,29082.25,29122.75,2925
2026-06-09 16:30:00-04:00,29118.25,29159.75,29101.25,29145.75,2396
2026-06-09 16:45:00-04:00,29146.0,29159.0,29120.75,29140.5,2041
2026-06-09 18:00:00-04:00,29094.75,29098.75,29028.5,29086.75,3383
2026-06-09 18:15:00-04:00,29088.0,29118.0,29053.0,29071.0,1622
2026-06-09 18:30:00-04:00,29070.5,29072.0,28994.0,29023.75,2921
2026-06-09 18:45:00-04:00,29023.0,29043.0,28982.0,29029.0,1883
2026-06-09 19:00:00-04:00,29029.25,29102.75,29019.5,29031.25,2477
2026-06-09 19:15:00-04:00,29028.0,29042.75,28997.75,29005.0,1202
2026-06-09 19:30:00-04:00,29005.5,29020.75,28980.25,29015.0,1646
2026-06-09 19:45:00-04:00,29018.0,29071.5,29010.75,29064.5,2163
2026-06-09 20:00:00-04:00,29065.75,29169.0,29065.75,29120.75,5328
2026-06-09 20:15:00-04:00,29119.0,29131.75,29070.5,29118.0,2340
2026-06-09 20:30:00-04:00,29118.5,29123.25,28960.0,28999.25,4154
2026-06-09 20:45:00-04:00,28996.0,29096.0,28991.25,29075.25,3925
2026-06-09 21:00:00-04:00,29077.25,29109.5,29042.25,29076.25,2734
2026-06-09 21:15:00-04:00,29078.5,29115.0,29049.75,29073.25,2031
2026-06-09 21:30:00-04:00,29073.5,29098.75,29023.0,29026.25,2349
2026-06-09 21:45:00-04:00,29027.5,29068.25,29011.25,29033.5,1829
2026-06-09 22:00:00-04:00,29035.0,29042.0,28979.25,28998.0,1973
2026-06-09 22:15:00-04:00,29000.25,29026.25,28974.75,29016.25,2000
2026-06-09 22:30:00-04:00,29015.25,29034.75,28982.25,29006.0,1330
2026-06-09 22:45:00-04:00,29005.75,29035.25,28960.25,28970.5,1845
2026-06-09 23:00:00-04:00,28972.5,29029.5,28967.25,29010.75,1410
2026-06-09 23:15:00-04:00,29013.25,29046.25,28995.5,29008.5,1180
2026-06-09 23:30:00-04:00,29009.25,29024.5,28975.0,28977.0,1033
2026-06-09 23:45:00-04:00,28978.0,29008.0,28973.75,28992.75,973
2026-06-10 00:00:00-04:00,28992.75,29001.25,28940.25,28946.5,1596
2026-06-10 00:15:00-04:00,28944.5,28977.75,28930.75,28942.0,2105
2026-06-10 00:30:00-04:00,28940.25,28940.25,28875.75,28878.25,2494
2026-06-10 00:45:00-04:00,28877.5,28946.0,28867.25,28898.5,2136
2026-06-10 01:00:00-04:00,28898.75,28951.0,28885.25,28907.5,1649
2026-06-10 01:15:00-04:00,28905.0,28939.5,28853.75,28937.5,2724
2026-06-10 01:30:00-04:00,28938.0,28945.0,28881.5,28918.25,1901
2026-06-10 01:45:00-04:00,28917.25,28968.0,28893.25,28943.25,1919
2026-06-10 02:00:00-04:00,28945.0,28998.0,28935.75,28977.25,2199
2026-06-10 02:15:00-04:00,28975.0,29001.25,28952.25,28983.25,1905
2026-06-10 02:30:00-04:00,28981.75,29014.0,28962.25,28989.5,2486
2026-06-10 02:45:00-04:00,28985.0,28989.25,28959.25,28968.5,1209
2026-06-10 03:00:00-04:00,28969.0,29001.0,28942.5,28981.25,1999
2026-06-10 03:15:00-04:00,28980.75,28994.25,28929.25,28942.5,1540
2026-06-10 03:30:00-04:00,28943.0,28984.5,28930.25,28947.25,1335
2026-06-10 03:45:00-04:00,28946.25,28973.0,28926.25,28964.25,1852
2026-06-10 04:00:00-04:00,28964.25,28965.0,28873.25,28876.25,3240
2026-06-10 04:15:00-04:00,28876.25,28894.75,28842.25,28861.0,3209
2026-06-10 04:30:00-04:00,28861.0,28888.0,28768.25,28776.25,3212
2026-06-10 04:45:00-04:00,28774.5,28819.75,28742.25,28762.0,4389
2026-06-10 05:00:00-04:00,28763.5,28797.0,28709.5,28710.75,3760
2026-06-10 05:15:00-04:00,28709.75,28783.5,28684.0,28778.25,4235
2026-06-10 05:30:00-04:00,28776.75,28830.0,28742.0,28762.75,3210
2026-06-10 05:45:00-04:00,28763.5,28788.25,28735.0,28777.75,2033
2026-06-10 06:00:00-04:00,28779.5,28786.0,28740.0,28762.75,2072
2026-06-10 06:15:00-04:00,28763.0,28772.25,28699.25,28766.75,3321
2026-06-10 06:30:00-04:00,28765.75,28827.0,28760.25,28823.5,2296
2026-06-10 06:45:00-04:00,28824.5,28844.0,28776.5,28827.5,2835
2026-06-10 07:00:00-04:00,28831.5,28845.25,28638.0,28733.5,9095
2026-06-10 07:15:00-04:00,28736.0,28766.0,28625.0,28671.5,6486
2026-06-10 07:30:00-04:00,28672.0,28684.75,28610.0,28633.75,4650
2026-06-10 07:45:00-04:00,28632.0,28703.0,28611.5,28679.5,3827
2026-06-10 08:00:00-04:00,28680.75,28732.0,28666.5,28694.75,3950
2026-06-10 08:15:00-04:00,28692.0,28755.0,28657.75,28753.75,5030
2026-06-10 08:30:00-04:00,28759.25,28992.25,28738.75,28918.75,20687
2026-06-10 08:45:00-04:00,28919.5,28948.0,28824.5,28832.0,9764
2026-06-10 09:00:00-04:00,28833.25,28889.25,28821.75,28857.0,7737
2026-06-10 09:15:00-04:00,28855.5,28891.75,28838.75,28852.25,6509
2026-06-10 09:30:00-04:00,28853.0,29092.75,28772.5,29079.5,43624
2026-06-10 09:45:00-04:00,29077.5,29163.25,28984.0,29022.0,34060
2026-06-10 10:00:00-04:00,29022.0,29166.0,28965.0,29091.5,28019
2026-06-10 10:15:00-04:00,29092.5,29231.0,29046.25,29170.75,27176
2026-06-10 10:30:00-04:00,29172.0,29250.0,29081.5,29082.25,24673
2026-06-10 10:45:00-04:00,29083.75,29125.0,28856.0,28900.25,29719
2026-06-10 11:00:00-04:00,28901.25,28985.75,28745.0,28748.75,26891
2026-06-10 11:15:00-04:00,28749.75,28877.75,28663.5,28790.5,27911
2026-06-10 11:30:00-04:00,28790.75,28875.0,28721.0,28854.0,19862
2026-06-10 11:45:00-04:00,28854.75,28874.5,28627.0,28855.25,29829
2026-06-10 12:00:00-04:00,28855.25,28896.5,28711.75,28728.75,13552
2026-06-10 12:15:00-04:00,28726.75,28773.0,28703.0,28742.25,9262
2026-06-10 12:30:00-04:00,28742.25,28851.75,28704.0,28752.0,12541
2026-06-10 12:45:00-04:00,28752.25,28761.25,28664.75,28717.5,13652
2026-06-10 13:00:00-04:00,28717.75,28781.5,28628.5,28648.25,13110
2026-06-10 13:15:00-04:00,28647.0,28699.0,28628.0,28688.5,11297
2026-06-10 13:30:00-04:00,28687.0,28693.5,28618.0,28622.5,12548
2026-06-10 13:45:00-04:00,28623.25,28793.75,28616.0,28780.0,17810
2026-06-10 14:00:00-04:00,28779.5,28832.5,28752.5,28781.5,13182
2026-06-10 14:15:00-04:00,28781.5,28810.25,28697.75,28713.0,11449
2026-06-10 14:30:00-04:00,28713.75,28717.75,28633.0,28661.25,12629
2026-06-10 14:45:00-04:00,28662.0,28664.0,28574.0,28607.5,12792
2026-06-10 15:00:00-04:00,28608.25,28669.0,28574.25,28593.5,13481
2026-06-10 15:15:00-04:00,28594.25,28597.5,28493.0,28546.75,15677
2026-06-10 15:30:00-04:00,28546.25,28664.0,28524.75,28621.25,15988
2026-06-10 15:45:00-04:00,28620.25,28663.5,28523.5,28526.0,31594
2026-06-10 16:00:00-04:00,28525.75,28536.75,28433.0,28499.5,14216
2026-06-10 16:15:00-04:00,28498.25,28524.5,28473.0,28485.5,3022
2026-06-10 16:30:00-04:00,28484.75,28499.25,28434.25,28450.75,2107
2026-06-10 16:45:00-04:00,28451.75,28486.5,28409.0,28472.0,3136
2026-06-10 18:00:00-04:00,28455.0,28470.0,28358.0,28400.75,3563
2026-06-10 18:15:00-04:00,28400.75,28420.0,28380.0,28412.0,1800
2026-06-10 18:30:00-04:00,28414.5,28469.75,28390.0,28431.75,2770
2026-06-10 18:45:00-04:00,28431.0,28455.75,28328.25,28342.5,2742
2026-06-10 19:00:00-04:00,28344.5,28376.75,28278.25,28290.0,3035
2026-06-10 19:15:00-04:00,28288.5,28405.75,28265.75,28398.25,5695
2026-06-10 19:30:00-04:00,28399.0,28446.75,28350.0,28425.0,2919
2026-06-10 19:45:00-04:00,28423.0,28425.25,28352.25,28364.0,2170
2026-06-10 20:00:00-04:00,28363.5,28416.0,28332.0,28391.25,3185
2026-06-10 20:15:00-04:00,28391.5,28571.75,28391.5,28480.5,6015
2026-06-10 20:30:00-04:00,28483.5,28517.5,28428.0,28443.75,3378
2026-06-10 20:45:00-04:00,28445.0,28565.25,28443.25,28549.5,2996
2026-06-10 21:00:00-04:00,28551.5,28717.25,28549.25,28713.75,7843
2026-06-10 21:15:00-04:00,28712.0,28765.0,28688.0,28751.25,4267
2026-06-10 21:30:00-04:00,28751.5,28757.25,28696.5,28705.75,3007
2026-06-10 21:45:00-04:00,28706.75,28716.0,28633.5,28641.25,2739
2026-06-10 22:00:00-04:00,28643.0,28696.5,28621.75,28624.25,2382
2026-06-10 22:15:00-04:00,28624.75,28646.0,28550.25,28559.0,2565
2026-06-10 22:30:00-04:00,28557.75,28603.25,28531.25,28572.0,2433
2026-06-10 22:45:00-04:00,28573.0,28648.0,28563.25,28636.75,2055
2026-06-10 23:00:00-04:00,28636.0,28677.5,28588.5,28605.0,1944
2026-06-10 23:15:00-04:00,28603.5,28626.75,28581.25,28621.5,1177
2026-06-10 23:30:00-04:00,28621.25,28688.5,28618.25,28685.25,1926
2026-06-10 23:45:00-04:00,28688.0,28745.75,28671.0,28738.75,1792
2026-06-11 00:00:00-04:00,28741.25,28744.5,28714.75,28723.25,1041
2026-06-11 00:15:00-04:00,28722.75,28758.0,28704.75,28742.0,1651
2026-06-11 00:30:00-04:00,28743.75,28803.0,28732.0,28790.5,2140
2026-06-11 00:45:00-04:00,28793.0,28802.0,28760.0,28776.5,1414
2026-06-11 01:00:00-04:00,28776.5,28782.0,28717.25,28728.75,1985
2026-06-11 01:15:00-04:00,28729.0,28750.0,28713.75,28734.0,1179
2026-06-11 01:30:00-04:00,28733.5,28751.0,28712.0,28743.75,1609
2026-06-11 01:45:00-04:00,28742.5,28756.0,28726.5,28746.5,1405
2026-06-11 02:00:00-04:00,28746.0,28762.75,28685.5,28746.0,3969
2026-06-11 02:15:00-04:00,28748.5,28774.0,28743.0,28749.5,1867
2026-06-11 02:30:00-04:00,28751.0,28778.25,28728.0,28762.75,1720
2026-06-11 02:45:00-04:00,28763.75,28797.5,28755.25,28792.0,1345
2026-06-11 03:00:00-04:00,28791.75,28819.5,28764.0,28789.25,2517
2026-06-11 03:15:00-04:00,28786.5,28868.5,28781.0,28849.75,3503
2026-06-11 03:30:00-04:00,28848.25,28867.0,28836.25,28860.75,1568
2026-06-11 03:45:00-04:00,28860.25,28865.5,28832.0,28844.25,1051
2026-06-11 04:00:00-04:00,28845.0,28927.25,28839.25,28916.25,3796
2026-06-11 04:15:00-04:00,28914.75,28933.5,28888.75,28907.25,2128
2026-06-11 04:30:00-04:00,28905.5,28936.0,28895.25,28912.5,1938
2026-06-11 04:45:00-04:00,28915.75,28920.0,28889.25,28910.75,1206
2026-06-11 05:00:00-04:00,28909.0,28922.0,28872.75,28883.0,2042
2026-06-11 05:15:00-04:00,28881.0,28890.75,28859.75,28874.5,1584
2026-06-11 05:30:00-04:00,28872.75,28894.25,28858.0,28883.25,1105
2026-06-11 05:45:00-04:00,28883.25,28907.5,28876.25,28878.25,1094
2026-06-11 06:00:00-04:00,28877.5,28917.0,28875.25,28896.5,1458
2026-06-11 06:15:00-04:00,28897.75,28903.5,28873.5,28876.5,1012
2026-06-11 06:30:00-04:00,28877.5,28914.5,28877.5,28892.25,1341
2026-06-11 06:45:00-04:00,28891.25,28905.0,28875.75,28877.75,972
2026-06-11 07:00:00-04:00,28878.0,28878.75,28812.5,28840.0,3041
2026-06-11 07:15:00-04:00,28840.5,28869.25,28821.25,28854.25,1961
2026-06-11 07:30:00-04:00,28852.75,28904.75,28848.5,28886.5,3018
2026-06-11 07:45:00-04:00,28886.5,28909.25,28880.25,28901.0,1375
2026-06-11 08:00:00-04:00,28900.25,28915.0,28885.5,28897.25,1703
2026-06-11 08:15:00-04:00,28899.75,28900.0,28716.5,28754.5,10270
2026-06-11 08:30:00-04:00,28747.0,28796.5,28637.5,28753.5,10252
2026-06-11 08:45:00-04:00,28751.0,28827.5,28735.5,28812.5,6966
2026-06-11 09:00:00-04:00,28814.5,28815.5,28756.5,28776.5,4512
2026-06-11 09:15:00-04:00,28777.0,28796.25,28738.75,28753.0,4775
2026-06-11 09:30:00-04:00,28753.25,28786.25,28650.75,28737.75,36149
2026-06-11 09:45:00-04:00,28739.0,29016.75,28706.5,28900.5,35003
2026-06-11 10:00:00-04:00,28899.5,29049.5,28827.25,28843.5,24916
2026-06-11 10:15:00-04:00,28841.75,28930.25,28752.5,28868.25,24729
2026-06-11 10:30:00-04:00,28873.5,28944.0,28798.5,28818.0,16109
2026-06-11 10:45:00-04:00,28820.0,28844.5,28607.5,28648.25,21461
2026-06-11 11:00:00-04:00,28649.5,28795.0,28577.5,28765.25,23479
2026-06-11 11:15:00-04:00,28766.75,28860.0,28749.0,28757.75,17674
2026-06-11 11:30:00-04:00,28757.75,28907.25,28741.0,28817.25,14658
2026-06-11 11:45:00-04:00,28816.5,28876.0,28775.75,28858.0,11008
2026-06-11 12:00:00-04:00,28858.5,28968.25,28827.5,28951.75,13611
2026-06-11 12:15:00-04:00,28953.0,28975.25,28841.0,28846.0,13121
2026-06-11 12:30:00-04:00,28845.5,28969.0,28821.0,28886.0,13367
2026-06-11 12:45:00-04:00,28886.0,28903.0,28763.25,28770.0,10229
2026-06-11 13:00:00-04:00,28771.5,28809.25,28713.0,28743.75,12514
2026-06-11 13:15:00-04:00,28742.75,29093.25,28678.5,29085.25,19012
2026-06-11 13:30:00-04:00,29086.75,29302.25,29086.25,29281.5,35877
2026-06-11 13:45:00-04:00,29281.5,29300.0,29117.75,29214.0,18488
2026-06-11 14:00:00-04:00,29213.5,29254.5,29068.5,29182.25,17660
2026-06-11 14:15:00-04:00,29179.5,29266.5,29150.0,29188.25,14481
2026-06-11 14:30:00-04:00,29187.5,29240.0,29172.5,29223.5,9081
2026-06-11 14:45:00-04:00,29224.0,29312.25,29217.0,29268.75,14643
2026-06-11 15:00:00-04:00,29269.0,29374.25,29229.5,29360.5,17016
2026-06-11 15:15:00-04:00,29360.5,29448.0,29346.5,29424.0,13892
2026-06-11 15:30:00-04:00,29424.25,29544.25,29421.25,29498.75,18918
2026-06-11 15:45:00-04:00,29498.75,29498.75,29404.0,29456.75,31377
2026-06-11 16:00:00-04:00,29456.75,29519.0,29416.0,29513.25,10737
2026-06-11 16:15:00-04:00,29514.25,29522.0,29459.25,29474.75,4220
2026-06-11 16:30:00-04:00,29474.25,29485.5,29413.75,29415.5,2246
2026-06-11 16:45:00-04:00,29414.25,29445.25,29408.0,29433.25,1693
2026-06-11 18:00:00-04:00,29456.75,29536.5,29443.0,29522.5,2938
2026-06-11 18:15:00-04:00,29524.25,29547.25,29510.25,29529.0,1320
2026-06-11 18:30:00-04:00,29530.5,29557.25,29517.25,29550.25,1203
2026-06-11 18:45:00-04:00,29550.75,29586.5,29550.75,29557.75,1254
2026-06-11 19:00:00-04:00,29560.0,29566.25,29523.25,29542.25,1075
2026-06-11 19:15:00-04:00,29543.75,29567.5,29480.25,29520.0,1296
2026-06-11 19:30:00-04:00,29521.25,29567.0,29521.25,29563.0,787
2026-06-11 19:45:00-04:00,29564.75,29597.5,29560.0,29577.25,1248
2026-06-11 20:00:00-04:00,29576.25,29603.0,29536.0,29579.5,2399
2026-06-11 20:15:00-04:00,29578.5,29625.0,29540.75,29611.0,1690
2026-06-11 20:30:00-04:00,29612.5,29645.5,29585.5,29591.75,1749
2026-06-11 20:45:00-04:00,29593.25,29616.75,29563.5,29588.25,1166
2026-06-11 21:00:00-04:00,29589.0,29589.5,29532.0,29562.5,1816
2026-06-11 21:15:00-04:00,29564.25,29578.25,29470.5,29483.5,2234
2026-06-11 21:30:00-04:00,29483.25,29523.75,29464.75,29492.75,1667
2026-06-11 21:45:00-04:00,29494.0,29557.5,29492.5,29553.0,1056
2026-06-11 22:00:00-04:00,29553.0,29587.0,29550.5,29568.0,1317
2026-06-11 22:15:00-04:00,29568.75,29570.0,29510.0,29512.5,1181
2026-06-11 22:30:00-04:00,29512.5,29550.75,29503.0,29544.75,1027
2026-06-11 22:45:00-04:00,29545.5,29576.0,29543.75,29562.5,784
2026-06-11 23:00:00-04:00,29562.0,29562.0,29510.0,29524.0,912
2026-06-11 23:15:00-04:00,29523.25,29530.25,29488.75,29524.5,676
2026-06-11 23:30:00-04:00,29522.0,29554.25,29516.75,29530.0,809
2026-06-11 23:45:00-04:00,29528.5,29541.5,29500.25,29528.5,753
2026-06-12 00:00:00-04:00,29531.25,29531.25,29488.0,29515.5,718
2026-06-12 00:15:00-04:00,29518.25,29540.25,29488.0,29535.25,668
2026-06-12 00:30:00-04:00,29535.0,29546.0,29520.0,29538.0,462
2026-06-12 00:45:00-04:00,29538.5,29549.0,29530.25,29543.75,618
2026-06-12 01:00:00-04:00,29546.25,29554.75,29503.25,29524.0,661
2026-06-12 01:15:00-04:00,29525.0,29541.25,29512.5,29535.0,721
2026-06-12 01:30:00-04:00,29532.75,29532.75,29456.75,29480.5,1609
2026-06-12 01:45:00-04:00,29481.5,29485.0,29375.0,29401.0,2706
2026-06-12 02:00:00-04:00,29401.75,29474.75,29390.25,29460.5,1923
2026-06-12 02:15:00-04:00,29460.0,29461.75,29416.5,29426.25,916
2026-06-12 02:30:00-04:00,29423.75,29424.5,29365.25,29385.25,1316
2026-06-12 02:45:00-04:00,29384.25,29393.75,29335.0,29361.0,1457
2026-06-12 03:00:00-04:00,29361.75,29370.0,29270.5,29272.0,2154
2026-06-12 03:15:00-04:00,29275.0,29322.0,29260.0,29298.25,1630
2026-06-12 03:30:00-04:00,29291.75,29385.75,29285.25,29379.0,1869
2026-06-12 03:45:00-04:00,29379.25,29458.5,29362.75,29430.5,2112
2026-06-12 04:00:00-04:00,29434.5,29489.0,29416.25,29465.0,2381
2026-06-12 04:15:00-04:00,29466.5,29575.0,29443.0,29530.25,2678
2026-06-12 04:30:00-04:00,29531.25,29536.75,29447.75,29467.0,1932
2026-06-12 04:45:00-04:00,29468.25,29516.75,29447.75,29478.25,1188
2026-06-12 05:00:00-04:00,29481.25,29548.5,29477.25,29548.5,1086
2026-06-12 05:15:00-04:00,29547.5,29619.5,29537.25,29611.5,2110
2026-06-12 05:30:00-04:00,29611.75,29675.0,29588.5,29639.75,2435
2026-06-12 05:45:00-04:00,29640.0,29660.25,29610.0,29623.25,1656
2026-06-12 06:00:00-04:00,29623.5,29657.5,29602.75,29623.25,1423
2026-06-12 06:15:00-04:00,29626.0,29628.0,29517.75,29530.25,2544
2026-06-12 06:30:00-04:00,29531.0,29570.5,29528.25,29561.5,1189
2026-06-12 06:45:00-04:00,29561.5,29571.5,29531.0,29551.0,760
2026-06-12 07:00:00-04:00,29553.0,29597.75,29549.0,29591.25,1217
2026-06-12 07:15:00-04:00,29589.5,29646.25,29588.0,29631.25,1356
2026-06-12 07:30:00-04:00,29631.25,29645.75,29596.25,29644.0,1275
2026-06-12 07:45:00-04:00,29643.25,29660.0,29615.0,29638.25,1287
2026-06-12 08:00:00-04:00,29637.0,29646.0,29578.5,29592.25,1964
2026-06-12 08:15:00-04:00,29590.75,29601.5,29528.25,29533.0,2453
2026-06-12 08:30:00-04:00,29532.0,29547.25,29461.75,29474.0,4333
2026-06-12 08:45:00-04:00,29475.5,29489.5,29383.25,29413.25,4139
2026-06-12 09:00:00-04:00,29412.25,29462.25,29354.0,29456.75,5598
2026-06-12 09:15:00-04:00,29455.25,29502.0,29428.0,29496.0,5833
2026-06-12 09:30:00-04:00,29494.5,29501.0,29263.5,29279.25,30031
2026-06-12 09:45:00-04:00,29282.75,29407.5,29230.0,29349.5,19470
2026-06-12 10:00:00-04:00,29354.0,29598.75,29339.0,29544.75,19946
2026-06-12 10:15:00-04:00,29543.75,29627.25,29487.0,29513.5,13815
2026-06-12 10:30:00-04:00,29512.25,29609.25,29408.5,29411.5,13900
2026-06-12 10:45:00-04:00,29411.0,29644.0,29352.5,29631.0,20624
2026-06-12 11:00:00-04:00,29634.0,29703.5,29597.25,29696.25,13591
2026-06-12 11:15:00-04:00,29696.0,29760.0,29665.0,29745.25,10232
2026-06-12 11:30:00-04:00,29745.5,29749.0,29560.0,29569.0,13818
2026-06-12 11:45:00-04:00,29569.75,29622.25,29410.0,29439.75,15511
2026-06-12 12:00:00-04:00,29440.25,29651.0,29409.0,29597.25,13875
2026-06-12 12:15:00-04:00,29595.25,29667.75,29548.5,29593.5,9565
2026-06-12 12:30:00-04:00,29593.5,29641.0,29575.0,29594.5,5475
2026-06-12 12:45:00-04:00,29595.5,29678.75,29588.25,29673.0,6575
2026-06-12 13:00:00-04:00,29674.0,29752.25,29657.0,29702.75,8627
2026-06-12 13:15:00-04:00,29703.75,29745.0,29689.5,29721.0,5633
2026-06-12 13:30:00-04:00,29722.25,29730.0,29681.0,29699.0,5708
2026-06-12 13:45:00-04:00,29700.0,29724.0,29647.75,29682.5,5144
2026-06-12 14:00:00-04:00,29684.0,29708.0,29627.75,29649.75,7610
2026-06-12 14:15:00-04:00,29650.5,29672.75,29608.5,29665.25,6538
2026-06-12 14:30:00-04:00,29664.0,29719.0,29663.75,29709.75,4955
2026-06-12 14:45:00-04:00,29710.75,29712.5,29636.25,29645.0,6429
2026-06-12 15:00:00-04:00,29643.0,29711.0,29638.75,29664.25,6002
2026-06-12 15:15:00-04:00,29665.25,29696.5,29644.0,29660.5,5227
2026-06-12 15:30:00-04:00,29660.0,29683.75,29580.5,29637.25,9951
2026-06-12 15:45:00-04:00,29636.25,29683.0,29611.0,29648.25,16785
2026-06-12 16:00:00-04:00,29648.25,29720.0,29646.0,29714.25,9790
2026-06-12 16:15:00-04:00,29716.25,29732.25,29687.25,29688.0,1836
2026-06-12 16:30:00-04:00,29688.25,29704.25,29674.0,29680.0,1979
2026-06-12 16:45:00-04:00,29679.75,29688.0,29666.75,29677.75,1278
2026-06-14 18:00:00-04:00,29907.0,30087.0,29907.0,30062.0,4458
2026-06-14 18:15:00-04:00,30062.75,30094.0,30023.75,30058.0,1428
2026-06-14 18:30:00-04:00,30050.25,30073.25,30012.0,30035.25,1292
2026-06-14 18:45:00-04:00,30034.5,30073.75,30026.75,30049.25,624
2026-06-14 19:00:00-04:00,30051.5,30071.0,30020.0,30023.25,520
2026-06-14 19:15:00-04:00,30020.25,30050.0,29987.75,30033.5,654
2026-06-14 19:30:00-04:00,30036.25,30060.0,30031.25,30041.25,461
2026-06-14 19:45:00-04:00,30042.0,30060.5,30019.25,30054.0,679
2026-06-14 20:00:00-04:00,30052.5,30162.5,30043.5,30154.25,2532
2026-06-14 20:15:00-04:00,30154.75,30172.0,30132.5,30161.75,843
2026-06-14 20:30:00-04:00,30153.25,30164.25,30131.25,30140.25,595
2026-06-14 20:45:00-04:00,30140.0,30154.5,30130.0,30140.75,494
2026-06-14 21:00:00-04:00,30139.75,30172.0,30126.25,30167.25,828
2026-06-14 21:15:00-04:00,30163.5,30171.0,30140.0,30158.75,537
2026-06-14 21:30:00-04:00,30159.0,30184.75,30144.25,30183.5,473
2026-06-14 21:45:00-04:00,30183.25,30184.75,30156.25,30168.25,407
2026-06-14 22:00:00-04:00,30167.25,30190.0,30165.0,30185.5,658
2026-06-14 22:15:00-04:00,30186.75,30208.25,30182.25,30206.25,389
2026-06-14 22:30:00-04:00,30206.75,30211.75,30187.5,30193.75,348
2026-06-14 22:45:00-04:00,30194.75,30208.75,30193.0,30199.5,270
2026-06-14 23:00:00-04:00,30202.75,30203.75,30185.25,30201.25,301
2026-06-14 23:15:00-04:00,30206.25,30217.25,30202.25,30205.75,276
2026-06-14 23:30:00-04:00,30205.5,30220.0,30188.0,30197.25,484
2026-06-14 23:45:00-04:00,30195.75,30200.5,30181.0,30188.5,223
2026-06-15 00:00:00-04:00,30188.75,30194.25,30171.0,30180.5,253
2026-06-15 00:15:00-04:00,30184.25,30216.5,30182.25,30215.5,216
2026-06-15 00:30:00-04:00,30211.0,30229.0,30206.0,30225.25,265
2026-06-15 00:45:00-04:00,30225.0,30232.5,30212.75,30232.5,313
2026-06-15 01:00:00-04:00,30230.0,30243.25,30223.75,30240.5,345
2026-06-15 01:15:00-04:00,30240.5,30244.75,30228.0,30233.0,280
2026-06-15 01:30:00-04:00,30234.25,30239.0,30204.0,30226.0,724
2026-06-15 01:45:00-04:00,30228.25,30236.5,30207.0,30234.25,303
2026-06-15 02:00:00-04:00,30235.75,30246.0,30227.0,30236.0,475
2026-06-15 02:15:00-04:00,30233.75,30257.75,30220.0,30241.75,715
2026-06-15 02:30:00-04:00,30240.5,30255.75,30222.0,30251.75,723
2026-06-15 02:45:00-04:00,30252.25,30257.75,30237.0,30251.25,468
2026-06-15 03:00:00-04:00,30251.75,30259.25,30220.75,30232.0,875
2026-06-15 03:15:00-04:00,30234.0,30265.75,30232.0,30252.0,852
2026-06-15 03:30:00-04:00,30252.0,30270.0,30238.75,30253.5,700
2026-06-15 03:45:00-04:00,30252.5,30268.0,30242.0,30246.75,541
2026-06-15 04:00:00-04:00,30243.5,30289.0,30241.0,30279.25,1099
2026-06-15 04:15:00-04:00,30277.25,30308.0,30263.25,30299.25,787
2026-06-15 04:30:00-04:00,30297.0,30314.5,30295.25,30308.25,444
2026-06-15 04:45:00-04:00,30310.25,30324.0,30282.25,30287.75,932
2026-06-15 05:00:00-04:00,30288.5,30298.75,30268.75,30274.0,451
2026-06-15 05:15:00-04:00,30273.5,30273.75,30230.25,30234.25,875
2026-06-15 05:30:00-04:00,30234.5,30239.0,30216.25,30220.25,575
2026-06-15 05:45:00-04:00,30220.0,30252.0,30204.75,30248.25,465
2026-06-15 06:00:00-04:00,30246.0,30259.75,30237.75,30258.0,261
2026-06-15 06:15:00-04:00,30255.25,30266.5,30239.25,30263.0,295
2026-06-15 06:30:00-04:00,30263.0,30263.75,30228.75,30243.75,439
2026-06-15 06:45:00-04:00,30243.5,30265.75,30243.5,30259.0,320
2026-06-15 07:00:00-04:00,30258.75,30296.5,30251.0,30289.5,823
2026-06-15 07:15:00-04:00,30294.0,30312.25,30291.5,30310.0,852
2026-06-15 07:30:00-04:00,30311.0,30319.5,30270.0,30275.5,704
2026-06-15 07:45:00-04:00,30276.75,30314.75,30270.25,30298.75,452
2026-06-15 08:00:00-04:00,30297.5,30314.5,30286.0,30294.5,818
2026-06-15 08:15:00-04:00,30296.75,30303.25,30259.0,30266.0,1147
2026-06-15 08:30:00-04:00,30266.25,30283.25,30249.0,30256.75,1277
2026-06-15 08:45:00-04:00,30254.75,30285.5,30238.5,30281.25,1066
2026-06-15 09:00:00-04:00,30280.5,30300.0,30260.75,30300.0,822
2026-06-15 09:15:00-04:00,30300.5,30340.0,30291.25,30333.75,2112
2026-06-15 09:30:00-04:00,30333.5,30430.0,30302.25,30401.25,11393
2026-06-15 09:45:00-04:00,30400.5,30497.25,30394.5,30402.25,8910
2026-06-15 10:00:00-04:00,30399.5,30462.0,30376.75,30427.25,7750
2026-06-15 10:15:00-04:00,30428.0,30460.25,30370.5,30457.75,5294
2026-06-15 10:30:00-04:00,30458.25,30467.25,30398.25,30416.0,3928
2026-06-15 10:45:00-04:00,30416.75,30490.25,30407.0,30473.75,4822
2026-06-15 11:00:00-04:00,30475.75,30527.5,30472.5,30519.0,4851
2026-06-15 11:15:00-04:00,30519.5,30551.5,30500.5,30546.0,3169
2026-06-15 11:30:00-04:00,30545.75,30553.5,30501.5,30535.0,3419
2026-06-15 11:45:00-04:00,30534.25,30588.75,30534.25,30578.75,3339
2026-06-15 12:00:00-04:00,30579.25,30601.0,30572.0,30587.5,3288
2026-06-15 12:15:00-04:00,30587.75,30611.0,30568.0,30599.5,2666
2026-06-15 12:30:00-04:00,30599.0,30612.5,30560.25,30578.0,2933
2026-06-15 12:45:00-04:00,30577.5,30577.75,30549.5,30567.5,2269
2026-06-15 13:00:00-04:00,30566.25,30584.25,30530.25,30552.0,2843
2026-06-15 13:15:00-04:00,30552.0,30589.25,30547.25,30579.25,1889
2026-06-15 13:30:00-04:00,30579.0,30588.5,30560.5,30571.5,1362
2026-06-15 13:45:00-04:00,30570.25,30581.0,30551.0,30554.5,1575
2026-06-15 14:00:00-04:00,30555.5,30569.0,30530.0,30564.0,1870
2026-06-15 14:15:00-04:00,30565.0,30575.5,30534.5,30537.75,1322
2026-06-15 14:30:00-04:00,30537.75,30583.25,30523.25,30578.5,1871
2026-06-15 14:45:00-04:00,30579.5,30591.5,30552.75,30559.5,1641
2026-06-15 15:00:00-04:00,30560.0,30570.0,30540.75,30555.0,2144
2026-06-15 15:15:00-04:00,30556.25,30569.25,30529.5,30530.25,1670
2026-06-15 15:30:00-04:00,30529.75,30563.25,30518.75,30553.0,2580
2026-06-15 15:45:00-04:00,30552.25,30574.25,30513.0,30567.5,9944
2026-06-15 16:00:00-04:00,30567.0,30588.0,30551.5,30565.0,2592
2026-06-15 16:15:00-04:00,30566.25,30570.25,30541.0,30544.5,613
2026-06-15 16:30:00-04:00,30545.75,30553.5,30524.0,30530.5,436
2026-06-15 16:45:00-04:00,30528.0,30538.25,30522.75,30530.0,570
2026-06-15 18:00:00-04:00,30539.75,30561.75,30469.75,30493.5,830
2026-06-15 18:15:00-04:00,30491.5,30496.75,30454.75,30483.0,347
2026-06-15 18:30:00-04:00,30482.5,30490.75,30467.0,30476.75,148
2026-06-15 18:45:00-04:00,30476.75,30510.5,30474.0,30498.5,313
2026-06-15 19:00:00-04:00,30501.75,30520.5,30483.25,30499.5,197
2026-06-15 19:15:00-04:00,30500.25,30526.0,30490.0,30520.25,112
2026-06-15 19:30:00-04:00,30520.0,30524.25,30504.5,30516.5,47
2026-06-15 19:45:00-04:00,30519.5,30541.5,30508.0,30532.75,164
2026-06-15 20:00:00-04:00,30526.0,30543.25,30491.25,30533.25,329
2026-06-15 20:15:00-04:00,30533.5,30542.0,30496.25,30530.0,204
2026-06-15 20:30:00-04:00,30531.25,30549.5,30504.5,30511.25,212
2026-06-15 20:45:00-04:00,30507.75,30515.5,30467.0,30472.25,337
2026-06-15 21:00:00-04:00,30473.75,30494.75,30453.25,30472.75,318
2026-06-15 21:15:00-04:00,30467.5,30490.75,30465.75,30482.25,161
2026-06-15 21:30:00-04:00,30476.75,30492.5,30471.25,30485.0,207
2026-06-15 21:45:00-04:00,30486.25,30499.75,30455.5,30481.0,264
2026-06-15 22:00:00-04:00,30481.25,30493.5,30466.75,30473.25,186
2026-06-15 22:15:00-04:00,30472.25,30489.0,30472.25,30476.75,114
2026-06-15 22:30:00-04:00,30475.5,30500.75,30475.5,30493.0,177
2026-06-15 22:45:00-04:00,30492.25,30496.0,30468.75,30480.5,146
2026-06-15 23:00:00-04:00,30482.0,30494.0,30475.0,30476.25,126
2026-06-15 23:15:00-04:00,30478.25,30518.5,30476.25,30508.75,191
2026-06-15 23:30:00-04:00,30509.75,30552.75,30509.75,30543.5,333
2026-06-15 23:45:00-04:00,30538.0,30540.75,30519.25,30528.0,139
2026-06-16 00:00:00-04:00,30527.75,30532.5,30516.0,30525.5,109
2026-06-16 00:15:00-04:00,30526.5,30530.5,30507.0,30520.0,255
2026-06-16 00:30:00-04:00,30519.25,30525.0,30513.0,30513.0,323
2026-06-16 00:45:00-04:00,30514.25,30515.25,30491.25,30509.5,172
2026-06-16 01:00:00-04:00,30512.25,30539.5,30512.25,30531.0,344
2026-06-16 01:15:00-04:00,30529.0,30540.5,30526.5,30529.25,137
2026-06-16 01:30:00-04:00,30531.0,30534.75,30492.0,30499.5,238
2026-06-16 01:45:00-04:00,30504.25,30520.75,30498.25,30500.5,190
2026-06-16 02:00:00-04:00,30501.5,30533.75,30494.0,30522.25,283
2026-06-16 02:15:00-04:00,30525.0,30530.0,30507.5,30526.0,315
2026-06-16 02:30:00-04:00,30529.0,30532.25,30511.0,30511.0,115
2026-06-16 02:45:00-04:00,30513.5,30529.0,30506.5,30525.0,139
2026-06-16 03:00:00-04:00,30529.5,30544.75,30511.75,30520.0,465
2026-06-16 03:15:00-04:00,30517.0,30538.25,30513.75,30535.0,237
2026-06-16 03:30:00-04:00,30537.0,30539.25,30504.25,30504.25,154
2026-06-16 03:45:00-04:00,30505.0,30536.0,30503.75,30533.5,147
2026-06-16 04:00:00-04:00,30536.0,30582.5,30525.0,30565.25,476
2026-06-16 04:15:00-04:00,30570.25,30597.25,30567.75,30597.0,513
2026-06-16 04:30:00-04:00,30599.0,30601.0,30561.5,30584.5,332
2026-06-16 04:45:00-04:00,30583.75,30638.75,30569.25,30620.25,404
2026-06-16 05:00:00-04:00,30620.0,30626.5,30609.5,30614.0,210
2026-06-16 05:15:00-04:00,30614.5,30618.75,30575.25,30580.75,244
2026-06-16 05:30:00-04:00,30586.5,30600.0,30564.5,30573.5,143
2026-06-16 05:45:00-04:00,30578.5,30580.25,30557.0,30564.25,221
2026-06-16 06:00:00-04:00,30564.25,30592.75,30564.25,30590.75,173
2026-06-16 06:15:00-04:00,30592.25,30607.0,30579.0,30598.25,91
2026-06-16 06:30:00-04:00,30601.25,30623.75,30594.5,30617.0,119
2026-06-16 06:45:00-04:00,30611.5,30627.5,30608.5,30627.5,150
2026-06-16 07:00:00-04:00,30623.75,30654.75,30615.5,30650.25,542
2026-06-16 07:15:00-04:00,30645.0,30664.5,30630.0,30642.0,314
2026-06-16 07:30:00-04:00,30642.0,30650.0,30620.75,30646.75,197
2026-06-16 07:45:00-04:00,30647.25,30651.0,30631.0,30631.0,180
2026-06-16 08:00:00-04:00,30631.0,30645.0,30615.0,30617.75,127
2026-06-16 08:15:00-04:00,30613.5,30613.75,30530.25,30557.0,532
2026-06-16 08:30:00-04:00,30549.25,30562.5,30518.0,30524.75,598
2026-06-16 08:45:00-04:00,30524.0,30541.75,30508.75,30520.5,527
2026-06-16 09:00:00-04:00,30520.25,30526.25,30477.5,30512.5,1035
2026-06-16 09:15:00-04:00,30513.5,30537.0,30501.75,30504.0,1099
2026-06-16 09:30:00-04:00,30502.0,30552.0,30443.5,30513.0,6277
2026-06-16 09:45:00-04:00,30511.5,30580.75,30491.5,30499.75,2729
2026-06-16 10:00:00-04:00,30500.25,30546.25,30486.75,30501.5,1852
2026-06-16 10:15:00-04:00,30508.0,30517.0,30365.75,30374.75,4544
2026-06-16 10:30:00-04:00,30374.25,30406.75,30280.0,30373.75,3404
2026-06-16 10:45:00-04:00,30372.5,30372.5,30255.0,30293.5,2252
2026-06-16 11:00:00-04:00,30292.0,30357.0,30286.75,30315.25,2010
2026-06-16 11:15:00-04:00,30311.75,30340.5,30193.25,30228.5,2453
2026-06-16 11:30:00-04:00,30232.0,30267.5,30158.25,30170.75,2109
2026-06-16 11:45:00-04:00,30166.75,30222.5,30101.0,30160.5,3287
2026-06-16 12:00:00-04:00,30161.0,30259.0,30158.25,30230.5,1854
2026-06-16 12:15:00-04:00,30230.0,30267.0,30205.0,30230.5,1167
2026-06-16 12:30:00-04:00,30230.5,30231.25,30139.0,30192.5,1565
2026-06-16 12:45:00-04:00,30190.25,30215.25,30142.0,30186.75,1738
2026-06-16 13:00:00-04:00,30186.0,30187.0,30144.0,30170.75,965
2026-06-16 13:15:00-04:00,30165.75,30178.75,30116.25,30145.75,1109
2026-06-16 13:30:00-04:00,30146.25,30153.0,30089.0,30134.5,1378
2026-06-16 13:45:00-04:00,30131.75,30204.25,30117.5,30163.5,1136
2026-06-16 14:00:00-04:00,30161.75,30182.0,30158.0,30162.25,454
2026-06-16 14:15:00-04:00,30161.75,30170.75,30134.75,30156.25,453
2026-06-16 14:30:00-04:00,30158.25,30163.0,30111.5,30150.0,735
2026-06-16 14:45:00-04:00,30151.25,30156.0,30111.0,30128.5,566
2026-06-16 15:00:00-04:00,30127.0,30165.0,30077.5,30087.5,1337
2026-06-16 15:15:00-04:00,30084.0,30134.75,30025.5,30127.75,1436
2026-06-16 15:30:00-04:00,30128.75,30144.5,30052.0,30097.75,2424
2026-06-16 15:45:00-04:00,30096.75,30105.0,29982.75,29991.25,6009
2026-06-16 16:00:00-04:00,29991.0,30011.0,29977.5,29992.0,1489
2026-06-16 16:15:00-04:00,29990.5,29993.25,29956.75,29985.5,415
2026-06-16 16:30:00-04:00,29985.0,29995.5,29974.25,29994.75,207
2026-06-16 16:45:00-04:00,29994.75,29998.5,29980.0,29986.5,263
2026-06-16 18:00:00-04:00,30006.75,30055.5,30005.5,30045.75,254
2026-06-16 18:15:00-04:00,30048.5,30059.75,30030.75,30050.5,125
2026-06-16 18:30:00-04:00,30052.5,30064.25,30025.75,30045.25,117
2026-06-16 18:45:00-04:00,30046.25,30071.5,30040.0,30060.0,101
2026-06-16 19:00:00-04:00,30063.75,30063.75,30010.0,30030.5,152
2026-06-16 19:15:00-04:00,30030.5,30034.75,30011.0,30018.75,37
2026-06-16 19:30:00-04:00,30016.75,30040.25,30008.75,30015.25,77
2026-06-16 19:45:00-04:00,30012.75,30031.25,29996.75,30012.75,119
2026-06-16 20:00:00-04:00,30024.0,30066.75,30024.0,30041.5,156
2026-06-16 20:15:00-04:00,30042.75,30068.25,30042.75,30063.25,73
2026-06-16 20:30:00-04:00,30061.0,30086.75,30060.5,30078.0,93
2026-06-16 20:45:00-04:00,30066.25,30074.0,30052.5,30066.75,98
2026-06-16 21:00:00-04:00,30066.75,30093.75,30053.5,30086.5,134
2026-06-16 21:15:00-04:00,30085.25,30106.75,30074.25,30104.75,95
2026-06-16 21:30:00-04:00,30101.0,30124.0,30096.25,30109.5,215
2026-06-16 21:45:00-04:00,30112.5,30133.5,30111.25,30129.75,69
2026-06-16 22:00:00-04:00,30125.5,30140.0,30123.0,30140.0,55
2026-06-16 22:15:00-04:00,30135.0,30146.25,30126.25,30135.0,89
2026-06-16 22:30:00-04:00,30136.0,30137.0,30119.5,30134.5,58
2026-06-16 22:45:00-04:00,30133.75,30137.25,30118.5,30130.0,89
2026-06-16 23:00:00-04:00,30124.75,30139.5,30122.25,30122.5,67
2026-06-16 23:15:00-04:00,30117.25,30120.0,30103.25,30118.25,51
2026-06-16 23:30:00-04:00,30115.5,30150.25,30115.5,30140.25,98
2026-06-16 23:45:00-04:00,30144.5,30153.5,30141.5,30153.0,53
2026-06-17 00:00:00-04:00,30153.5,30155.25,30147.5,30152.5,26
2026-06-17 00:15:00-04:00,30156.5,30167.0,30156.5,30159.75,33
2026-06-17 00:30:00-04:00,30158.0,30158.0,30134.0,30138.75,92
2026-06-17 00:45:00-04:00,30142.0,30171.0,30141.25,30171.0,44
2026-06-17 01:00:00-04:00,30171.0,30185.0,30168.0,30169.5,79
2026-06-17 01:15:00-04:00,30169.5,30190.0,30166.75,30181.0,58
2026-06-17 01:30:00-04:00,30178.0,30204.75,30172.5,30198.0,75
2026-06-17 01:45:00-04:00,30198.25,30213.0,30184.25,30190.5,113
2026-06-17 02:00:00-04:00,30187.0,30207.0,30179.5,30196.25,102
2026-06-17 02:15:00-04:00,30198.75,30201.75,30174.25,30175.0,71
2026-06-17 02:30:00-04:00,30174.25,30221.0,30171.25,30221.0,114
2026-06-17 02:45:00-04:00,30219.25,30230.0,30214.5,30228.25,47
2026-06-17 03:00:00-04:00,30232.0,30262.25,30229.25,30259.75,308
2026-06-17 03:15:00-04:00,30258.5,30258.5,30225.25,30233.75,72
2026-06-17 03:30:00-04:00,30236.75,30258.25,30233.75,30245.0,91
2026-06-17 03:45:00-04:00,30242.5,30251.0,30235.0,30242.25,44
2026-06-17 04:00:00-04:00,30247.0,30268.5,30223.0,30223.75,185
2026-06-17 04:15:00-04:00,30226.0,30233.0,30197.25,30201.75,148
2026-06-17 04:30:00-04:00,30202.0,30208.25,30162.75,30172.0,180
2026-06-17 04:45:00-04:00,30164.0,30193.75,30150.0,30188.25,138
2026-06-17 05:00:00-04:00,30195.75,30207.0,30173.75,30187.5,48
2026-06-17 05:15:00-04:00,30189.5,30199.75,30176.75,30192.5,53
2026-06-17 05:30:00-04:00,30198.0,30205.25,30164.75,30176.75,58
2026-06-17 05:45:00-04:00,30183.75,30185.5,30129.5,30143.75,69
2026-06-17 06:00:00-04:00,30141.25,30141.25,30103.5,30134.25,240
2026-06-17 06:15:00-04:00,30133.75,30160.0,30120.0,30146.75,112
2026-06-17 06:30:00-04:00,30150.0,30166.0,30137.25,30166.0,146
2026-06-17 06:45:00-04:00,30167.0,30180.0,30140.25,30144.0,76
2026-06-17 07:00:00-04:00,30142.5,30163.0,30129.75,30162.5,47
2026-06-17 07:15:00-04:00,30162.25,30176.0,30149.0,30155.0,100
2026-06-17 07:30:00-04:00,30152.5,30154.0,30119.0,30124.75,61
2026-06-17 07:45:00-04:00,30125.75,30130.75,30074.5,30099.5,161
2026-06-17 08:00:00-04:00,30105.0,30146.0,30102.5,30143.25,146
2026-06-17 08:15:00-04:00,30138.75,30160.5,30126.75,30147.0,172
2026-06-17 08:30:00-04:00,30144.5,30201.5,30140.5,30191.25,209
2026-06-17 08:45:00-04:00,30190.75,30195.75,30165.5,30173.5,149
2026-06-17 09:00:00-04:00,30173.0,30176.75,30148.25,30163.0,161
2026-06-17 09:15:00-04:00,30166.0,30213.75,30166.0,30207.75,634
2026-06-17 09:30:00-04:00,30207.75,30207.75,30078.0,30205.5,2060
2026-06-17 09:45:00-04:00,30201.25,30224.5,30031.5,30031.5,1268
2026-06-17 10:00:00-04:00,30031.0,30132.75,30005.75,30126.25,1465
2026-06-17 10:15:00-04:00,30128.75,30228.25,30120.75,30193.75,1386
2026-06-17 10:30:00-04:00,30193.25,30199.25,30061.0,30117.75,792
2026-06-17 10:45:00-04:00,30116.0,30146.75,29975.0,30043.0,1580
2026-06-17 11:00:00-04:00,30046.5,30105.5,30032.5,30093.25,541
2026-06-17 11:15:00-04:00,30089.5,30141.25,30077.75,30097.0,466
2026-06-17 11:30:00-04:00,30099.75,30134.5,30087.25,30097.25,352
2026-06-17 11:45:00-04:00,30110.0,30138.5,30097.75,30134.75,232
2026-06-17 12:00:00-04:00,30138.25,30155.0,30107.25,30129.25,283
2026-06-17 12:15:00-04:00,30126.0,30155.0,30113.0,30144.0,201
2026-06-17 12:30:00-04:00,30144.75,30154.5,30105.5,30121.5,213
2026-06-17 12:45:00-04:00,30105.0,30107.0,30082.25,30092.25,465
2026-06-17 13:00:00-04:00,30085.75,30089.75,30009.75,30066.0,541
2026-06-17 13:15:00-04:00,30062.25,30112.0,30041.25,30104.25,291
2026-06-17 13:30:00-04:00,30098.25,30107.75,30070.0,30082.75,238
2026-06-17 13:45:00-04:00,30083.5,30166.5,30074.75,30166.5,304
2026-06-17 14:00:00-04:00,30146.25,30146.25,29766.75,29951.25,2632
2026-06-17 14:15:00-04:00,29959.5,30031.75,29873.75,29939.25,1025
2026-06-17 14:30:00-04:00,29929.0,30207.25,29901.25,30198.75,2186
2026-06-17 14:45:00-04:00,30198.75,30201.75,29911.25,29962.5,1917
2026-06-17 15:00:00-04:00,29961.0,30061.0,29892.5,30040.75,1087
2026-06-17 15:15:00-04:00,30050.0,30050.0,29789.25,29823.0,1292
2026-06-17 15:30:00-04:00,29822.0,29852.5,29621.25,29653.25,1815
2026-06-17 15:45:00-04:00,29657.75,29741.5,29616.0,29681.0,1579
2026-06-17 16:00:00-04:00,29681.5,29779.75,29678.75,29718.25,718
2026-06-17 16:15:00-04:00,29715.75,29823.75,29709.0,29812.0,222
2026-06-17 16:30:00-04:00,29813.75,29851.5,29805.0,29824.0,283
2026-06-17 16:45:00-04:00,29820.75,29839.75,29802.25,29839.75,278
2026-06-17 18:00:00-04:00,29758.5,29890.5,29758.5,29886.75,211
2026-06-17 18:15:00-04:00,29883.0,29948.25,29873.0,29921.75,429
2026-06-17 18:30:00-04:00,29917.75,29930.0,29913.25,29924.25,39
2026-06-17 18:45:00-04:00,29921.25,29947.75,29920.25,29925.5,151
2026-06-17 19:00:00-04:00,29925.5,29947.0,29906.0,29947.0,329
2026-06-17 19:15:00-04:00,29944.25,29981.25,29943.0,29972.0,174
2026-06-17 19:30:00-04:00,29976.0,29984.5,29950.5,29956.0,90
2026-06-17 19:45:00-04:00,29961.5,29988.0,29953.5,29987.0,177
2026-06-17 20:00:00-04:00,29994.75,30103.5,29994.75,30100.75,172
2026-06-17 20:15:00-04:00,30101.75,30109.75,30033.75,30055.75,130
2026-06-17 20:30:00-04:00,30062.25,30092.0,30056.0,30090.25,76
2026-06-17 20:45:00-04:00,30086.0,30086.5,30037.75,30049.0,98
2026-06-17 21:00:00-04:00,30050.0,30119.25,30045.75,30116.5,97
2026-06-17 21:15:00-04:00,30102.25,30111.0,30073.75,30088.0,38
2026-06-17 21:30:00-04:00,30093.0,30099.75,30073.0,30080.5,29
2026-06-17 21:45:00-04:00,30077.5,30080.25,30049.75,30063.0,85
2026-06-17 22:00:00-04:00,30057.25,30108.75,30057.25,30103.5,24
2026-06-17 22:15:00-04:00,30100.75,30100.75,30077.0,30078.5,36
2026-06-17 22:30:00-04:00,30075.0,30088.25,30068.0,30083.0,58
2026-06-17 22:45:00-04:00,30085.75,30093.0,30074.0,30083.75,41
2026-06-17 23:00:00-04:00,30088.25,30088.25,30058.25,30058.25,22
2026-06-17 23:15:00-04:00,30069.5,30085.0,30066.75,30085.0,35
2026-06-17 23:30:00-04:00,30085.0,30096.0,30052.0,30053.25,65
2026-06-17 23:45:00-04:00,30065.5,30082.75,30057.75,30079.75,26
2026-06-18 00:00:00-04:00,30079.5,30085.0,30034.0,30036.0,51
2026-06-18 00:15:00-04:00,30042.75,30042.75,30005.0,30013.0,61
2026-06-18 00:30:00-04:00,30004.0,30010.5,29973.5,29973.5,138
2026-06-18 00:45:00-04:00,29971.75,30019.5,29970.0,30017.5,68
2026-06-18 01:00:00-04:00,30003.25,30033.75,30003.0,30022.25,24
2026-06-18 01:15:00-04:00,30031.5,30044.5,30031.5,30033.25,19
2026-06-18 01:30:00-04:00,30046.25,30051.0,30015.25,30037.5,29
2026-06-18 01:45:00-04:00,30030.0,30040.0,30013.5,30030.5,53
2026-06-18 02:00:00-04:00,30027.75,30035.75,30005.5,30020.25,34
2026-06-18 02:15:00-04:00,30030.0,30057.0,30000.0,30057.0,44
2026-06-18 02:30:00-04:00,30041.0,30046.0,30014.0,30016.5,11
2026-06-18 02:45:00-04:00,30043.0,30104.0,30043.0,30097.5,67
2026-06-18 03:00:00-04:00,30097.5,30107.25,30070.0,30070.0,59
2026-06-18 03:15:00-04:00,30075.0,30115.0,30063.25,30115.0,59
2026-06-18 03:30:00-04:00,30097.75,30104.25,30092.0,30103.5,14
2026-06-18 03:45:00-04:00,30106.25,30128.75,30097.0,30128.75,62
2026-06-18 04:00:00-04:00,30129.0,30182.75,30125.25,30174.75,187
2026-06-18 04:15:00-04:00,30166.0,30166.0,30115.0,30123.75,75
2026-06-18 04:30:00-04:00,30121.75,30156.0,30116.5,30144.5,39
2026-06-18 04:45:00-04:00,30135.0,30137.0,30083.25,30090.75,28
2026-06-18 05:00:00-04:00,30081.0,30121.25,30081.0,30112.25,35
2026-06-18 05:15:00-04:00,30123.5,30136.5,30118.0,30124.0,24
2026-06-18 05:30:00-04:00,30125.0,30151.25,30125.0,30148.75,17
2026-06-18 05:45:00-04:00,30172.25,30184.5,30170.75,30175.25,55
2026-06-18 06:00:00-04:00,30168.5,30176.0,30159.75,30169.5,44
2026-06-18 06:15:00-04:00,30175.0,30181.5,30160.75,30163.75,52
2026-06-18 06:30:00-04:00,30166.25,30166.25,30115.25,30115.25,36
2026-06-18 06:45:00-04:00,30115.5,30126.5,30115.5,30121.0,22
2026-06-18 07:00:00-04:00,30136.0,30139.75,30074.75,30089.0,58
2026-06-18 07:15:00-04:00,30089.0,30100.0,30057.0,30090.0,104
2026-06-18 07:30:00-04:00,30081.0,30103.0,30048.5,30079.75,70
2026-06-18 07:45:00-04:00,30083.5,30108.75,30071.5,30108.75,27
2026-06-18 08:00:00-04:00,30112.0,30120.25,30087.5,30120.25,75
2026-06-18 08:15:00-04:00,30125.5,30158.0,30115.25,30144.25,38
2026-06-18 08:30:00-04:00,30151.5,30175.0,30137.25,30165.0,126
2026-06-18 08:45:00-04:00,30164.25,30220.5,30164.25,30207.5,444
2026-06-18 09:00:00-04:00,30197.75,30201.5,30152.0,30191.0,183
2026-06-18 09:15:00-04:00,30196.75,30285.75,30196.25,30275.25,357
2026-06-18 20:00:00-04:00,30690.0,30694.25,30635.0,30644.75,2327
2026-06-18 20:15:00-04:00,30645.5,30662.75,30628.0,30645.75,1811
2026-06-18 20:30:00-04:00,30646.75,30662.25,30637.0,30647.25,1140
2026-06-18 20:45:00-04:00,30645.5,30659.5,30638.5,30642.75,749
2026-06-18 21:00:00-04:00,30644.0,30664.75,30611.75,30621.5,2199
2026-06-18 21:15:00-04:00,30621.75,30637.25,30621.75,30630.75,820
2026-06-18 21:30:00-04:00,30629.0,30629.0,30601.25,30610.0,975
2026-06-18 21:45:00-04:00,30610.25,30617.0,30592.0,30594.5,724
2026-06-18 22:00:00-04:00,30594.25,30598.5,30578.0,30588.25,919
2026-06-18 22:15:00-04:00,30587.0,30609.5,30575.0,30605.5,1194
2026-06-18 22:30:00-04:00,30605.5,30619.5,30600.25,30617.5,492
2026-06-18 22:45:00-04:00,30618.5,30618.5,30585.5,30593.75,600
2026-06-18 23:00:00-04:00,30593.0,30606.5,30577.0,30577.0,497
2026-06-18 23:15:00-04:00,30577.75,30580.25,30535.5,30539.0,1514
2026-06-18 23:30:00-04:00,30540.5,30546.75,30510.25,30528.25,1605
2026-06-18 23:45:00-04:00,30527.5,30536.25,30505.5,30518.5,984
2026-06-19 00:00:00-04:00,30520.25,30526.25,30459.0,30511.75,2241
2026-06-19 00:15:00-04:00,30512.5,30519.25,30485.25,30502.5,1483
2026-06-19 00:30:00-04:00,30503.75,30504.5,30460.0,30478.25,1245
2026-06-19 00:45:00-04:00,30478.0,30478.0,30405.0,30433.75,2114
2026-06-19 01:00:00-04:00,30435.0,30452.25,30412.25,30437.75,1575
2026-06-19 01:15:00-04:00,30438.25,30449.75,30405.25,30432.5,1402
2026-06-19 01:30:00-04:00,30433.75,30442.5,30388.0,30408.25,1382
2026-06-19 01:45:00-04:00,30408.25,30483.5,30408.25,30481.0,1549
2026-06-19 02:00:00-04:00,30482.5,30519.75,30479.5,30511.25,1559
2026-06-19 02:15:00-04:00,30512.0,30535.75,30495.75,30523.25,1350
2026-06-19 02:30:00-04:00,30523.25,30532.75,30501.75,30514.25,1152
2026-06-19 02:45:00-04:00,30514.25,30565.0,30505.25,30555.0,1084
2026-06-19 03:00:00-04:00,30553.75,30586.5,30552.25,30585.25,1184
2026-06-19 03:15:00-04:00,30587.0,30606.25,30582.25,30604.75,1186
2026-06-19 03:30:00-04:00,30603.75,30628.25,30593.0,30605.5,1288
2026-06-19 03:45:00-04:00,30606.5,30633.0,30594.0,30630.0,1111
2026-06-19 04:00:00-04:00,30630.0,30644.75,30608.0,30631.0,879
2026-06-19 04:15:00-04:00,30631.0,30650.0,30625.0,30644.25,677
2026-06-19 04:30:00-04:00,30640.5,30658.5,30624.0,30649.0,741
2026-06-19 04:45:00-04:00,30650.5,30660.0,30629.25,30649.25,668
2026-06-19 05:00:00-04:00,30651.25,30666.0,30622.0,30624.25,1117
2026-06-19 05:15:00-04:00,30625.0,30640.0,30610.25,30615.5,654
2026-06-19 05:30:00-04:00,30615.5,30645.25,30613.75,30626.75,716
2026-06-19 05:45:00-04:00,30627.0,30647.0,30619.75,30626.0,724
2026-06-19 06:00:00-04:00,30628.75,30633.5,30597.75,30613.75,848
2026-06-19 06:15:00-04:00,30613.5,30617.0,30568.25,30578.0,972
2026-06-19 06:30:00-04:00,30578.0,30578.0,30539.0,30564.5,1234
2026-06-19 06:45:00-04:00,30564.5,30591.75,30551.0,30574.0,876
2026-06-19 07:00:00-04:00,30571.25,30578.5,30535.75,30560.25,1191
2026-06-19 07:15:00-04:00,30560.25,30581.5,30551.25,30560.0,947
2026-06-19 07:30:00-04:00,30559.75,30601.75,30557.25,30593.5,1161
2026-06-19 07:45:00-04:00,30595.0,30595.75,30566.5,30591.75,798
2026-06-19 08:00:00-04:00,30592.5,30594.5,30569.75,30572.25,612
2026-06-19 08:15:00-04:00,30572.75,30579.25,30561.75,30562.5,604
2026-06-19 08:30:00-04:00,30562.5,30564.0,30525.25,30558.5,1568
2026-06-19 08:45:00-04:00,30557.75,30670.0,30543.75,30653.0,3554
2026-06-19 09:00:00-04:00,30653.5,30664.0,30627.75,30642.75,1811
2026-06-19 09:15:00-04:00,30643.5,30654.5,30626.0,30646.25,1326
2026-06-19 09:30:00-04:00,30646.25,30678.25,30631.75,30650.25,4304
2026-06-19 09:45:00-04:00,30649.5,30695.75,30642.25,30682.25,3462
2026-06-19 10:00:00-04:00,30680.25,30684.75,30653.25,30664.5,3079
2026-06-19 10:15:00-04:00,30663.5,30677.75,30648.0,30668.75,1948
2026-06-19 10:30:00-04:00,30668.25,30679.5,30658.0,30676.5,1743
2026-06-19 10:45:00-04:00,30677.25,30697.25,30674.75,30691.5,1786
2026-06-19 11:00:00-04:00,30690.0,30705.0,30684.0,30694.25,1796
2026-06-19 11:15:00-04:00,30693.5,30698.0,30680.0,30697.5,1167
2026-06-19 11:30:00-04:00,30696.5,30700.75,30653.0,30659.0,3463
2026-06-19 11:45:00-04:00,30658.75,30691.75,30658.5,30684.0,1359
2026-06-19 12:00:00-04:00,30684.5,30685.5,30658.5,30669.0,1468
2026-06-19 12:15:00-04:00,30669.25,30685.5,30666.0,30683.25,1069
2026-06-19 12:30:00-04:00,30682.5,30702.0,30676.25,30689.25,1109
2026-06-19 12:45:00-04:00,30689.25,30701.25,30640.0,30647.0,1447
2026-06-21 18:00:00-04:00,30577.0,30616.75,30470.0,30503.0,5389
2026-06-21 18:15:00-04:00,30504.25,30561.5,30463.0,30553.0,2730
2026-06-21 18:30:00-04:00,30551.5,30557.75,30511.5,30551.75,1682
2026-06-21 18:45:00-04:00,30552.75,30572.0,30498.75,30522.25,1687
2026-06-21 19:00:00-04:00,30520.75,30523.25,30434.75,30454.75,4197
2026-06-21 19:15:00-04:00,30457.75,30466.0,30421.25,30439.5,2729
2026-06-21 19:30:00-04:00,30441.5,30448.5,30352.0,30381.75,3375
2026-06-21 19:45:00-04:00,30380.75,30397.75,30337.5,30355.75,2607
2026-06-21 20:00:00-04:00,30353.25,30533.5,30347.75,30498.25,6043
2026-06-21 20:15:00-04:00,30496.0,30566.25,30475.0,30565.0,3473
2026-06-21 20:30:00-04:00,30565.0,30580.5,30549.75,30578.25,1859
2026-06-21 20:45:00-04:00,30577.25,30624.5,30577.25,30616.75,3381
2026-06-21 21:00:00-04:00,30620.0,30648.75,30613.0,30629.75,3271
2026-06-21 21:15:00-04:00,30630.5,30658.75,30621.25,30651.5,2105
2026-06-21 21:30:00-04:00,30650.0,30659.0,30633.75,30649.5,1734
2026-06-21 21:45:00-04:00,30649.75,30653.75,30603.5,30606.75,2227
2026-06-21 22:00:00-04:00,30608.5,30626.0,30592.5,30594.5,1943
2026-06-21 22:15:00-04:00,30594.5,30622.0,30588.75,30588.75,1601
2026-06-21 22:30:00-04:00,30589.0,30601.0,30582.75,30597.0,1073
2026-06-21 22:45:00-04:00,30595.75,30597.75,30577.25,30583.5,899
2026-06-21 23:00:00-04:00,30585.25,30587.5,30547.75,30555.75,2140
2026-06-21 23:15:00-04:00,30557.25,30609.25,30556.25,30602.5,1919
2026-06-21 23:30:00-04:00,30604.0,30616.0,30592.75,30600.75,1097
2026-06-21 23:45:00-04:00,30601.75,30610.75,30545.0,30555.25,1887
2026-06-22 00:00:00-04:00,30556.5,30583.25,30549.0,30560.5,1298
2026-06-22 00:15:00-04:00,30560.25,30576.5,30543.0,30547.0,1285
2026-06-22 00:30:00-04:00,30546.5,30564.75,30524.0,30532.25,1680
2026-06-22 00:45:00-04:00,30533.0,30592.25,30529.5,30582.75,1962
2026-06-22 01:00:00-04:00,30582.75,30663.75,30571.25,30654.25,2255
2026-06-22 01:15:00-04:00,30654.75,30665.0,30642.5,30659.25,1299
2026-06-22 01:30:00-04:00,30659.0,30661.0,30630.0,30638.25,1022
2026-06-22 01:45:00-04:00,30638.75,30652.75,30629.0,30640.25,822
2026-06-22 02:00:00-04:00,30641.5,30684.0,30638.0,30681.0,2020
2026-06-22 02:15:00-04:00,30682.25,30738.5,30675.75,30729.25,2799
2026-06-22 02:30:00-04:00,30729.0,30735.0,30704.75,30724.0,1694
2026-06-22 02:45:00-04:00,30724.75,30742.25,30720.5,30736.75,1149
2026-06-22 03:00:00-04:00,30737.25,30775.75,30733.5,30763.25,2332
2026-06-22 03:15:00-04:00,30764.5,30781.75,30759.0,30774.25,1224
2026-06-22 03:30:00-04:00,30773.75,30779.5,30744.5,30749.5,1265
2026-06-22 03:45:00-04:00,30749.25,30767.0,30745.25,30759.0,1108
2026-06-22 04:00:00-04:00,30758.0,30765.5,30698.0,30724.75,2519
2026-06-22 04:15:00-04:00,30725.25,30730.0,30687.25,30702.25,1716
2026-06-22 04:30:00-04:00,30698.75,30739.75,30692.75,30739.75,1742
2026-06-22 04:45:00-04:00,30738.75,30741.75,30712.5,30731.25,1286
2026-06-22 05:00:00-04:00,30730.75,30758.0,30710.0,30743.75,1946
2026-06-22 05:15:00-04:00,30743.25,30746.0,30724.25,30731.75,1130
2026-06-22 05:30:00-04:00,30732.25,30734.5,30704.0,30708.25,1220
2026-06-22 05:45:00-04:00,30710.0,30716.5,30699.0,30699.0,944
2026-06-22 06:00:00-04:00,30700.5,30766.75,30700.5,30750.5,1782
2026-06-22 06:15:00-04:00,30750.0,30760.5,30735.0,30741.0,1310
2026-06-22 06:30:00-04:00,30740.25,30741.0,30702.75,30717.25,1795
2026-06-22 06:45:00-04:00,30718.0,30736.25,30715.0,30720.0,1587
2026-06-22 07:00:00-04:00,30720.25,30828.0,30710.75,30730.5,5924
2026-06-22 07:15:00-04:00,30730.5,30750.75,30722.0,30738.75,1427
2026-06-22 07:30:00-04:00,30738.0,30771.0,30736.75,30749.75,1864
2026-06-22 07:45:00-04:00,30749.0,30762.0,30727.0,30757.75,2079
2026-06-22 08:00:00-04:00,30755.75,30787.25,30752.5,30780.5,1670
2026-06-22 08:15:00-04:00,30781.0,30827.75,30771.0,30823.25,2287
2026-06-22 08:30:00-04:00,30825.0,30844.75,30805.0,30806.25,3670
2026-06-22 08:45:00-04:00,30808.0,30819.5,30796.25,30800.5,2088
2026-06-22 09:00:00-04:00,30801.0,30869.75,30801.0,30858.25,4968
2026-06-22 09:15:00-04:00,30858.5,30873.5,30815.5,30822.0,5101
2026-06-22 09:30:00-04:00,30822.75,30926.75,30756.75,30790.0,40893
2026-06-22 09:45:00-04:00,30789.25,30937.25,30787.75,30937.0,24530
2026-06-22 10:00:00-04:00,30936.25,30968.0,30897.25,30909.75,19425
2026-06-22 10:15:00-04:00,30909.75,30911.75,30744.0,30756.5,24250
2026-06-22 10:30:00-04:00,30756.75,30762.25,30612.5,30626.0,31255
2026-06-22 10:45:00-04:00,30626.25,30682.0,30545.0,30639.0,25919
2026-06-22 11:00:00-04:00,30639.75,30680.0,30603.0,30628.5,17453
2026-06-22 11:15:00-04:00,30629.75,30656.0,30583.25,30597.75,16356
2026-06-22 11:30:00-04:00,30597.5,30673.0,30575.75,30648.5,15632
2026-06-22 11:45:00-04:00,30649.0,30673.75,30541.25,30557.25,16522
2026-06-22 12:00:00-04:00,30556.75,30586.5,30503.0,30580.5,14374
2026-06-22 12:15:00-04:00,30579.75,30615.25,30552.25,30590.0,9512
2026-06-22 12:30:00-04:00,30589.5,30590.25,30526.0,30544.0,7799
2026-06-22 12:45:00-04:00,30544.25,30604.25,30522.0,30589.5,9780
2026-06-22 13:00:00-04:00,30589.25,30602.75,30532.0,30568.0,7380
2026-06-22 13:15:00-04:00,30567.75,30613.75,30567.25,30597.75,5935
2026-06-22 13:30:00-04:00,30597.25,30605.5,30559.0,30580.5,5385
2026-06-22 13:45:00-04:00,30580.75,30650.0,30573.75,30615.0,7855
2026-06-22 14:00:00-04:00,30614.5,30638.25,30601.0,30625.75,5521
2026-06-22 14:15:00-04:00,30625.5,30665.0,30615.75,30627.75,6841
2026-06-22 14:30:00-04:00,30627.75,30647.0,30580.75,30582.75,6017
2026-06-22 14:45:00-04:00,30582.75,30605.25,30550.5,30558.5,7786
2026-06-22 15:00:00-04:00,30560.5,30596.75,30534.5,30574.25,7943
2026-06-22 15:15:00-04:00,30573.5,30587.75,30549.75,30552.75,6281
2026-06-22 15:30:00-04:00,30552.5,30597.75,30552.25,30564.5,7311
2026-06-22 15:45:00-04:00,30564.75,30673.5,30561.75,30654.25,22854
2026-06-22 16:00:00-04:00,30653.25,30677.75,30639.0,30652.25,9761
2026-06-22 16:15:00-04:00,30653.0,30673.75,30644.25,30648.75,3037
2026-06-22 16:30:00-04:00,30649.25,30658.0,30647.5,30657.0,1523
2026-06-22 16:45:00-04:00,30657.25,30672.75,30648.75,30662.5,1785
2026-06-22 18:00:00-04:00,30662.75,30701.25,30645.5,30664.5,2773
2026-06-22 18:15:00-04:00,30664.25,30674.25,30634.0,30641.0,1103
2026-06-22 18:30:00-04:00,30640.0,30644.25,30568.5,30574.75,2652
2026-06-22 18:45:00-04:00,30573.0,30593.75,30566.5,30582.25,1302
2026-06-22 19:00:00-04:00,30581.5,30588.5,30556.25,30558.75,1415
2026-06-22 19:15:00-04:00,30559.75,30573.5,30545.0,30572.0,1428
2026-06-22 19:30:00-04:00,30572.0,30576.75,30559.0,30573.5,716
2026-06-22 19:45:00-04:00,30573.5,30579.0,30540.0,30575.0,1687
2026-06-22 20:00:00-04:00,30574.25,30602.25,30518.0,30520.0,3198
2026-06-22 20:15:00-04:00,30521.75,30545.0,30461.25,30495.5,4504
2026-06-22 20:30:00-04:00,30496.25,30607.25,30481.75,30604.5,3267
2026-06-22 20:45:00-04:00,30606.5,30636.0,30586.25,30602.0,3225
2026-06-22 21:00:00-04:00,30602.75,30616.25,30581.0,30584.5,2935
2026-06-22 21:15:00-04:00,30584.25,30594.0,30550.25,30566.25,2578
2026-06-22 21:30:00-04:00,30565.25,30573.0,30465.5,30472.0,4288
2026-06-22 21:45:00-04:00,30471.25,30480.75,30406.0,30459.75,4741
2026-06-22 22:00:00-04:00,30462.25,30472.75,30401.0,30434.75,3158
2026-06-22 22:15:00-04:00,30434.25,30465.0,30430.0,30456.25,2068
2026-06-22 22:30:00-04:00,30455.25,30457.25,30421.75,30434.25,1330
2026-06-22 22:45:00-04:00,30432.5,30438.5,30389.0,30405.25,2191
2026-06-22 23:00:00-04:00,30406.0,30412.5,30356.75,30367.25,2454
2026-06-22 23:15:00-04:00,30366.0,30379.25,30350.25,30366.5,2188
2026-06-22 23:30:00-04:00,30364.75,30365.25,30301.0,30331.0,3629
2026-06-22 23:45:00-04:00,30329.75,30402.0,30313.0,30400.0,2774
2026-06-23 00:00:00-04:00,30400.75,30417.25,30335.5,30354.75,2788
2026-06-23 00:15:00-04:00,30353.75,30354.75,30305.25,30330.0,1990
2026-06-23 00:30:00-04:00,30329.5,30330.5,30280.0,30295.5,2115
2026-06-23 00:45:00-04:00,30297.75,30304.25,30231.0,30242.5,3082
2026-06-23 01:00:00-04:00,30243.0,30268.75,30227.25,30230.5,2499
2026-06-23 01:15:00-04:00,30230.75,30242.5,30180.75,30186.25,3023
2026-06-23 01:30:00-04:00,30186.0,30189.5,30120.5,30162.5,5088
2026-06-23 01:45:00-04:00,30162.25,30169.5,30093.0,30108.5,3674
2026-06-23 02:00:00-04:00,30107.25,30133.25,30067.75,30086.5,5024
2026-06-23 02:15:00-04:00,30087.0,30108.75,30003.75,30020.5,6157
2026-06-23 02:30:00-04:00,30020.75,30054.25,29979.25,30003.5,5440
2026-06-23 02:45:00-04:00,30004.0,30038.25,29950.0,29969.75,4091
2026-06-23 03:00:00-04:00,29969.5,30054.25,29943.5,30046.0,5123
2026-06-23 03:15:00-04:00,30047.25,30051.5,29980.0,30010.75,3995
2026-06-23 03:30:00-04:00,30008.75,30009.25,29938.5,29949.75,4246
2026-06-23 03:45:00-04:00,29951.75,29970.25,29889.0,29909.0,5059
2026-06-23 04:00:00-04:00,29909.5,29919.25,29812.25,29852.25,7582
2026-06-23 04:15:00-04:00,29851.75,29858.0,29776.0,29799.25,6370
2026-06-23 04:30:00-04:00,29798.25,29878.0,29798.25,29853.5,5480
2026-06-23 04:45:00-04:00,29854.5,29855.0,29780.0,29827.25,4425
2026-06-23 05:00:00-04:00,29830.0,29908.5,29824.0,29900.75,4617
2026-06-23 05:15:00-04:00,29900.75,29933.75,29882.5,29917.25,4498
2026-06-23 05:30:00-04:00,29917.75,29917.75,29862.5,29863.25,2956
2026-06-23 05:45:00-04:00,29863.75,29894.25,29857.5,29886.25,2724
2026-06-23 06:00:00-04:00,29887.25,29916.25,29853.5,29863.5,3015
2026-06-23 06:15:00-04:00,29863.5,29881.0,29815.5,29825.0,3649
2026-06-23 06:30:00-04:00,29824.0,29826.0,29752.0,29781.25,5150
2026-06-23 06:45:00-04:00,29781.0,29825.0,29779.0,29818.0,3281
2026-06-23 07:00:00-04:00,29818.5,29851.75,29787.5,29848.0,4956
2026-06-23 07:15:00-04:00,29848.0,29869.0,29806.0,29814.0,5080
2026-06-23 07:30:00-04:00,29812.5,29872.75,29801.5,29867.75,3992
2026-06-23 07:45:00-04:00,29867.75,29884.0,29848.25,29873.25,3795
2026-06-23 08:00:00-04:00,29872.0,29900.75,29813.5,29821.0,4758
2026-06-23 08:15:00-04:00,29822.5,29826.5,29744.0,29775.5,5720
2026-06-23 08:30:00-04:00,29776.25,29791.75,29706.5,29740.0,7021
2026-06-23 08:45:00-04:00,29740.25,29762.5,29717.0,29735.0,4277
2026-06-23 09:00:00-04:00,29735.0,29745.5,29691.75,29735.5,6471
2026-06-23 09:15:00-04:00,29735.75,29755.25,29675.75,29718.75,10460
2026-06-23 09:30:00-04:00,29718.25,29806.0,29616.5,29749.25,48963
2026-06-23 09:45:00-04:00,29758.75,29934.75,29724.0,29926.0,33961
2026-06-23 10:00:00-04:00,29926.5,30015.5,29921.0,30001.5,32001
2026-06-23 10:15:00-04:00,30001.5,30047.0,29940.5,29983.5,25590
2026-06-23 10:30:00-04:00,29983.5,29998.25,29872.5,29884.0,24525
2026-06-23 10:45:00-04:00,29885.0,29929.0,29812.5,29854.5,23091
2026-06-23 11:00:00-04:00,29854.25,29886.25,29765.0,29792.0,18424
2026-06-23 11:15:00-04:00,29792.0,29803.75,29710.5,29727.25,15357
2026-06-23 11:30:00-04:00,29727.25,29788.0,29695.25,29734.25,17364
2026-06-23 11:45:00-04:00,29733.5,29821.25,29719.5,29797.75,13408
2026-06-23 12:00:00-04:00,29798.0,29915.0,29790.25,29905.0,13610
2026-06-23 12:15:00-04:00,29905.25,29915.75,29833.25,29876.0,12572
2026-06-23 12:30:00-04:00,29877.25,29903.75,29837.75,29900.5,8626
2026-06-23 12:45:00-04:00,29902.5,29907.25,29831.0,29864.0,9286
2026-06-23 13:00:00-04:00,29864.0,29883.0,29791.75,29850.75,10835
2026-06-23 13:15:00-04:00,29851.0,29891.75,29821.0,29866.5,8208
2026-06-23 13:30:00-04:00,29866.5,29896.5,29824.25,29829.25,8287
2026-06-23 13:45:00-04:00,29829.25,29845.0,29732.0,29733.0,10637
2026-06-23 14:00:00-04:00,29732.75,29782.5,29709.5,29746.0,10467
2026-06-23 14:15:00-04:00,29744.75,29762.75,29719.5,29734.5,8116
2026-06-23 14:30:00-04:00,29734.0,29742.0,29626.25,29629.5,10023
2026-06-23 14:45:00-04:00,29629.5,29657.5,29577.25,29630.0,16576
2026-06-23 15:00:00-04:00,29628.75,29753.0,29612.5,29673.25,16694
2026-06-23 15:15:00-04:00,29673.25,29733.5,29616.0,29710.75,13622
2026-06-23 15:30:00-04:00,29710.75,29745.0,29675.5,29696.5,13045
2026-06-23 15:45:00-04:00,29696.0,29732.75,29642.75,29650.5,34063
2026-06-23 16:00:00-04:00,29650.25,29718.25,29633.25,29708.0,10647
2026-06-23 16:15:00-04:00,29707.75,29744.0,29698.25,29735.75,2665
2026-06-23 16:30:00-04:00,29734.75,29748.25,29717.0,29730.0,1744
2026-06-23 16:45:00-04:00,29729.5,29757.5,29716.0,29752.0,2195
2026-06-23 18:00:00-04:00,29770.0,29802.25,29745.0,29781.0,2845
2026-06-23 18:15:00-04:00,29782.25,29803.5,29701.25,29706.0,2709
2026-06-23 18:30:00-04:00,29706.5,29729.0,29632.5,29642.0,3079
2026-06-23 18:45:00-04:00,29640.0,29688.75,29638.0,29680.0,1605
2026-06-23 19:00:00-04:00,29680.0,29682.25,29585.5,29651.25,2968
2026-06-23 19:15:00-04:00,29653.25,29694.25,29650.5,29681.75,1709
2026-06-23 19:30:00-04:00,29683.0,29687.0,29621.25,29657.0,1991
2026-06-23 19:45:00-04:00,29656.0,29763.5,29653.75,29748.25,3748
2026-06-23 20:00:00-04:00,29745.0,29850.5,29736.75,29823.75,5983
2026-06-23 20:15:00-04:00,29822.0,29858.5,29807.5,29847.75,3611
2026-06-23 20:30:00-04:00,29849.5,29891.75,29838.25,29879.25,3173
2026-06-23 20:45:00-04:00,29877.0,29888.25,29815.25,29846.5,2361
2026-06-23 21:00:00-04:00,29848.25,29852.25,29780.75,29819.5,3322
2026-06-23 21:15:00-04:00,29817.75,29827.25,29761.0,29816.0,2916
2026-06-23 21:30:00-04:00,29814.5,29845.25,29808.0,29832.25,2203
2026-06-23 21:45:00-04:00,29832.75,29852.0,29805.0,29826.5,2320
2026-06-23 22:00:00-04:00,29827.5,29838.5,29800.5,29819.5,2740
2026-06-23 22:15:00-04:00,29816.0,29818.5,29762.25,29795.5,2436
2026-06-23 22:30:00-04:00,29796.75,29810.5,29717.5,29722.75,2448
2026-06-23 22:45:00-04:00,29724.0,29729.5,29636.75,29637.75,3148
2026-06-23 23:00:00-04:00,29638.5,29735.5,29616.5,29726.0,4259
2026-06-23 23:15:00-04:00,29726.75,29751.0,29673.0,29749.25,2714
2026-06-23 23:30:00-04:00,29749.5,29779.0,29736.0,29743.75,2601
2026-06-23 23:45:00-04:00,29743.0,29749.0,29710.5,29745.25,1544
2026-06-24 00:00:00-04:00,29746.75,29750.5,29674.75,29687.0,1687
2026-06-24 00:15:00-04:00,29686.5,29700.0,29654.75,29665.25,1593
2026-06-24 00:30:00-04:00,29668.25,29769.0,29668.0,29753.0,1853
2026-06-24 00:45:00-04:00,29754.0,29790.0,29751.0,29784.5,1806
2026-06-24 01:00:00-04:00,29784.5,29833.75,29780.0,29814.75,2540
2026-06-24 01:15:00-04:00,29816.5,29862.25,29806.75,29834.5,2162
2026-06-24 01:30:00-04:00,29836.0,29884.25,29834.5,29845.0,1988
2026-06-24 01:45:00-04:00,29845.0,29857.5,29813.0,29819.0,1049
2026-06-24 02:00:00-04:00,29819.5,29853.0,29797.25,29842.0,1579
2026-06-24 02:15:00-04:00,29841.0,29847.0,29803.0,29813.25,1255
2026-06-24 02:30:00-04:00,29816.75,29866.0,29811.5,29834.75,1501
2026-06-24 02:45:00-04:00,29834.25,29840.5,29817.25,29822.75,1260
2026-06-24 03:00:00-04:00,29824.25,29840.75,29786.0,29813.25,2294
2026-06-24 03:15:00-04:00,29813.25,29827.75,29790.5,29794.25,1570
2026-06-24 03:30:00-04:00,29792.75,29821.75,29765.5,29816.0,1736
2026-06-24 03:45:00-04:00,29815.5,29836.0,29764.5,29770.0,1476
2026-06-24 04:00:00-04:00,29771.25,29860.0,29763.0,29858.25,2508
2026-06-24 04:15:00-04:00,29857.5,29864.5,29817.5,29837.25,1445
2026-06-24 04:30:00-04:00,29837.75,29866.25,29819.5,29836.25,1513
2026-06-24 04:45:00-04:00,29834.75,29837.25,29803.75,29820.0,1100
2026-06-24 05:00:00-04:00,29819.25,29843.75,29793.75,29836.25,1282
2026-06-24 05:15:00-04:00,29836.5,29839.5,29794.5,29807.0,1002
2026-06-24 05:30:00-04:00,29806.75,29814.5,29765.75,29765.75,1009
2026-06-24 05:45:00-04:00,29766.5,29813.0,29755.0,29808.25,1229
2026-06-24 06:00:00-04:00,29809.25,29810.0,29774.0,29809.0,1112
2026-06-24 06:15:00-04:00,29807.5,29821.25,29794.25,29815.75,897
2026-06-24 06:30:00-04:00,29817.75,29851.0,29812.0,29834.25,1939
2026-06-24 06:45:00-04:00,29833.75,29836.0,29789.5,29794.75,1437
2026-06-24 07:00:00-04:00,29794.75,29825.25,29763.0,29765.5,2087
2026-06-24 07:15:00-04:00,29765.25,29774.5,29734.0,29756.25,2375
2026-06-24 07:30:00-04:00,29755.0,29829.25,29752.5,29813.25,2570
2026-06-24 07:45:00-04:00,29815.0,29865.0,29802.0,29862.25,2641
2026-06-24 08:00:00-04:00,29861.0,29864.5,29826.0,29845.25,2598
2026-06-24 08:15:00-04:00,29846.5,29872.75,29823.25,29852.75,2577
2026-06-24 08:30:00-04:00,29851.75,29865.75,29784.25,29793.0,2368
2026-06-24 08:45:00-04:00,29792.25,29798.0,29752.5,29762.0,2256
2026-06-24 09:00:00-04:00,29764.25,29790.75,29698.75,29703.0,5879
2026-06-24 09:15:00-04:00,29705.0,29756.25,29692.5,29711.5,9005
2026-06-24 09:30:00-04:00,29711.25,29841.5,29603.0,29663.75,40371
2026-06-24 09:45:00-04:00,29662.5,29790.0,29562.25,29684.25,31142
2026-06-24 10:00:00-04:00,29686.75,29725.5,29625.75,29665.25,21800
2026-06-24 10:15:00-04:00,29664.5,29731.75,29525.0,29706.75,23507
2026-06-24 10:30:00-04:00,29705.25,29794.0,29703.5,29787.5,17485
2026-06-24 10:45:00-04:00,29786.25,29893.25,29780.0,29891.0,20095
2026-06-24 11:00:00-04:00,29891.25,29907.5,29748.5,29783.0,16555
2026-06-24 11:15:00-04:00,29781.5,29821.0,29704.0,29801.0,13180
2026-06-24 11:30:00-04:00,29800.75,29829.25,29712.75,29744.0,14043
2026-06-24 11:45:00-04:00,29744.0,29810.0,29700.0,29756.0,13665
2026-06-24 12:00:00-04:00,29757.25,29806.25,29728.75,29773.25,11389
2026-06-24 12:15:00-04:00,29773.75,29801.0,29741.0,29752.75,7968
2026-06-24 12:30:00-04:00,29753.0,29754.0,29610.5,29640.0,14042
2026-06-24 12:45:00-04:00,29640.25,29672.5,29596.25,29606.5,11619
2026-06-24 13:00:00-04:00,29606.5,29661.5,29538.5,29547.5,13061
2026-06-24 13:15:00-04:00,29548.0,29571.75,29403.0,29411.0,21815
2026-06-24 13:30:00-04:00,29411.5,29465.0,29364.75,29410.25,19199
2026-06-24 13:45:00-04:00,29411.0,29464.0,29374.0,29387.25,12779
2026-06-24 14:00:00-04:00,29389.25,29463.25,29376.5,29440.75,12777
2026-06-24 14:15:00-04:00,29442.5,29563.5,29440.75,29539.75,14269
2026-06-24 14:30:00-04:00,29540.0,29556.0,29423.75,29449.0,13507
2026-06-24 14:45:00-04:00,29447.5,29448.0,29325.0,29345.25,16879
2026-06-24 15:00:00-04:00,29346.0,29414.25,29264.75,29312.0,19745
2026-06-24 15:15:00-04:00,29311.5,29396.0,29284.25,29384.75,15690
2026-06-24 15:30:00-04:00,29384.0,29446.75,29357.5,29388.0,17002
2026-06-24 15:45:00-04:00,29387.5,29529.0,29373.25,29514.0,27439
2026-06-24 16:00:00-04:00,29514.25,29889.75,29486.75,29883.75,31419
2026-06-24 16:15:00-04:00,29884.0,30030.0,29856.25,30010.5,13140
2026-06-24 16:30:00-04:00,30009.0,30102.0,29966.0,30094.75,9303
2026-06-24 16:45:00-04:00,30094.5,30157.75,30080.0,30095.25,8220
2026-06-24 18:00:00-04:00,30089.75,30168.5,30062.25,30073.5,4623
2026-06-24 18:15:00-04:00,30074.0,30089.75,30052.25,30059.25,3039
2026-06-24 18:30:00-04:00,30059.25,30080.25,30053.25,30072.5,1643
2026-06-24 18:45:00-04:00,30073.5,30076.0,30046.25,30049.5,1313
2026-06-24 19:00:00-04:00,30050.25,30082.5,30047.25,30060.5,1369
2026-06-24 19:15:00-04:00,30061.0,30096.5,30056.25,30077.5,1072
2026-06-24 19:30:00-04:00,30078.25,30122.5,30075.0,30115.0,1311
2026-06-24 19:45:00-04:00,30113.75,30135.25,30085.0,30096.75,1827
2026-06-24 20:00:00-04:00,30097.0,30102.5,30046.0,30091.0,2792
2026-06-24 20:15:00-04:00,30093.0,30098.75,30026.5,30036.5,2049
2026-06-24 20:30:00-04:00,30035.0,30040.75,29943.0,29963.25,2909
2026-06-24 20:45:00-04:00,29963.5,29991.75,29936.0,29965.0,2460
2026-06-24 21:00:00-04:00,29967.5,29996.25,29950.25,29969.5,1942
2026-06-24 21:15:00-04:00,29971.0,29991.0,29951.25,29965.0,1962
2026-06-24 21:30:00-04:00,29966.75,30028.25,29960.75,29995.5,2469
2026-06-24 21:45:00-04:00,29995.5,30031.0,29987.5,29998.75,1480
2026-06-24 22:00:00-04:00,29997.5,30020.5,29941.0,29944.25,2370
2026-06-24 22:15:00-04:00,29946.0,29994.75,29924.5,29986.25,1815
2026-06-24 22:30:00-04:00,29983.0,29996.75,29967.0,29975.0,927
2026-06-24 22:45:00-04:00,29973.75,30003.0,29966.0,29998.0,821
2026-06-24 23:00:00-04:00,29999.25,30022.75,29992.75,30008.0,1230
2026-06-24 23:15:00-04:00,30007.5,30038.75,29981.75,30025.5,1953
2026-06-24 23:30:00-04:00,30024.25,30045.25,29998.75,30010.75,1471
2026-06-24 23:45:00-04:00,30012.25,30043.5,30003.5,30032.75,1096
2026-06-25 00:00:00-04:00,30034.75,30045.0,30028.0,30029.25,818
2026-06-25 00:15:00-04:00,30030.75,30044.25,30012.75,30017.75,1139
2026-06-25 00:30:00-04:00,30020.5,30039.0,29998.5,30038.5,1160
2026-06-25 00:45:00-04:00,30039.5,30064.75,30033.0,30041.0,1436
2026-06-25 01:00:00-04:00,30040.25,30074.75,30040.0,30068.5,1238
2026-06-25 01:15:00-04:00,30070.25,30097.5,30062.0,30094.0,1253
2026-06-25 01:30:00-04:00,30093.0,30121.25,30089.0,30106.25,1715
2026-06-25 01:45:00-04:00,30105.5,30107.0,30083.25,30089.25,1918
2026-06-25 02:00:00-04:00,30091.0,30120.5,30077.5,30112.5,2325
2026-06-25 02:15:00-04:00,30112.0,30131.75,30107.5,30110.5,1759
2026-06-25 02:30:00-04:00,30110.5,30120.25,30098.0,30104.5,1500
2026-06-25 02:45:00-04:00,30104.25,30119.5,30100.5,30105.25,1372
2026-06-25 03:00:00-04:00,30106.5,30138.5,30105.75,30126.5,1884
2026-06-25 03:15:00-04:00,30126.25,30186.5,30126.25,30171.5,2912
2026-06-25 03:30:00-04:00,30170.75,30182.0,30149.25,30176.0,1495
2026-06-25 03:45:00-04:00,30176.75,30181.75,30154.0,30181.75,1123
2026-06-25 04:00:00-04:00,30182.0,30219.0,30165.0,30182.25,3358
2026-06-25 04:15:00-04:00,30183.75,30185.5,30158.0,30172.0,1735
2026-06-25 04:30:00-04:00,30171.25,30183.75,30154.0,30154.5,1116
2026-06-25 04:45:00-04:00,30154.0,30156.5,30111.0,30119.5,1732
2026-06-25 05:00:00-04:00,30121.0,30151.0,30114.0,30137.75,1481
2026-06-25 05:15:00-04:00,30137.5,30150.75,30118.25,30137.25,1370
2026-06-25 05:30:00-04:00,30137.25,30156.75,30132.25,30150.5,1101
2026-06-25 05:45:00-04:00,30148.0,30158.0,30129.0,30131.0,792
2026-06-25 06:00:00-04:00,30131.75,30162.5,30125.75,30159.25,943
2026-06-25 06:15:00-04:00,30160.75,30169.5,30143.0,30164.25,860
2026-06-25 06:30:00-04:00,30164.75,30185.0,30147.5,30153.0,1657
2026-06-25 06:45:00-04:00,30153.0,30176.0,30140.0,30160.5,1387
2026-06-25 07:00:00-04:00,30160.25,30193.0,30151.25,30153.0,2400
2026-06-25 07:15:00-04:00,30152.0,30158.5,30108.25,30117.75,2132
2026-06-25 07:30:00-04:00,30118.75,30138.5,30099.0,30130.5,1737
2026-06-25 07:45:00-04:00,30132.0,30155.0,30114.0,30131.25,1722
2026-06-25 08:00:00-04:00,30130.25,30182.0,30121.0,30141.5,2959
2026-06-25 08:15:00-04:00,30141.75,30153.0,30117.0,30131.0,2029
2026-06-25 08:30:00-04:00,30130.75,30263.75,30126.0,30192.75,8503
2026-06-25 08:45:00-04:00,30193.75,30227.25,30187.75,30201.25,3067
2026-06-25 09:00:00-04:00,30202.75,30214.75,30143.5,30163.5,4419
2026-06-25 09:15:00-04:00,30165.0,30179.25,30130.0,30151.0,6224
2026-06-25 09:30:00-04:00,30153.25,30193.0,29747.0,29768.25,47895
2026-06-25 09:45:00-04:00,29768.25,29817.0,29295.75,29316.0,57558
2026-06-25 10:00:00-04:00,29316.75,29690.0,29306.5,29548.25,40414
2026-06-25 10:15:00-04:00,29547.25,29685.5,29477.25,29586.25,29380
2026-06-25 10:30:00-04:00,29586.0,29716.25,29564.25,29603.75,22357
2026-06-25 10:45:00-04:00,29604.0,29776.75,29562.0,29633.25,24406
2026-06-25 11:00:00-04:00,29633.25,29746.25,29509.75,29534.25,20747
2026-06-25 11:15:00-04:00,29534.0,29666.75,29462.5,29612.75,18641
2026-06-25 11:30:00-04:00,29614.5,29702.0,29605.5,29695.75,11734
2026-06-25 11:45:00-04:00,29695.5,29761.5,29652.0,29659.75,11734
2026-06-25 12:00:00-04:00,29661.75,29844.25,29643.75,29825.5,14511
2026-06-25 12:15:00-04:00,29826.5,29872.0,29732.0,29763.0,15402
2026-06-25 12:30:00-04:00,29765.0,29768.5,29638.0,29651.0,12619
2026-06-25 12:45:00-04:00,29650.0,29715.75,29586.5,29682.0,13438
2026-06-25 13:00:00-04:00,29681.5,29778.75,29671.75,29748.5,9766
2026-06-25 13:15:00-04:00,29747.75,29811.0,29674.0,29764.5,12293
2026-06-25 13:30:00-04:00,29764.75,29798.25,29720.0,29735.25,7509
2026-06-25 13:45:00-04:00,29735.5,29804.0,29681.25,29794.5,11371
2026-06-25 14:00:00-04:00,29793.75,29818.0,29678.75,29773.0,19874
2026-06-25 14:15:00-04:00,29772.5,29891.25,29747.5,29877.25,15184
2026-06-25 14:30:00-04:00,29877.25,29878.0,29739.25,29789.0,11982
2026-06-25 14:45:00-04:00,29789.25,29812.0,29703.25,29773.5,9342
2026-06-25 15:00:00-04:00,29773.75,29777.5,29661.0,29672.25,10040
2026-06-25 15:15:00-04:00,29670.25,29699.25,29626.0,29682.75,12540
2026-06-25 15:30:00-04:00,29682.75,29688.75,29620.5,29673.0,10432
2026-06-25 15:45:00-04:00,29672.75,29751.5,29616.25,29749.5,20634
2026-06-25 16:00:00-04:00,29748.75,29922.5,29747.75,29806.75,17702
2026-06-25 16:15:00-04:00,29806.5,29868.25,29804.0,29818.5,5194
2026-06-25 16:30:00-04:00,29820.5,29823.5,29770.0,29777.75,2160
2026-06-25 16:45:00-04:00,29778.75,29780.5,29750.25,29759.25,1182
2026-06-25 18:00:00-04:00,29742.0,29761.25,29624.5,29646.0,4293
2026-06-25 18:15:00-04:00,29646.0,29684.5,29614.0,29616.0,2931
2026-06-25 18:30:00-04:00,29617.75,29667.75,29605.5,29662.0,1947
2026-06-25 18:45:00-04:00,29661.75,29688.0,29640.75,29678.25,1679
2026-06-25 19:00:00-04:00,29678.75,29744.75,29668.0,29742.0,2012
2026-06-25 19:15:00-04:00,29743.0,29892.75,29733.5,29868.75,5307
2026-06-25 19:30:00-04:00,29868.5,29878.5,29763.0,29763.5,3811
2026-06-25 19:45:00-04:00,29763.5,29763.5,29666.25,29707.0,4204
2026-06-25 20:00:00-04:00,29704.25,29772.75,29683.0,29751.25,4272
2026-06-25 20:15:00-04:00,29752.25,29767.0,29650.25,29709.75,3317
2026-06-25 20:30:00-04:00,29707.75,29714.75,29644.25,29667.75,2683
2026-06-25 20:45:00-04:00,29669.0,29694.75,29615.75,29636.0,2022
2026-06-25 21:00:00-04:00,29638.0,29676.75,29565.75,29637.5,3524
2026-06-25 21:15:00-04:00,29637.0,29674.0,29603.75,29612.25,1637
2026-06-25 21:30:00-04:00,29614.75,29620.75,29505.25,29509.0,2914
2026-06-25 21:45:00-04:00,29507.0,29537.5,29461.75,29494.25,2757
2026-06-25 22:00:00-04:00,29494.0,29506.0,29443.0,29452.25,2268
2026-06-25 22:15:00-04:00,29453.75,29466.75,29393.75,29417.0,3291
2026-06-25 22:30:00-04:00,29417.0,29432.0,29330.0,29346.0,3168
2026-06-25 22:45:00-04:00,29347.0,29349.0,29230.0,29265.25,5586
2026-06-25 23:00:00-04:00,29267.25,29270.0,29215.25,29252.75,4141
2026-06-25 23:15:00-04:00,29252.0,29268.0,29228.75,29249.75,1870
2026-06-25 23:30:00-04:00,29247.5,29255.5,29160.5,29254.25,4624
2026-06-25 23:45:00-04:00,29255.5,29370.0,29239.75,29365.75,4712
2026-06-26 00:00:00-04:00,29366.75,29378.0,29326.25,29357.25,3492
2026-06-26 00:15:00-04:00,29357.5,29386.75,29277.5,29322.0,3197
2026-06-26 00:30:00-04:00,29322.5,29346.5,29278.0,29304.0,2777
2026-06-26 00:45:00-04:00,29304.75,29304.75,29252.25,29270.0,1958
2026-06-26 01:00:00-04:00,29270.75,29352.25,29255.5,29349.5,2509
2026-06-26 01:15:00-04:00,29349.25,29381.5,29314.75,29367.75,1976
2026-06-26 01:30:00-04:00,29370.25,29410.0,29312.25,29315.25,2618
2026-06-26 01:45:00-04:00,29317.5,29365.0,29300.0,29325.25,2116
2026-06-26 02:00:00-04:00,29326.5,29342.0,29289.0,29323.5,2377
2026-06-26 02:15:00-04:00,29326.0,29399.0,29322.5,29394.5,2554
2026-06-26 02:30:00-04:00,29395.5,29458.25,29380.0,29455.25,2556
2026-06-26 02:45:00-04:00,29454.0,29535.25,29447.25,29503.75,3644
2026-06-26 03:00:00-04:00,29502.25,29517.5,29435.0,29486.5,3024
2026-06-26 03:15:00-04:00,29484.75,29539.25,29478.0,29535.5,3270
2026-06-26 03:30:00-04:00,29538.5,29562.75,29506.0,29507.0,2296
2026-06-26 03:45:00-04:00,29508.0,29544.0,29495.25,29527.75,1712
2026-06-26 04:00:00-04:00,29528.25,29557.75,29457.25,29467.0,2945
2026-06-26 04:15:00-04:00,29469.25,29514.0,29456.75,29504.5,1605
2026-06-26 04:30:00-04:00,29504.5,29504.5,29444.25,29448.0,1643
2026-06-26 04:45:00-04:00,29445.75,29449.25,29364.0,29399.5,2723
2026-06-26 05:00:00-04:00,29400.75,29408.75,29364.0,29400.25,2390
2026-06-26 05:15:00-04:00,29397.5,29412.5,29344.0,29378.75,3257
2026-06-26 05:30:00-04:00,29379.25,29443.5,29355.75,29421.75,2062
2026-06-26 05:45:00-04:00,29422.0,29444.25,29365.5,29370.75,1706
2026-06-26 06:00:00-04:00,29372.5,29397.25,29317.75,29387.25,2140
2026-06-26 06:15:00-04:00,29386.5,29400.25,29344.5,29374.0,1350
2026-06-26 06:30:00-04:00,29372.25,29387.0,29340.25,29352.25,1318
2026-06-26 06:45:00-04:00,29354.25,29374.75,29342.5,29361.5,1060
2026-06-26 07:00:00-04:00,29363.25,29425.5,29351.75,29402.25,2377
2026-06-26 07:15:00-04:00,29402.25,29402.25,29357.0,29370.5,2002
2026-06-26 07:30:00-04:00,29370.5,29398.25,29360.0,29363.0,1958
2026-06-26 07:45:00-04:00,29363.5,29379.5,29304.75,29351.0,2735
2026-06-26 08:00:00-04:00,29350.0,29437.75,29336.25,29420.5,2881
2026-06-26 08:15:00-04:00,29420.5,29450.0,29373.25,29396.75,3018
2026-06-26 08:30:00-04:00,29392.0,29406.5,29320.0,29322.75,3616
2026-06-26 08:45:00-04:00,29324.25,29347.25,29298.25,29315.25,3642
2026-06-26 09:00:00-04:00,29317.25,29322.0,29249.0,29279.0,4456
2026-06-26 09:15:00-04:00,29278.25,29367.25,29211.25,29360.75,9053
2026-06-26 09:30:00-04:00,29362.5,29371.75,29181.5,29342.25,33709
2026-06-26 09:45:00-04:00,29343.5,29464.5,29235.5,29440.5,24448
2026-06-26 10:00:00-04:00,29444.0,29604.5,29414.0,29589.5,24220
2026-06-26 10:15:00-04:00,29588.25,29665.25,29520.5,29592.0,18973
2026-06-26 10:30:00-04:00,29593.5,29618.25,29455.5,29493.5,18308
2026-06-26 10:45:00-04:00,29493.75,29580.0,29466.0,29501.75,13163
2026-06-26 11:00:00-04:00,29505.25,29553.25,29438.0,29444.5,11064
2026-06-26 11:15:00-04:00,29446.5,29594.25,29408.75,29592.5,15189
2026-06-26 11:30:00-04:00,29591.75,29716.0,29567.0,29697.5,17106
2026-06-26 11:45:00-04:00,29696.75,29705.25,29531.0,29621.25,17773
2026-06-26 12:00:00-04:00,29620.75,29626.5,29518.75,29555.25,10532
2026-06-26 12:15:00-04:00,29555.0,29584.5,29493.75,29557.25,12113
2026-06-26 12:30:00-04:00,29559.25,29642.75,29559.0,29598.75,9539
2026-06-26 12:45:00-04:00,29599.25,29645.5,29585.75,29612.25,7638
2026-06-26 13:00:00-04:00,29612.0,29700.0,29595.0,29651.75,8687
2026-06-26 13:15:00-04:00,29652.0,29655.5,29575.25,29635.25,9414
2026-06-26 13:30:00-04:00,29634.5,29676.5,29558.25,29597.75,8698
2026-06-26 13:45:00-04:00,29596.75,29612.5,29535.75,29544.0,6547
2026-06-26 14:00:00-04:00,29545.25,29582.0,29524.75,29538.75,6731
2026-06-26 14:15:00-04:00,29539.0,29550.75,29456.5,29461.5,8760
2026-06-26 14:30:00-04:00,29462.75,29512.25,29454.0,29474.5,7836
2026-06-26 14:45:00-04:00,29475.5,29475.5,29388.75,29415.5,9820
2026-06-26 15:00:00-04:00,29417.0,29505.0,29395.25,29502.0,11268
2026-06-26 15:15:00-04:00,29501.5,29503.75,29420.0,29452.25,9379
2026-06-26 15:30:00-04:00,29451.25,29544.0,29429.25,29537.75,8835
2026-06-26 15:45:00-04:00,29538.5,29569.5,29283.75,29316.0,29471
2026-06-26 16:00:00-04:00,29318.0,29410.0,29266.25,29350.75,18426
2026-06-26 16:15:00-04:00,29352.5,29383.75,29339.75,29341.25,5558
2026-06-26 16:30:00-04:00,29341.25,29348.25,29256.75,29271.25,6005
2026-06-26 16:45:00-04:00,29271.25,29307.25,29255.0,29283.0,3002
2026-06-28 18:00:00-04:00,29282.5,29552.75,29280.25,29545.0,6291
2026-06-28 18:15:00-04:00,29546.0,29592.25,29498.0,29561.0,3134
2026-06-28 18:30:00-04:00,29560.75,29598.75,29560.75,29584.75,1685
2026-06-28 18:45:00-04:00,29584.5,29595.0,29556.0,29560.5,1108
2026-06-28 19:00:00-04:00,29558.25,29656.75,29548.75,29641.0,3338
2026-06-28 19:15:00-04:00,29639.0,29667.75,29626.0,29649.5,1537
2026-06-28 19:30:00-04:00,29650.75,29681.5,29650.5,29668.5,1341
2026-06-28 19:45:00-04:00,29667.75,29683.25,29612.5,29617.0,2346
2026-06-28 20:00:00-04:00,29621.0,29622.0,29494.5,29514.75,5816
2026-06-28 20:15:00-04:00,29514.0,29530.25,29375.75,29379.0,5178
2026-06-28 20:30:00-04:00,29380.0,29461.25,29363.25,29456.75,4213
2026-06-28 20:45:00-04:00,29455.75,29505.25,29378.0,29494.0,3369
2026-06-28 21:00:00-04:00,29494.0,29522.25,29452.0,29500.5,2511
2026-06-28 21:15:00-04:00,29499.75,29506.5,29434.5,29440.25,2347
2026-06-28 21:30:00-04:00,29441.75,29558.25,29420.25,29545.5,2923
2026-06-28 21:45:00-04:00,29546.25,29554.25,29509.0,29516.25,1701
2026-06-28 22:00:00-04:00,29518.5,29525.75,29393.75,29398.0,2538
2026-06-28 22:15:00-04:00,29397.75,29532.0,29389.0,29525.0,2407
2026-06-28 22:30:00-04:00,29524.5,29538.5,29503.0,29532.0,1156
2026-06-28 22:45:00-04:00,29534.75,29544.25,29512.5,29523.25,1017
2026-06-28 23:00:00-04:00,29525.75,29579.0,29525.75,29544.75,1714
2026-06-28 23:15:00-04:00,29543.75,29567.75,29536.0,29555.25,865
2026-06-28 23:30:00-04:00,29556.5,29568.25,29482.25,29500.5,1756
2026-06-28 23:45:00-04:00,29496.0,29605.75,29492.0,29593.0,2296
2026-06-29 00:00:00-04:00,29592.0,29593.25,29553.5,29562.0,1262
2026-06-29 00:15:00-04:00,29560.25,29575.75,29523.75,29539.5,1884
2026-06-29 00:30:00-04:00,29541.75,29553.75,29505.0,29521.25,1182
2026-06-29 00:45:00-04:00,29524.0,29555.0,29505.0,29518.0,1236
2026-06-29 01:00:00-04:00,29520.0,29538.25,29491.5,29537.75,1487
2026-06-29 01:15:00-04:00,29535.5,29557.5,29509.25,29533.0,1175
2026-06-29 01:30:00-04:00,29534.5,29629.75,29525.5,29621.25,1690
2026-06-29 01:45:00-04:00,29620.25,29672.25,29602.25,29670.75,2717
2026-06-29 02:00:00-04:00,29670.25,29676.75,29590.0,29613.25,2167
2026-06-29 02:15:00-04:00,29614.75,29661.25,29614.75,29647.75,1424
2026-06-29 02:30:00-04:00,29651.0,29684.75,29646.75,29666.75,2043
2026-06-29 02:45:00-04:00,29666.0,29670.25,29616.5,29631.5,1348
2026-06-29 03:00:00-04:00,29631.5,29633.75,29575.75,29616.0,2086
2026-06-29 03:15:00-04:00,29617.5,29655.75,29615.75,29643.75,1517
2026-06-29 03:30:00-04:00,29644.5,29679.0,29627.0,29666.5,1059
2026-06-29 03:45:00-04:00,29665.25,29698.5,29654.75,29664.25,1634
2026-06-29 04:00:00-04:00,29663.5,29714.25,29657.0,29686.25,1987
2026-06-29 04:15:00-04:00,29685.5,29732.75,29678.25,29694.75,1999
2026-06-29 04:30:00-04:00,29694.25,29720.75,29676.0,29685.75,1624
2026-06-29 04:45:00-04:00,29685.0,29706.75,29652.75,29660.25,1160
2026-06-29 05:00:00-04:00,29658.75,29671.75,29640.5,29658.0,990
2026-06-29 05:15:00-04:00,29654.5,29688.25,29646.75,29677.75,980
2026-06-29 05:30:00-04:00,29680.0,29686.5,29645.0,29657.75,1212
2026-06-29 05:45:00-04:00,29657.5,29673.25,29620.0,29664.0,1987
2026-06-29 06:00:00-04:00,29666.25,29722.5,29666.25,29688.0,1633
2026-06-29 06:15:00-04:00,29686.0,29717.5,29668.75,29717.5,1163
2026-06-29 06:30:00-04:00,29716.75,29744.0,29707.25,29728.0,1774
2026-06-29 06:45:00-04:00,29726.25,29746.0,29699.5,29740.5,1648
2026-06-29 07:00:00-04:00,29742.25,29758.0,29708.5,29711.75,2135
2026-06-29 07:15:00-04:00,29712.25,29720.5,29683.5,29710.25,1734
2026-06-29 07:30:00-04:00,29709.75,29759.75,29697.0,29708.75,2477
2026-06-29 07:45:00-04:00,29709.0,29730.0,29698.5,29705.5,1100
2026-06-29 08:00:00-04:00,29705.25,29733.75,29691.75,29728.25,1546
2026-06-29 08:15:00-04:00,29727.25,29739.25,29707.5,29716.75,1198
2026-06-29 08:30:00-04:00,29717.5,29730.75,29650.25,29674.5,2789
2026-06-29 08:45:00-04:00,29675.0,29705.5,29664.0,29705.0,1899
2026-06-29 09:00:00-04:00,29705.75,29733.25,29699.5,29727.25,1848
2026-06-29 09:15:00-04:00,29726.75,29733.0,29628.0,29643.25,4408
2026-06-29 09:30:00-04:00,29643.0,29795.0,29557.0,29786.75,30654
2026-06-29 09:45:00-04:00,29786.0,29840.0,29578.0,29617.75,26405
2026-06-29 10:00:00-04:00,29618.75,29631.5,29328.0,29329.75,31456
2026-06-29 10:15:00-04:00,29329.25,29551.0,29273.75,29546.0,31821
2026-06-29 10:30:00-04:00,29544.25,29652.5,29525.75,29580.25,21280
2026-06-29 10:45:00-04:00,29578.0,29716.5,29497.25,29713.75,19365
2026-06-29 11:00:00-04:00,29714.25,29735.0,29663.75,29724.5,15451
2026-06-29 11:15:00-04:00,29725.5,29775.25,29659.25,29771.0,14292
2026-06-29 11:30:00-04:00,29770.0,29823.0,29734.75,29819.5,13878
2026-06-29 11:45:00-04:00,29818.75,29847.25,29778.0,29838.75,11450
2026-06-29 12:00:00-04:00,29839.75,29879.25,29834.25,29848.5,10470
2026-06-29 12:15:00-04:00,29849.25,29907.5,29848.0,29871.25,10502
2026-06-29 12:30:00-04:00,29871.0,29910.5,29843.25,29906.5,8941
2026-06-29 12:45:00-04:00,29906.5,29932.5,29892.75,29915.5,8686
2026-06-29 13:00:00-04:00,29916.0,30001.0,29915.75,29988.0,9513
2026-06-29 13:15:00-04:00,29988.75,30014.5,29950.0,30011.0,11085
2026-06-29 13:30:00-04:00,30012.25,30038.25,29987.0,30005.25,8039
2026-06-29 13:45:00-04:00,30005.25,30029.75,29989.75,30003.5,6542
2026-06-29 14:00:00-04:00,30004.0,30024.25,29993.0,30021.0,6555
2026-06-29 14:15:00-04:00,30020.5,30024.75,29986.5,29992.25,6647
2026-06-29 14:30:00-04:00,29992.25,30057.0,29988.75,30053.75,8226
2026-06-29 14:45:00-04:00,30054.25,30069.5,30025.75,30032.25,7789
2026-06-29 15:00:00-04:00,30032.75,30045.0,29997.0,30013.75,10387
2026-06-29 15:15:00-04:00,30013.5,30058.5,30006.25,30025.0,8732
2026-06-29 15:30:00-04:00,30025.5,30047.25,30004.25,30020.75,8495
2026-06-29 15:45:00-04:00,30020.0,30069.0,29973.75,30046.25,25356
2026-06-29 16:00:00-04:00,30046.75,30051.75,29995.5,30025.75,11545
2026-06-29 16:15:00-04:00,30025.5,30037.0,30016.0,30020.5,1913
2026-06-29 16:30:00-04:00,30021.0,30021.5,29995.25,30004.0,1410
2026-06-29 16:45:00-04:00,30005.0,30014.5,29991.25,29995.0,1343
2026-06-29 18:00:00-04:00,30007.25,30033.25,29970.25,30012.5,2789
2026-06-29 18:15:00-04:00,30012.5,30035.5,30003.5,30010.75,990
2026-06-29 18:30:00-04:00,30012.0,30029.25,29991.5,30021.0,1166
2026-06-29 18:45:00-04:00,30022.75,30024.25,30003.0,30012.25,658
2026-06-29 19:00:00-04:00,30011.25,30045.75,30006.0,30030.0,1296
2026-06-29 19:15:00-04:00,30031.0,30043.0,30023.75,30035.75,804
2026-06-29 19:30:00-04:00,30035.0,30054.0,30026.0,30044.0,854
2026-06-29 19:45:00-04:00,30044.25,30050.5,30018.0,30041.0,1262
2026-06-29 20:00:00-04:00,30040.0,30085.0,30010.5,30066.5,2625
2026-06-29 20:15:00-04:00,30065.0,30086.0,29986.5,29997.75,2293
2026-06-29 20:30:00-04:00,29997.25,30003.5,29936.25,29942.25,3649
2026-06-29 20:45:00-04:00,29942.25,30015.5,29934.75,30009.5,2721
2026-06-29 21:00:00-04:00,30010.75,30020.0,29951.0,29968.0,2441
2026-06-29 21:15:00-04:00,29968.0,30064.75,29960.0,30064.25,2243
2026-06-29 21:30:00-04:00,30066.25,30079.25,30014.0,30048.75,2735
2026-06-29 21:45:00-04:00,30048.75,30056.5,30015.0,30053.25,1356
2026-06-29 22:00:00-04:00,30054.5,30056.75,30000.5,30006.25,1234
2026-06-29 22:15:00-04:00,30008.25,30040.25,29977.5,30029.5,1533
2026-06-29 22:30:00-04:00,30028.25,30052.0,30016.75,30022.25,1186
2026-06-29 22:45:00-04:00,30023.25,30042.75,30016.75,30020.25,854
2026-06-29 23:00:00-04:00,30021.5,30045.25,30011.0,30032.5,832
2026-06-29 23:15:00-04:00,30033.25,30065.5,30033.25,30062.0,898
2026-06-29 23:30:00-04:00,30062.0,30129.5,30057.0,30117.25,2131
2026-06-29 23:45:00-04:00,30116.0,30130.75,30091.0,30095.0,1418
2026-06-30 00:00:00-04:00,30095.5,30150.75,30094.75,30138.25,1627
2026-06-30 00:15:00-04:00,30139.25,30170.0,30131.25,30169.25,1216
2026-06-30 00:30:00-04:00,30169.25,30202.75,30162.5,30201.5,1963
2026-06-30 00:45:00-04:00,30200.5,30209.5,30183.75,30186.5,1604
2026-06-30 01:00:00-04:00,30187.75,30217.0,30182.5,30194.0,1577
2026-06-30 01:15:00-04:00,30191.5,30195.5,30155.0,30160.75,1956
2026-06-30 01:30:00-04:00,30163.0,30164.5,30117.0,30145.75,2437
2026-06-30 01:45:00-04:00,30146.75,30170.25,30142.5,30167.0,1192
2026-06-30 02:00:00-04:00,30167.75,30173.25,30146.25,30151.25,1803
2026-06-30 02:15:00-04:00,30152.5,30154.0,30118.25,30144.5,1819
2026-06-30 02:30:00-04:00,30142.75,30148.5,30098.0,30106.75,1902
2026-06-30 02:45:00-04:00,30104.25,30134.0,30102.5,30132.5,1093
2026-06-30 03:00:00-04:00,30133.25,30151.25,30106.5,30112.0,1711
2026-06-30 03:15:00-04:00,30113.25,30134.75,30110.0,30117.0,845
2026-06-30 03:30:00-04:00,30117.5,30131.0,30103.0,30106.25,914
2026-06-30 03:45:00-04:00,30106.25,30106.75,30069.25,30081.25,1787
2026-06-30 04:00:00-04:00,30081.0,30127.75,30067.0,30089.0,2377
2026-06-30 04:15:00-04:00,30089.5,30127.25,30069.25,30125.75,1577
2026-06-30 04:30:00-04:00,30124.0,30135.0,30018.75,30046.5,2561
2026-06-30 04:45:00-04:00,30047.75,30073.75,30022.25,30069.25,1377
2026-06-30 05:00:00-04:00,30071.25,30083.25,30059.0,30075.25,1125
2026-06-30 05:15:00-04:00,30074.5,30088.0,30059.25,30059.25,1042
2026-06-30 05:30:00-04:00,30060.0,30079.25,30034.5,30072.0,1223
2026-06-30 05:45:00-04:00,30071.0,30093.75,30071.0,30082.5,1125
2026-06-30 06:00:00-04:00,30083.0,30103.0,30068.25,30101.75,1611
2026-06-30 06:15:00-04:00,30101.0,30118.25,30099.5,30116.25,1705
2026-06-30 06:30:00-04:00,30115.25,30117.0,30086.5,30101.25,1225
2026-06-30 06:45:00-04:00,30102.75,30151.5,30091.0,30139.75,2122
2026-06-30 07:00:00-04:00,30141.25,30170.0,30129.0,30164.5,2220
2026-06-30 07:15:00-04:00,30164.5,30168.5,30114.25,30134.25,2177
2026-06-30 07:30:00-04:00,30134.75,30155.5,30120.25,30149.25,1282
2026-06-30 07:45:00-04:00,30149.0,30175.5,30136.0,30137.0,2026
2026-06-30 08:00:00-04:00,30139.0,30142.75,30083.75,30090.0,3213
2026-06-30 08:15:00-04:00,30090.5,30096.0,30036.75,30039.5,3173
2026-06-30 08:30:00-04:00,30037.5,30059.5,30004.75,30048.5,3671
2026-06-30 08:45:00-04:00,30047.25,30054.25,30008.25,30013.5,2989
2026-06-30 09:00:00-04:00,30014.25,30045.75,30006.0,30029.5,3955
2026-06-30 09:15:00-04:00,30029.75,30052.25,29997.0,30047.0,6566
2026-06-30 09:30:00-04:00,30047.5,30264.0,30033.0,30215.75,38753
2026-06-30 09:45:00-04:00,30212.75,30366.75,30190.75,30366.75,25456
2026-06-30 10:00:00-04:00,30366.75,30393.75,30274.5,30354.5,24718
2026-06-30 10:15:00-04:00,30352.75,30424.5,30332.75,30410.25,17039
2026-06-30 10:30:00-04:00,30410.75,30442.5,30369.5,30411.75,16025
2026-06-30 10:45:00-04:00,30412.75,30412.75,30282.25,30305.25,17212
2026-06-30 11:00:00-04:00,30305.25,30410.0,30299.75,30401.5,13368
2026-06-30 11:15:00-04:00,30400.5,30416.0,30369.0,30410.75,8247
2026-06-30 11:30:00-04:00,30410.25,30433.5,30393.75,30415.5,9557
2026-06-30 11:45:00-04:00,30415.75,30482.0,30415.0,30459.75,12190
2026-06-30 12:00:00-04:00,30460.5,30496.0,30452.5,30487.75,8546
2026-06-30 12:15:00-04:00,30487.75,30509.0,30482.25,30494.25,8360
2026-06-30 12:30:00-04:00,30495.0,30514.0,30477.5,30511.75,6787
2026-06-30 12:45:00-04:00,30511.75,30546.5,30509.5,30528.0,9034
2026-06-30 13:00:00-04:00,30528.25,30562.75,30525.75,30535.0,7880
2026-06-30 13:15:00-04:00,30536.25,30554.25,30524.75,30530.0,8003
2026-06-30 13:30:00-04:00,30530.75,30545.25,30515.75,30543.25,6928
2026-06-30 13:45:00-04:00,30543.0,30545.75,30515.75,30524.5,5770
2026-06-30 14:00:00-04:00,30524.75,30540.25,30498.75,30525.5,6819
2026-06-30 14:15:00-04:00,30525.25,30549.0,30519.0,30533.75,5644
2026-06-30 14:30:00-04:00,30533.5,30557.75,30523.0,30554.0,5784
2026-06-30 14:45:00-04:00,30554.0,30575.25,30542.5,30554.5,8351
2026-06-30 15:00:00-04:00,30554.0,30593.0,30552.0,30591.5,7947
2026-06-30 15:15:00-04:00,30591.0,30599.75,30567.75,30575.5,8400
2026-06-30 15:30:00-04:00,30575.25,30583.5,30548.75,30577.25,10576
2026-06-30 15:45:00-04:00,30577.5,30594.0,30510.0,30513.5,35701
2026-06-30 16:00:00-04:00,30513.75,30543.0,30503.75,30505.75,14096
2026-06-30 16:15:00-04:00,30505.5,30513.25,30494.0,30504.25,4064
2026-06-30 16:30:00-04:00,30504.0,30510.5,30491.75,30496.0,1758
2026-06-30 16:45:00-04:00,30495.75,30503.0,30484.75,30500.75,1723
2026-06-30 18:00:00-04:00,30505.75,30528.5,30492.25,30516.25,2389
2026-06-30 18:15:00-04:00,30515.0,30536.0,30514.5,30532.75,848
2026-06-30 18:30:00-04:00,30531.25,30531.5,30506.5,30517.0,1007
2026-06-30 18:45:00-04:00,30515.25,30516.25,30497.5,30510.0,869
2026-06-30 19:00:00-04:00,30511.5,30540.25,30509.75,30522.5,1262
2026-06-30 19:15:00-04:00,30523.5,30540.0,30517.5,30526.0,832
2026-06-30 19:30:00-04:00,30525.25,30543.5,30522.0,30528.5,830
2026-06-30 19:45:00-04:00,30529.5,30543.25,30516.25,30534.0,1068
2026-06-30 20:00:00-04:00,30535.25,30553.75,30514.75,30528.25,2945
2026-06-30 20:15:00-04:00,30531.0,30540.75,30507.0,30536.5,1977
2026-06-30 20:30:00-04:00,30536.75,30549.25,30527.5,30538.0,1357
2026-06-30 20:45:00-04:00,30539.75,30547.0,30523.75,30524.0,897
2026-06-30 21:00:00-04:00,30523.75,30530.25,30471.75,30497.25,2726
2026-06-30 21:15:00-04:00,30500.0,30506.75,30466.75,30486.0,2698
2026-06-30 21:30:00-04:00,30486.5,30504.0,30468.0,30474.75,1944
2026-06-30 21:45:00-04:00,30474.75,30483.0,30450.5,30453.5,1844
2026-06-30 22:00:00-04:00,30453.5,30456.25,30386.5,30392.5,2758
2026-06-30 22:15:00-04:00,30391.25,30423.0,30367.75,30421.0,2371
2026-06-30 22:30:00-04:00,30421.25,30446.0,30408.25,30440.0,1590
2026-06-30 22:45:00-04:00,30440.75,30442.5,30424.75,30438.5,827
2026-06-30 23:00:00-04:00,30438.5,30465.0,30432.75,30462.25,1158
2026-06-30 23:15:00-04:00,30461.75,30466.0,30429.5,30437.25,1268
2026-06-30 23:30:00-04:00,30439.5,30468.0,30431.75,30448.75,1127
2026-06-30 23:45:00-04:00,30450.25,30477.75,30449.75,30467.0,809
2026-07-01 00:00:00-04:00,30467.25,30467.5,30433.25,30437.0,1024
2026-07-01 00:15:00-04:00,30436.5,30456.0,30429.0,30451.0,997
2026-07-01 00:30:00-04:00,30452.25,30460.75,30432.75,30451.25,684
2026-07-01 00:45:00-04:00,30454.25,30474.5,30441.5,30443.5,882
2026-07-01 01:00:00-04:00,30445.75,30463.0,30435.5,30446.5,675
2026-07-01 01:15:00-04:00,30444.25,30450.75,30429.25,30436.75,867
2026-07-01 01:30:00-04:00,30436.0,30452.25,30422.25,30436.5,1007
2026-07-01 01:45:00-04:00,30435.5,30445.25,30424.0,30429.5,599
2026-07-01 02:00:00-04:00,30430.0,30444.0,30405.0,30408.25,2052
2026-07-01 02:15:00-04:00,30408.0,30416.5,30364.5,30395.0,2952
2026-07-01 02:30:00-04:00,30396.0,30410.0,30383.5,30407.25,1637
2026-07-01 02:45:00-04:00,30407.25,30419.75,30381.0,30391.5,1755
2026-07-01 03:00:00-04:00,30391.75,30394.75,30328.0,30334.25,3518
2026-07-01 03:15:00-04:00,30334.0,30358.5,30299.0,30350.0,3335
2026-07-01 03:30:00-04:00,30350.0,30369.25,30345.0,30356.0,1510
2026-07-01 03:45:00-04:00,30357.25,30383.75,30348.0,30374.0,1608
2026-07-01 04:00:00-04:00,30374.75,30376.75,30333.75,30358.5,2382
2026-07-01 04:15:00-04:00,30357.0,30367.25,30321.75,30331.0,1548
2026-07-01 04:30:00-04:00,30330.25,30366.25,30317.5,30359.0,1342
2026-07-01 04:45:00-04:00,30358.0,30378.0,30345.5,30377.0,768
2026-07-01 05:00:00-04:00,30376.25,30377.75,30338.75,30349.5,1181
2026-07-01 05:15:00-04:00,30349.25,30363.75,30344.0,30354.5,682
2026-07-01 05:30:00-04:00,30354.5,30365.0,30347.5,30359.0,359
2026-07-01 05:45:00-04:00,30359.25,30386.25,30359.0,30385.0,822
2026-07-01 06:00:00-04:00,30384.75,30389.75,30351.75,30361.25,1363
2026-07-01 06:15:00-04:00,30363.5,30397.5,30360.0,30395.0,1213
2026-07-01 06:30:00-04:00,30394.5,30401.0,30364.25,30387.25,1563
2026-07-01 06:45:00-04:00,30386.75,30414.5,30384.0,30407.75,1233
2026-07-01 07:00:00-04:00,30406.75,30435.25,30406.75,30413.0,1916
2026-07-01 07:15:00-04:00,30414.25,30419.75,30396.25,30398.75,1338
2026-07-01 07:30:00-04:00,30399.0,30402.0,30373.75,30396.75,1821
2026-07-01 07:45:00-04:00,30395.75,30396.75,30355.0,30362.75,1831
2026-07-01 08:00:00-04:00,30363.0,30373.75,30332.5,30358.25,2331
2026-07-01 08:15:00-04:00,30359.75,30387.75,30359.75,30369.5,2226
2026-07-01 08:30:00-04:00,30368.5,30395.0,30243.75,30271.5,12346
2026-07-01 08:45:00-04:00,30271.5,30287.25,30233.25,30268.75,8266
2026-07-01 09:00:00-04:00,30267.75,30307.0,30240.0,30254.25,6070
2026-07-01 09:15:00-04:00,30254.5,30314.5,30213.0,30235.5,9895
2026-07-01 09:30:00-04:00,30235.75,30260.0,30087.75,30141.25,49146
2026-07-01 09:45:00-04:00,30141.75,30285.0,30111.75,30283.75,27946
2026-07-01 10:00:00-04:00,30280.0,30327.25,30244.25,30287.5,20562
2026-07-01 10:15:00-04:00,30287.0,30314.75,30250.75,30284.75,14329
2026-07-01 10:30:00-04:00,30284.5,30289.25,30202.0,30202.0,19889
2026-07-01 10:45:00-04:00,30201.75,30242.25,30137.25,30192.25,20038
2026-07-01 11:00:00-04:00,30193.0,30271.0,30186.0,30261.75,16110
2026-07-01 11:15:00-04:00,30262.25,30346.0,30262.25,30343.25,14875
2026-07-01 11:30:00-04:00,30342.5,30356.5,30278.25,30291.25,12004
2026-07-01 11:45:00-04:00,30291.5,30296.5,30228.0,30254.75,11371
2026-07-01 12:00:00-04:00,30255.0,30278.25,30223.25,30242.25,8720
2026-07-01 12:15:00-04:00,30241.25,30284.25,30217.25,30245.75,7934
2026-07-01 12:30:00-04:00,30245.75,30263.0,30201.75,30223.75,7290
2026-07-01 12:45:00-04:00,30223.25,30241.5,30172.75,30190.25,8744
2026-07-01 13:00:00-04:00,30190.0,30217.5,30152.25,30198.0,9772
2026-07-01 13:15:00-04:00,30197.5,30240.5,30188.25,30210.0,7257
2026-07-01 13:30:00-04:00,30209.25,30223.5,30184.5,30188.25,6224
2026-07-01 13:45:00-04:00,30189.25,30207.5,30157.5,30163.75,7154
2026-07-01 14:00:00-04:00,30164.25,30190.0,30153.5,30155.5,6345
2026-07-01 14:15:00-04:00,30155.0,30182.25,30137.75,30159.5,7175
2026-07-01 14:30:00-04:00,30158.75,30174.75,30132.5,30145.25,6424
2026-07-01 14:45:00-04:00,30145.25,30145.5,30099.0,30132.75,9303
2026-07-01 15:00:00-04:00,30132.75,30217.0,30127.25,30186.75,10947
2026-07-01 15:15:00-04:00,30187.25,30210.75,30168.0,30190.0,7690
2026-07-01 15:30:00-04:00,30190.0,30231.5,30134.25,30143.25,10746
2026-07-01 15:45:00-04:00,30143.5,30161.75,30054.0,30080.75,29802
2026-07-01 16:00:00-04:00,30080.75,30086.25,30008.5,30060.75,16896
2026-07-01 16:15:00-04:00,30060.25,30065.25,30026.25,30052.5,3254
2026-07-01 16:30:00-04:00,30052.5,30057.75,30020.5,30051.75,2473
2026-07-01 16:45:00-04:00,30052.75,30075.0,30041.5,30064.25,1772
2026-07-01 18:00:00-04:00,30089.75,30109.75,30052.25,30052.25,2167
2026-07-01 18:15:00-04:00,30054.5,30102.5,30051.5,30094.75,1300
2026-07-01 18:30:00-04:00,30095.0,30113.0,30091.75,30102.75,1151
2026-07-01 18:45:00-04:00,30104.75,30118.0,30081.25,30107.25,1127
2026-07-01 19:00:00-04:00,30108.25,30111.0,30060.75,30063.5,1367
2026-07-01 19:15:00-04:00,30063.0,30069.0,30054.0,30067.25,1011
2026-07-01 19:30:00-04:00,30068.75,30075.25,30041.5,30071.75,1236
2026-07-01 19:45:00-04:00,30073.75,30073.75,30010.25,30042.75,1823
2026-07-01 20:00:00-04:00,30046.0,30046.0,29952.5,29998.75,4263
2026-07-01 20:15:00-04:00,30002.0,30068.0,29975.75,30062.5,2370
2026-07-01 20:30:00-04:00,30063.25,30080.75,30011.0,30013.0,2080
2026-07-01 20:45:00-04:00,30012.25,30117.25,30006.5,30110.25,2588
2026-07-01 21:00:00-04:00,30110.5,30191.0,30098.0,30186.75,2834
2026-07-01 21:15:00-04:00,30186.5,30205.25,30166.25,30194.25,1962
2026-07-01 21:30:00-04:00,30195.25,30229.0,30189.25,30215.0,1855
2026-07-01 21:45:00-04:00,30214.0,30226.75,30197.0,30203.75,1246
2026-07-01 22:00:00-04:00,30203.75,30230.25,30190.0,30228.5,1509
2026-07-01 22:15:00-04:00,30230.0,30239.5,30185.5,30191.0,1524
2026-07-01 22:30:00-04:00,30193.25,30218.0,30180.75,30208.25,1336
2026-07-01 22:45:00-04:00,30209.25,30230.0,30191.25,30207.5,1334
2026-07-01 23:00:00-04:00,30208.25,30212.75,30158.25,30178.0,1370
2026-07-01 23:15:00-04:00,30177.75,30185.0,30134.5,30151.0,1336
2026-07-01 23:30:00-04:00,30151.25,30197.0,30145.0,30158.0,1590
2026-07-01 23:45:00-04:00,30157.75,30185.0,30138.25,30172.0,1131
2026-07-02 00:00:00-04:00,30173.5,30188.25,30127.25,30127.5,997
2026-07-02 00:15:00-04:00,30127.5,30141.75,30102.75,30135.5,1276
2026-07-02 00:30:00-04:00,30134.5,30135.75,30064.25,30068.75,1707
2026-07-02 00:45:00-04:00,30066.0,30122.25,30050.0,30111.25,1670
2026-07-02 01:00:00-04:00,30114.0,30154.25,30094.25,30145.5,1691
2026-07-02 01:15:00-04:00,30145.5,30159.75,30112.75,30115.5,1320
2026-07-02 01:30:00-04:00,30115.75,30116.75,30047.0,30053.5,2197
2026-07-02 01:45:00-04:00,30053.75,30073.0,30037.25,30051.0,1756
2026-07-02 02:00:00-04:00,30052.0,30066.0,29954.5,29954.5,2986
2026-07-02 02:15:00-04:00,29954.0,29995.0,29947.0,29952.75,2429
2026-07-02 02:30:00-04:00,29953.75,30007.5,29953.75,29971.75,1604
2026-07-02 02:45:00-04:00,29975.0,29978.0,29895.0,29919.75,3875
2026-07-02 03:00:00-04:00,29921.25,29937.5,29832.25,29833.0,3603
2026-07-02 03:15:00-04:00,29836.75,29872.75,29826.25,29863.75,2460
2026-07-02 03:30:00-04:00,29866.0,29943.5,29858.75,29939.5,2739
2026-07-02 03:45:00-04:00,29939.75,29944.5,29884.5,29891.25,1888
2026-07-02 04:00:00-04:00,29893.5,29927.0,29827.25,29841.0,2702
2026-07-02 04:15:00-04:00,29844.25,29941.75,29839.25,29926.25,1774
2026-07-02 04:30:00-04:00,29924.5,30014.5,29916.25,29980.75,3189
2026-07-02 04:45:00-04:00,29982.0,30038.25,29970.25,30033.0,2065
2026-07-02 05:00:00-04:00,30032.75,30033.5,29961.0,29984.0,1852
2026-07-02 05:15:00-04:00,29984.5,29987.25,29943.5,29983.25,1705
2026-07-02 05:30:00-04:00,29982.5,30015.0,29978.0,29998.75,1776
2026-07-02 05:45:00-04:00,29998.25,29998.25,29952.0,29957.75,1062
2026-07-02 06:00:00-04:00,29959.5,29959.75,29920.0,29934.5,1628
2026-07-02 06:15:00-04:00,29932.0,29961.25,29924.25,29948.0,1001
2026-07-02 06:30:00-04:00,29948.0,30005.5,29948.0,29978.5,2139
2026-07-02 06:45:00-04:00,29979.25,30008.5,29972.0,30005.75,1103
2026-07-02 07:00:00-04:00,30005.25,30021.5,29967.5,30007.0,2735
2026-07-02 07:15:00-04:00,30005.75,30014.0,29967.0,30005.75,1624
2026-07-02 07:30:00-04:00,30006.0,30064.75,29990.75,30057.5,2477
2026-07-02 07:45:00-04:00,30058.0,30079.0,30034.0,30034.25,2808
2026-07-02 08:00:00-04:00,30035.25,30140.75,30022.25,30131.25,3467
2026-07-02 08:15:00-04:00,30131.75,30190.25,30127.25,30182.75,3763
2026-07-02 08:30:00-04:00,30183.0,30320.0,30175.0,30241.5,12714
2026-07-02 08:45:00-04:00,30242.5,30265.25,30155.0,30182.75,6588
2026-07-02 09:00:00-04:00,30185.0,30215.0,30118.0,30142.0,7467
2026-07-02 09:15:00-04:00,30141.5,30184.0,30073.5,30076.25,7531
2026-07-02 09:30:00-04:00,30076.25,30188.75,30007.75,30124.25,38183
2026-07-02 09:45:00-04:00,30127.0,30263.0,30102.0,30257.75,24267
2026-07-02 10:00:00-04:00,30258.0,30293.5,30131.5,30215.5,21047
2026-07-02 10:15:00-04:00,30216.25,30226.5,29910.75,29935.0,30097
2026-07-02 10:30:00-04:00,29935.0,30006.25,29777.0,29809.5,33576
2026-07-02 10:45:00-04:00,29810.0,29868.25,29730.75,29840.25,23680
2026-07-02 11:00:00-04:00,29840.25,29852.0,29629.0,29716.5,23102
2026-07-02 11:15:00-04:00,29718.75,29748.25,29610.75,29672.5,19645
2026-07-02 11:30:00-04:00,29671.0,29817.25,29667.75,29711.75,15804
2026-07-02 11:45:00-04:00,29710.0,29747.75,29636.25,29676.0,14103
2026-07-02 12:00:00-04:00,29676.75,29688.25,29585.0,29646.75,15343
2026-07-02 12:15:00-04:00,29649.25,29653.25,29548.0,29558.75,13269
2026-07-02 12:30:00-04:00,29559.0,29563.25,29453.25,29539.0,20048
2026-07-02 12:45:00-04:00,29537.0,29542.5,29434.0,29462.25,13035
2026-07-02 13:00:00-04:00,29461.0,29482.5,29387.5,29454.0,15991
2026-07-02 13:15:00-04:00,29453.75,29482.75,29421.75,29447.5,9916
2026-07-02 13:30:00-04:00,29447.75,29473.25,29355.75,29404.75,11781
2026-07-02 13:45:00-04:00,29405.5,29408.5,29328.5,29338.5,10450
2026-07-02 14:00:00-04:00,29339.5,29503.25,29330.5,29459.25,15320
2026-07-02 14:15:00-04:00,29460.75,29489.25,29409.75,29488.0,10663
2026-07-02 14:30:00-04:00,29487.75,29525.0,29464.25,29481.0,9728
2026-07-02 14:45:00-04:00,29480.75,29528.0,29439.25,29489.0,11262
2026-07-02 15:00:00-04:00,29488.75,29503.25,29381.5,29413.0,12087
2026-07-02 15:15:00-04:00,29412.5,29445.0,29349.5,29421.75,10075
2026-07-02 15:30:00-04:00,29422.5,29475.5,29412.0,29454.25,11149
2026-07-02 15:45:00-04:00,29454.5,29588.0,29432.0,29538.25,29607
2026-07-02 16:00:00-04:00,29538.0,29553.0,29514.0,29545.5,11793
2026-07-02 16:15:00-04:00,29546.25,29561.75,29533.0,29548.0,3317
2026-07-02 16:30:00-04:00,29549.5,29564.75,29537.75,29541.75,2017
2026-07-02 16:45:00-04:00,29542.25,29558.75,29536.25,29551.75,1837
2026-07-02 18:00:00-04:00,29566.0,29591.5,29559.25,29580.25,1156
2026-07-02 18:15:00-04:00,29581.0,29598.0,29576.75,29578.5,767
2026-07-02 18:30:00-04:00,29578.25,29621.5,29568.0,29620.5,1196
2026-07-02 18:45:00-04:00,29620.5,29622.25,29609.5,29618.75,444
2026-07-02 19:00:00-04:00,29615.75,29617.25,29553.75,29558.5,1376
2026-07-02 19:15:00-04:00,29560.5,29608.0,29552.0,29602.0,1516
2026-07-02 19:30:00-04:00,29600.0,29618.75,29571.25,29571.25,1189
2026-07-02 19:45:00-04:00,29573.0,29610.5,29565.5,29600.5,855
2026-07-02 20:00:00-04:00,29598.75,29638.75,29541.0,29617.0,2575
2026-07-02 20:15:00-04:00,29615.0,29621.25,29558.0,29561.5,1442
2026-07-02 20:30:00-04:00,29561.25,29601.5,29534.0,29554.5,1463
2026-07-02 20:45:00-04:00,29552.75,29572.25,29522.0,29536.5,1220
2026-07-02 21:00:00-04:00,29539.5,29697.5,29535.25,29673.0,2968
2026-07-02 21:15:00-04:00,29673.5,29680.5,29646.5,29655.0,1108
2026-07-02 21:30:00-04:00,29655.0,29683.25,29643.25,29675.0,1124
2026-07-02 21:45:00-04:00,29675.75,29699.5,29659.75,29682.5,1640
2026-07-02 22:00:00-04:00,29684.75,29716.5,29680.5,29695.0,1207
2026-07-02 22:15:00-04:00,29695.5,29732.0,29693.5,29729.75,903
2026-07-02 22:30:00-04:00,29728.0,29732.0,29706.25,29723.75,880
2026-07-02 22:45:00-04:00,29725.5,29755.75,29724.75,29750.75,1058
2026-07-02 23:00:00-04:00,29749.75,29755.25,29730.75,29746.25,920
2026-07-02 23:15:00-04:00,29746.75,29761.75,29742.0,29761.0,574
2026-07-02 23:30:00-04:00,29760.75,29775.25,29720.0,29723.0,1148
2026-07-02 23:45:00-04:00,29722.5,29769.75,29717.75,29767.5,1027
2026-07-03 00:00:00-04:00,29769.25,29786.75,29764.0,29785.5,822
2026-07-03 00:15:00-04:00,29785.75,29803.25,29782.5,29802.0,1216
2026-07-03 00:30:00-04:00,29804.0,29814.25,29786.75,29806.25,1063
2026-07-03 00:45:00-04:00,29807.0,29820.0,29791.5,29802.25,963
2026-07-03 01:00:00-04:00,29803.75,29834.25,29789.25,29822.25,2166
2026-07-03 01:15:00-04:00,29823.0,29826.5,29794.5,29809.75,1089
2026-07-03 01:30:00-04:00,29808.75,29841.5,29804.75,29819.75,1187
2026-07-03 01:45:00-04:00,29820.75,29828.25,29807.5,29825.25,903
2026-07-03 02:00:00-04:00,29826.25,29888.0,29821.0,29872.0,3792
2026-07-03 02:15:00-04:00,29871.0,29878.0,29843.25,29868.5,1256
2026-07-03 02:30:00-04:00,29867.75,29873.75,29851.25,29856.25,1471
2026-07-03 02:45:00-04:00,29855.5,29859.25,29833.5,29840.75,956
2026-07-03 03:00:00-04:00,29842.0,29854.25,29825.75,29836.75,1169
2026-07-03 03:15:00-04:00,29835.75,29867.5,29834.25,29860.0,1058
2026-07-03 03:30:00-04:00,29860.25,29869.0,29836.75,29837.5,927
2026-07-03 03:45:00-04:00,29837.75,29858.75,29835.5,29846.0,501
2026-07-03 04:00:00-04:00,29845.25,29861.0,29832.75,29840.75,742
2026-07-03 04:15:00-04:00,29838.5,29854.25,29836.5,29846.0,647
2026-07-03 04:30:00-04:00,29844.0,29873.25,29834.25,29870.0,836
2026-07-03 04:45:00-04:00,29870.5,29870.5,29831.25,29848.5,909
2026-07-03 05:00:00-04:00,29848.75,29878.0,29827.75,29877.25,843
2026-07-03 05:15:00-04:00,29878.0,29893.0,29866.5,29887.25,1328
2026-07-03 05:30:00-04:00,29887.25,29900.25,29870.0,29895.75,848
2026-07-03 05:45:00-04:00,29895.75,29899.0,29867.75,29870.5,711
2026-07-03 06:00:00-04:00,29869.75,29883.25,29856.0,29879.0,475
2026-07-03 06:15:00-04:00,29879.25,29880.5,29864.5,29876.5,249
2026-07-03 06:30:00-04:00,29878.75,29892.5,29865.0,29892.5,1104
2026-07-03 06:45:00-04:00,29893.25,29894.5,29879.0,29879.5,364
2026-07-03 07:00:00-04:00,29880.75,29890.75,29868.0,29886.0,478
2026-07-03 07:15:00-04:00,29888.0,29889.5,29866.75,29873.25,401
2026-07-03 07:30:00-04:00,29873.5,29890.0,29870.0,29875.5,604
2026-07-03 07:45:00-04:00,29874.75,29908.0,29874.75,29903.25,845
2026-07-03 08:00:00-04:00,29902.75,29924.25,29881.0,29887.25,1773
2026-07-03 08:15:00-04:00,29885.0,29896.0,29875.5,29885.5,454
2026-07-03 08:30:00-04:00,29885.25,29894.5,29877.75,29884.25,451
2026-07-03 08:45:00-04:00,29885.0,29904.5,29884.5,29903.0,660
2026-07-03 09:00:00-04:00,29902.5,29918.5,29886.75,29889.25,1365
2026-07-03 09:15:00-04:00,29890.25,29924.25,29888.5,29920.0,1518
2026-07-03 09:30:00-04:00,29921.0,29955.25,29903.5,29929.0,5241
2026-07-03 09:45:00-04:00,29930.5,29944.0,29913.75,29940.0,2291
2026-07-03 10:00:00-04:00,29940.0,29946.25,29898.5,29901.0,2277
2026-07-03 10:15:00-04:00,29901.25,29924.25,29888.5,29907.5,2550
2026-07-03 10:30:00-04:00,29907.75,29928.0,29899.5,29905.25,1743
2026-07-03 10:45:00-04:00,29905.5,29929.0,29900.25,29918.5,1199
2026-07-03 11:00:00-04:00,29919.0,29922.5,29902.0,29911.25,1379
2026-07-03 11:15:00-04:00,29911.0,29925.0,29897.75,29899.25,1060
2026-07-03 11:30:00-04:00,29900.0,29904.75,29884.5,29895.0,1439
2026-07-03 11:45:00-04:00,29895.75,29913.0,29892.0,29906.0,893
2026-07-03 12:00:00-04:00,29907.25,29907.75,29894.5,29894.5,606
2026-07-03 12:15:00-04:00,29896.25,29915.5,29895.25,29900.5,838
2026-07-03 12:30:00-04:00,29901.5,29925.0,29890.75,29922.0,937
2026-07-03 12:45:00-04:00,29921.5,29923.5,29896.75,29901.75,1304
2026-07-05 18:00:00-04:00,29930.25,29979.5,29860.75,29901.5,3406
2026-07-05 18:15:00-04:00,29899.5,29948.75,29890.0,29936.0,2022
2026-07-05 18:30:00-04:00,29936.75,29973.25,29934.0,29971.0,1830
2026-07-05 18:45:00-04:00,29969.75,29979.0,29941.5,29946.0,1388
2026-07-05 19:00:00-04:00,29946.5,30008.25,29926.5,29990.25,2635
2026-07-05 19:15:00-04:00,29988.0,30003.75,29975.75,29985.25,1088
2026-07-05 19:30:00-04:00,29983.5,30011.25,29970.75,29976.0,1358
2026-07-05 19:45:00-04:00,29974.5,30005.75,29963.75,29983.75,1621
2026-07-05 20:00:00-04:00,29987.75,29988.75,29900.0,29982.75,3493
2026-07-05 20:15:00-04:00,29982.5,30004.75,29879.75,29882.75,2766
2026-07-05 20:30:00-04:00,29882.25,29944.5,29845.0,29933.75,3177
2026-07-05 20:45:00-04:00,29937.5,29969.75,29914.5,29928.25,2216
2026-07-05 21:00:00-04:00,29926.5,29932.0,29867.25,29880.0,2437
2026-07-05 21:15:00-04:00,29879.75,29893.5,29773.75,29814.25,3735
2026-07-05 21:30:00-04:00,29813.25,29855.25,29807.0,29817.25,2115
2026-07-05 21:45:00-04:00,29816.25,29816.25,29750.0,29792.75,3072
2026-07-05 22:00:00-04:00,29793.25,29818.75,29754.5,29759.5,2811
2026-07-05 22:15:00-04:00,29761.25,29791.75,29735.0,29736.25,2673
2026-07-05 22:30:00-04:00,29737.0,29747.5,29693.5,29699.25,2497
2026-07-05 22:45:00-04:00,29700.5,29732.0,29683.0,29725.25,2072
2026-07-05 23:00:00-04:00,29726.5,29785.5,29716.75,29771.0,2506
2026-07-05 23:15:00-04:00,29772.0,29790.5,29748.0,29788.0,1370
2026-07-05 23:30:00-04:00,29789.5,29806.5,29738.0,29740.5,2177
2026-07-05 23:45:00-04:00,29740.25,29748.5,29693.25,29730.25,2555
2026-07-06 00:00:00-04:00,29730.25,29778.0,29703.0,29774.75,1992
2026-07-06 00:15:00-04:00,29771.5,29801.0,29769.0,29794.75,1474
2026-07-06 00:30:00-04:00,29795.5,29836.0,29788.5,29828.5,1453
2026-07-06 00:45:00-04:00,29826.75,29840.5,29813.0,29828.25,977
2026-07-06 01:00:00-04:00,29829.5,29830.5,29792.75,29807.25,984
2026-07-06 01:15:00-04:00,29809.25,29818.5,29767.75,29769.5,1044
2026-07-06 01:30:00-04:00,29770.0,29799.0,29752.5,29788.25,1189
2026-07-06 01:45:00-04:00,29789.5,29801.5,29766.25,29790.5,805
2026-07-06 02:00:00-04:00,29791.5,29807.5,29754.75,29759.75,1089
2026-07-06 02:15:00-04:00,29760.75,29797.0,29755.25,29790.5,871
2026-07-06 02:30:00-04:00,29789.0,29858.25,29784.5,29854.5,2167
2026-07-06 02:45:00-04:00,29855.0,29855.5,29832.5,29847.25,1030
2026-07-06 03:00:00-04:00,29846.25,29862.75,29829.75,29848.0,1206
2026-07-06 03:15:00-04:00,29850.5,29863.75,29817.75,29820.25,924
2026-07-06 03:30:00-04:00,29822.0,29876.25,29816.25,29872.75,846
2026-07-06 03:45:00-04:00,29870.5,29875.25,29851.25,29852.5,606
2026-07-06 04:00:00-04:00,29852.75,29884.0,29803.5,29821.75,1863
2026-07-06 04:15:00-04:00,29824.25,29833.25,29780.0,29833.25,1140
2026-07-06 04:30:00-04:00,29831.0,29853.0,29807.75,29843.25,939
2026-07-06 04:45:00-04:00,29845.75,29870.75,29838.5,29867.0,725
2026-07-06 05:00:00-04:00,29869.75,29875.0,29844.0,29853.75,952
2026-07-06 05:15:00-04:00,29853.75,29869.75,29850.0,29863.5,606
2026-07-06 05:30:00-04:00,29864.75,29867.0,29839.0,29849.75,591
2026-07-06 05:45:00-04:00,29849.75,29888.5,29827.5,29877.0,1293
2026-07-06 06:00:00-04:00,29878.0,29891.5,29852.25,29878.5,998
2026-07-06 06:15:00-04:00,29878.5,29884.75,29860.75,29864.75,628
2026-07-06 06:30:00-04:00,29864.0,29885.0,29854.25,29857.0,721
2026-07-06 06:45:00-04:00,29856.0,29884.5,29847.25,29884.5,744
2026-07-06 07:00:00-04:00,29884.25,29896.0,29841.75,29857.75,1437
2026-07-06 07:15:00-04:00,29858.25,29891.75,29854.75,29880.75,1223
2026-07-06 07:30:00-04:00,29879.5,29897.5,29871.0,29882.75,1246
2026-07-06 07:45:00-04:00,29883.25,29915.0,29876.25,29877.75,1937
2026-07-06 08:00:00-04:00,29879.0,29936.0,29865.5,29931.5,2931
2026-07-06 08:15:00-04:00,29932.25,29936.0,29876.25,29893.25,2494
2026-07-06 08:30:00-04:00,29893.5,29924.5,29886.75,29900.5,2166
2026-07-06 08:45:00-04:00,29900.5,29935.0,29898.75,29934.0,1673
2026-07-06 09:00:00-04:00,29934.75,29938.0,29855.25,29858.0,3908
2026-07-06 09:15:00-04:00,29859.25,29865.0,29820.25,29834.75,6325
2026-07-06 09:30:00-04:00,29835.75,29939.25,29776.25,29921.5,32732
2026-07-06 09:45:00-04:00,29917.0,30009.0,29896.0,29932.5,26457
2026-07-06 10:00:00-04:00,29935.5,30027.75,29903.25,30021.75,19539
2026-07-06 10:15:00-04:00,30021.75,30042.5,29986.75,30012.75,15550
2026-07-06 10:30:00-04:00,30013.25,30057.25,29988.0,30037.75,14286
2026-07-06 10:45:00-04:00,30037.5,30067.5,29986.75,30025.25,13110
2026-07-06 11:00:00-04:00,30025.75,30044.0,29959.0,29984.0,12377
2026-07-06 11:15:00-04:00,29984.0,30062.75,29941.25,30061.25,13325
2026-07-06 11:30:00-04:00,30061.0,30079.0,30031.5,30070.0,11247
2026-07-06 11:45:00-04:00,30070.25,30083.75,30049.25,30074.25,7626
2026-07-06 12:00:00-04:00,30074.0,30094.0,30053.5,30070.5,7860
2026-07-06 12:15:00-04:00,30071.25,30078.25,30024.75,30032.25,7580
2026-07-06 12:30:00-04:00,30033.75,30044.25,30002.75,30016.5,7965
2026-07-06 12:45:00-04:00,30017.25,30038.5,29981.0,29990.0,8037
2026-07-06 13:00:00-04:00,29989.0,30036.75,29975.25,30019.0,8159
2026-07-06 13:15:00-04:00,30019.25,30032.0,29948.0,29954.75,8717
2026-07-06 13:30:00-04:00,29955.5,29960.5,29882.25,29904.75,12975
2026-07-06 13:45:00-04:00,29904.5,29936.0,29882.75,29896.75,9596
2026-07-06 14:00:00-04:00,29896.25,29967.5,29895.5,29949.25,9976
2026-07-06 14:15:00-04:00,29950.0,30000.0,29950.0,29971.75,8890
2026-07-06 14:30:00-04:00,29971.75,29984.25,29948.5,29978.0,7200
2026-07-06 14:45:00-04:00,29978.0,30004.0,29973.75,29990.0,6053
2026-07-06 15:00:00-04:00,29990.75,30025.0,29980.75,30011.25,7610
2026-07-06 15:15:00-04:00,30011.5,30052.0,30004.5,30035.5,7638
2026-07-06 15:30:00-04:00,30035.75,30038.0,29996.25,30024.0,9646
2026-07-06 15:45:00-04:00,30023.75,30036.25,29931.5,29951.75,26277
2026-07-06 16:00:00-04:00,29951.25,29972.75,29933.0,29964.0,9040
2026-07-06 16:15:00-04:00,29963.25,29970.0,29950.5,29959.5,1999
2026-07-06 16:30:00-04:00,29960.0,29965.5,29952.5,29955.75,1332
2026-07-06 16:45:00-04:00,29955.25,29959.25,29931.25,29947.75,1868
2026-07-06 18:00:00-04:00,29960.0,29970.0,29940.25,29964.25,1422
2026-07-06 18:15:00-04:00,29966.5,29973.75,29950.75,29951.75,839
2026-07-06 18:30:00-04:00,29951.25,29970.0,29942.75,29950.0,1143
2026-07-06 18:45:00-04:00,29949.75,29950.25,29889.0,29894.75,1878
2026-07-06 19:00:00-04:00,29893.5,29928.75,29891.75,29907.0,1199
2026-07-06 19:15:00-04:00,29906.0,29906.5,29872.75,29897.5,1531
2026-07-06 19:30:00-04:00,29897.25,29906.0,29864.75,29874.75,1388
2026-07-06 19:45:00-04:00,29874.75,29875.5,29839.25,29852.25,2309
2026-07-06 20:00:00-04:00,29851.0,29881.0,29825.75,29826.5,2434
2026-07-06 20:15:00-04:00,29829.0,29914.25,29816.25,29878.75,3259
2026-07-06 20:30:00-04:00,29879.5,29886.75,29808.25,29831.75,2666
2026-07-06 20:45:00-04:00,29831.25,29856.75,29808.25,29816.75,2138
2026-07-06 21:00:00-04:00,29819.75,29835.75,29800.0,29802.5,1950
2026-07-06 21:15:00-04:00,29805.75,29814.25,29726.5,29740.0,3282
2026-07-06 21:30:00-04:00,29739.25,29789.75,29716.5,29788.5,2782
2026-07-06 21:45:00-04:00,29789.25,29822.0,29768.5,29773.0,2166
2026-07-06 22:00:00-04:00,29774.25,29816.5,29767.25,29806.5,1457
2026-07-06 22:15:00-04:00,29806.25,29819.25,29769.75,29772.75,1228
2026-07-06 22:30:00-04:00,29771.5,29780.25,29738.75,29779.5,1962
2026-07-06 22:45:00-04:00,29780.0,29780.0,29744.25,29748.0,1531
2026-07-06 23:00:00-04:00,29748.0,29784.75,29741.5,29758.0,1342
2026-07-06 23:15:00-04:00,29757.5,29761.0,29680.0,29684.25,3631
2026-07-06 23:30:00-04:00,29685.25,29709.0,29662.0,29664.75,2727
2026-07-06 23:45:00-04:00,29663.75,29675.5,29628.25,29668.25,2896
2026-07-07 00:00:00-04:00,29670.0,29680.0,29638.0,29638.5,1917
2026-07-07 00:15:00-04:00,29639.0,29646.25,29616.0,29639.0,1471
2026-07-07 00:30:00-04:00,29640.0,29656.75,29621.5,29633.75,1259
2026-07-07 00:45:00-04:00,29633.75,29639.5,29607.5,29625.5,1188
2026-07-07 01:00:00-04:00,29626.25,29627.0,29585.25,29587.5,1447
2026-07-07 01:15:00-04:00,29585.5,29607.5,29558.5,29590.0,2480
2026-07-07 01:30:00-04:00,29591.75,29665.0,29591.75,29660.75,2571
2026-07-07 01:45:00-04:00,29659.5,29704.5,29646.0,29689.75,2285
2026-07-07 02:00:00-04:00,29688.75,29701.25,29631.25,29641.5,2075
2026-07-07 02:15:00-04:00,29643.0,29674.0,29641.5,29663.0,1578
2026-07-07 02:30:00-04:00,29662.0,29684.0,29647.0,29684.0,1385
2026-07-07 02:45:00-04:00,29683.5,29693.25,29663.25,29688.75,1144
2026-07-07 03:00:00-04:00,29689.0,29724.0,29667.75,29718.0,2772
2026-07-07 03:15:00-04:00,29717.5,29744.0,29711.75,29717.0,2057
2026-07-07 03:30:00-04:00,29715.5,29723.0,29693.0,29693.25,1130
2026-07-07 03:45:00-04:00,29693.25,29700.0,29644.0,29645.5,2306
2026-07-07 04:00:00-04:00,29646.75,29695.75,29641.25,29687.75,2186
2026-07-07 04:15:00-04:00,29687.75,29709.25,29682.0,29691.75,1240
2026-07-07 04:30:00-04:00,29692.25,29705.0,29671.75,29682.5,1069
2026-07-07 04:45:00-04:00,29683.0,29696.25,29658.5,29660.25,994
2026-07-07 05:00:00-04:00,29660.75,29690.5,29642.5,29687.0,1649
2026-07-07 05:15:00-04:00,29688.25,29693.5,29655.25,29655.5,569
2026-07-07 05:30:00-04:00,29658.25,29660.75,29628.25,29650.0,2279
2026-07-07 05:45:00-04:00,29649.75,29665.5,29622.5,29662.25,1033
2026-07-07 06:00:00-04:00,29663.25,29689.5,29639.5,29647.75,3326
2026-07-07 06:15:00-04:00,29649.0,29689.25,29646.5,29673.5,2906
2026-07-07 06:30:00-04:00,29673.25,29673.5,29643.75,29647.0,1290
2026-07-07 06:45:00-04:00,29648.25,29659.25,29625.25,29659.25,1494
2026-07-07 07:00:00-04:00,29660.5,29661.75,29602.5,29614.25,2045
2026-07-07 07:15:00-04:00,29613.0,29651.25,29612.0,29632.0,1279
2026-07-07 07:30:00-04:00,29632.5,29632.5,29591.25,29623.0,1841
2026-07-07 07:45:00-04:00,29621.25,29645.75,29601.0,29642.5,1769
2026-07-07 08:00:00-04:00,29640.75,29716.0,29639.25,29704.0,4404
2026-07-07 08:15:00-04:00,29702.75,29705.75,29658.5,29688.0,2169
2026-07-07 08:30:00-04:00,29686.5,29708.0,29664.0,29686.5,2093
2026-07-07 08:45:00-04:00,29685.25,29687.5,29622.0,29642.25,3408
2026-07-07 09:00:00-04:00,29642.25,29655.75,29610.5,29641.5,4551
2026-07-07 09:15:00-04:00,29641.25,29652.75,29580.0,29592.25,6360
2026-07-07 09:30:00-04:00,29593.0,29685.75,29491.25,29595.0,44848
2026-07-07 09:45:00-04:00,29594.0,29596.75,29420.25,29469.0,31486
2026-07-07 10:00:00-04:00,29468.75,29505.75,29332.0,29343.0,30046
2026-07-07 10:15:00-04:00,29342.0,29378.25,29259.75,29303.25,27463
2026-07-07 10:30:00-04:00,29303.5,29327.75,29210.0,29239.5,22040
2026-07-07 10:45:00-04:00,29239.0,29325.75,29232.5,29302.5,20306
2026-07-07 11:00:00-04:00,29302.25,29358.0,29271.25,29318.25,15927
2026-07-07 11:15:00-04:00,29317.0,29322.5,29271.75,29314.0,12551
2026-07-07 11:30:00-04:00,29315.0,29330.0,29248.25,29329.0,12340
2026-07-07 11:45:00-04:00,29329.25,29389.25,29325.25,29386.75,13267
2026-07-07 12:00:00-04:00,29388.0,29473.75,29377.0,29466.25,15733
2026-07-07 12:15:00-04:00,29467.25,29548.0,29450.5,29532.0,17028
2026-07-07 12:30:00-04:00,29532.25,29558.25,29486.25,29527.75,13296
2026-07-07 12:45:00-04:00,29527.25,29557.75,29502.5,29540.0,10100
2026-07-07 13:00:00-04:00,29539.5,29580.75,29530.0,29534.5,11514
2026-07-07 13:15:00-04:00,29533.25,29573.5,29510.0,29533.75,9191
2026-07-07 13:30:00-04:00,29533.5,29570.0,29532.5,29561.75,7805
2026-07-07 13:45:00-04:00,29561.25,29568.0,29528.25,29567.25,6682
2026-07-07 14:00:00-04:00,29567.5,29574.25,29531.25,29547.25,7274
2026-07-07 14:15:00-04:00,29547.5,29561.0,29509.75,29517.0,7320
2026-07-07 14:30:00-04:00,29517.5,29531.5,29452.75,29472.75,10730
2026-07-07 14:45:00-04:00,29472.25,29485.0,29385.25,29391.0,14674
2026-07-07 15:00:00-04:00,29390.25,29410.0,29318.5,29333.75,13824
2026-07-07 15:15:00-04:00,29333.75,29335.75,29271.0,29321.25,13654
2026-07-07 15:30:00-04:00,29320.75,29371.75,29303.75,29310.0,13229
2026-07-07 15:45:00-04:00,29309.75,29400.0,29306.5,29394.5,24751
2026-07-07 16:00:00-04:00,29395.0,29437.25,29387.75,29417.25,11647
2026-07-07 16:15:00-04:00,29417.75,29423.75,29393.25,29415.75,2852
2026-07-07 16:30:00-04:00,29416.0,29424.75,29413.75,29416.25,1214
2026-07-07 16:45:00-04:00,29416.0,29423.25,29412.5,29419.5,1438
2026-07-07 18:00:00-04:00,29373.75,29375.75,29319.5,29374.25,2445
2026-07-07 18:15:00-04:00,29376.25,29388.0,29364.5,29372.75,1110
2026-07-07 18:30:00-04:00,29374.0,29400.0,29363.75,29383.25,1335
2026-07-07 18:45:00-04:00,29384.25,29395.0,29371.75,29382.75,821
2026-07-07 19:00:00-04:00,29382.5,29395.0,29356.0,29376.0,1544
2026-07-07 19:15:00-04:00,29376.75,29406.0,29373.75,29396.25,1047
2026-07-07 19:30:00-04:00,29396.25,29407.0,29339.0,29343.75,1619
2026-07-07 19:45:00-04:00,29345.5,29359.75,29292.5,29300.5,2070
2026-07-07 20:00:00-04:00,29300.0,29426.5,29266.0,29414.5,5370
2026-07-07 20:15:00-04:00,29417.75,29477.5,29391.25,29454.5,4166
2026-07-07 20:30:00-04:00,29452.75,29515.75,29407.25,29515.25,3877
2026-07-07 20:45:00-04:00,29517.0,29547.0,29512.0,29543.5,2997
2026-07-07 21:00:00-04:00,29543.75,29558.75,29495.0,29550.0,3168
2026-07-07 21:15:00-04:00,29554.75,29554.75,29481.5,29485.25,2525
2026-07-07 21:30:00-04:00,29489.0,29495.25,29427.0,29457.75,3058
2026-07-07 21:45:00-04:00,29459.75,29485.25,29427.5,29438.0,1824
2026-07-07 22:00:00-04:00,29437.75,29443.25,29388.0,29397.5,2395
2026-07-07 22:15:00-04:00,29397.25,29458.75,29391.5,29421.5,2157
2026-07-07 22:30:00-04:00,29422.25,29456.75,29399.75,29456.25,1638
2026-07-07 22:45:00-04:00,29457.0,29475.0,29445.25,29461.25,1296
2026-07-07 23:00:00-04:00,29461.5,29496.0,29461.25,29487.5,1389
2026-07-07 23:15:00-04:00,29488.5,29519.75,29475.5,29517.5,1446
2026-07-07 23:30:00-04:00,29517.25,29532.25,29481.25,29487.5,1667
2026-07-07 23:45:00-04:00,29487.5,29493.25,29465.0,29467.0,924
2026-07-08 00:00:00-04:00,29470.0,29473.5,29433.25,29442.75,1410
2026-07-08 00:15:00-04:00,29443.75,29464.0,29428.0,29442.5,1798
2026-07-08 00:30:00-04:00,29442.75,29446.0,29391.25,29413.75,1807
2026-07-08 00:45:00-04:00,29408.0,29422.5,29376.75,29415.0,1774
2026-07-08 01:00:00-04:00,29417.0,29447.25,29399.25,29407.5,1308
2026-07-08 01:15:00-04:00,29409.0,29432.0,29378.75,29384.5,1128
2026-07-08 01:30:00-04:00,29384.0,29385.75,29345.75,29353.0,2226
2026-07-08 01:45:00-04:00,29351.75,29363.0,29311.75,29347.5,2221
2026-07-08 02:00:00-04:00,29346.75,29363.5,29329.5,29345.0,2216
2026-07-08 02:15:00-04:00,29343.25,29358.75,29320.25,29324.75,1864
2026-07-08 02:30:00-04:00,29320.25,29332.75,29285.0,29289.75,1920
2026-07-08 02:45:00-04:00,29288.25,29352.5,29282.25,29329.25,1704
2026-07-08 03:00:00-04:00,29328.25,29335.25,29281.75,29302.5,2157
2026-07-08 03:15:00-04:00,29303.0,29355.0,29281.0,29353.0,2123
2026-07-08 03:30:00-04:00,29351.0,29409.5,29346.25,29394.75,2476
2026-07-08 03:45:00-04:00,29395.0,29404.25,29369.0,29381.0,1555
2026-07-08 04:00:00-04:00,29383.0,29413.0,29341.25,29411.25,2100
2026-07-08 04:15:00-04:00,29409.25,29414.75,29063.5,29079.75,10275
2026-07-08 04:30:00-04:00,29080.0,29103.5,28957.25,29019.5,8820
2026-07-08 04:45:00-04:00,29021.75,29099.0,29002.0,29009.5,5571
2026-07-08 05:00:00-04:00,29010.75,29034.0,28912.75,28914.75,5901
2026-07-08 05:15:00-04:00,28914.75,28971.25,28909.75,28961.25,3123
2026-07-08 05:30:00-04:00,28959.25,29011.0,28954.5,28987.25,3150
2026-07-08 05:45:00-04:00,28988.25,29004.5,28947.25,28957.75,2076
2026-07-08 06:00:00-04:00,28960.75,28986.5,28922.75,28958.25,2680
2026-07-08 06:15:00-04:00,28958.75,29021.75,28948.0,29020.25,2214
2026-07-08 06:30:00-04:00,29018.0,29055.0,28996.0,29049.5,3003
2026-07-08 06:45:00-04:00,29047.5,29063.0,29010.5,29018.75,1789
2026-07-08 07:00:00-04:00,29020.75,29028.5,28977.0,29003.0,3195
2026-07-08 07:15:00-04:00,29003.25,29012.75,28975.5,28987.25,1354
2026-07-08 07:30:00-04:00,28984.75,29124.75,28973.0,29085.25,4285
2026-07-08 07:45:00-04:00,29084.25,29114.75,29053.0,29089.25,3806
2026-07-08 08:00:00-04:00,29088.0,29184.25,29054.25,29149.5,5617
2026-07-08 08:15:00-04:00,29150.75,29180.0,29124.75,29177.25,2691
2026-07-08 08:30:00-04:00,29176.75,29192.25,29145.75,29184.25,3264
2026-07-08 08:45:00-04:00,29183.5,29239.5,29151.75,29155.0,5489
2026-07-08 09:00:00-04:00,29154.75,29221.75,29148.0,29212.5,5050
2026-07-08 09:15:00-04:00,29212.0,29230.0,29154.0,29202.25,8044
2026-07-08 09:30:00-04:00,29202.75,29385.0,29201.0,29347.75,36979
2026-07-08 09:45:00-04:00,29349.5,29399.0,29287.75,29367.5,22530
2026-07-08 10:00:00-04:00,29366.25,29389.25,29245.75,29271.25,19361
2026-07-08 10:15:00-04:00,29271.75,29373.0,29235.25,29292.5,19050
2026-07-08 10:30:00-04:00,29292.75,29335.25,29209.25,29252.5,18064
2026-07-08 10:45:00-04:00,29252.25,29297.5,29151.0,29212.0,20803
2026-07-08 11:00:00-04:00,29212.25,29224.25,29131.0,29136.75,11919
2026-07-08 11:15:00-04:00,29138.25,29161.75,29034.5,29057.75,17168
2026-07-08 11:30:00-04:00,29058.0,29153.0,29034.0,29114.0,15028
2026-07-08 11:45:00-04:00,29113.75,29131.0,29051.25,29096.25,10847
2026-07-08 12:00:00-04:00,29097.25,29222.25,29092.75,29214.5,13033
2026-07-08 12:15:00-04:00,29216.0,29303.25,29194.5,29277.0,13977
2026-07-08 12:30:00-04:00,29275.5,29350.0,29245.5,29331.0,16222
2026-07-08 12:45:00-04:00,29331.5,29377.0,29309.75,29373.25,9902
2026-07-08 13:00:00-04:00,29372.25,29389.75,29335.5,29336.25,9573
2026-07-08 13:15:00-04:00,29336.75,29445.25,29334.75,29440.25,10732
2026-07-08 13:30:00-04:00,29441.5,29457.75,29382.5,29388.5,8511
2026-07-08 13:45:00-04:00,29387.75,29390.0,29324.25,29352.5,10028
2026-07-08 14:00:00-04:00,29352.25,29429.25,29330.0,29406.0,9129
2026-07-08 14:15:00-04:00,29407.25,29418.0,29369.0,29372.75,6083
2026-07-08 14:30:00-04:00,29371.75,29417.75,29347.5,29400.75,7755
2026-07-08 14:45:00-04:00,29401.25,29424.25,29380.25,29405.75,6581
2026-07-08 15:00:00-04:00,29405.75,29437.25,29375.75,29395.75,7523
2026-07-08 15:15:00-04:00,29396.25,29438.75,29380.0,29425.25,6655
2026-07-08 15:30:00-04:00,29425.0,29433.25,29388.5,29418.25,6681
2026-07-08 15:45:00-04:00,29417.0,29500.0,29381.0,29457.5,22001
2026-07-08 16:00:00-04:00,29457.0,29468.5,29403.75,29424.0,8335
2026-07-08 16:15:00-04:00,29424.75,29425.0,29386.5,29394.25,2762
2026-07-08 16:30:00-04:00,29394.75,29398.25,29353.25,29386.25,3165
2026-07-08 16:45:00-04:00,29385.25,29407.25,29374.0,29391.25,1881
2026-07-08 18:00:00-04:00,29412.0,29446.0,29402.75,29434.75,1872
2026-07-08 18:15:00-04:00,29432.5,29449.25,29404.25,29424.25,975
2026-07-08 18:30:00-04:00,29424.5,29439.5,29407.5,29409.0,764
2026-07-08 18:45:00-04:00,29409.25,29428.75,29405.5,29425.5,438
2026-07-08 19:00:00-04:00,29424.0,29457.5,29422.25,29444.75,975
2026-07-08 19:15:00-04:00,29444.25,29444.25,29395.0,29424.75,1252
2026-07-08 19:30:00-04:00,29421.0,29487.0,29400.75,29479.75,2063
2026-07-08 19:45:00-04:00,29479.5,29503.25,29468.25,29491.25,1573
2026-07-08 20:00:00-04:00,29491.0,29564.5,29491.0,29562.75,3772
2026-07-08 20:15:00-04:00,29562.5,29567.75,29518.25,29561.75,2694
2026-07-08 20:30:00-04:00,29563.25,29583.0,29512.5,29519.5,2282
2026-07-08 20:45:00-04:00,29515.75,29562.75,29486.25,29503.5,2522
2026-07-08 21:00:00-04:00,29504.5,29538.25,29462.75,29513.25,2748
2026-07-08 21:15:00-04:00,29514.5,29555.25,29500.5,29529.0,1685
2026-07-08 21:30:00-04:00,29531.75,29541.25,29506.75,29531.0,1204
2026-07-08 21:45:00-04:00,29531.5,29537.5,29444.5,29449.0,2670
2026-07-08 22:00:00-04:00,29450.5,29529.5,29426.0,29527.5,3046
2026-07-08 22:15:00-04:00,29525.75,29579.0,29517.25,29533.75,2725
2026-07-08 22:30:00-04:00,29534.0,29544.25,29460.0,29462.5,2004
2026-07-08 22:45:00-04:00,29462.25,29467.75,29419.0,29429.5,2610
2026-07-08 23:00:00-04:00,29430.75,29449.75,29405.0,29423.25,1930
2026-07-08 23:15:00-04:00,29424.0,29481.5,29396.5,29480.0,1571
2026-07-08 23:30:00-04:00,29480.75,29514.5,29474.25,29512.25,1440
2026-07-08 23:45:00-04:00,29510.25,29518.0,29497.0,29506.75,773
2026-07-09 00:00:00-04:00,29507.5,29518.0,29495.0,29500.5,763
2026-07-09 00:15:00-04:00,29499.75,29518.5,29462.5,29474.5,1056
2026-07-09 00:30:00-04:00,29475.0,29539.0,29475.0,29536.25,1679
2026-07-09 00:45:00-04:00,29536.25,29558.5,29521.5,29554.0,964
2026-07-09 01:00:00-04:00,29554.75,29597.0,29508.75,29566.75,2525
2026-07-09 01:15:00-04:00,29567.5,29577.75,29512.5,29515.0,1642
2026-07-09 01:30:00-04:00,29513.75,29539.5,29474.75,29536.5,1622
2026-07-09 01:45:00-04:00,29537.25,29610.0,29532.5,29607.75,2093
2026-07-09 02:00:00-04:00,29606.5,29616.5,29572.25,29606.25,2228
2026-07-09 02:15:00-04:00,29603.5,29644.25,29602.5,29628.5,2034
2026-07-09 02:30:00-04:00,29628.5,29637.0,29597.75,29628.5,1833
2026-07-09 02:45:00-04:00,29627.0,29632.25,29601.5,29612.0,1145
2026-07-09 03:00:00-04:00,29613.25,29655.75,29603.75,29654.5,2753
2026-07-09 03:15:00-04:00,29655.75,29667.75,29639.75,29651.75,2077
2026-07-09 03:30:00-04:00,29653.25,29683.25,29640.5,29681.5,1443
2026-07-09 03:45:00-04:00,29682.5,29706.75,29671.25,29686.25,2596
2026-07-09 04:00:00-04:00,29684.75,29734.25,29664.0,29705.5,2457
2026-07-09 04:15:00-04:00,29705.75,29735.75,29694.0,29699.25,1596
2026-07-09 04:30:00-04:00,29697.0,29705.25,29660.0,29677.5,1778
2026-07-09 04:45:00-04:00,29676.75,29681.5,29643.0,29661.25,1362
2026-07-09 05:00:00-04:00,29663.5,29669.0,29629.0,29639.5,976
2026-07-09 05:15:00-04:00,29641.25,29663.25,29633.5,29650.0,1023
2026-07-09 05:30:00-04:00,29647.75,29661.0,29613.75,29621.25,1268
2026-07-09 05:45:00-04:00,29622.0,29649.0,29618.25,29644.0,888
2026-07-09 06:00:00-04:00,29645.5,29656.5,29633.25,29647.75,775
2026-07-09 06:15:00-04:00,29650.0,29669.0,29632.25,29650.5,1033
2026-07-09 06:30:00-04:00,29649.5,29660.75,29629.0,29640.25,962
2026-07-09 06:45:00-04:00,29641.25,29645.0,29564.5,29600.25,2847
2026-07-09 07:00:00-04:00,29601.75,29626.0,29579.0,29610.5,1677
2026-07-09 07:15:00-04:00,29611.25,29643.75,29593.75,29641.0,2139
2026-07-09 07:30:00-04:00,29641.0,29690.0,29626.75,29683.25,2387
2026-07-09 07:45:00-04:00,29684.75,29721.75,29674.25,29696.0,3597
2026-07-09 08:00:00-04:00,29696.75,29732.75,29681.0,29715.75,2903
2026-07-09 08:15:00-04:00,29716.25,29755.0,29704.25,29749.25,2900
2026-07-09 08:30:00-04:00,29748.0,29786.5,29740.0,29748.5,4815
2026-07-09 08:45:00-04:00,29748.25,29748.5,29715.25,29736.0,3464
2026-07-09 09:00:00-04:00,29735.25,29759.5,29725.25,29757.25,2992
2026-07-09 09:15:00-04:00,29757.25,29758.75,29726.75,29745.25,5737
2026-07-09 09:30:00-04:00,29746.75,29871.25,29672.0,29858.5,33384
2026-07-09 09:45:00-04:00,29859.25,29931.25,29808.5,29909.5,26079
2026-07-09 10:00:00-04:00,29910.0,29922.75,29785.25,29802.75,21154
2026-07-09 10:15:00-04:00,29803.5,29803.5,29614.5,29763.75,32690
2026-07-09 10:30:00-04:00,29763.25,29799.0,29694.25,29758.5,14965
2026-07-09 10:45:00-04:00,29760.0,29821.25,29723.5,29787.75,14842
2026-07-09 11:00:00-04:00,29788.25,29864.25,29779.5,29854.75,11475
2026-07-09 11:15:00-04:00,29853.5,29886.25,29830.0,29873.5,11328
2026-07-09 11:30:00-04:00,29874.25,29899.75,29856.25,29882.0,7675
2026-07-09 11:45:00-04:00,29883.0,29905.25,29878.5,29886.25,9279
2026-07-09 12:00:00-04:00,29886.5,29924.25,29886.5,29900.25,7856
2026-07-09 12:15:00-04:00,29900.25,29917.0,29880.75,29890.75,6935
2026-07-09 12:30:00-04:00,29890.5,29916.5,29864.0,29909.0,9483
2026-07-09 12:45:00-04:00,29908.5,29913.25,29885.25,29897.25,5244
2026-07-09 13:00:00-04:00,29897.0,29969.5,29893.5,29954.25,12062
2026-07-09 13:15:00-04:00,29954.25,29991.0,29954.0,29988.0,7349
2026-07-09 13:30:00-04:00,29988.75,29993.5,29962.0,29974.5,6287
2026-07-09 13:45:00-04:00,29974.75,29992.25,29950.75,29973.75,6125
2026-07-09 14:00:00-04:00,29974.75,29985.0,29960.75,29975.5,5792
2026-07-09 14:15:00-04:00,29976.5,29981.0,29942.0,29956.75,6902
2026-07-09 14:30:00-04:00,29957.25,29968.25,29939.5,29958.25,6146
2026-07-09 14:45:00-04:00,29957.25,29965.0,29929.5,29939.25,6420
2026-07-09 15:00:00-04:00,29939.75,29941.5,29905.25,29916.0,8700
2026-07-09 15:15:00-04:00,29916.5,29958.25,29902.75,29932.25,8529
2026-07-09 15:30:00-04:00,29932.0,29945.5,29909.0,29943.25,8456
2026-07-09 15:45:00-04:00,29943.5,29954.75,29896.75,29948.75,23311
2026-07-09 16:00:00-04:00,29948.75,29973.75,29942.75,29966.5,8673
2026-07-09 16:15:00-04:00,29967.0,29970.25,29937.0,29940.0,2036
2026-07-09 16:30:00-04:00,29939.5,29949.25,29932.0,29934.75,1522
2026-07-09 16:45:00-04:00,29935.0,29939.5,29926.25,29931.25,2107
2026-07-09 18:00:00-04:00,29937.75,29961.0,29923.5,29936.75,1929
2026-07-09 18:15:00-04:00,29938.0,29945.25,29904.0,29907.75,1404
2026-07-09 18:30:00-04:00,29908.75,29922.5,29905.5,29920.25,630
2026-07-09 18:45:00-04:00,29921.75,29927.5,29913.25,29922.0,564
2026-07-09 19:00:00-04:00,29921.5,29942.0,29907.0,29939.75,1128
2026-07-09 19:15:00-04:00,29937.75,29964.25,29929.5,29956.0,1245
2026-07-09 19:30:00-04:00,29958.75,29959.0,29938.5,29942.0,790
2026-07-09 19:45:00-04:00,29941.0,29958.0,29926.0,29932.5,1339
2026-07-09 20:00:00-04:00,29933.25,29952.0,29858.0,29894.0,3955
2026-07-09 20:15:00-04:00,29895.25,29903.5,29820.75,29837.0,3095
2026-07-09 20:30:00-04:00,29838.0,29845.0,29804.25,29828.0,2775
2026-07-09 20:45:00-04:00,29827.5,29870.0,29808.0,29866.5,3342
2026-07-09 21:00:00-04:00,29866.5,29870.75,29817.5,29845.5,2587
2026-07-09 21:15:00-04:00,29843.5,29877.25,29836.75,29866.25,1571
2026-07-09 21:30:00-04:00,29867.25,29902.5,29854.75,29885.25,1853
2026-07-09 21:45:00-04:00,29885.75,29922.75,29881.5,29891.5,1723
2026-07-09 22:00:00-04:00,29895.0,29901.25,29865.25,29880.75,1568
2026-07-09 22:15:00-04:00,29881.25,29884.75,29854.25,29882.5,1876
2026-07-09 22:30:00-04:00,29883.25,29916.25,29874.0,29908.25,1507
2026-07-09 22:45:00-04:00,29908.5,29952.5,29902.0,29952.0,1797
2026-07-09 23:00:00-04:00,29952.0,29963.5,29940.25,29947.25,1048
2026-07-09 23:15:00-04:00,29947.5,29950.5,29922.0,29923.5,865
2026-07-09 23:30:00-04:00,29925.25,29932.75,29917.0,29925.0,695
2026-07-09 23:45:00-04:00,29922.75,29933.75,29912.5,29932.25,822
2026-07-10 00:00:00-04:00,29933.0,29948.75,29923.0,29947.75,852
2026-07-10 00:15:00-04:00,29946.0,29947.5,29917.25,29927.5,739
2026-07-10 00:30:00-04:00,29928.0,29929.25,29906.25,29915.25,1082
2026-07-10 00:45:00-04:00,29915.5,29917.5,29875.25,29881.75,1546
2026-07-10 01:00:00-04:00,29883.75,29886.5,29865.75,29882.5,1241
2026-07-10 01:15:00-04:00,29883.25,29897.0,29870.25,29876.5,1150
2026-07-10 01:30:00-04:00,29877.25,29881.25,29852.0,29875.0,1553
2026-07-10 01:45:00-04:00,29875.75,29875.75,29840.0,29845.5,1184
2026-07-10 02:00:00-04:00,29847.25,29856.75,29820.0,29826.25,2340
2026-07-10 02:15:00-04:00,29824.75,29830.75,29775.25,29789.5,3346
2026-07-10 02:30:00-04:00,29788.75,29831.25,29785.5,29814.75,2485
2026-07-10 02:45:00-04:00,29814.0,29832.5,29809.5,29819.5,1116
2026-07-10 03:00:00-04:00,29819.25,29827.75,29796.0,29813.25,1352
2026-07-10 03:15:00-04:00,29813.0,29825.25,29790.5,29816.0,1286
2026-07-10 03:30:00-04:00,29816.0,29819.0,29793.75,29796.75,471
2026-07-10 03:45:00-04:00,29796.5,29799.0,29761.75,29774.0,1613
2026-07-10 04:00:00-04:00,29773.75,29799.5,29743.75,29796.75,2288
2026-07-10 04:15:00-04:00,29797.0,29803.75,29755.5,29768.75,1427
2026-07-10 04:30:00-04:00,29768.25,29785.25,29754.0,29785.25,1197
2026-07-10 04:45:00-04:00,29785.25,29799.0,29772.0,29773.25,1155
2026-07-10 05:00:00-04:00,29776.75,29800.75,29717.25,29795.5,2860
2026-07-10 05:15:00-04:00,29797.0,29817.5,29796.75,29813.5,1190
2026-07-10 05:30:00-04:00,29810.0,29827.75,29806.0,29815.5,989
2026-07-10 05:45:00-04:00,29818.0,29827.25,29800.75,29814.75,1106
2026-07-10 06:00:00-04:00,29820.75,29841.75,29818.0,29833.0,868
2026-07-10 06:15:00-04:00,29834.0,29839.75,29805.5,29839.5,1365
2026-07-10 06:30:00-04:00,29838.0,29862.0,29838.0,29862.0,1390
2026-07-10 06:45:00-04:00,29861.5,29862.25,29834.75,29850.75,967
2026-07-10 07:00:00-04:00,29850.0,29878.0,29849.0,29874.5,1796
2026-07-10 07:15:00-04:00,29875.25,29887.75,29850.5,29851.75,1555
2026-07-10 07:30:00-04:00,29851.5,29852.0,29811.5,29836.25,2013
2026-07-10 07:45:00-04:00,29837.25,29843.0,29806.75,29816.0,1647
2026-07-10 08:00:00-04:00,29816.75,29878.75,29771.25,29845.75,5267
2026-07-10 08:15:00-04:00,29843.75,29856.5,29825.0,29851.75,2197
2026-07-10 08:30:00-04:00,29852.0,29860.75,29819.5,29824.5,2593
2026-07-10 08:45:00-04:00,29825.75,29841.5,29800.0,29800.0,2437
2026-07-10 09:00:00-04:00,29800.5,29826.5,29790.5,29811.25,3412
2026-07-10 09:15:00-04:00,29811.5,29851.0,29801.5,29835.0,4469
2026-07-10 09:30:00-04:00,29834.75,29936.75,29798.0,29856.0,30418
2026-07-10 09:45:00-04:00,29855.5,29968.5,29852.75,29923.0,22648
2026-07-10 10:00:00-04:00,29922.75,29966.0,29906.5,29940.25,16237
2026-07-10 10:15:00-04:00,29940.5,29951.5,29844.75,29907.0,19863
2026-07-10 10:30:00-04:00,29907.5,29957.25,29675.0,29891.25,22722
2026-07-10 10:45:00-04:00,29890.75,29913.0,29808.75,29818.25,13123
2026-07-10 11:00:00-04:00,29818.5,29884.5,29780.0,29874.0,14391
2026-07-10 11:15:00-04:00,29874.0,29987.5,29872.75,29979.0,14256
2026-07-10 11:30:00-04:00,29980.0,29991.5,29834.0,29873.75,17425
2026-07-10 11:45:00-04:00,29875.25,29948.5,29847.75,29944.25,11456
2026-07-10 12:00:00-04:00,29944.25,29990.0,29943.75,29981.25,9653
2026-07-10 12:15:00-04:00,29981.5,30029.0,29981.5,30013.5,12144
2026-07-10 12:30:00-04:00,30013.25,30034.0,30004.0,30016.5,6816
2026-07-10 12:45:00-04:00,30015.75,30043.25,30012.0,30026.75,6466
2026-07-10 13:00:00-04:00,30026.5,30033.5,29996.5,30016.0,5497
2026-07-10 13:15:00-04:00,30015.25,30051.5,30008.5,30049.75,5569
2026-07-10 13:30:00-04:00,30049.75,30071.0,30038.0,30064.75,6790
2026-07-10 13:45:00-04:00,30065.0,30072.25,30031.25,30038.0,4836
2026-07-10 14:00:00-04:00,30039.0,30071.0,30034.25,30049.75,7672
2026-07-10 14:15:00-04:00,30049.25,30065.5,30021.5,30046.0,7747
2026-07-10 14:30:00-04:00,30045.25,30057.75,30031.25,30039.5,4274
2026-07-10 14:45:00-04:00,30039.0,30047.5,30028.25,30038.25,4677
2026-07-10 15:00:00-04:00,30038.5,30077.75,30033.0,30059.0,6832
2026-07-10 15:15:00-04:00,30058.5,30059.75,30036.5,30046.0,4947
2026-07-10 15:30:00-04:00,30046.25,30068.0,30044.75,30053.25,5516
2026-07-10 15:45:00-04:00,30053.25,30066.5,30024.75,30037.5,19163
2026-07-10 16:00:00-04:00,30037.75,30062.0,30031.75,30048.5,6417
2026-07-10 16:15:00-04:00,30047.75,30059.5,30046.25,30055.5,1284
2026-07-10 16:30:00-04:00,30054.5,30061.5,30051.5,30058.5,934
2026-07-10 16:45:00-04:00,30058.25,30073.75,30056.5,30068.5,1875
2026-07-12 18:00:00-04:00,29952.0,29979.5,29855.0,29864.25,6837
2026-07-12 18:15:00-04:00,29866.25,29897.5,29862.25,29887.25,2186
2026-07-12 18:30:00-04:00,29887.25,29904.25,29871.75,29893.5,1887
2026-07-12 18:45:00-04:00,29894.0,29915.0,29871.75,29910.25,1500
2026-07-12 19:00:00-04:00,29909.75,29910.5,29880.5,29891.25,1266
2026-07-12 19:15:00-04:00,29890.25,29894.25,29869.5,29890.25,1446
2026-07-12 19:30:00-04:00,29888.25,29898.25,29875.5,29888.75,868
2026-07-12 19:45:00-04:00,29889.25,29895.5,29845.0,29893.25,2461
2026-07-12 20:00:00-04:00,29892.0,30041.0,29871.5,30019.0,6048
2026-07-12 20:15:00-04:00,30018.0,30032.25,29958.0,29967.25,3090
2026-07-12 20:30:00-04:00,29968.0,29971.75,29850.0,29881.75,3710
2026-07-12 20:45:00-04:00,29883.75,29905.25,29807.5,29832.5,4455
2026-07-12 21:00:00-04:00,29836.75,29851.25,29788.75,29812.25,3384
2026-07-12 21:15:00-04:00,29812.75,29849.0,29789.0,29809.0,2421
2026-07-12 21:30:00-04:00,29808.75,29843.25,29789.5,29812.0,2124
2026-07-12 21:45:00-04:00,29812.25,29812.75,29737.25,29761.25,4736
2026-07-12 22:00:00-04:00,29762.75,29772.0,29727.0,29752.75,3370
2026-07-12 22:15:00-04:00,29753.0,29808.75,29745.0,29797.25,2222
2026-07-12 22:30:00-04:00,29798.5,29800.0,29746.5,29766.0,2117
2026-07-12 22:45:00-04:00,29766.25,29773.75,29714.5,29717.0,1659
2026-07-12 23:00:00-04:00,29717.5,29721.25,29684.75,29694.0,2285
2026-07-12 23:15:00-04:00,29694.0,29717.75,29682.0,29710.0,1673
2026-07-12 23:30:00-04:00,29709.0,29727.25,29683.75,29697.25,2146
2026-07-12 23:45:00-04:00,29697.25,29725.25,29683.0,29688.0,1360
2026-07-13 00:00:00-04:00,29689.75,29690.0,29650.0,29666.75,2353
2026-07-13 00:15:00-04:00,29666.5,29677.75,29638.75,29651.5,1616
2026-07-13 00:30:00-04:00,29651.5,29655.75,29622.75,29626.5,1436
2026-07-13 00:45:00-04:00,29624.0,29637.0,29612.75,29627.0,1298
2026-07-13 01:00:00-04:00,29627.75,29693.75,29606.5,29688.5,2981
2026-07-13 01:15:00-04:00,29684.0,29686.25,29577.0,29584.0,2640
2026-07-13 01:30:00-04:00,29585.0,29670.75,29542.75,29637.0,3552
2026-07-13 01:45:00-04:00,29637.5,29666.75,29614.75,29649.0,1782
2026-07-13 02:00:00-04:00,29650.5,29666.0,29585.5,29593.0,2143
2026-07-13 02:15:00-04:00,29592.0,29635.25,29588.75,29630.0,1819
2026-07-13 02:30:00-04:00,29630.25,29650.5,29598.5,29643.75,1706
2026-07-13 02:45:00-04:00,29641.75,29652.0,29611.25,29632.5,1598
2026-07-13 03:00:00-04:00,29631.5,29675.5,29607.0,29670.75,1907
2026-07-13 03:15:00-04:00,29671.5,29690.25,29642.25,29674.5,1928
2026-07-13 03:30:00-04:00,29670.75,29671.25,29636.0,29660.5,1279
2026-07-13 03:45:00-04:00,29660.75,29663.0,29636.75,29652.75,813
2026-07-13 04:00:00-04:00,29654.25,29707.0,29647.5,29703.75,2394
2026-07-13 04:15:00-04:00,29705.0,29741.5,29704.25,29725.75,2546
2026-07-13 04:30:00-04:00,29728.0,29735.0,29700.0,29726.5,1091
2026-07-13 04:45:00-04:00,29727.25,29754.0,29721.75,29747.5,1434
2026-07-13 05:00:00-04:00,29747.5,29751.25,29718.0,29732.75,1010
2026-07-13 05:15:00-04:00,29733.75,29766.25,29729.75,29763.25,1027
2026-07-13 05:30:00-04:00,29763.0,29776.5,29754.5,29773.75,762
2026-07-13 05:45:00-04:00,29773.25,29773.75,29752.0,29770.75,858
2026-07-13 06:00:00-04:00,29772.0,29778.0,29739.0,29747.0,1449
2026-07-13 06:15:00-04:00,29747.0,29765.5,29738.75,29741.25,874
2026-07-13 06:30:00-04:00,29741.0,29757.25,29736.5,29739.25,847
2026-07-13 06:45:00-04:00,29738.5,29764.0,29735.75,29756.75,938
2026-07-13 07:00:00-04:00,29755.75,29799.75,29751.25,29768.25,2379
2026-07-13 07:15:00-04:00,29767.75,29782.75,29741.5,29774.75,1431
2026-07-13 07:30:00-04:00,29773.0,29793.5,29765.0,29768.0,1127
2026-07-13 07:45:00-04:00,29767.75,29768.0,29728.75,29741.0,1507
2026-07-13 08:00:00-04:00,29742.0,29757.25,29693.75,29728.75,3804
2026-07-13 08:15:00-04:00,29730.0,29735.75,29682.75,29684.0,2547
2026-07-13 08:30:00-04:00,29684.5,29694.5,29655.5,29689.5,3154
2026-07-13 08:45:00-04:00,29688.75,29725.0,29687.25,29719.0,2264
2026-07-13 09:00:00-04:00,29719.25,29748.0,29711.0,29719.25,2561
2026-07-13 09:15:00-04:00,29718.5,29721.25,29683.25,29710.75,4436
2026-07-13 09:30:00-04:00,29710.0,29737.25,29552.25,29596.0,33210
2026-07-13 09:45:00-04:00,29596.25,29640.0,29518.0,29630.0,29390
2026-07-13 10:00:00-04:00,29631.0,29662.5,29560.75,29650.75,21310
2026-07-13 10:15:00-04:00,29651.75,29703.0,29488.5,29701.5,23587
2026-07-13 10:30:00-04:00,29701.25,29724.0,29624.25,29637.75,15886
2026-07-13 10:45:00-04:00,29638.25,29720.75,29603.5,29717.75,15136
2026-07-13 11:00:00-04:00,29718.0,29752.5,29671.0,29682.25,13242
2026-07-13 11:15:00-04:00,29681.75,29729.5,29662.0,29707.25,8553
2026-07-13 11:30:00-04:00,29709.0,29724.5,29648.25,29654.25,8444
2026-07-13 11:45:00-04:00,29654.0,29656.5,29596.75,29612.25,8883
2026-07-13 12:00:00-04:00,29611.25,29638.5,29584.25,29613.5,9704
2026-07-13 12:15:00-04:00,29613.25,29616.0,29535.0,29558.0,11809
2026-07-13 12:30:00-04:00,29557.75,29557.75,29460.75,29537.25,17997
2026-07-13 12:45:00-04:00,29537.0,29556.25,29463.75,29525.75,10922
2026-07-13 13:00:00-04:00,29526.5,29580.75,29516.5,29541.0,7951
2026-07-13 13:15:00-04:00,29541.5,29551.5,29498.25,29518.25,6966
2026-07-13 13:30:00-04:00,29518.75,29533.25,29485.25,29513.25,6602
2026-07-13 13:45:00-04:00,29512.75,29526.25,29468.0,29479.5,7516
2026-07-13 14:00:00-04:00,29480.0,29539.5,29476.0,29515.25,7919
2026-07-13 14:15:00-04:00,29515.25,29521.75,29467.5,29474.0,6856
2026-07-13 14:30:00-04:00,29475.0,29517.25,29454.5,29500.75,7861
2026-07-13 14:45:00-04:00,29501.75,29521.5,29483.5,29493.5,6045
2026-07-13 15:00:00-04:00,29493.5,29525.75,29451.0,29464.0,8313
2026-07-13 15:15:00-04:00,29463.75,29468.5,29402.5,29418.5,17016
2026-07-13 15:30:00-04:00,29419.75,29455.75,29393.25,29451.0,14495
2026-07-13 15:45:00-04:00,29450.75,29504.25,29434.25,29467.0,27017
2026-07-13 16:00:00-04:00,29466.75,29474.0,29436.25,29454.5,8030
2026-07-13 16:15:00-04:00,29454.5,29454.75,29386.5,29437.75,4510
2026-07-13 16:30:00-04:00,29437.0,29440.0,29424.5,29435.25,1547
2026-07-13 16:45:00-04:00,29434.25,29444.25,29420.0,29428.75,1863
2026-07-13 18:00:00-04:00,29446.0,29479.5,29437.75,29452.25,1696
2026-07-13 18:15:00-04:00,29452.0,29467.75,29432.0,29434.25,853
2026-07-13 18:30:00-04:00,29433.25,29443.75,29426.25,29441.0,660
2026-07-13 18:45:00-04:00,29442.25,29458.75,29393.75,29399.5,1812
2026-07-13 19:00:00-04:00,29399.5,29405.0,29366.75,29381.0,1520
2026-07-13 19:15:00-04:00,29382.0,29399.25,29361.75,29366.75,1341
2026-07-13 19:30:00-04:00,29368.0,29379.5,29329.0,29333.75,2264
2026-07-13 19:45:00-04:00,29332.5,29423.75,29327.25,29420.75,2573
2026-07-13 20:00:00-04:00,29422.5,29468.75,29325.75,29463.25,5511
2026-07-13 20:15:00-04:00,29465.5,29475.75,29369.0,29420.75,3872
2026-07-13 20:30:00-04:00,29420.25,29488.0,29399.5,29417.75,3169
2026-07-13 20:45:00-04:00,29418.0,29535.0,29412.5,29521.0,3109
2026-07-13 21:00:00-04:00,29521.0,29541.25,29480.0,29492.25,2536
2026-07-13 21:15:00-04:00,29489.5,29528.5,29481.0,29504.75,2269
2026-07-13 21:30:00-04:00,29507.0,29516.5,29441.0,29472.75,2669
2026-07-13 21:45:00-04:00,29475.5,29504.75,29437.0,29445.0,1918
2026-07-13 22:00:00-04:00,29447.25,29489.0,29424.0,29424.0,2114
2026-07-13 22:15:00-04:00,29425.0,29435.25,29373.0,29401.0,2362
2026-07-13 22:30:00-04:00,29403.25,29456.0,29365.25,29444.5,2373
2026-07-13 22:45:00-04:00,29445.5,29453.25,29384.0,29389.0,1393
2026-07-13 23:00:00-04:00,29390.75,29391.5,29328.5,29335.0,2025
2026-07-13 23:15:00-04:00,29334.0,29377.75,29303.5,29376.75,3017
2026-07-13 23:30:00-04:00,29376.5,29405.0,29334.25,29359.25,3095
2026-07-13 23:45:00-04:00,29358.5,29428.0,29353.25,29423.0,1846
2026-07-14 00:00:00-04:00,29425.25,29445.0,29371.25,29391.0,1695
2026-07-14 00:15:00-04:00,29391.0,29452.75,29381.0,29450.0,1194
2026-07-14 00:30:00-04:00,29450.5,29488.0,29442.5,29474.25,1305
2026-07-14 00:45:00-04:00,29473.75,29516.5,29472.5,29508.5,1203
2026-07-14 01:00:00-04:00,29509.75,29548.5,29490.0,29545.5,1563
2026-07-14 01:15:00-04:00,29546.25,29610.0,29534.75,29604.5,2991
2026-07-14 01:30:00-04:00,29605.0,29631.25,29577.75,29594.0,2275
2026-07-14 01:45:00-04:00,29596.5,29606.0,29582.75,29593.0,1172
2026-07-14 02:00:00-04:00,29592.0,29634.75,29586.25,29629.75,1682
2026-07-14 02:15:00-04:00,29629.0,29649.75,29595.0,29606.25,2380
2026-07-14 02:30:00-04:00,29606.25,29634.25,29593.0,29598.0,1454
2026-07-14 02:45:00-04:00,29596.0,29598.0,29562.75,29564.25,985
2026-07-14 03:00:00-04:00,29564.0,29602.25,29545.5,29600.5,1992
2026-07-14 03:15:00-04:00,29599.25,29621.25,29576.75,29604.5,1301
2026-07-14 03:30:00-04:00,29606.0,29608.25,29567.25,29572.25,885
2026-07-14 03:45:00-04:00,29576.0,29609.75,29557.25,29574.5,1217
2026-07-14 04:00:00-04:00,29575.0,29602.0,29547.75,29580.5,2069
2026-07-14 04:15:00-04:00,29582.0,29632.0,29582.0,29618.25,1558
2026-07-14 04:30:00-04:00,29617.75,29636.25,29606.5,29613.5,1189
2026-07-14 04:45:00-04:00,29613.25,29613.25,29570.75,29573.0,803
2026-07-14 05:00:00-04:00,29573.0,29626.5,29557.75,29624.5,1199
2026-07-14 05:15:00-04:00,29623.5,29629.5,29572.25,29574.75,1096
2026-07-14 05:30:00-04:00,29573.5,29609.75,29573.25,29599.5,789
2026-07-14 05:45:00-04:00,29598.5,29623.75,29596.75,29602.25,667
2026-07-14 06:00:00-04:00,29603.25,29620.25,29594.75,29605.0,498
2026-07-14 06:15:00-04:00,29607.25,29608.5,29585.5,29598.75,415
2026-07-14 06:30:00-04:00,29595.75,29633.0,29578.75,29607.25,1327
2026-07-14 06:45:00-04:00,29603.25,29620.5,29589.25,29607.25,700
2026-07-14 07:00:00-04:00,29606.75,29621.25,29555.0,29608.0,3710
2026-07-14 07:15:00-04:00,29607.25,29670.5,29605.5,29640.5,3708
2026-07-14 07:30:00-04:00,29640.75,29668.25,29613.75,29620.5,1810
2026-07-14 07:45:00-04:00,29619.0,29658.5,29617.75,29632.0,1559
2026-07-14 08:00:00-04:00,29635.0,29637.75,29570.0,29590.25,2303
2026-07-14 08:15:00-04:00,29591.75,29694.0,29577.5,29694.0,3818
2026-07-14 08:30:00-04:00,29694.0,29921.75,29677.0,29821.5,17320
2026-07-14 08:45:00-04:00,29822.75,29838.75,29754.0,29772.5,6343
2026-07-14 09:00:00-04:00,29773.75,29809.0,29764.5,29782.25,4510
2026-07-14 09:15:00-04:00,29782.75,29832.0,29742.5,29811.75,6982
2026-07-14 09:30:00-04:00,29811.0,29815.75,29685.0,29754.25,27754
2026-07-14 09:45:00-04:00,29752.75,29808.5,29714.0,29781.25,17659
2026-07-14 10:00:00-04:00,29780.25,29804.75,29637.0,29665.25,21570
2026-07-14 10:15:00-04:00,29662.75,29733.0,29567.5,29684.5,22436
2026-07-14 10:30:00-04:00,29683.75,29839.75,29658.25,29729.0,20451
2026-07-14 10:45:00-04:00,29727.25,29784.5,29659.5,29772.5,12807
2026-07-14 11:00:00-04:00,29773.5,29865.5,29753.75,29848.75,18364
2026-07-14 11:15:00-04:00,29847.5,29889.0,29825.25,29884.5,12394
2026-07-14 11:30:00-04:00,29885.0,29895.75,29799.0,29835.75,13578
2026-07-14 11:45:00-04:00,29834.0,29852.0,29760.0,29785.5,10557
2026-07-14 12:00:00-04:00,29786.0,29791.25,29711.0,29738.0,12041
2026-07-14 12:15:00-04:00,29739.75,29784.0,29704.5,29779.25,9016
2026-07-14 12:30:00-04:00,29778.5,29824.25,29750.25,29809.5,8205
2026-07-14 12:45:00-04:00,29809.75,29830.0,29783.5,29826.75,6868
2026-07-14 13:00:00-04:00,29826.75,29851.0,29814.5,29822.5,7120
2026-07-14 13:15:00-04:00,29822.25,29867.0,29807.0,29850.0,7438
2026-07-14 13:30:00-04:00,29849.5,29861.5,29818.75,29846.0,4995
2026-07-14 13:45:00-04:00,29846.0,29865.5,29829.0,29863.25,4675
2026-07-14 14:00:00-04:00,29863.0,29871.75,29842.5,29869.25,5371
2026-07-14 14:15:00-04:00,29868.75,29878.25,29847.5,29853.75,4338
2026-07-14 14:30:00-04:00,29854.0,29869.5,29810.5,29824.75,7888
2026-07-14 14:45:00-04:00,29825.75,29843.5,29813.0,29824.0,5291
2026-07-14 15:00:00-04:00,29824.5,29832.5,29780.0,29816.0,8083
2026-07-14 15:15:00-04:00,29816.0,29837.75,29796.5,29796.75,6646
2026-07-14 15:30:00-04:00,29797.25,29817.25,29771.0,29811.5,8565
2026-07-14 15:45:00-04:00,29811.25,29836.0,29779.0,29786.0,18104
2026-07-14 16:00:00-04:00,29785.75,29810.0,29772.5,29788.25,9182
2026-07-14 16:15:00-04:00,29787.5,29792.25,29767.75,29775.0,1593
2026-07-14 16:30:00-04:00,29774.5,29799.25,29772.75,29796.0,1575
2026-07-14 16:45:00-04:00,29796.25,29801.5,29785.75,29793.5,1107
2026-07-14 18:00:00-04:00,29805.0,29806.25,29745.5,29753.0,1506
2026-07-14 18:15:00-04:00,29755.75,29797.25,29752.0,29786.25,1083
2026-07-14 18:30:00-04:00,29788.5,29796.0,29774.75,29779.75,701
2026-07-14 18:45:00-04:00,29779.75,29783.25,29764.25,29773.25,854
2026-07-14 19:00:00-04:00,29772.75,29799.75,29758.0,29794.75,1112
2026-07-14 19:15:00-04:00,29793.75,29873.0,29785.0,29866.75,2028
2026-07-14 19:30:00-04:00,29866.25,29881.5,29847.5,29849.25,1253
2026-07-14 19:45:00-04:00,29848.5,29900.0,29844.5,29889.25,1638
2026-07-14 20:00:00-04:00,29889.0,29902.75,29837.5,29893.0,2472
2026-07-14 20:15:00-04:00,29888.75,29938.0,29882.0,29918.0,2109
2026-07-14 20:30:00-04:00,29920.25,29928.5,29841.0,29858.25,2316
2026-07-14 20:45:00-04:00,29858.25,29929.5,29849.0,29918.0,1592
2026-07-14 21:00:00-04:00,29920.0,29927.0,29860.0,29886.25,1893
2026-07-14 21:15:00-04:00,29885.0,29942.75,29885.0,29922.75,1598
2026-07-14 21:30:00-04:00,29924.25,29944.0,29891.5,29892.75,1637
2026-07-14 21:45:00-04:00,29894.25,29959.25,29891.75,29957.25,1477
2026-07-14 22:00:00-04:00,29958.75,29981.0,29949.25,29963.5,1480
2026-07-14 22:15:00-04:00,29966.5,29981.75,29958.5,29966.75,1300
2026-07-14 22:30:00-04:00,29970.0,29985.75,29966.5,29983.0,941
2026-07-14 22:45:00-04:00,29984.0,29987.25,29959.0,29960.75,913
2026-07-14 23:00:00-04:00,29961.0,29967.75,29947.25,29960.0,1002
2026-07-14 23:15:00-04:00,29959.5,29985.0,29955.0,29978.5,1099
2026-07-14 23:30:00-04:00,29979.0,30002.0,29977.25,29987.25,1235
2026-07-14 23:45:00-04:00,29987.75,30019.25,29986.0,30012.5,809
2026-07-15 00:00:00-04:00,30012.75,30016.5,29995.75,30000.25,774
2026-07-15 00:15:00-04:00,30000.25,30013.0,29989.25,29990.25,620
2026-07-15 00:30:00-04:00,29990.75,30011.5,29983.25,30005.0,968
2026-07-15 00:45:00-04:00,30006.0,30025.0,30003.75,30021.75,790
2026-07-15 01:00:00-04:00,30022.5,30058.25,29992.5,29999.25,4023
2026-07-15 01:15:00-04:00,30000.0,30025.0,29976.75,29981.75,1287
2026-07-15 01:30:00-04:00,29980.75,30009.5,29967.75,29992.25,1565
2026-07-15 01:45:00-04:00,29990.5,30032.0,29984.25,30032.0,1183
2026-07-15 02:00:00-04:00,30031.75,30050.0,30027.75,30042.5,1870
2026-07-15 02:15:00-04:00,30040.5,30045.25,30023.0,30039.25,739
2026-07-15 02:30:00-04:00,30041.75,30045.25,30009.75,30018.75,1073
2026-07-15 02:45:00-04:00,30018.5,30038.0,30012.25,30030.0,1279
2026-07-15 03:00:00-04:00,30030.5,30062.5,30007.5,30036.25,2077
2026-07-15 03:15:00-04:00,30035.75,30035.75,29928.0,29969.0,2871
2026-07-15 03:30:00-04:00,29968.0,29989.75,29945.25,29979.0,2011
2026-07-15 03:45:00-04:00,29979.0,30005.25,29971.0,29996.25,1027
2026-07-15 04:00:00-04:00,29997.25,29998.75,29909.0,29918.25,2647
2026-07-15 04:15:00-04:00,29918.25,29924.75,29872.0,29913.25,1928
2026-07-15 04:30:00-04:00,29912.75,29926.25,29897.75,29925.5,1241
2026-07-15 04:45:00-04:00,29925.0,29943.5,29911.75,29936.5,1006
2026-07-15 05:00:00-04:00,29937.75,29958.0,29937.75,29954.0,810
2026-07-15 05:15:00-04:00,29953.25,29963.5,29943.25,29950.25,559
2026-07-15 05:30:00-04:00,29947.75,29959.75,29928.25,29951.0,752
2026-07-15 05:45:00-04:00,29952.0,29952.0,29914.25,29924.75,664
2026-07-15 06:00:00-04:00,29926.0,29944.0,29916.25,29942.25,520
2026-07-15 06:15:00-04:00,29942.25,29947.25,29886.0,29896.0,1283
2026-07-15 06:30:00-04:00,29897.75,29921.25,29890.0,29901.75,926
2026-07-15 06:45:00-04:00,29902.0,29934.25,29899.75,29927.25,686
2026-07-15 07:00:00-04:00,29926.0,29953.0,29919.5,29925.0,1007
2026-07-15 07:15:00-04:00,29925.25,29942.5,29915.25,29921.5,746
2026-07-15 07:30:00-04:00,29922.75,29942.0,29911.5,29928.25,743
2026-07-15 07:45:00-04:00,29928.0,29928.0,29904.5,29912.5,1040
2026-07-15 08:00:00-04:00,29914.5,29919.5,29873.75,29881.0,1423
2026-07-15 08:15:00-04:00,29882.25,29892.75,29856.25,29875.5,1477
2026-07-15 08:30:00-04:00,29875.25,29973.75,29856.5,29951.5,6653
2026-07-15 08:45:00-04:00,29952.0,29995.25,29941.75,29980.0,3763
2026-07-15 09:00:00-04:00,29980.0,29999.75,29939.25,29946.5,3272
2026-07-15 09:15:00-04:00,29948.0,29966.75,29936.25,29955.25,3741
2026-07-15 09:30:00-04:00,29955.5,29977.5,29831.0,29833.25,28022
2026-07-15 09:45:00-04:00,29834.25,29847.25,29754.5,29823.5,27605
2026-07-15 10:00:00-04:00,29822.75,29892.5,29806.0,29806.5,18389
2026-07-15 10:15:00-04:00,29806.75,29830.75,29639.25,29724.0,28239
2026-07-15 10:30:00-04:00,29723.75,29736.75,29536.75,29600.5,27456
2026-07-15 10:45:00-04:00,29600.5,29644.0,29562.5,29630.75,17909
2026-07-15 11:00:00-04:00,29632.0,29661.75,29579.5,29592.25,12159
2026-07-15 11:15:00-04:00,29591.0,29642.0,29526.5,29641.0,16868
2026-07-15 11:30:00-04:00,29640.75,29656.25,29586.25,29615.75,11767
2026-07-15 11:45:00-04:00,29616.5,29618.0,29560.0,29582.0,9592
2026-07-15 12:00:00-04:00,29580.25,29599.5,29471.25,29476.25,15058
2026-07-15 12:15:00-04:00,29475.5,29496.75,29431.25,29462.0,13164
2026-07-15 12:30:00-04:00,29462.0,29483.25,29397.0,29445.0,12460
2026-07-15 12:45:00-04:00,29445.75,29540.25,29433.75,29512.75,14362
2026-07-15 13:00:00-04:00,29512.75,29561.75,29504.75,29532.25,9449
2026-07-15 13:15:00-04:00,29531.25,29608.25,29526.75,29604.0,9371
2026-07-15 13:30:00-04:00,29604.75,29637.5,29604.5,29634.0,9764
2026-07-15 13:45:00-04:00,29633.25,29705.75,29625.25,29686.5,13584
2026-07-15 14:00:00-04:00,29686.75,29730.0,29681.75,29716.25,10636
2026-07-15 14:15:00-04:00,29716.25,29742.75,29684.75,29724.5,10805
2026-07-15 14:30:00-04:00,29724.5,29735.0,29658.0,29662.75,8732
2026-07-15 14:45:00-04:00,29662.25,29665.75,29595.0,29613.25,11835
2026-07-15 15:00:00-04:00,29613.0,29668.75,29604.75,29643.0,10341
2026-07-15 15:15:00-04:00,29644.0,29649.0,29589.0,29643.25,8387
2026-07-15 15:30:00-04:00,29643.25,29695.5,29608.5,29683.75,13556
2026-07-15 15:45:00-04:00,29684.25,29707.0,29648.5,29701.0,17355
2026-07-15 16:00:00-04:00,29701.25,29737.0,29664.0,29702.0,9202
2026-07-15 16:15:00-04:00,29702.5,29720.5,29696.0,29718.75,1447
2026-07-15 16:30:00-04:00,29718.5,29719.25,29700.0,29716.25,917
2026-07-15 16:45:00-04:00,29716.5,29720.5,29705.75,29707.5,891
2026-07-15 18:00:00-04:00,29709.0,29749.0,29700.0,29727.25,1394
2026-07-15 18:15:00-04:00,29727.25,29730.0,29709.75,29716.25,715
2026-07-15 18:30:00-04:00,29716.5,29724.0,29684.25,29685.0,1269
2026-07-15 18:45:00-04:00,29684.25,29722.25,29677.0,29716.25,1843
2026-07-15 19:00:00-04:00,29716.0,29736.25,29710.75,29720.0,738
2026-07-15 19:15:00-04:00,29719.25,29725.0,29695.5,29718.5,1325
2026-07-15 19:30:00-04:00,29717.25,29734.0,29700.25,29722.0,920
2026-07-15 19:45:00-04:00,29720.5,29727.25,29682.0,29690.0,832
2026-07-15 20:00:00-04:00,29690.0,29758.0,29682.25,29755.25,1883
2026-07-15 20:15:00-04:00,29753.0,29763.25,29662.5,29669.5,2801
2026-07-15 20:30:00-04:00,29670.0,29695.75,29626.75,29626.75,2479
2026-07-15 20:45:00-04:00,29626.0,29679.25,29622.25,29651.25,1779
2026-07-15 21:00:00-04:00,29653.75,29668.0,29615.5,29626.0,1656
2026-07-15 21:15:00-04:00,29625.5,29629.0,29601.5,29605.25,1462
2026-07-15 21:30:00-04:00,29604.5,29646.0,29593.5,29615.25,1604
2026-07-15 21:45:00-04:00,29614.0,29685.75,29612.5,29651.0,2015
2026-07-15 22:00:00-04:00,29651.25,29652.75,29620.0,29640.0,1332
2026-07-15 22:15:00-04:00,29640.25,29706.0,29634.0,29696.75,1803
2026-07-15 22:30:00-04:00,29695.5,29707.0,29670.0,29680.0,1347
2026-07-15 22:45:00-04:00,29680.0,29736.0,29676.5,29727.0,1942
2026-07-15 23:00:00-04:00,29728.0,29751.75,29721.25,29748.75,1174
2026-07-15 23:15:00-04:00,29749.25,29751.75,29710.5,29716.5,899
2026-07-15 23:30:00-04:00,29716.75,29747.0,29713.5,29719.5,862
2026-07-15 23:45:00-04:00,29720.75,29743.5,29701.75,29743.0,713
2026-07-16 00:00:00-04:00,29744.25,29756.0,29722.25,29754.5,840
2026-07-16 00:15:00-04:00,29754.5,29756.25,29710.0,29716.0,909
2026-07-16 00:30:00-04:00,29715.0,29721.25,29691.25,29706.5,620
2026-07-16 00:45:00-04:00,29703.25,29717.0,29699.25,29708.0,467
2026-07-16 01:00:00-04:00,29709.0,29748.0,29697.0,29748.0,1011
2026-07-16 01:15:00-04:00,29747.75,29775.5,29739.25,29765.75,1328
2026-07-16 01:30:00-04:00,29765.75,29797.0,29666.5,29702.5,3014
2026-07-16 01:45:00-04:00,29704.5,29711.0,29678.5,29686.5,834
2026-07-16 02:00:00-04:00,29687.75,29739.25,29646.5,29731.75,4204
2026-07-16 02:15:00-04:00,29729.25,29749.75,29684.0,29686.0,1614
2026-07-16 02:30:00-04:00,29682.0,29697.25,29641.25,29673.5,1381
2026-07-16 02:45:00-04:00,29672.25,29694.0,29657.0,29683.75,681
2026-07-16 03:00:00-04:00,29684.75,29686.5,29620.75,29621.5,1433
2026-07-16 03:15:00-04:00,29622.25,29649.5,29611.75,29622.5,1647
2026-07-16 03:30:00-04:00,29623.5,29629.25,29568.5,29570.0,1657
2026-07-16 03:45:00-04:00,29571.25,29583.75,29548.5,29562.25,1527
2026-07-16 04:00:00-04:00,29563.5,29572.75,29488.0,29490.5,2581
2026-07-16 04:15:00-04:00,29493.75,29561.75,29478.75,29538.5,1940
2026-07-16 04:30:00-04:00,29539.5,29576.75,29528.25,29551.0,1287
2026-07-16 04:45:00-04:00,29550.5,29595.5,29550.5,29591.5,1138
2026-07-16 05:00:00-04:00,29593.25,29635.0,29592.0,29625.25,1521
2026-07-16 05:15:00-04:00,29626.25,29645.25,29611.0,29613.25,1113
2026-07-16 05:30:00-04:00,29614.75,29631.0,29583.75,29585.25,887
2026-07-16 05:45:00-04:00,29584.25,29585.75,29528.0,29531.25,1982
2026-07-16 06:00:00-04:00,29530.25,29561.25,29514.5,29550.75,1423
2026-07-16 06:15:00-04:00,29550.75,29550.75,29512.25,29537.5,801
2026-07-16 06:30:00-04:00,29537.25,29555.75,29507.75,29521.25,1302
2026-07-16 06:45:00-04:00,29521.25,29537.75,29502.5,29531.0,1013
2026-07-16 07:00:00-04:00,29528.75,29532.0,29459.75,29488.0,2019
2026-07-16 07:15:00-04:00,29488.25,29502.0,29446.25,29472.0,2035
2026-07-16 07:30:00-04:00,29472.75,29472.75,29428.0,29439.5,2283
2026-07-16 07:45:00-04:00,29438.75,29456.0,29361.0,29446.75,3955
2026-07-16 08:00:00-04:00,29445.75,29457.25,29392.75,29423.5,2620
2026-07-16 08:15:00-04:00,29422.25,29440.25,29378.0,29408.0,3237
2026-07-16 08:30:00-04:00,29407.75,29427.75,29365.5,29375.0,3424
2026-07-16 08:45:00-04:00,29374.75,29415.0,29363.5,29392.25,2622
2026-07-16 09:00:00-04:00,29393.25,29457.25,29387.75,29452.0,4309
2026-07-16 09:15:00-04:00,29451.5,29488.5,29441.75,29465.75,5287
2026-07-16 09:30:00-04:00,29466.0,29532.0,29308.5,29317.75,32076
2026-07-16 09:45:00-04:00,29316.5,29363.75,29255.5,29347.5,28049
2026-07-16 10:00:00-04:00,29346.5,29495.75,29315.25,29468.5,22587
2026-07-16 10:15:00-04:00,29467.5,29501.0,29397.75,29482.5,18547
2026-07-16 10:30:00-04:00,29483.25,29513.5,29426.5,29464.5,12098
2026-07-16 10:45:00-04:00,29464.5,29479.0,29362.0,29433.75,15514
2026-07-16 11:00:00-04:00,29435.5,29458.75,29336.0,29358.5,14426
2026-07-16 11:15:00-04:00,29359.0,29451.5,29336.75,29406.75,15296
2026-07-16 11:30:00-04:00,29406.5,29468.0,29370.0,29397.75,11972
2026-07-16 11:45:00-04:00,29397.5,29435.0,29354.5,29392.5,10722
2026-07-16 12:00:00-04:00,29392.5,29395.25,29289.25,29293.25,12309
2026-07-16 12:15:00-04:00,29293.5,29315.0,29260.75,29299.25,12858
2026-07-16 12:30:00-04:00,29300.5,29339.5,29286.0,29292.75,8827
2026-07-16 12:45:00-04:00,29294.75,29352.5,29270.75,29338.25,9062
2026-07-16 13:00:00-04:00,29339.0,29342.0,29284.5,29288.0,7275
2026-07-16 13:15:00-04:00,29288.5,29343.0,29275.0,29333.0,8158
2026-07-16 13:30:00-04:00,29334.0,29345.0,29230.0,29243.75,10938
2026-07-16 13:45:00-04:00,29244.25,29269.0,29219.0,29244.5,9316
2026-07-16 14:00:00-04:00,29244.25,29279.5,29223.5,29233.0,9373
2026-07-16 14:15:00-04:00,29232.75,29304.0,29217.25,29269.75,10126
2026-07-16 14:30:00-04:00,29269.0,29269.25,29198.5,29237.75,8952
2026-07-16 14:45:00-04:00,29237.5,29253.25,29200.25,29210.5,7172
2026-07-16 15:00:00-04:00,29210.0,29242.0,29176.0,29183.75,10715
2026-07-16 15:15:00-04:00,29183.25,29186.25,29119.0,29148.5,12708
2026-07-16 15:30:00-04:00,29147.5,29170.25,29117.25,29121.5,13256
2026-07-16 15:45:00-04:00,29121.25,29238.25,29078.5,29217.0,31580
2026-07-16 16:00:00-04:00,29216.75,29231.25,29166.0,29167.75,12085
2026-07-16 16:15:00-04:00,29167.5,29200.0,29162.75,29181.0,2704
2026-07-16 16:30:00-04:00,29180.25,29189.75,29164.0,29174.5,2082
2026-07-16 16:45:00-04:00,29172.75,29183.25,29167.5,29179.0,1372
2026-07-16 18:00:00-04:00,29191.0,29220.0,29166.25,29186.5,1468
2026-07-16 18:15:00-04:00,29186.75,29188.25,29136.5,29139.75,1433
2026-07-16 18:30:00-04:00,29139.0,29159.25,29130.75,29149.5,1299
2026-07-16 18:45:00-04:00,29149.5,29151.25,29115.25,29136.5,1306
2026-07-16 19:00:00-04:00,29134.75,29144.75,29106.25,29130.75,1315
2026-07-16 19:15:00-04:00,29133.0,29134.25,29075.75,29093.0,1556
2026-07-16 19:30:00-04:00,29092.5,29129.75,29060.0,29109.25,1864
2026-07-16 19:45:00-04:00,29110.25,29118.0,29082.75,29096.5,1000
2026-07-16 20:00:00-04:00,29095.5,29124.25,29031.5,29043.5,2981
2026-07-16 20:15:00-04:00,29041.25,29076.0,29011.0,29018.5,2786
2026-07-16 20:30:00-04:00,29017.75,29030.5,28993.5,29024.75,3107
2026-07-16 20:45:00-04:00,29024.5,29082.0,29017.75,29057.0,2741
2026-07-16 21:00:00-04:00,29059.75,29105.5,29024.25,29029.25,2930
2026-07-16 21:15:00-04:00,29031.75,29046.0,29010.5,29039.5,1538
2026-07-16 21:30:00-04:00,29040.75,29044.0,28964.5,28975.0,3199
2026-07-16 21:45:00-04:00,28972.25,28990.75,28945.75,28972.0,2563
2026-07-16 22:00:00-04:00,28970.75,28985.75,28950.0,28956.75,1429
2026-07-16 22:15:00-04:00,28957.5,28961.25,28917.25,28928.75,1895
2026-07-16 22:30:00-04:00,28927.25,28940.75,28903.25,28932.5,2296
2026-07-16 22:45:00-04:00,28934.0,28940.0,28902.25,28925.0,1587
2026-07-16 23:00:00-04:00,28926.25,28960.75,28915.0,28953.75,1357
2026-07-16 23:15:00-04:00,28954.25,29026.0,28954.25,29015.25,2519
2026-07-16 23:30:00-04:00,29013.5,29016.75,28943.5,28954.5,2352
2026-07-16 23:45:00-04:00,28957.0,28960.0,28910.0,28911.0,1773
2026-07-17 00:00:00-04:00,28911.0,28912.75,28840.0,28850.0,3690
2026-07-17 00:15:00-04:00,28851.25,28859.5,28803.0,28809.5,2806
2026-07-17 00:30:00-04:00,28808.0,28826.0,28774.5,28809.5,3258
2026-07-17 00:45:00-04:00,28809.5,28841.25,28804.75,28804.75,2163
2026-07-17 01:00:00-04:00,28806.0,28820.25,28787.75,28804.75,1904
2026-07-17 01:15:00-04:00,28803.5,28823.0,28783.5,28791.0,1711
2026-07-17 01:30:00-04:00,28792.5,28811.75,28725.0,28759.75,3210
2026-07-17 01:45:00-04:00,28758.5,28774.0,28733.25,28756.25,1949
2026-07-17 02:00:00-04:00,28755.0,28774.0,28722.5,28756.75,2963
2026-07-17 02:15:00-04:00,28757.5,28824.5,28745.5,28815.25,2915
2026-07-17 02:30:00-04:00,28814.25,28825.0,28762.0,28776.5,1936
2026-07-17 02:45:00-04:00,28774.25,28774.5,28730.5,28743.0,1868
2026-07-17 03:00:00-04:00,28744.25,28767.5,28720.5,28751.5,2848
2026-07-17 03:15:00-04:00,28752.25,28765.75,28713.5,28748.0,2107
2026-07-17 03:30:00-04:00,28750.0,28759.5,28702.5,28715.75,1768
2026-07-17 03:45:00-04:00,28715.25,28722.25,28682.5,28688.0,1994
2026-07-17 04:00:00-04:00,28687.5,28735.0,28667.5,28678.0,3210
2026-07-17 04:15:00-04:00,28677.75,28678.5,28577.25,28609.75,6429
2026-07-17 04:30:00-04:00,28609.5,28617.75,28550.0,28585.75,3037
2026-07-17 04:45:00-04:00,28584.25,28662.0,28581.25,28630.0,3115
2026-07-17 05:00:00-04:00,28628.75,28675.5,28618.75,28673.5,2240
2026-07-17 05:15:00-04:00,28671.5,28690.5,28630.0,28690.0,2165
2026-07-17 05:30:00-04:00,28691.0,28716.0,28661.75,28686.0,1923
2026-07-17 05:45:00-04:00,28685.0,28728.0,28683.75,28711.5,2088
2026-07-17 06:00:00-04:00,28711.75,28772.25,28691.5,28766.25,3532
2026-07-17 06:15:00-04:00,28767.0,28787.25,28722.0,28773.5,3250
2026-07-17 06:30:00-04:00,28772.25,28825.5,28763.0,28801.25,3543
2026-07-17 06:45:00-04:00,28799.25,28815.0,28777.0,28785.0,2039
2026-07-17 07:00:00-04:00,28786.75,28808.25,28750.0,28757.25,3333
2026-07-17 07:15:00-04:00,28759.25,28775.0,28728.25,28763.25,2596
2026-07-17 07:30:00-04:00,28764.0,28765.0,28713.5,28729.75,1696
2026-07-17 07:45:00-04:00,28727.5,28764.25,28718.0,28741.5,1760
2026-07-17 08:00:00-04:00,28740.0,28744.75,28675.0,28683.75,3218
2026-07-17 08:15:00-04:00,28683.25,28696.75,28662.0,28674.75,2434
2026-07-17 08:30:00-04:00,28674.25,28683.75,28650.75,28674.5,2928
2026-07-17 08:45:00-04:00,28675.25,28690.75,28645.5,28664.5,3226
2026-07-17 09:00:00-04:00,28664.75,28665.75,28619.75,28621.5,4225
2026-07-17 09:15:00-04:00,28621.0,28648.25,28581.0,28606.0,9519
2026-07-17 09:30:00-04:00,28607.75,28686.0,28408.25,28420.0,41708
2026-07-17 09:45:00-04:00,28419.5,28681.75,28412.0,28676.0,30981
2026-07-17 10:00:00-04:00,28676.0,28862.25,28665.25,28803.5,34986
2026-07-17 10:15:00-04:00,28804.0,28887.5,28779.75,28832.0,24517
2026-07-17 10:30:00-04:00,28832.0,28896.0,28760.25,28825.5,25600
2026-07-17 10:45:00-04:00,28824.5,28857.75,28721.0,28727.0,18561
2026-07-17 11:00:00-04:00,28727.0,28755.75,28676.75,28706.5,16275
2026-07-17 11:15:00-04:00,28707.25,28760.0,28672.25,28753.5,14632
2026-07-17 11:30:00-04:00,28753.25,28843.5,28718.0,28799.0,17867
2026-07-17 11:45:00-04:00,28797.0,28948.5,28781.5,28933.5,15784
2026-07-17 12:00:00-04:00,28934.0,28955.75,28846.0,28939.0,18267
2026-07-17 12:15:00-04:00,28939.75,28956.0,28858.0,28913.5,14099
2026-07-17 12:30:00-04:00,28914.25,28972.25,28885.75,28971.0,10116
2026-07-17 12:45:00-04:00,28971.0,29028.0,28960.5,28974.25,14103
2026-07-17 13:00:00-04:00,28974.75,29050.25,28966.25,28995.75,11591
2026-07-17 13:15:00-04:00,28995.5,29042.75,28979.25,29035.5,11104
2026-07-17 13:30:00-04:00,29035.75,29042.25,28943.0,28950.25,10088
2026-07-17 13:45:00-04:00,28949.75,28969.75,28883.75,28895.75,9012
2026-07-17 14:00:00-04:00,28896.25,28937.0,28856.25,28862.25,9723
2026-07-17 14:15:00-04:00,28863.25,28870.75,28822.5,28851.75,10243
2026-07-17 14:30:00-04:00,28852.0,28891.75,28797.0,28808.75,11704
2026-07-17 14:45:00-04:00,28808.25,28886.0,28797.0,28861.25,10276
2026-07-17 15:00:00-04:00,28861.0,28869.25,28757.75,28760.0,9838
2026-07-17 15:15:00-04:00,28759.25,28807.0,28718.5,28795.5,11622
2026-07-17 15:30:00-04:00,28795.75,28846.5,28753.75,28795.5,14161
2026-07-17 15:45:00-04:00,28795.5,28853.5,28756.0,28764.25,23612
2026-07-17 16:00:00-04:00,28764.5,28768.0,28712.5,28738.5,12456
2026-07-17 16:15:00-04:00,28738.75,28754.5,28733.5,28749.75,2605
2026-07-17 16:30:00-04:00,28749.5,28768.75,28749.25,28767.25,2811
2026-07-17 16:45:00-04:00,28767.5,28779.75,28754.5,28768.25,1690
2026-07-19 18:00:00-04:00,28747.75,28813.25,28709.75,28715.75,4155
2026-07-19 18:15:00-04:00,28715.25,28818.75,28714.25,28766.5,3174
2026-07-19 18:30:00-04:00,28763.75,28851.0,28757.75,28838.25,2348
2026-07-19 18:45:00-04:00,28839.0,28848.25,28810.0,28814.5,1317
2026-07-19 19:00:00-04:00,28818.0,28836.25,28785.0,28812.5,1513
2026-07-19 19:15:00-04:00,28814.0,28824.75,28781.0,28805.25,1058
2026-07-19 19:30:00-04:00,28805.5,28868.5,28793.75,28864.5,1678
2026-07-19 19:45:00-04:00,28866.75,28880.25,28815.0,28868.25,1953
2026-07-19 20:00:00-04:00,28870.0,28956.5,28806.0,28940.25,4507
2026-07-19 20:15:00-04:00,28940.25,28963.5,28926.5,28935.0,2547
2026-07-19 20:30:00-04:00,28935.75,28938.25,28873.0,28886.25,2672
2026-07-19 20:45:00-04:00,28888.0,28900.25,28850.0,28859.25,2009
2026-07-19 21:00:00-04:00,28861.75,28917.5,28846.5,28853.0,2118
2026-07-19 21:15:00-04:00,28853.0,28885.0,28811.5,28815.5,2862
2026-07-19 21:30:00-04:00,28815.0,28834.75,28776.5,28796.5,2488
2026-07-19 21:45:00-04:00,28796.25,28819.5,28762.75,28795.75,2037
2026-07-19 22:00:00-04:00,28798.5,28889.0,28795.75,28838.25,2612
2026-07-19 22:15:00-04:00,28839.5,28846.5,28793.0,28811.25,1634
2026-07-19 22:30:00-04:00,28811.0,28917.75,28809.5,28899.25,2088
2026-07-19 22:45:00-04:00,28901.25,28948.0,28883.75,28886.0,1955
2026-07-19 23:00:00-04:00,28888.0,28913.0,28856.0,28884.75,1176
2026-07-19 23:15:00-04:00,28883.75,28913.75,28863.0,28876.5,1253
2026-07-19 23:30:00-04:00,28876.5,28903.25,28851.0,28898.5,1300
2026-07-19 23:45:00-04:00,28900.0,28937.75,28881.0,28897.25,1574
2026-07-20 00:00:00-04:00,28900.0,28918.75,28863.0,28867.25,1245
2026-07-20 00:15:00-04:00,28867.25,28902.75,28844.5,28900.5,1148
2026-07-20 00:30:00-04:00,28900.25,28940.25,28888.25,28933.5,1712
2026-07-20 00:45:00-04:00,28934.75,28942.0,28892.75,28897.75,976
2026-07-20 01:00:00-04:00,28898.0,28901.75,28812.75,28862.25,2274
2026-07-20 01:15:00-04:00,28862.5,28862.5,28826.25,28832.75,832
2026-07-20 01:30:00-04:00,28831.25,28839.0,28809.0,28813.0,1237
2026-07-20 01:45:00-04:00,28813.25,28832.25,28789.0,28807.25,1277
2026-07-20 02:00:00-04:00,28808.0,28823.75,28781.75,28785.5,1256
2026-07-20 02:15:00-04:00,28783.5,28815.25,28768.75,28785.0,1281
2026-07-20 02:30:00-04:00,28786.5,28813.5,28766.0,28804.25,1193
2026-07-20 02:45:00-04:00,28802.5,28811.5,28778.5,28803.5,1028
2026-07-20 03:00:00-04:00,28805.75,28833.75,28804.5,28819.25,1583
2026-07-20 03:15:00-04:00,28820.75,28885.75,28797.75,28880.25,1782
2026-07-20 03:30:00-04:00,28880.0,28926.0,28878.25,28905.5,2309
2026-07-20 03:45:00-04:00,28905.5,28923.0,28879.0,28911.0,1369
2026-07-20 04:00:00-04:00,28908.25,28934.25,28889.5,28926.75,1668
2026-07-20 04:15:00-04:00,28928.25,28939.75,28895.5,28902.5,1379
2026-07-20 04:30:00-04:00,28902.25,28907.25,28860.0,28863.25,1161
2026-07-20 04:45:00-04:00,28864.75,28890.0,28860.75,28882.0,712
2026-07-20 05:00:00-04:00,28879.25,28888.5,28854.0,28878.0,811
2026-07-20 05:15:00-04:00,28878.0,28915.75,28878.0,28904.75,877
2026-07-20 05:30:00-04:00,28904.25,28941.5,28898.0,28940.75,1082
2026-07-20 05:45:00-04:00,28941.0,28998.25,28940.0,28952.5,3055
2026-07-20 06:00:00-04:00,28952.75,28957.5,28926.5,28933.25,1054
2026-07-20 06:15:00-04:00,28932.75,28962.25,28920.5,28956.75,1582
2026-07-20 06:30:00-04:00,28955.0,28976.0,28947.25,28967.25,1379
2026-07-20 06:45:00-04:00,28967.5,28980.0,28961.5,28969.0,801
2026-07-20 07:00:00-04:00,28970.75,29026.5,28963.75,29012.5,2366
2026-07-20 07:15:00-04:00,29012.25,29018.0,28987.75,28998.75,1626
2026-07-20 07:30:00-04:00,28997.75,29109.5,28995.5,29087.25,6795
2026-07-20 07:45:00-04:00,29088.75,29096.75,29048.25,29072.5,2950
2026-07-20 08:00:00-04:00,29072.5,29075.5,28981.75,29004.75,4402
2026-07-20 08:15:00-04:00,29003.0,29036.75,28991.5,29034.75,1685
2026-07-20 08:30:00-04:00,29036.0,29046.0,29001.0,29005.5,2081
2026-07-20 08:45:00-04:00,29005.25,29044.0,29004.0,29025.0,2600
2026-07-20 09:00:00-04:00,29025.0,29058.25,29016.75,29024.0,3578
2026-07-20 09:15:00-04:00,29025.0,29060.0,29021.25,29045.0,4216
2026-07-20 09:30:00-04:00,29045.0,29181.75,29025.75,29178.25,30166
2026-07-20 09:45:00-04:00,29177.75,29192.5,28979.75,28994.75,30373
2026-07-20 10:00:00-04:00,28996.0,29049.0,28938.0,28973.5,24445
2026-07-20 10:15:00-04:00,28971.75,29032.75,28908.0,29030.75,18695
2026-07-20 10:30:00-04:00,29030.75,29053.75,28952.75,28964.5,14091
2026-07-20 10:45:00-04:00,28965.5,29004.25,28874.0,28891.5,18178
2026-07-20 11:00:00-04:00,28891.75,28989.5,28873.25,28945.0,18212
2026-07-20 11:15:00-04:00,28946.0,29024.5,28928.75,29015.5,11616
2026-07-20 11:30:00-04:00,29015.75,29034.75,28986.25,29027.5,10093
2026-07-20 11:45:00-04:00,29028.5,29066.75,28974.0,29050.75,10688
2026-07-20 12:00:00-04:00,29050.75,29119.0,29028.75,29107.0,12188
2026-07-20 12:15:00-04:00,29107.0,29112.75,29069.75,29084.5,8236
2026-07-20 12:30:00-04:00,29085.0,29101.25,28962.0,29004.25,13023
2026-07-20 12:45:00-04:00,29005.0,29051.75,28956.0,28983.75,12668
2026-07-20 13:00:00-04:00,28983.0,28999.75,28922.0,28926.5,9438
2026-07-20 13:15:00-04:00,28926.25,28975.75,28910.25,28957.25,8454
2026-07-20 13:30:00-04:00,28958.25,28973.25,28900.75,28910.0,7534
2026-07-20 13:45:00-04:00,28910.75,28982.75,28908.75,28956.5,7260
2026-07-20 14:00:00-04:00,28957.0,29002.0,28956.5,28992.5,6737
2026-07-20 14:15:00-04:00,28993.0,29009.75,28932.0,28949.0,8374
2026-07-20 14:30:00-04:00,28949.0,28949.0,28858.75,28859.25,10149
2026-07-20 14:45:00-04:00,28860.5,28901.25,28855.75,28870.0,9808
2026-07-20 15:00:00-04:00,28871.0,28896.0,28807.75,28807.75,12054
2026-07-20 15:15:00-04:00,28808.5,28869.0,28796.5,28855.5,11362
2026-07-20 15:30:00-04:00,28855.75,28894.25,28834.25,28866.5,11559
2026-07-20 15:45:00-04:00,28866.5,28880.0,28767.75,28785.25,23262
2026-07-20 16:00:00-04:00,28785.0,28831.5,28767.0,28773.0,8389
2026-07-20 16:15:00-04:00,28772.75,28774.75,28750.5,28759.25,2508
2026-07-20 16:30:00-04:00,28759.0,28780.75,28757.75,28771.25,1525
2026-07-20 16:45:00-04:00,28771.75,28785.75,28767.75,28777.0,1032
2026-07-20 18:00:00-04:00,28778.25,28803.5,28705.0,28720.25,2303
2026-07-20 18:15:00-04:00,28720.0,28732.0,28710.0,28719.75,823
2026-07-20 18:30:00-04:00,28721.5,28734.25,28701.0,28720.75,1135
2026-07-20 18:45:00-04:00,28725.0,28734.25,28705.75,28717.75,609
2026-07-20 19:00:00-04:00,28717.75,28778.5,28711.25,28768.25,1525
2026-07-20 19:15:00-04:00,28769.0,28822.0,28765.5,28819.0,1866
2026-07-20 19:30:00-04:00,28818.75,28824.5,28805.75,28811.75,877
2026-07-20 19:45:00-04:00,28810.5,28832.5,28757.75,28779.25,2563
2026-07-20 20:00:00-04:00,28777.5,28777.75,28707.25,28736.0,3547
2026-07-20 20:15:00-04:00,28740.0,28834.5,28709.0,28816.5,3466
2026-07-20 20:30:00-04:00,28818.25,28880.0,28813.75,28866.25,2141
2026-07-20 20:45:00-04:00,28866.75,28897.0,28853.5,28856.25,2744
2026-07-20 21:00:00-04:00,28859.75,28910.75,28837.5,28903.25,2531
2026-07-20 21:15:00-04:00,28904.5,28912.5,28872.75,28891.0,1695
2026-07-20 21:30:00-04:00,28891.75,28920.5,28866.5,28873.25,1578
2026-07-20 21:45:00-04:00,28875.5,28911.75,28870.0,28885.25,1594
2026-07-20 22:00:00-04:00,28885.25,28937.75,28877.75,28885.5,1733
2026-07-20 22:15:00-04:00,28885.25,28920.25,28859.0,28894.5,1479
2026-07-20 22:30:00-04:00,28894.5,28955.25,28894.25,28949.0,1730
2026-07-20 22:45:00-04:00,28948.75,28956.75,28928.25,28955.0,828
2026-07-20 23:00:00-04:00,28954.0,28981.75,28951.25,28976.0,1109
2026-07-20 23:15:00-04:00,28973.75,28997.5,28971.0,28996.25,1169
2026-07-20 23:30:00-04:00,28996.25,29049.25,28992.0,29034.5,2576
2026-07-20 23:45:00-04:00,29034.0,29078.0,29033.75,29072.5,2774
2026-07-21 00:00:00-04:00,29073.0,29089.5,29057.75,29066.5,1892
2026-07-21 00:15:00-04:00,29066.5,29077.25,29055.75,29064.0,1231
2026-07-21 00:30:00-04:00,29065.25,29076.75,29056.25,29064.25,1038
2026-07-21 00:45:00-04:00,29061.5,29076.75,29048.0,29054.0,947
2026-07-21 01:00:00-04:00,29055.75,29061.0,29033.75,29036.0,960
2026-07-21 01:15:00-04:00,29035.75,29071.25,29016.5,29066.75,1609
2026-07-21 01:30:00-04:00,29066.0,29093.5,29039.75,29086.5,1666
2026-07-21 01:45:00-04:00,29086.25,29105.0,29071.5,29098.25,1422
2026-07-21 02:00:00-04:00,29096.25,29143.5,29096.25,29132.5,2458
2026-07-21 02:15:00-04:00,29133.0,29141.5,29109.0,29112.25,1886
2026-07-21 02:30:00-04:00,29113.25,29155.0,29113.25,29153.0,1742
2026-07-21 02:45:00-04:00,29153.5,29155.5,29130.25,29146.5,816
2026-07-21 03:00:00-04:00,29147.75,29162.0,29118.0,29131.5,1657
2026-07-21 03:15:00-04:00,29130.75,29130.75,29092.5,29103.0,1807
2026-07-21 03:30:00-04:00,29102.0,29127.0,29088.0,29112.0,1368
2026-07-21 03:45:00-04:00,29112.75,29120.75,29091.0,29117.25,1171
2026-07-21 04:00:00-04:00,29118.0,29154.0,29104.0,29151.5,1937
2026-07-21 04:15:00-04:00,29151.0,29168.0,29140.25,29168.0,1570
2026-07-21 04:30:00-04:00,29167.5,29176.75,29156.0,29167.5,1714
2026-07-21 04:45:00-04:00,29166.75,29175.0,29149.75,29167.0,1085
2026-07-21 05:00:00-04:00,29168.0,29181.0,29162.5,29172.0,962
2026-07-21 05:15:00-04:00,29172.25,29195.25,29163.5,29166.75,1818
2026-07-21 05:30:00-04:00,29165.5,29179.25,29151.25,29164.75,1253
2026-07-21 05:45:00-04:00,29164.5,29185.5,29153.5,29155.0,1060
2026-07-21 06:00:00-04:00,29155.25,29198.5,29154.75,29172.75,1653
2026-07-21 06:15:00-04:00,29171.25,29187.25,29164.75,29173.25,899
2026-07-21 06:30:00-04:00,29174.25,29207.0,29164.0,29173.0,1922
2026-07-21 06:45:00-04:00,29172.0,29186.25,29155.5,29166.25,1211
2026-07-21 07:00:00-04:00,29167.75,29184.0,29133.25,29158.0,2003
2026-07-21 07:15:00-04:00,29158.25,29158.5,29119.5,29129.75,2455
2026-07-21 07:30:00-04:00,29129.0,29173.25,29126.0,29166.0,2646
2026-07-21 07:45:00-04:00,29167.5,29182.0,29145.25,29154.25,1567
2026-07-21 08:00:00-04:00,29153.5,29195.25,29146.0,29179.0,2721
2026-07-21 08:15:00-04:00,29178.75,29179.25,29133.25,29134.25,2411
2026-07-21 08:30:00-04:00,29133.0,29143.0,29111.5,29135.0,2932
2026-07-21 08:45:00-04:00,29135.25,29186.75,29134.5,29171.5,3469
2026-07-21 09:00:00-04:00,29173.5,29183.0,29156.25,29162.25,2307
2026-07-21 09:15:00-04:00,29163.0,29225.0,29155.75,29221.5,5379
2026-07-21 09:30:00-04:00,29222.5,29246.25,29129.5,29144.5,37050
2026-07-21 09:45:00-04:00,29144.5,29178.0,29092.5,29152.75,23486
2026-07-21 10:00:00-04:00,29153.5,29188.5,29064.25,29131.5,22350
2026-07-21 10:15:00-04:00,29129.5,29218.25,29067.0,29207.25,19760
2026-07-21 10:30:00-04:00,29207.25,29236.0,29162.0,29224.5,15830
2026-07-21 10:45:00-04:00,29224.75,29256.5,29209.75,29237.5,13916
2026-07-21 11:00:00-04:00,29237.25,29297.5,29181.0,29291.75,16060
2026-07-21 11:15:00-04:00,29292.0,29320.0,29271.75,29307.5,12405
2026-07-21 11:30:00-04:00,29307.0,29308.5,29257.0,29261.5,12138
2026-07-21 11:45:00-04:00,29260.5,29301.25,29256.25,29259.25,7881
2026-07-21 12:00:00-04:00,29259.25,29324.75,29254.25,29301.75,9338
2026-07-21 12:15:00-04:00,29302.0,29337.75,29301.25,29312.5,8840
2026-07-21 12:30:00-04:00,29313.0,29336.0,29302.0,29318.75,6960
2026-07-21 12:45:00-04:00,29318.5,29352.5,29311.25,29331.75,7696
2026-07-21 13:00:00-04:00,29331.5,29355.5,29330.75,29334.75,6701
2026-07-21 13:15:00-04:00,29335.0,29345.75,29323.0,29333.0,5347
2026-07-21 13:30:00-04:00,29333.25,29351.5,29327.25,29341.5,6171
2026-07-21 13:45:00-04:00,29341.75,29364.75,29332.25,29341.25,6172
2026-07-21 14:00:00-04:00,29341.5,29361.75,29337.5,29337.75,5971
2026-07-21 14:15:00-04:00,29338.0,29344.75,29318.5,29325.0,5266
2026-07-21 14:30:00-04:00,29325.25,29349.0,29310.5,29347.25,6576
2026-07-21 14:45:00-04:00,29347.75,29355.75,29316.75,29328.5,6312
2026-07-21 15:00:00-04:00,29328.25,29335.5,29304.25,29309.25,7476
2026-07-21 15:15:00-04:00,29308.5,29320.5,29290.75,29293.75,7378
2026-07-21 15:30:00-04:00,29293.25,29340.5,29290.75,29337.75,9331
2026-07-21 15:45:00-04:00,29337.75,29352.0,29300.25,29310.75,27783
2026-07-21 16:00:00-04:00,29312.0,29316.75,29285.25,29306.5,9730
2026-07-21 16:15:00-04:00,29306.0,29306.0,29283.75,29292.5,2122
2026-07-21 16:30:00-04:00,29292.5,29304.25,29290.0,29292.5,1558
2026-07-21 16:45:00-04:00,29293.25,29294.5,29279.0,29289.75,2054
2026-07-21 18:00:00-04:00,29310.75,29310.75,29280.5,29296.5,1236
2026-07-21 18:15:00-04:00,29297.0,29302.25,29265.0,29271.0,945
2026-07-21 18:30:00-04:00,29270.0,29284.0,29257.25,29270.25,744
2026-07-21 18:45:00-04:00,29269.25,29276.0,29253.0,29273.75,787
2026-07-21 19:00:00-04:00,29273.5,29289.25,29261.0,29281.75,828
2026-07-21 19:15:00-04:00,29283.0,29304.75,29272.0,29297.25,914
2026-07-21 19:30:00-04:00,29296.25,29304.5,29270.25,29281.5,873
2026-07-21 19:45:00-04:00,29279.5,29303.0,29268.0,29298.5,1264
2026-07-21 20:00:00-04:00,29298.5,29337.0,29286.0,29327.75,2708
2026-07-21 20:15:00-04:00,29329.5,29330.5,29290.25,29299.0,1681
2026-07-21 20:30:00-04:00,29300.25,29305.5,29272.5,29285.5,1440
2026-07-21 20:45:00-04:00,29282.75,29293.0,29258.25,29288.0,1859
2026-07-21 21:00:00-04:00,29289.75,29293.75,29234.5,29257.0,2047
2026-07-21 21:15:00-04:00,29259.0,29272.0,29239.5,29246.0,1340
2026-07-21 21:30:00-04:00,29243.0,29260.75,29232.0,29255.25,1240
2026-07-21 21:45:00-04:00,29253.0,29307.0,29251.25,29277.25,1920
2026-07-21 22:00:00-04:00,29277.25,29284.0,29238.25,29260.75,1690
2026-07-21 22:15:00-04:00,29260.0,29284.5,29250.5,29276.0,975
2026-07-21 22:30:00-04:00,29275.5,29277.25,29243.0,29253.75,1116
2026-07-21 22:45:00-04:00,29252.25,29263.75,29228.0,29238.25,1143
2026-07-21 23:00:00-04:00,29239.25,29245.0,29210.0,29214.25,1495
2026-07-21 23:15:00-04:00,29213.25,29262.0,29212.0,29262.0,1487
2026-07-21 23:30:00-04:00,29260.25,29267.25,29217.0,29222.5,1167
2026-07-21 23:45:00-04:00,29224.25,29241.5,29190.25,29200.0,1767
2026-07-22 00:00:00-04:00,29199.0,29225.0,29187.75,29213.25,1271
2026-07-22 00:15:00-04:00,29216.0,29238.5,29216.0,29234.0,792
2026-07-22 00:30:00-04:00,29231.75,29232.5,29208.75,29217.5,1032
2026-07-22 00:45:00-04:00,29216.75,29222.75,29193.75,29221.5,827
2026-07-22 01:00:00-04:00,29222.25,29225.25,29179.5,29186.5,1144
2026-07-22 01:15:00-04:00,29187.75,29196.25,29166.0,29166.0,1215
2026-07-22 01:30:00-04:00,29165.5,29183.75,29145.5,29146.0,1635
2026-07-22 01:45:00-04:00,29148.0,29177.75,29140.25,29172.75,1432
2026-07-22 02:00:00-04:00,29171.25,29173.0,29126.0,29133.25,2005
2026-07-22 02:15:00-04:00,29131.75,29131.75,29060.0,29079.5,2982
2026-07-22 02:30:00-04:00,29077.75,29115.5,29068.0,29102.75,1835
2026-07-22 02:45:00-04:00,29101.75,29103.0,29062.25,29092.75,1923
2026-07-22 03:00:00-04:00,29091.75,29102.25,29051.0,29097.0,2340
2026-07-22 03:15:00-04:00,29098.0,29124.5,29084.25,29119.25,1805
2026-07-22 03:30:00-04:00,29117.5,29123.75,29025.75,29065.0,2656
2026-07-22 03:45:00-04:00,29064.25,29077.0,29040.0,29056.0,1939
2026-07-22 04:00:00-04:00,29059.75,29107.0,29038.75,29067.0,2486
2026-07-22 04:15:00-04:00,29066.0,29105.0,29061.5,29100.25,1580
2026-07-22 04:30:00-04:00,29101.25,29115.5,29079.0,29086.75,987
2026-07-22 04:45:00-04:00,29086.75,29117.75,29086.0,29110.0,829
2026-07-22 05:00:00-04:00,29110.25,29150.0,29106.25,29132.0,1818
2026-07-22 05:15:00-04:00,29132.25,29146.75,29123.5,29126.25,843
2026-07-22 05:30:00-04:00,29125.0,29126.5,29096.0,29116.25,1257
2026-07-22 05:45:00-04:00,29115.0,29128.5,29089.25,29127.0,1106
2026-07-22 06:00:00-04:00,29128.25,29159.75,29119.25,29121.0,1467
2026-07-22 06:15:00-04:00,29120.0,29168.5,29113.0,29161.25,2028
2026-07-22 06:30:00-04:00,29162.25,29169.75,29134.75,29136.25,1028
2026-07-22 06:45:00-04:00,29133.75,29173.0,29133.0,29153.0,1436
2026-07-22 07:00:00-04:00,29154.0,29164.75,29122.5,29124.25,1678
2026-07-22 07:15:00-04:00,29123.0,29135.75,29099.25,29101.75,2066
2026-07-22 07:30:00-04:00,29102.0,29114.5,29017.5,29041.75,3791
2026-07-22 07:45:00-04:00,29041.75,29079.0,29035.75,29054.0,2359
2026-07-22 08:00:00-04:00,29056.5,29071.0,29026.0,29045.25,3398
2026-07-22 08:15:00-04:00,29045.25,29048.25,28995.0,29027.0,3391
2026-07-22 08:30:00-04:00,29028.0,29068.75,29028.0,29056.5,4421
2026-07-22 08:45:00-04:00,29056.0,29056.5,28952.0,29017.25,6760
2026-07-22 09:00:00-04:00,29017.5,29063.5,29017.5,29056.75,2654
2026-07-22 09:15:00-04:00,29057.0,29099.0,29054.25,29089.75,5403
2026-07-22 09:30:00-04:00,29090.5,29186.0,29090.0,29178.75,31006
2026-07-22 09:45:00-04:00,29178.5,29277.25,29153.0,29276.75,25234
2026-07-22 10:00:00-04:00,29277.0,29283.75,29216.75,29236.25,19812
2026-07-22 10:15:00-04:00,29236.5,29273.75,29196.0,29220.0,18770
2026-07-22 10:30:00-04:00,29219.25,29260.25,29172.75,29185.25,15209
2026-07-22 10:45:00-04:00,29186.25,29245.0,29173.5,29241.0,14261
2026-07-22 11:00:00-04:00,29241.25,29314.0,29240.25,29306.5,13839
2026-07-22 11:15:00-04:00,29306.5,29342.25,29291.75,29324.5,11315
2026-07-22 11:30:00-04:00,29324.25,29335.5,29274.25,29289.0,10828
2026-07-22 11:45:00-04:00,29289.0,29332.75,29289.0,29329.5,8373
2026-07-22 12:00:00-04:00,29330.25,29333.75,29312.75,29328.5,5953
2026-07-22 12:15:00-04:00,29328.25,29335.0,29300.25,29311.0,6313
2026-07-22 12:30:00-04:00,29311.0,29328.25,29283.75,29290.5,5792
2026-07-22 12:45:00-04:00,29290.75,29321.75,29276.75,29310.5,7067
2026-07-22 13:00:00-04:00,29310.5,29331.25,29303.0,29309.75,6202
2026-07-22 13:15:00-04:00,29310.25,29319.25,29295.0,29306.0,6366
2026-07-22 13:30:00-04:00,29304.0,29320.0,29280.75,29293.75,6817
2026-07-22 13:45:00-04:00,29294.75,29298.25,29234.25,29244.25,8299
2026-07-22 14:00:00-04:00,29244.0,29271.25,29223.75,29224.5,9415
2026-07-22 14:15:00-04:00,29224.5,29255.75,29222.25,29239.0,7534
2026-07-22 14:30:00-04:00,29239.0,29240.0,29207.75,29228.5,7922
2026-07-22 14:45:00-04:00,29228.5,29259.0,29224.25,29245.25,6461
2026-07-22 15:00:00-04:00,29245.75,29258.0,29215.5,29225.0,7209
2026-07-22 15:15:00-04:00,29224.75,29260.0,29217.25,29253.0,6731
2026-07-22 15:30:00-04:00,29253.5,29254.25,29192.5,29212.25,9418
2026-07-22 15:45:00-04:00,29212.5,29246.0,29158.25,29160.5,20928
2026-07-22 16:00:00-04:00,29161.0,29251.0,29119.0,29249.0,17984
2026-07-22 16:15:00-04:00,29249.0,29260.0,29203.25,29217.5,5383
2026-07-22 16:30:00-04:00,29216.25,29225.75,29182.5,29185.0,2464
2026-07-22 16:45:00-04:00,29183.5,29212.5,29165.0,29165.0,1819
2026-07-22 18:00:00-04:00,29100.0,29142.5,29060.5,29085.5,3537
2026-07-22 18:15:00-04:00,29086.0,29107.0,29070.0,29080.5,1911
2026-07-22 18:30:00-04:00,29081.25,29091.25,29041.0,29046.25,1785
2026-07-22 18:45:00-04:00,29047.25,29086.5,29039.25,29072.75,1415
2026-07-22 19:00:00-04:00,29073.5,29081.25,29021.75,29064.5,1970
2026-07-22 19:15:00-04:00,29062.25,29066.75,29035.5,29058.75,929
2026-07-22 19:30:00-04:00,29059.0,29098.25,29058.75,29097.75,1255
2026-07-22 19:45:00-04:00,29095.75,29145.5,29089.75,29142.25,2473
2026-07-22 20:00:00-04:00,29143.75,29173.0,29132.5,29166.75,2699
2026-07-22 20:15:00-04:00,29166.5,29255.5,29157.25,29226.5,3785
2026-07-22 20:30:00-04:00,29226.75,29249.5,29218.25,29234.0,1962
2026-07-22 20:45:00-04:00,29233.75,29282.5,29228.75,29255.0,2523
2026-07-22 21:00:00-04:00,29256.25,29272.0,29236.0,29267.75,1851
2026-07-22 21:15:00-04:00,29270.0,29273.5,29232.5,29240.25,1572
2026-07-22 21:30:00-04:00,29242.0,29260.5,29181.0,29182.0,3032
2026-07-22 21:45:00-04:00,29183.0,29218.0,29175.5,29176.0,2076
2026-07-22 22:00:00-04:00,29176.0,29201.0,29147.75,29148.5,1955
2026-07-22 22:15:00-04:00,29148.0,29155.5,29092.0,29105.0,2173
2026-07-22 22:30:00-04:00,29104.5,29126.75,29057.0,29069.5,2682
2026-07-22 22:45:00-04:00,29069.5,29096.75,29063.0,29089.0,1761
2026-07-22 23:00:00-04:00,29093.5,29096.75,29029.5,29053.5,2306
2026-07-22 23:15:00-04:00,29054.25,29084.25,29039.0,29084.25,2056
2026-07-22 23:30:00-04:00,29083.25,29116.5,29072.25,29116.25,1929
2026-07-22 23:45:00-04:00,29116.0,29128.0,29102.75,29111.75,1184
2026-07-23 00:00:00-04:00,29112.0,29136.75,29068.5,29136.75,1762
2026-07-23 00:15:00-04:00,29135.25,29163.0,29111.75,29151.5,1990
2026-07-23 00:30:00-04:00,29153.5,29165.25,29137.75,29141.5,1217
2026-07-23 00:45:00-04:00,29141.25,29158.25,29112.5,29125.25,1210
2026-07-23 01:00:00-04:00,29126.0,29129.0,29100.0,29118.75,1042
2026-07-23 01:15:00-04:00,29116.5,29170.75,29098.5,29170.75,1702
2026-07-23 01:30:00-04:00,29170.25,29183.25,29137.5,29148.75,1404
2026-07-23 01:45:00-04:00,29148.75,29148.75,29079.25,29088.0,1629
2026-07-23 02:00:00-04:00,29088.0,29116.5,29077.25,29097.5,1357
2026-07-23 02:15:00-04:00,29099.75,29112.25,29079.25,29108.75,1269
2026-07-23 02:30:00-04:00,29108.0,29114.0,29081.5,29081.75,1092
2026-07-23 02:45:00-04:00,29082.75,29119.25,29074.0,29084.0,1468
2026-07-23 03:00:00-04:00,29083.75,29086.75,28954.0,28996.25,4893
2026-07-23 03:15:00-04:00,28996.75,29038.75,28993.5,29015.5,2574
2026-07-23 03:30:00-04:00,29015.75,29019.75,28937.5,28940.5,2620
2026-07-23 03:45:00-04:00,28940.0,28989.25,28922.25,28987.5,2462
2026-07-23 04:00:00-04:00,28988.75,29042.0,28958.25,29034.75,2621
2026-07-23 04:15:00-04:00,29035.5,29061.25,29017.0,29051.0,2603
2026-07-23 04:30:00-04:00,29049.25,29061.5,29030.75,29037.75,1294
2026-07-23 04:45:00-04:00,29036.5,29111.0,29033.75,29103.0,1758
2026-07-23 05:00:00-04:00,29103.5,29137.75,29079.75,29082.25,2410
2026-07-23 05:15:00-04:00,29080.75,29103.0,29078.0,29091.0,1053
2026-07-23 05:30:00-04:00,29092.0,29092.0,29067.25,29074.25,1064
2026-07-23 05:45:00-04:00,29076.75,29087.25,29045.0,29055.25,1305
2026-07-23 06:00:00-04:00,29054.25,29067.0,29038.0,29043.0,1267
2026-07-23 06:15:00-04:00,29042.25,29063.5,29036.0,29053.0,1198
2026-07-23 06:30:00-04:00,29051.75,29122.25,29045.25,29101.25,2567
2026-07-23 06:45:00-04:00,29100.5,29108.0,29094.0,29103.0,936
2026-07-23 07:00:00-04:00,29103.0,29106.5,29033.75,29058.75,1930
2026-07-23 07:15:00-04:00,29056.0,29072.5,28992.5,28993.75,2894
2026-07-23 07:30:00-04:00,28994.75,29002.25,28913.0,28925.25,4746
2026-07-23 07:45:00-04:00,28927.0,28985.0,28913.5,28965.0,3906
2026-07-23 08:00:00-04:00,28964.0,28967.75,28914.75,28916.75,2619
2026-07-23 08:15:00-04:00,28915.25,28938.5,28854.5,28864.5,5656
2026-07-23 08:30:00-04:00,28864.5,28875.0,28768.0,28789.25,8587
2026-07-23 08:45:00-04:00,28790.0,28806.5,28754.75,28787.5,6677
2026-07-23 09:00:00-04:00,28786.5,28804.5,28715.75,28727.0,11037
2026-07-23 09:15:00-04:00,28726.5,28731.5,28697.0,28719.25,10981
2026-07-23 09:30:00-04:00,28718.25,28883.0,28657.0,28857.0,42936
2026-07-23 09:45:00-04:00,28855.25,28868.0,28696.0,28707.75,35745
2026-07-23 10:00:00-04:00,28709.25,28801.25,28678.25,28704.75,30434
2026-07-23 10:15:00-04:00,28704.75,28780.25,28686.5,28731.5,20921
2026-07-23 10:30:00-04:00,28731.0,28773.25,28625.5,28645.0,26360
2026-07-23 10:45:00-04:00,28644.5,28670.5,28577.25,28596.75,21773
2026-07-23 11:00:00-04:00,28597.25,28604.5,28483.0,28494.25,24945
2026-07-23 11:15:00-04:00,28494.0,28569.0,28447.75,28467.25,25374
2026-07-23 11:30:00-04:00,28467.75,28551.0,28432.5,28494.5,19342
2026-07-23 11:45:00-04:00,28493.5,28590.0,28478.25,28588.5,14353
2026-07-23 12:00:00-04:00,28588.5,28644.25,28573.25,28629.75,14945
2026-07-23 12:15:00-04:00,28630.0,28715.0,28609.5,28707.25,13292
2026-07-23 12:30:00-04:00,28707.5,28738.25,28682.25,28687.75,13671
2026-07-23 12:45:00-04:00,28687.5,28687.5,28609.5,28640.75,14859
2026-07-23 13:00:00-04:00,28641.25,28663.25,28588.0,28642.5,13071
2026-07-23 13:15:00-04:00,28642.0,28676.75,28614.75,28652.5,10847
2026-07-23 13:30:00-04:00,28653.0,28657.0,28570.5,28594.5,9861
2026-07-23 13:45:00-04:00,28594.25,28629.25,28565.5,28568.0,8868
2026-07-23 14:00:00-04:00,28568.25,28582.25,28542.5,28560.0,9103
2026-07-23 14:15:00-04:00,28560.25,28584.25,28545.25,28575.0,9110
2026-07-23 14:30:00-04:00,28574.75,28603.5,28545.0,28550.5,8928
2026-07-23 14:45:00-04:00,28549.75,28578.5,28525.25,28550.0,8671
2026-07-23 15:00:00-04:00,28550.0,28566.75,28501.0,28505.75,8641
2026-07-23 15:15:00-04:00,28506.5,28595.25,28504.5,28583.0,12094
2026-07-23 15:30:00-04:00,28583.5,28595.5,28501.5,28502.25,11311
2026-07-23 15:45:00-04:00,28502.0,28633.5,28486.25,28615.0,31823
2026-07-23 16:00:00-04:00,28615.25,28747.5,28610.5,28726.75,18076
2026-07-23 16:15:00-04:00,28727.5,28777.25,28718.5,28769.5,4439
2026-07-23 16:30:00-04:00,28768.5,28782.0,28728.0,28736.0,3194
2026-07-23 16:45:00-04:00,28735.5,28747.0,28725.25,28739.25,2285
2026-07-23 18:00:00-04:00,28700.25,28709.25,28632.0,28642.0,2264
2026-07-23 18:15:00-04:00,28641.25,28676.75,28624.0,28662.25,1766
2026-07-23 18:30:00-04:00,28662.5,28692.25,28662.5,28684.75,1369
2026-07-23 18:45:00-04:00,28683.75,28732.75,28683.0,28731.25,1626
2026-07-23 19:00:00-04:00,28729.5,28736.0,28687.5,28696.75,1753
2026-07-23 19:15:00-04:00,28698.0,28708.5,28689.0,28698.5,1014
2026-07-23 19:30:00-04:00,28698.0,28700.75,28661.25,28687.0,1513
2026-07-23 19:45:00-04:00,28687.25,28708.25,28658.25,28679.0,1958
2026-07-23 20:00:00-04:00,28680.25,28724.0,28619.0,28643.25,4258
2026-07-23 20:15:00-04:00,28643.75,28684.25,28615.75,28643.0,2742
2026-07-23 20:30:00-04:00,28646.0,28677.5,28618.0,28655.75,2156
2026-07-23 20:45:00-04:00,28656.75,28680.0,28627.0,28672.0,1991
2026-07-23 21:00:00-04:00,28672.25,28701.5,28656.5,28661.25,1828
2026-07-23 21:15:00-04:00,28662.5,28693.0,28641.25,28656.25,1913
2026-07-23 21:30:00-04:00,28655.5,28685.5,28646.25,28664.0,1693
2026-07-23 21:45:00-04:00,28663.0,28673.25,28607.0,28614.25,1570
2026-07-23 22:00:00-04:00,28612.75,28632.0,28593.75,28616.75,1474
2026-07-23 22:15:00-04:00,28617.5,28625.0,28587.0,28594.75,1605
2026-07-23 22:30:00-04:00,28595.25,28598.25,28547.75,28548.0,2280
2026-07-23 22:45:00-04:00,28548.0,28552.5,28515.0,28519.25,2081
2026-07-23 23:00:00-04:00,28520.0,28546.5,28517.75,28539.5,1493
2026-07-23 23:15:00-04:00,28539.5,28560.75,28521.25,28545.5,2065
2026-07-23 23:30:00-04:00,28544.25,28555.75,28499.75,28505.0,2215
2026-07-23 23:45:00-04:00,28503.5,28520.0,28481.0,28485.0,2134
2026-07-24 00:00:00-04:00,28486.5,28515.75,28465.5,28485.0,1967
2026-07-24 00:15:00-04:00,28485.25,28556.75,28483.0,28551.75,1713
2026-07-24 00:30:00-04:00,28550.5,28558.0,28512.25,28529.25,1134
2026-07-24 00:45:00-04:00,28528.75,28571.5,28520.0,28565.25,1528
2026-07-24 01:00:00-04:00,28564.5,28600.25,28548.25,28593.25,1400
2026-07-24 01:15:00-04:00,28590.75,28602.0,28569.5,28582.25,1408
2026-07-24 01:30:00-04:00,28583.0,28595.0,28566.5,28590.25,1294
2026-07-24 01:45:00-04:00,28589.75,28607.0,28544.0,28545.0,1530
2026-07-24 02:00:00-04:00,28546.75,28550.0,28503.0,28508.75,1694
2026-07-24 02:15:00-04:00,28512.0,28576.25,28507.75,28534.5,2314
2026-07-24 02:30:00-04:00,28536.5,28561.5,28505.0,28507.0,1387
2026-07-24 02:45:00-04:00,28507.75,28548.0,28481.0,28543.75,1983
2026-07-24 03:00:00-04:00,28544.0,28637.75,28539.25,28636.5,3602
2026-07-24 03:15:00-04:00,28637.0,28663.0,28623.5,28654.0,2233
2026-07-24 03:30:00-04:00,28653.75,28658.0,28609.0,28626.25,1495
2026-07-24 03:45:00-04:00,28625.5,28633.0,28611.25,28614.25,1001
2026-07-24 04:00:00-04:00,28615.75,28619.0,28556.5,28573.5,2401
2026-07-24 04:15:00-04:00,28573.5,28622.25,28571.25,28621.75,1587
2026-07-24 04:30:00-04:00,28621.75,28649.5,28614.75,28631.0,1611
2026-07-24 04:45:00-04:00,28630.0,28635.0,28609.0,28622.0,833
2026-07-24 05:00:00-04:00,28623.5,28681.25,28612.0,28643.25,1972
2026-07-24 05:15:00-04:00,28642.0,28677.0,28632.0,28672.75,1554
2026-07-24 05:30:00-04:00,28674.75,28702.0,28663.25,28695.25,1918
2026-07-24 05:45:00-04:00,28695.5,28704.25,28680.25,28700.5,999
2026-07-24 06:00:00-04:00,28700.25,28706.25,28658.5,28664.0,1488
2026-07-24 06:15:00-04:00,28663.5,28679.25,28654.25,28667.5,1407
2026-07-24 06:30:00-04:00,28668.25,28686.5,28637.75,28646.5,1406
2026-07-24 06:45:00-04:00,28646.5,28657.25,28633.25,28640.5,1234
2026-07-24 07:00:00-04:00,28640.0,28666.75,28632.0,28656.0,1685
2026-07-24 07:15:00-04:00,28656.75,28663.75,28637.0,28644.25,1228
2026-07-24 07:30:00-04:00,28641.0,28649.0,28616.25,28616.25,1855
2026-07-24 07:45:00-04:00,28618.5,28700.0,28601.5,28680.5,3960
2026-07-24 08:00:00-04:00,28678.5,28695.5,28624.25,28690.0,3713
2026-07-24 08:15:00-04:00,28689.25,28698.5,28650.0,28686.5,2950
2026-07-24 08:30:00-04:00,28686.0,28689.0,28624.25,28629.75,2718
2026-07-24 08:45:00-04:00,28628.75,28635.75,28587.25,28592.0,3462
2026-07-24 09:00:00-04:00,28591.25,28602.5,28571.75,28591.75,3777
2026-07-24 09:15:00-04:00,28590.75,28616.0,28538.0,28540.25,6011
2026-07-24 09:30:00-04:00,28540.0,28622.0,28458.25,28485.0,35785
2026-07-24 09:45:00-04:00,28483.25,28511.75,28313.5,28322.25,32493
2026-07-24 10:00:00-04:00,28323.0,28451.25,28304.25,28420.75,30195
2026-07-24 10:15:00-04:00,28421.0,28432.25,28299.0,28391.0,23925
2026-07-24 10:30:00-04:00,28391.75,28396.0,28262.75,28287.25,20277
2026-07-24 10:45:00-04:00,28287.0,28461.5,28254.5,28449.25,23473
2026-07-24 11:00:00-04:00,28449.0,28510.0,28355.0,28493.25,25655
2026-07-24 11:15:00-04:00,28494.25,28557.25,28453.5,28499.75,21874
2026-07-24 11:30:00-04:00,28500.75,28577.5,28484.5,28506.0,17536
2026-07-24 11:45:00-04:00,28507.0,28583.75,28491.75,28576.0,13846
2026-07-24 12:00:00-04:00,28576.75,28630.75,28549.5,28574.25,14436
2026-07-24 12:15:00-04:00,28574.5,28594.0,28552.5,28565.75,9360
2026-07-24 12:30:00-04:00,28566.0,28569.0,28495.0,28499.75,12607
2026-07-24 12:45:00-04:00,28499.25,28511.0,28460.25,28495.75,9553
2026-07-24 13:00:00-04:00,28494.75,28502.5,28427.0,28459.25,13406
2026-07-24 13:15:00-04:00,28458.0,28521.75,28441.0,28514.5,9620
2026-07-24 13:30:00-04:00,28515.25,28544.0,28463.0,28464.75,9235
2026-07-24 13:45:00-04:00,28464.75,28501.75,28452.0,28466.0,7146
2026-07-24 14:00:00-04:00,28467.0,28486.0,28420.25,28428.25,7191
2026-07-24 14:15:00-04:00,28428.25,28431.0,28333.0,28336.25,11101
2026-07-24 14:30:00-04:00,28337.75,28346.75,28259.0,28276.5,16587
2026-07-24 14:45:00-04:00,28275.25,28328.5,28269.75,28302.5,10391
2026-07-24 15:00:00-04:00,28301.75,28328.5,28219.75,28221.75,13703
2026-07-24 15:15:00-04:00,28220.75,28266.5,28212.5,28253.5,10298
2026-07-24 15:30:00-04:00,28253.0,28304.75,28238.75,28274.0,15320
2026-07-24 15:45:00-04:00,28274.25,28295.0,28224.5,28283.25,26612
2026-07-24 16:00:00-04:00,28283.5,28303.25,28259.25,28291.25,9535
2026-07-24 16:15:00-04:00,28292.25,28329.5,28292.25,28305.0,2453
2026-07-24 16:30:00-04:00,28303.5,28307.25,28283.75,28305.5,1904
2026-07-24 16:45:00-04:00,28305.75,28313.5,28289.25,28306.5,1403
2026-07-26 18:00:00-04:00,28500.0,28682.25,28500.0,28614.0,5538
2026-07-26 18:15:00-04:00,28614.5,28647.0,28594.5,28623.25,2224
2026-07-26 18:30:00-04:00,28623.5,28641.5,28618.75,28626.0,1092
2026-07-26 18:45:00-04:00,28625.25,28636.25,28604.0,28609.5,1062
2026-07-26 19:00:00-04:00,28612.25,28638.75,28597.75,28630.75,1269
2026-07-26 19:15:00-04:00,28631.5,28637.0,28610.25,28616.75,868
2026-07-26 19:30:00-04:00,28617.0,28669.75,28610.5,28653.75,1354
2026-07-26 19:45:00-04:00,28654.75,28731.0,28638.0,28727.5,3385
2026-07-26 20:00:00-04:00,28728.25,28733.75,28615.0,28663.5,4951
2026-07-26 20:15:00-04:00,28661.75,28662.5,28581.75,28619.25,3476
2026-07-26 20:30:00-04:00,28618.25,28656.0,28597.25,28598.25,2116
2026-07-26 20:45:00-04:00,28600.0,28655.25,28595.25,28598.25,1916
2026-07-26 21:00:00-04:00,28599.75,28634.5,28565.75,28572.75,2278
2026-07-26 21:15:00-04:00,28572.25,28582.0,28525.0,28538.0,3183
2026-07-26 21:30:00-04:00,28542.75,28621.25,28536.0,28590.25,2925
2026-07-26 21:45:00-04:00,28589.5,28614.0,28571.75,28614.0,1575
2026-07-26 22:00:00-04:00,28614.75,28627.75,28587.0,28608.5,1594
2026-07-26 22:15:00-04:00,28606.75,28652.75,28605.5,28638.5,1633
2026-07-26 22:30:00-04:00,28639.0,28657.25,28606.25,28648.25,1325
2026-07-26 22:45:00-04:00,28650.25,28658.5,28611.5,28615.5,910
2026-07-26 23:00:00-04:00,28615.5,28646.0,28606.0,28644.25,1386
2026-07-26 23:15:00-04:00,28644.0,28650.75,28618.25,28619.25,832
2026-07-26 23:30:00-04:00,28620.5,28637.0,28599.75,28619.75,993
2026-07-26 23:45:00-04:00,28619.0,28627.0,28592.75,28614.0,849
2026-07-27 00:00:00-04:00,28614.0,28626.5,28597.75,28621.0,664
2026-07-27 00:15:00-04:00,28621.25,28647.0,28606.75,28620.75,989
2026-07-27 00:30:00-04:00,28620.75,28653.75,28609.25,28648.75,814
2026-07-27 00:45:00-04:00,28648.75,28663.0,28637.75,28644.0,1068
2026-07-27 01:00:00-04:00,28646.25,28674.75,28638.0,28671.5,906
2026-07-27 01:15:00-04:00,28669.0,28684.0,28665.25,28679.75,972
2026-07-27 01:30:00-04:00,28680.0,28703.75,28673.75,28686.5,1578
2026-07-27 01:45:00-04:00,28685.75,28704.25,28681.25,28694.5,867
2026-07-27 02:00:00-04:00,28694.5,28728.5,28693.75,28717.25,1747
2026-07-27 02:15:00-04:00,28716.75,28723.0,28693.75,28697.75,1217
2026-07-27 02:30:00-04:00,28697.25,28715.5,28694.0,28696.0,1334
2026-07-27 02:45:00-04:00,28697.25,28702.75,28680.0,28695.0,1301
2026-07-27 03:00:00-04:00,28692.75,28729.0,28689.0,28727.5,1779
2026-07-27 03:15:00-04:00,28728.25,28732.0,28702.5,28705.25,997
2026-07-27 03:30:00-04:00,28703.25,28704.0,28672.0,28695.5,1700
2026-07-27 03:45:00-04:00,28695.5,28701.75,28661.25,28661.75,1179
2026-07-27 04:00:00-04:00,28661.0,28701.25,28658.5,28693.25,1696
2026-07-27 04:15:00-04:00,28692.0,28724.25,28677.0,28719.0,983
2026-07-27 04:30:00-04:00,28720.75,28744.0,28703.25,28733.75,1546
2026-07-27 04:45:00-04:00,28736.5,28749.5,28724.5,28736.0,1048
2026-07-27 05:00:00-04:00,28737.0,28738.75,28719.75,28725.5,1016
2026-07-27 05:15:00-04:00,28725.25,28738.75,28723.25,28726.25,878
2026-07-27 05:30:00-04:00,28727.0,28748.25,28718.25,28746.75,1520
2026-07-27 05:45:00-04:00,28746.0,28763.25,28742.5,28744.75,1480
2026-07-27 06:00:00-04:00,28744.0,28753.5,28726.25,28737.75,1395
2026-07-27 06:15:00-04:00,28738.75,28748.0,28730.25,28738.0,832
2026-07-27 06:30:00-04:00,28740.0,28750.5,28733.75,28748.0,744
2026-07-27 06:45:00-04:00,28746.0,28758.0,28739.75,28740.75,837
2026-07-27 07:00:00-04:00,28742.0,28743.5,28708.25,28712.5,1572
2026-07-27 07:15:00-04:00,28711.5,28720.0,28648.5,28652.75,2241
2026-07-27 07:30:00-04:00,28653.25,28685.0,28645.5,28667.75,3156
2026-07-27 07:45:00-04:00,28667.25,28677.0,28659.25,28673.0,1310
2026-07-27 08:00:00-04:00,28673.25,28697.75,28633.25,28635.0,2954
2026-07-27 08:15:00-04:00,28637.0,28653.25,28629.25,28650.75,1896
2026-07-27 08:30:00-04:00,28650.5,28671.0,28631.75,28669.0,2092
2026-07-27 08:45:00-04:00,28669.25,28692.5,28666.25,28690.25,2913
2026-07-27 09:00:00-04:00,28692.0,28700.0,28647.75,28662.25,3532
2026-07-27 09:15:00-04:00,28662.75,28676.0,28588.0,28590.5,6073
2026-07-27 09:30:00-04:00,28590.5,28615.75,28428.0,28455.0,39608
2026-07-27 09:45:00-04:00,28455.0,28504.0,28341.25,28347.75,28923
2026-07-27 10:00:00-04:00,28347.75,28372.75,28230.75,28252.0,32963
2026-07-27 10:15:00-04:00,28253.25,28299.0,28075.25,28086.25,27996
2026-07-27 10:30:00-04:00,28086.5,28105.25,27939.0,27959.0,34509
2026-07-27 10:45:00-04:00,27958.5,28180.25,27957.25,28169.25,31449
2026-07-27 11:00:00-04:00,28171.0,28198.5,28121.75,28124.75,22870
2026-07-27 11:15:00-04:00,28125.25,28151.5,28046.0,28072.25,20750
2026-07-27 11:30:00-04:00,28074.25,28085.75,27980.25,28039.75,16708
2026-07-27 11:45:00-04:00,28039.0,28074.0,27995.25,28062.5,12778
2026-07-27 12:00:00-04:00,28062.75,28154.25,28057.75,28078.75,14335
2026-07-27 12:15:00-04:00,28078.75,28204.5,28043.5,28153.75,19239
2026-07-27 12:30:00-04:00,28154.25,28196.75,28112.5,28132.75,12860
2026-07-27 12:45:00-04:00,28134.25,28156.0,28027.75,28048.5,12557
2026-07-27 13:00:00-04:00,28047.0,28056.25,27993.75,28033.75,11942
2026-07-27 13:15:00-04:00,28034.0,28043.25,27986.0,27998.75,8465
2026-07-27 13:30:00-04:00,27998.5,28065.0,27997.5,28036.25,8760
2026-07-27 13:45:00-04:00,28036.0,28106.25,28013.75,28104.75,8599
2026-07-27 14:00:00-04:00,28104.75,28121.25,28085.5,28100.5,8467
2026-07-27 14:15:00-04:00,28100.5,28105.25,28049.75,28082.0,8070
2026-07-27 14:30:00-04:00,28082.25,28088.25,28019.25,28083.5,10653
2026-07-27 14:45:00-04:00,28083.25,28191.0,28069.5,28188.25,12362
2026-07-27 15:00:00-04:00,28188.75,28232.25,28165.25,28201.25,11513
2026-07-27 15:15:00-04:00,28200.75,28247.5,28195.5,28243.0,9087
2026-07-27 15:30:00-04:00,28243.75,28255.75,28172.5,28175.75,10439
2026-07-27 15:45:00-04:00,28176.0,28205.0,28155.25,28192.25,21676
2026-07-27 16:00:00-04:00,28192.5,28219.5,28169.25,28190.75,8697
2026-07-27 16:15:00-04:00,28190.5,28194.5,28174.25,28194.5,1556
2026-07-27 16:30:00-04:00,28194.5,28230.0,28186.75,28207.5,1704
2026-07-27 16:45:00-04:00,28208.25,28212.0,28186.75,28210.0,1672
2026-07-27 18:00:00-04:00,28210.5,28228.0,28156.0,28158.5,1505
2026-07-27 18:15:00-04:00,28159.0,28167.75,28125.5,28129.5,1704
2026-07-27 18:30:00-04:00,28128.25,28156.5,28124.5,28133.5,1194
2026-07-27 18:45:00-04:00,28134.75,28149.0,28123.5,28132.5,1039
2026-07-27 19:00:00-04:00,28131.75,28151.75,28105.25,28129.0,1498
2026-07-27 19:15:00-04:00,28129.25,28163.25,28118.0,28162.25,1224
2026-07-27 19:30:00-04:00,28160.75,28161.5,28130.0,28132.0,787
2026-07-27 19:45:00-04:00,28134.5,28179.25,28121.25,28163.5,2148
2026-07-27 20:00:00-04:00,28164.75,28195.0,28094.75,28111.0,3326
2026-07-27 20:15:00-04:00,28111.0,28132.0,28068.25,28104.5,2648
2026-07-27 20:30:00-04:00,28103.75,28139.75,28059.75,28121.0,2282
2026-07-27 20:45:00-04:00,28118.75,28119.5,28052.75,28072.0,2073
2026-07-27 21:00:00-04:00,28072.0,28078.0,27969.0,27992.75,4255
2026-07-27 21:15:00-04:00,27993.25,28078.25,27986.0,28062.25,3262
2026-07-27 21:30:00-04:00,28059.75,28097.0,28046.75,28080.75,1987
2026-07-27 21:45:00-04:00,28078.75,28094.75,28008.75,28022.0,1836
2026-07-27 22:00:00-04:00,28021.75,28024.25,27984.25,27996.25,1950
2026-07-27 22:15:00-04:00,27992.75,28030.25,27972.25,27987.75,2181
2026-07-27 22:30:00-04:00,27987.0,27989.5,27951.5,27972.0,2284
2026-07-27 22:45:00-04:00,27972.5,28006.75,27955.0,27993.0,1929
2026-07-27 23:00:00-04:00,27993.0,27998.0,27932.5,27968.75,2325
2026-07-27 23:15:00-04:00,27967.5,28047.25,27964.0,27987.5,3023
2026-07-27 23:30:00-04:00,27984.5,28063.25,27951.5,28056.75,3052
2026-07-27 23:45:00-04:00,28057.25,28070.5,28026.5,28049.25,1435
2026-07-28 00:00:00-04:00,28049.0,28049.25,27978.0,27986.75,1363
2026-07-28 00:15:00-04:00,27986.0,28017.0,27970.0,27972.75,1557
2026-07-28 00:30:00-04:00,27972.75,27984.0,27960.0,27974.25,1083
2026-07-28 00:45:00-04:00,27974.25,28003.0,27951.0,27954.75,1284
2026-07-28 01:00:00-04:00,27957.0,27983.0,27942.75,27948.0,1310
2026-07-28 01:15:00-04:00,27947.5,27955.75,27914.0,27919.5,1611
2026-07-28 01:30:00-04:00,27921.0,27923.5,27876.0,27897.25,3134
2026-07-28 01:45:00-04:00,27896.5,27924.0,27870.75,27880.0,1832
2026-07-28 02:00:00-04:00,27882.25,27902.25,27839.5,27844.25,3487
2026-07-28 02:15:00-04:00,27847.25,27907.0,27845.5,27902.5,3356
2026-07-28 02:30:00-04:00,27902.75,27936.0,27892.0,27919.25,2114
2026-07-28 02:45:00-04:00,27917.0,27958.25,27902.5,27947.25,2059
2026-07-28 03:00:00-04:00,27945.5,27980.75,27934.0,27972.25,2557
2026-07-28 03:15:00-04:00,27973.0,27989.0,27939.0,27943.25,1825
2026-07-28 03:30:00-04:00,27944.0,27962.5,27927.0,27939.75,1815
2026-07-28 03:45:00-04:00,27939.0,27954.75,27908.0,27933.5,2039
2026-07-28 04:00:00-04:00,27934.25,27947.75,27880.0,27888.75,2711
2026-07-28 04:15:00-04:00,27890.75,28007.25,27884.75,27999.5,3477
2026-07-28 04:30:00-04:00,28003.0,28046.5,27975.0,28037.0,3085
2026-07-28 04:45:00-04:00,28037.5,28052.0,27986.75,27994.25,2338
2026-07-28 05:00:00-04:00,27992.25,28015.25,27982.5,27988.75,1525
2026-07-28 05:15:00-04:00,27990.25,28016.5,27985.25,28012.0,1141
2026-07-28 05:30:00-04:00,28009.75,28010.25,27967.25,27972.5,1481
2026-07-28 05:45:00-04:00,27973.75,27981.25,27941.5,27956.0,1404
2026-07-28 06:00:00-04:00,27956.0,27966.0,27947.5,27952.0,1026
2026-07-28 06:15:00-04:00,27951.5,27969.5,27933.5,27967.25,1374
2026-07-28 06:30:00-04:00,27968.5,27980.5,27904.25,27933.0,3430
2026-07-28 06:45:00-04:00,27932.0,27951.5,27926.5,27942.75,1891
2026-07-28 07:00:00-04:00,27945.75,27952.25,27864.75,27869.5,3620
2026-07-28 07:15:00-04:00,27869.25,27958.0,27869.25,27883.0,4420
2026-07-28 07:30:00-04:00,27882.0,27929.25,27848.25,27863.75,3605
2026-07-28 07:45:00-04:00,27862.5,27975.0,27859.75,27963.75,3601
2026-07-28 08:00:00-04:00,27962.5,28001.75,27949.25,27963.0,3133
2026-07-28 08:15:00-04:00,27967.0,28018.5,27949.5,28010.0,3070
2026-07-28 08:30:00-04:00,28010.75,28027.75,27956.25,28009.5,5635
2026-07-28 08:45:00-04:00,28010.5,28032.75,27977.5,27993.25,4287
2026-07-28 09:00:00-04:00,27993.75,28027.75,27974.0,28001.25,4484
2026-07-28 09:15:00-04:00,28003.0,28028.5,27938.0,27949.0,6202
2026-07-28 09:30:00-04:00,27950.0,27992.0,27728.5,27749.75,47792
2026-07-28 09:45:00-04:00,27749.25,27799.0,27641.75,27665.25,44072
2026-07-28 10:00:00-04:00,27665.5,27793.5,27608.75,27630.25,33887
2026-07-28 10:15:00-04:00,27631.75,27717.5,27603.5,27706.5,30809
2026-07-28 10:30:00-04:00,27706.5,27793.0,27669.0,27772.25,24491
2026-07-28 10:45:00-04:00,27770.75,27890.0,27745.5,27801.75,28668
2026-07-28 11:00:00-04:00,27803.0,27882.0,27768.0,27854.25,23623
2026-07-28 11:15:00-04:00,27853.75,28010.0,27836.5,27965.0,24755
2026-07-28 11:30:00-04:00,27965.75,28036.0,27948.75,28031.5,16649
2026-07-28 11:45:00-04:00,28032.0,28062.5,28010.5,28048.0,15959
2026-07-28 12:00:00-04:00,28047.75,28068.75,27996.75,28007.5,15841
2026-07-28 12:15:00-04:00,28007.75,28045.25,27984.75,27995.25,11639
2026-07-28 12:30:00-04:00,27995.5,28043.75,27953.5,28032.75,12867
2026-07-28 12:45:00-04:00,28032.0,28080.0,27993.0,28057.5,11783
2026-07-28 13:00:00-04:00,28057.5,28066.5,27969.0,27988.0,13844
2026-07-28 13:15:00-04:00,27988.0,28045.75,27973.5,27996.5,10995
2026-07-28 13:30:00-04:00,27996.0,28043.5,27949.0,27954.5,9478
2026-07-28 13:45:00-04:00,27954.25,27987.0,27925.0,27972.5,10190
2026-07-28 14:00:00-04:00,27974.0,27999.5,27915.0,27917.0,10647
2026-07-28 14:15:00-04:00,27917.25,27947.75,27912.5,27925.25,8155
2026-07-28 14:30:00-04:00,27926.75,27963.75,27920.5,27937.75,8165
2026-07-28 14:45:00-04:00,27937.5,27979.5,27929.0,27972.75,8033
2026-07-28 15:00:00-04:00,27972.25,28021.75,27972.0,27987.25,10347
2026-07-28 15:15:00-04:00,27986.5,28021.25,27965.25,28017.75,9563
2026-07-28 15:30:00-04:00,28018.0,28023.75,27941.5,27954.25,11919
2026-07-28 15:45:00-04:00,27954.25,27988.25,27911.0,27918.5,23009
2026-07-28 16:00:00-04:00,27919.5,27967.75,27884.25,27918.5,12287
2026-07-28 16:15:00-04:00,27920.5,27991.25,27910.75,27977.75,3888
2026-07-28 16:30:00-04:00,27977.0,27983.25,27937.5,27947.75,3031
2026-07-28 16:45:00-04:00,27947.75,27962.75,27935.75,27960.5,1573
2026-07-28 18:00:00-04:00,27962.0,28013.25,27955.75,27972.0,2550
2026-07-28 18:15:00-04:00,27973.0,27979.0,27906.5,27939.25,2433
2026-07-28 18:30:00-04:00,27939.0,27943.25,27855.25,27861.0,2621
2026-07-28 18:45:00-04:00,27863.25,27863.5,27756.25,27756.75,5090
2026-07-28 19:00:00-04:00,27758.25,27857.75,27728.5,27842.75,5578
2026-07-28 19:15:00-04:00,27842.5,27890.5,27809.25,27889.25,3157
2026-07-28 19:30:00-04:00,27888.5,28025.0,27884.5,28014.0,3549
2026-07-28 19:45:00-04:00,28012.25,28104.5,27989.75,28102.5,6308
2026-07-28 20:00:00-04:00,28102.75,28178.25,28077.25,28141.25,5352
2026-07-28 20:15:00-04:00,28139.75,28161.5,28052.0,28073.75,4120
2026-07-28 20:30:00-04:00,28075.0,28080.0,28018.0,28068.75,3077
2026-07-28 20:45:00-04:00,28068.0,28085.0,28000.25,28013.25,2029
2026-07-28 21:00:00-04:00,28011.75,28041.25,27911.5,27922.0,3098
2026-07-28 21:15:00-04:00,27920.25,28007.0,27896.25,27971.75,3740
2026-07-28 21:30:00-04:00,27972.0,27982.25,27878.0,27880.0,2858
2026-07-28 21:45:00-04:00,27879.5,27892.0,27784.0,27785.25,4159
2026-07-28 22:00:00-04:00,27785.0,27868.0,27770.25,27845.25,4562
2026-07-28 22:15:00-04:00,27842.75,27896.5,27796.0,27896.5,2776
2026-07-28 22:30:00-04:00,27894.5,27912.75,27858.25,27887.75,2266
2026-07-28 22:45:00-04:00,27887.75,27891.0,27823.0,27839.5,1797
2026-07-28 23:00:00-04:00,27839.0,27882.5,27788.0,27828.5,2987
2026-07-28 23:15:00-04:00,27831.0,27839.75,27775.5,27777.75,1633
2026-07-28 23:30:00-04:00,27776.75,27792.5,27742.25,27772.75,2594
2026-07-28 23:45:00-04:00,27773.5,27786.0,27702.0,27716.0,2521
2026-07-29 00:00:00-04:00,27719.0,27723.25,27676.75,27691.5,2561
2026-07-29 00:15:00-04:00,27691.5,27715.75,27648.0,27684.75,2907
2026-07-29 00:30:00-04:00,27682.25,27720.0,27648.75,27649.75,2052
2026-07-29 00:45:00-04:00,27651.25,27759.0,27640.0,27756.0,2743
2026-07-29 01:00:00-04:00,27758.75,27834.75,27735.75,27832.5,3148
2026-07-29 01:15:00-04:00,27833.75,27834.25,27773.25,27815.25,2379
2026-07-29 01:30:00-04:00,27815.25,27852.75,27787.0,27826.75,2673
2026-07-29 01:45:00-04:00,27828.0,27841.75,27790.0,27794.0,1719
2026-07-29 02:00:00-04:00,27794.0,27797.25,27736.25,27764.5,2167
2026-07-29 02:15:00-04:00,27766.5,27811.25,27755.25,27811.0,2264
2026-07-29 02:30:00-04:00,27811.5,27913.5,27811.5,27910.25,3051
2026-07-29 02:45:00-04:00,27907.5,27942.25,27895.0,27928.75,2289
2026-07-29 03:00:00-04:00,27928.75,27945.5,27895.75,27923.0,2447
2026-07-29 03:15:00-04:00,27923.0,27953.0,27905.75,27946.25,2156
2026-07-29 03:30:00-04:00,27945.75,27962.75,27920.25,27920.25,1825
2026-07-29 03:45:00-04:00,27922.0,27923.25,27891.25,27906.0,1517
2026-07-29 04:00:00-04:00,27906.25,27924.75,27857.5,27861.0,2468
2026-07-29 04:15:00-04:00,27860.0,27885.0,27820.0,27841.5,2043
2026-07-29 04:30:00-04:00,27842.0,27930.5,27830.75,27923.25,2029
2026-07-29 04:45:00-04:00,27924.5,27939.25,27896.0,27904.0,1438
2026-07-29 05:00:00-04:00,27904.5,27978.5,27901.0,27978.0,2111
2026-07-29 05:15:00-04:00,27977.25,27986.0,27951.5,27977.5,1799
2026-07-29 05:30:00-04:00,27976.5,28012.5,27957.75,27999.75,1521
2026-07-29 05:45:00-04:00,28002.25,28060.0,27999.0,28019.75,3101
2026-07-29 06:00:00-04:00,28018.25,28046.0,28003.75,28010.25,1846
2026-07-29 06:15:00-04:00,28010.75,28024.5,27986.25,28017.25,1949
2026-07-29 06:30:00-04:00,28017.5,28023.0,27953.25,27968.25,1850
2026-07-29 06:45:00-04:00,27968.0,27970.25,27931.5,27948.0,2176
2026-07-29 07:00:00-04:00,27950.25,28003.75,27934.5,27992.25,2439
2026-07-29 07:15:00-04:00,27991.25,28023.75,27983.25,28000.75,2106
2026-07-29 07:30:00-04:00,27999.25,28008.0,27959.5,27965.75,1749
2026-07-29 07:45:00-04:00,27965.25,28004.25,27956.75,28002.75,2090
2026-07-29 08:00:00-04:00,28002.0,28007.75,27933.75,27940.0,2418
2026-07-29 08:15:00-04:00,27940.0,27947.5,27852.75,27867.25,5425
2026-07-29 08:30:00-04:00,27867.0,27918.5,27844.25,27911.75,2997
2026-07-29 08:45:00-04:00,27912.0,27933.25,27903.5,27907.75,2675
2026-07-29 09:00:00-04:00,27909.0,27917.0,27869.5,27872.75,3594
2026-07-29 09:15:00-04:00,27872.0,27942.5,27856.0,27914.0,6492
2026-07-29 09:30:00-04:00,27914.5,27996.0,27836.5,27916.5,35417
2026-07-29 09:45:00-04:00,27916.25,27948.0,27667.75,27733.75,31069
2026-07-29 10:00:00-04:00,27735.25,27826.5,27635.75,27648.0,32251
2026-07-29 10:15:00-04:00,27648.75,27695.75,27538.75,27573.25,28284
2026-07-29 10:30:00-04:00,27571.0,27652.25,27510.0,27537.75,25092
2026-07-29 10:45:00-04:00,27537.0,27615.75,27518.25,27600.0,21657
2026-07-29 11:00:00-04:00,27600.5,27657.5,27565.75,27577.75,23139
2026-07-29 11:15:00-04:00,27577.5,27625.0,27547.0,27555.75,16486
2026-07-29 11:30:00-04:00,27556.25,27596.75,27518.0,27535.25,13059
2026-07-29 11:45:00-04:00,27533.75,27566.5,27464.5,27517.0,15057
2026-07-29 12:00:00-04:00,27518.25,27542.0,27419.5,27419.75,15294
2026-07-29 12:15:00-04:00,27420.25,27556.5,27409.25,27551.0,14934
2026-07-29 12:30:00-04:00,27551.25,27586.0,27485.25,27504.0,14143
2026-07-29 12:45:00-04:00,27502.5,27603.5,27489.5,27603.25,12487
2026-07-29 13:00:00-04:00,27603.75,27737.25,27595.25,27736.5,15511
2026-07-29 13:15:00-04:00,27736.5,27750.0,27650.75,27650.75,13759
2026-07-29 13:30:00-04:00,27650.75,27695.0,27629.5,27681.0,10625
2026-07-29 13:45:00-04:00,27681.25,27727.75,27656.0,27721.75,8475
2026-07-29 14:00:00-04:00,27723.0,27888.5,27714.75,27798.5,31804
2026-07-29 14:15:00-04:00,27800.0,27843.5,27727.5,27776.5,16997
2026-07-29 14:30:00-04:00,27777.0,27987.5,27709.0,27975.5,26572
2026-07-29 14:45:00-04:00,27974.5,28096.75,27961.25,28056.75,24110
2026-07-29 15:00:00-04:00,28057.5,28099.5,27839.5,27905.0,28057
2026-07-29 15:15:00-04:00,27905.0,27938.0,27640.75,27712.25,29521
2026-07-29 15:30:00-04:00,27711.25,27744.0,27458.75,27473.5,31278
2026-07-29 15:45:00-04:00,27473.25,27512.25,27317.5,27335.0,44666
2026-07-29 16:00:00-04:00,27338.0,27364.0,27201.5,27300.5,27674
2026-07-29 16:15:00-04:00,27300.0,27338.75,27209.5,27242.25,6502
2026-07-29 16:30:00-04:00,27244.0,27331.25,27207.0,27312.0,4849
2026-07-29 16:45:00-04:00,27312.25,27322.25,27256.5,27259.25,2821
2026-07-29 18:00:00-04:00,27202.0,27489.5,27202.0,27434.75,8448
2026-07-29 18:15:00-04:00,27437.25,27484.0,27395.5,27435.0,4220
2026-07-29 18:30:00-04:00,27435.75,27465.5,27412.0,27459.75,2444
2026-07-29 18:45:00-04:00,27460.0,27479.5,27418.75,27451.5,2307
2026-07-29 19:00:00-04:00,27449.5,27524.25,27446.25,27476.5,3633
2026-07-29 19:15:00-04:00,27482.25,27541.0,27469.25,27532.75,2767
2026-07-29 19:30:00-04:00,27534.25,27559.25,27500.0,27523.75,2612
2026-07-29 19:45:00-04:00,27520.0,27555.5,27495.25,27520.75,3568
2026-07-29 20:00:00-04:00,27521.75,27608.0,27472.25,27578.75,5464
2026-07-29 20:15:00-04:00,27579.0,27602.75,27550.5,27593.5,3710
2026-07-29 20:30:00-04:00,27594.75,27611.0,27489.75,27505.75,3697
2026-07-29 20:45:00-04:00,27506.0,27548.75,27490.25,27547.25,3439
2026-07-29 21:00:00-04:00,27547.25,27664.25,27535.25,27570.75,5171
2026-07-29 21:15:00-04:00,27569.5,27648.0,27565.0,27637.75,2428
2026-07-29 21:30:00-04:00,27637.75,27694.5,27635.25,27678.0,3189
2026-07-29 21:45:00-04:00,27677.5,27696.75,27648.25,27653.0,2560
2026-07-29 22:00:00-04:00,27652.0,27687.5,27629.25,27636.0,2747
2026-07-29 22:15:00-04:00,27636.0,27653.25,27603.25,27610.5,1944
2026-07-29 22:30:00-04:00,27613.25,27613.25,27559.5,27610.0,2659
2026-07-29 22:45:00-04:00,27610.75,27631.0,27539.0,27541.75,2395
2026-07-29 23:00:00-04:00,27542.0,27576.25,27485.0,27497.0,2600
2026-07-29 23:15:00-04:00,27498.75,27523.25,27471.25,27515.5,2371
2026-07-29 23:30:00-04:00,27516.5,27556.75,27480.25,27532.5,2610
2026-07-29 23:45:00-04:00,27529.5,27563.5,27517.75,27533.5,1489
2026-07-30 00:00:00-04:00,27532.5,27544.25,27481.75,27485.25,1565
2026-07-30 00:15:00-04:00,27485.0,27541.75,27459.5,27535.0,1953
2026-07-30 00:30:00-04:00,27534.0,27543.75,27461.75,27471.0,1636
2026-07-30 00:45:00-04:00,27469.25,27512.0,27434.75,27447.75,1680
2026-07-30 01:00:00-04:00,27446.25,27457.25,27421.0,27456.5,1586
2026-07-30 01:15:00-04:00,27458.25,27499.5,27453.25,27478.25,1805
2026-07-30 01:30:00-04:00,27476.5,27526.5,27465.0,27521.0,1530
2026-07-30 01:45:00-04:00,27521.75,27546.25,27463.5,27487.75,2155
2026-07-30 02:00:00-04:00,27487.0,27507.0,27457.0,27468.5,1449
2026-07-30 02:15:00-04:00,27467.75,27498.0,27447.5,27479.5,1408
2026-07-30 02:30:00-04:00,27481.5,27484.5,27434.75,27436.75,1429
2026-07-30 02:45:00-04:00,27435.25,27463.0,27415.0,27434.25,1487
2026-07-30 03:00:00-04:00,27433.75,27521.75,27416.25,27475.75,4474
2026-07-30 03:15:00-04:00,27478.75,27482.25,27392.75,27408.0,2715
2026-07-30 03:30:00-04:00,27413.0,27447.5,27351.25,27434.0,2888
2026-07-30 03:45:00-04:00,27431.5,27441.75,27389.5,27395.25,1951
2026-07-30 04:00:00-04:00,27394.5,27456.0,27337.5,27437.75,3981
2026-07-30 04:15:00-04:00,27437.75,27522.5,27425.75,27506.5,3071
2026-07-30 04:30:00-04:00,27510.5,27527.25,27489.0,27493.75,1442
2026-07-30 04:45:00-04:00,27493.25,27508.75,27460.5,27485.25,1100
2026-07-30 05:00:00-04:00,27486.0,27555.0,27469.75,27534.5,1821
2026-07-30 05:15:00-04:00,27536.75,27574.75,27525.25,27554.5,2543
2026-07-30 05:30:00-04:00,27553.5,27586.0,27538.25,27543.5,1649
2026-07-30 05:45:00-04:00,27544.25,27555.75,27508.0,27514.75,1432
2026-07-30 06:00:00-04:00,27515.5,27564.5,27488.25,27541.5,2523
2026-07-30 06:15:00-04:00,27543.25,27627.25,27541.25,27617.75,2668
2026-07-30 06:30:00-04:00,27616.5,27648.0,27606.5,27631.0,2599
2026-07-30 06:45:00-04:00,27631.0,27647.75,27611.0,27618.5,1899
2026-07-30 07:00:00-04:00,27619.0,27686.5,27613.0,27665.75,3426
2026-07-30 07:15:00-04:00,27666.0,27730.0,27661.5,27715.0,3109
2026-07-30 07:30:00-04:00,27715.5,27727.25,27673.0,27699.75,3581
2026-07-30 07:45:00-04:00,27700.75,27745.25,27700.5,27725.0,2560
2026-07-30 08:00:00-04:00,27723.5,27765.5,27695.75,27763.0,4007
2026-07-30 08:15:00-04:00,27763.75,27766.25,27714.0,27740.25,3547
2026-07-30 08:30:00-04:00,27740.25,27808.75,27715.25,27777.0,7637
2026-07-30 08:45:00-04:00,27777.0,27821.75,27763.0,27805.5,4611
2026-07-30 09:00:00-04:00,27807.0,27876.25,27793.0,27840.0,12677
2026-07-30 09:15:00-04:00,27839.75,27883.25,27831.25,27876.25,7809
2026-07-30 09:30:00-04:00,27877.25,27996.5,27813.25,27976.25,46950
2026-07-30 09:45:00-04:00,27976.75,28162.25,27973.25,28151.75,39504
2026-07-30 10:00:00-04:00,28150.5,28183.75,28066.75,28107.5,37077
2026-07-30 10:15:00-04:00,28107.25,28240.0,28080.25,28226.0,29955
2026-07-30 10:30:00-04:00,28226.5,28246.5,28160.25,28175.5,23678
2026-07-30 10:45:00-04:00,28175.5,28196.0,28022.5,28070.75,27611
2026-07-30 11:00:00-04:00,28071.5,28137.75,28012.75,28023.75,26377
2026-07-30 11:15:00-04:00,28024.5,28099.5,27996.25,28010.5,20187
2026-07-30 11:30:00-04:00,28010.5,28108.5,28001.0,28089.5,17125
2026-07-30 11:45:00-04:00,28090.0,28133.75,28049.25,28079.5,15677
2026-07-30 12:00:00-04:00,28078.75,28190.0,28059.0,28186.0,16108
2026-07-30 12:15:00-04:00,28185.25,28192.75,28140.5,28143.75,11064
2026-07-30 12:30:00-04:00,28143.5,28150.5,28054.5,28068.75,12386
2026-07-30 12:45:00-04:00,28068.25,28136.5,28066.25,28126.75,11762
2026-07-30 13:00:00-04:00,28127.0,28183.75,28126.0,28159.25,11183
2026-07-30 13:15:00-04:00,28158.25,28207.75,28156.25,28169.0,8752
2026-07-30 13:30:00-04:00,28169.5,28197.75,28139.5,28188.25,9987
2026-07-30 13:45:00-04:00,28188.5,28208.5,28165.5,28177.5,7850
2026-07-30 14:00:00-04:00,28177.5,28205.0,28167.0,28200.5,6707
2026-07-30 14:15:00-04:00,28200.5,28203.75,28162.25,28183.0,6787
2026-07-30 14:30:00-04:00,28183.0,28199.0,28148.5,28167.5,7867
2026-07-30 14:45:00-04:00,28167.0,28189.5,28154.75,28180.75,7487
2026-07-30 15:00:00-04:00,28181.0,28296.5,28179.75,28274.75,18362
2026-07-30 15:15:00-04:00,28274.25,28297.75,28242.0,28244.5,12295
2026-07-30 15:30:00-04:00,28243.75,28257.25,28219.75,28232.25,11916
2026-07-30 15:45:00-04:00,28232.75,28262.5,28202.5,28229.0,35911
2026-07-30 16:00:00-04:00,28228.75,28367.0,28205.5,28324.75,17154
2026-07-30 16:15:00-04:00,28324.25,28372.25,28322.75,28366.25,5252
2026-07-30 16:30:00-04:00,28366.5,28414.5,28311.0,28361.25,7092
2026-07-30 16:45:00-04:00,28360.0,28363.0,28322.5,28333.5,2455
2026-07-30 18:00:00-04:00,28317.0,28413.75,28300.0,28384.75,3800
2026-07-30 18:15:00-04:00,28382.5,28407.0,28350.5,28354.0,2192
2026-07-30 18:30:00-04:00,28352.0,28406.0,28331.0,28403.0,2046
2026-07-30 18:45:00-04:00,28402.75,28409.75,28390.0,28395.0,1320
2026-07-30 19:00:00-04:00,28394.25,28426.5,28377.0,28384.75,1815
2026-07-30 19:15:00-04:00,28386.0,28392.5,28364.0,28378.0,1232
2026-07-30 19:30:00-04:00,28378.25,28416.5,28362.25,28406.75,1379
2026-07-30 19:45:00-04:00,28406.75,28445.0,28391.5,28422.75,2243
2026-07-30 20:00:00-04:00,28424.0,28476.5,28397.25,28466.75,3936
2026-07-30 20:15:00-04:00,28467.0,28488.0,28447.25,28483.25,2729
2026-07-30 20:30:00-04:00,28481.0,28509.75,28480.5,28497.25,2283
2026-07-30 20:45:00-04:00,28500.0,28524.5,28468.75,28521.75,2065
2026-07-30 21:00:00-04:00,28523.0,28569.5,28522.75,28561.25,2884
2026-07-30 21:15:00-04:00,28560.0,28572.0,28543.75,28551.0,1993
2026-07-30 21:30:00-04:00,28549.0,28558.25,28489.0,28497.0,2671
2026-07-30 21:45:00-04:00,28496.5,28500.0,28455.5,28478.0,2254
2026-07-30 22:00:00-04:00,28478.0,28499.5,28433.25,28438.0,2438
2026-07-30 22:15:00-04:00,28438.25,28438.75,28401.0,28423.5,2467
2026-07-30 22:30:00-04:00,28422.5,28432.0,28389.5,28421.25,1485
2026-07-30 22:45:00-04:00,28421.0,28438.0,28397.75,28431.25,1832
2026-07-30 23:00:00-04:00,28431.5,28436.0,28398.0,28418.25,1513
2026-07-30 23:15:00-04:00,28417.75,28476.5,28417.0,28462.75,1901
2026-07-30 23:30:00-04:00,28464.5,28478.25,28452.25,28463.75,1136
2026-07-30 23:45:00-04:00,28461.25,28470.5,28428.25,28459.5,1341
2026-07-31 00:00:00-04:00,28458.25,28468.0,28423.0,28463.5,1138
2026-07-31 00:15:00-04:00,28463.5,28512.0,28451.5,28511.25,1380
2026-07-31 00:30:00-04:00,28512.0,28552.5,28507.75,28551.5,1479
2026-07-31 00:45:00-04:00,28551.25,28557.0,28534.5,28549.0,1117
2026-07-31 01:00:00-04:00,28548.75,28570.0,28538.5,28557.75,1508
2026-07-31 01:15:00-04:00,28558.5,28581.0,28552.5,28573.0,1225
2026-07-31 01:30:00-04:00,28573.5,28585.75,28541.0,28552.75,1734
2026-07-31 01:45:00-04:00,28551.75,28590.75,28548.75,28585.0,1668
2026-07-31 02:00:00-04:00,28585.5,28611.75,28577.0,28606.75,2036
2026-07-31 02:15:00-04:00,28605.75,28611.0,28580.75,28590.25,1381
2026-07-31 02:30:00-04:00,28589.5,28593.0,28457.5,28484.0,4203
2026-07-31 02:45:00-04:00,28484.75,28509.75,28450.0,28488.25,2899
2026-07-31 03:00:00-04:00,28484.25,28543.25,28455.0,28535.75,3596
2026-07-31 03:15:00-04:00,28535.0,28574.5,28507.0,28546.0,2379
2026-07-31 03:30:00-04:00,28547.25,28574.0,28534.5,28566.5,1843
2026-07-31 03:45:00-04:00,28566.25,28584.25,28542.5,28575.0,1789
2026-07-31 04:00:00-04:00,28572.75,28590.75,28524.75,28576.75,2917
2026-07-31 04:15:00-04:00,28576.75,28610.0,28564.25,28600.0,2168
2026-07-31 04:30:00-04:00,28595.25,28611.0,28561.5,28567.25,1491
2026-07-31 04:45:00-04:00,28568.75,28607.25,28564.25,28602.75,1341
2026-07-31 05:00:00-04:00,28603.25,28640.75,28598.25,28629.25,2561
2026-07-31 05:15:00-04:00,28627.5,28631.25,28584.75,28589.25,1618
2026-07-31 05:30:00-04:00,28588.75,28591.5,28530.0,28552.5,2762
2026-07-31 05:45:00-04:00,28552.25,28569.75,28528.5,28533.0,1257
2026-07-31 06:00:00-04:00,28531.75,28564.75,28519.5,28555.75,2042
2026-07-31 06:15:00-04:00,28555.0,28579.25,28546.5,28572.0,1187
2026-07-31 06:30:00-04:00,28572.25,28583.0,28561.75,28578.25,1130
2026-07-31 06:45:00-04:00,28579.25,28591.25,28552.0,28565.5,1436
2026-07-31 07:00:00-04:00,28563.25,28626.0,28563.0,28594.75,1995
2026-07-31 07:15:00-04:00,28596.25,28599.5,28548.5,28553.25,2302
2026-07-31 07:30:00-04:00,28555.75,28560.75,28523.0,28538.25,2149
2026-07-31 07:45:00-04:00,28540.0,28560.75,28532.0,28553.5,1521
2026-07-31 08:00:00-04:00,28554.75,28555.25,28477.0,28481.0,3160
2026-07-31 08:15:00-04:00,28480.25,28506.0,28448.0,28496.5,4160
2026-07-31 08:30:00-04:00,28496.75,28502.75,28432.25,28453.0,4618
2026-07-31 08:45:00-04:00,28452.75,28490.5,28437.75,28468.25,3539
2026-07-31 09:00:00-04:00,28468.5,28531.0,28457.75,28530.0,4978
2026-07-31 09:15:00-04:00,28529.25,28584.0,28529.0,28576.0,7263
2026-07-31 09:30:00-04:00,28576.75,28725.75,28415.75,28419.0,52267
2026-07-31 09:45:00-04:00,28420.0,28472.75,28295.5,28360.5,46587
2026-07-31 10:00:00-04:00,28356.75,28393.0,28100.5,28137.5,44324
2026-07-31 10:15:00-04:00,28137.0,28258.75,28079.75,28249.75,37587
2026-07-31 10:30:00-04:00,28249.5,28296.0,28211.75,28268.75,22964
2026-07-31 10:45:00-04:00,28268.25,28345.5,28237.0,28307.5,24641
2026-07-31 11:00:00-04:00,28308.75,28342.25,28214.75,28269.25,19724
2026-07-31 11:15:00-04:00,28270.5,28339.25,28122.25,28151.25,21197
2026-07-31 11:30:00-04:00,28152.0,28261.0,28115.5,28215.0,22070
2026-07-31 11:45:00-04:00,28215.25,28295.0,28164.0,28274.0,17172
2026-07-31 12:00:00-04:00,28274.0,28308.5,28243.75,28300.5,14087
2026-07-31 12:15:00-04:00,28301.5,28364.25,28256.0,28363.75,12777
2026-07-31 12:30:00-04:00,28363.75,28388.75,28313.75,28321.5,12533
2026-07-31 12:45:00-04:00,28321.5,28390.0,28308.5,28366.75,10612
2026-07-31 13:00:00-04:00,28367.25,28411.25,28360.0,28402.0,9539
2026-07-31 13:15:00-04:00,28403.0,28477.5,28396.0,28461.5,11207
2026-07-31 13:30:00-04:00,28462.5,28503.0,28443.25,28457.5,12445
2026-07-31 13:45:00-04:00,28456.25,28475.75,28415.75,28429.0,10559
2026-07-31 14:00:00-04:00,28429.0,28459.75,28395.25,28403.75,10105
2026-07-31 14:15:00-04:00,28402.75,28446.0,28398.5,28422.0,7673
2026-07-31 14:30:00-04:00,28422.0,28448.0,28415.5,28432.5,5948
2026-07-31 14:45:00-04:00,28432.5,28462.0,28416.5,28433.75,7051
2026-07-31 15:00:00-04:00,28433.5,28458.75,28405.5,28433.0,7981
2026-07-31 15:15:00-04:00,28433.5,28498.0,28426.25,28475.25,10672
2026-07-31 15:30:00-04:00,28474.5,28483.5,28434.5,28476.75,10795
2026-07-31 15:45:00-04:00,28477.0,28524.0,28380.0,28402.75,34019
2026-07-31 16:00:00-04:00,28402.5,28434.25,28340.5,28393.75,14975
2026-07-31 16:15:00-04:00,28394.0,28395.25,28362.25,28372.5,3294
2026-07-31 16:30:00-04:00,28369.75,28395.5,28356.0,28382.0,2575
2026-07-31 16:45:00-04:00,28381.0,28386.25,28258.25,28287.0,4934
2026-08-02 18:00:00-04:00,28565.0,28641.25,28549.25,28623.0,5332
2026-08-02 18:15:00-04:00,28624.0,28632.5,28582.0,28613.5,2692
2026-08-02 18:30:00-04:00,28615.25,28623.75,28594.25,28600.25,1325
2026-08-02 18:45:00-04:00,28599.5,28605.0,28560.25,28570.25,1276
2026-08-02 19:00:00-04:00,28568.75,28591.0,28545.0,28556.75,1859
2026-08-02 19:15:00-04:00,28556.25,28596.0,28553.0,28585.25,1662
2026-08-02 19:30:00-04:00,28585.5,28610.0,28574.5,28606.0,1647
2026-08-02 19:45:00-04:00,28603.5,28637.5,28571.25,28614.0,3344
2026-08-02 20:00:00-04:00,28611.0,28615.25,28554.5,28610.5,3432
2026-08-02 20:15:00-04:00,28610.75,28630.5,28537.5,28556.75,3244
2026-08-02 20:30:00-04:00,28554.25,28611.0,28542.5,28583.75,3364
2026-08-02 20:45:00-04:00,28582.25,28626.0,28572.5,28622.0,2394
2026-08-02 21:00:00-04:00,28622.25,28635.0,28584.75,28592.0,2813
2026-08-02 21:15:00-04:00,28590.75,28614.75,28564.25,28609.0,2126
2026-08-02 21:30:00-04:00,28607.5,28630.0,28578.0,28630.0,1849
2026-08-02 21:45:00-04:00,28630.0,28650.0,28618.5,28644.0,1976
2026-08-02 22:00:00-04:00,28644.75,28668.75,28631.0,28662.75,1806
2026-08-02 22:15:00-04:00,28661.5,28681.5,28634.5,28640.25,1923
2026-08-02 22:30:00-04:00,28640.5,28669.75,28633.75,28644.5,1474
2026-08-02 22:45:00-04:00,28646.5,28666.5,28639.25,28660.5,785
2026-08-02 23:00:00-04:00,28662.5,28675.75,28657.5,28664.0,1030
2026-08-02 23:15:00-04:00,28665.0,28676.5,28641.25,28645.75,1001
2026-08-02 23:30:00-04:00,28647.0,28674.0,28640.0,28671.75,847
2026-08-02 23:45:00-04:00,28672.75,28698.25,28665.25,28670.0,1263
2026-08-03 00:00:00-04:00,28669.0,28672.0,28652.5,28661.75,742
2026-08-03 00:15:00-04:00,28662.75,28688.5,28662.75,28683.25,742
2026-08-03 00:30:00-04:00,28682.75,28686.0,28666.5,28674.25,629
2026-08-03 00:45:00-04:00,28673.75,28688.25,28648.5,28651.0,825
2026-08-03 01:00:00-04:00,28650.75,28666.25,28634.0,28638.5,1227
2026-08-03 01:15:00-04:00,28638.75,28648.75,28622.5,28638.25,1137
2026-08-03 01:30:00-04:00,28636.75,28649.75,28628.25,28634.5,721
2026-08-03 01:45:00-04:00,28634.5,28645.25,28617.0,28641.25,923
2026-08-03 02:00:00-04:00,28642.0,28661.0,28631.5,28642.25,1675
2026-08-03 02:15:00-04:00,28641.0,28652.0,28618.5,28625.75,1255
2026-08-03 02:30:00-04:00,28627.0,28645.0,28609.0,28609.0,1236
2026-08-03 02:45:00-04:00,28609.75,28618.75,28575.75,28593.25,1801
2026-08-03 03:00:00-04:00,28594.25,28634.5,28563.75,28617.5,2440
2026-08-03 03:15:00-04:00,28618.75,28631.0,28569.25,28604.0,2593
2026-08-03 03:30:00-04:00,28604.5,28615.5,28560.25,28564.25,1336
2026-08-03 03:45:00-04:00,28563.0,28589.5,28558.5,28588.25,1106
2026-08-03 04:00:00-04:00,28588.0,28591.0,28518.5,28561.25,2642
2026-08-03 04:15:00-04:00,28560.0,28564.25,28473.25,28488.0,2431
2026-08-03 04:30:00-04:00,28487.25,28555.0,28471.75,28537.25,2060
2026-08-03 04:45:00-04:00,28536.25,28595.0,28527.0,28594.0,2408
2026-08-03 05:00:00-04:00,28594.75,28601.0,28543.0,28558.75,1929
2026-08-03 05:15:00-04:00,28559.0,28582.25,28547.25,28556.75,1164
2026-08-03 05:30:00-04:00,28556.75,28576.5,28543.5,28545.75,1223
2026-08-03 05:45:00-04:00,28546.25,28563.25,28521.0,28559.0,1461
2026-08-03 06:00:00-04:00,28559.25,28565.25,28526.0,28527.25,1294
2026-08-03 06:15:00-04:00,28525.5,28540.0,28488.5,28508.0,1960
2026-08-03 06:30:00-04:00,28508.0,28531.5,28490.0,28527.75,1182
2026-08-03 06:45:00-04:00,28526.75,28546.5,28514.25,28541.0,1210
2026-08-03 07:00:00-04:00,28541.25,28547.0,28465.25,28487.25,2598
2026-08-03 07:15:00-04:00,28487.5,28513.0,28468.75,28468.75,1684
2026-08-03 07:30:00-04:00,28468.75,28512.5,28450.5,28474.5,2446
2026-08-03 07:45:00-04:00,28475.25,28477.0,28403.5,28420.25,3430
2026-08-03 08:00:00-04:00,28420.25,28435.75,28383.5,28434.75,4040
2026-08-03 08:15:00-04:00,28435.5,28461.75,28421.75,28449.0,3662
2026-08-03 08:30:00-04:00,28450.0,28487.75,28437.75,28487.25,3523
2026-08-03 08:45:00-04:00,28487.5,28491.5,28442.0,28459.25,2546
2026-08-03 09:00:00-04:00,28459.25,28477.5,28440.0,28460.0,3450
2026-08-03 09:15:00-04:00,28460.25,28494.25,28396.5,28417.75,7394
2026-08-03 09:30:00-04:00,28419.0,28540.0,28313.5,28494.0,47316
2026-08-03 09:45:00-04:00,28495.0,28628.0,28443.25,28626.25,29585
2026-08-03 10:00:00-04:00,28623.75,28626.5,28529.5,28572.25,27000
2026-08-03 10:15:00-04:00,28571.25,28684.0,28558.75,28678.5,21787
2026-08-03 10:30:00-04:00,28677.5,28735.0,28661.5,28708.0,18482
2026-08-03 10:45:00-04:00,28708.0,28803.75,28699.75,28801.75,22306
2026-08-03 11:00:00-04:00,28801.0,28802.25,28747.5,28758.25,14192
2026-08-03 11:15:00-04:00,28757.0,28798.75,28722.0,28734.25,14467
2026-08-03 11:30:00-04:00,28734.25,28788.5,28731.75,28782.5,12679
2026-08-03 11:45:00-04:00,28781.75,28814.5,28775.0,28792.5,10413
2026-08-03 12:00:00-04:00,28792.5,28821.25,28790.0,28815.5,10554
2026-08-03 12:15:00-04:00,28814.25,28847.25,28812.5,28837.0,10189
2026-08-03 12:30:00-04:00,28837.0,28844.75,28811.75,28833.75,8126
2026-08-03 12:45:00-04:00,28834.25,28843.75,28819.0,28822.5,6239
2026-08-03 13:00:00-04:00,28822.75,28863.75,28813.0,28857.5,7868
2026-08-03 13:15:00-04:00,28857.75,28890.5,28855.75,28885.75,8926
2026-08-03 13:30:00-04:00,28885.5,28894.0,28874.5,28885.5,7493
2026-08-03 13:45:00-04:00,28885.75,28921.75,28884.75,28917.5,9477
2026-08-03 14:00:00-04:00,28917.5,28964.25,28917.5,28940.0,13780
2026-08-03 14:15:00-04:00,28940.5,28958.75,28890.25,28892.0,10676
2026-08-03 14:30:00-04:00,28892.0,28914.25,28882.75,28913.0,8932
2026-08-03 14:45:00-04:00,28913.25,28926.0,28892.25,28907.0,8052
2026-08-03 15:00:00-04:00,28907.5,28943.75,28895.0,28900.0,9952
2026-08-03 15:15:00-04:00,28899.5,28926.5,28898.5,28912.75,8733
2026-08-03 15:30:00-04:00,28912.75,28926.0,28899.5,28914.75,9505
2026-08-03 15:45:00-04:00,28915.25,28935.5,28865.25,28901.25,28281
2026-08-03 16:00:00-04:00,28901.5,28917.25,28878.25,28911.0,8145
2026-08-03 16:15:00-04:00,28910.75,28945.0,28910.5,28913.75,2758
2026-08-03 16:30:00-04:00,28913.25,28931.75,28909.75,28929.5,1770
2026-08-03 16:45:00-04:00,28929.75,28931.5,28914.5,28929.25,1265
2026-08-03 18:00:00-04:00,28930.0,28950.75,28919.0,28927.75,1914
2026-08-03 18:15:00-04:00,28927.75,28948.5,28927.75,28944.0,692
2026-08-03 18:30:00-04:00,28941.5,28962.25,28932.25,28957.75,1359
2026-08-03 18:45:00-04:00,28956.5,28956.75,28941.25,28945.75,961
2026-08-03 19:00:00-04:00,28944.0,28947.75,28930.25,28938.5,947
2026-08-03 19:15:00-04:00,28938.25,28958.75,28938.25,28948.75,895
2026-08-03 19:30:00-04:00,28947.75,28959.75,28934.0,28941.75,869
2026-08-03 19:45:00-04:00,28941.75,28972.25,28939.5,28971.0,1553
2026-08-03 20:00:00-04:00,28971.25,28976.25,28927.25,28930.75,3050
2026-08-03 20:15:00-04:00,28932.25,28932.75,28900.5,28905.75,2481
2026-08-03 20:30:00-04:00,28905.5,28907.75,28864.25,28891.25,3269
2026-08-03 20:45:00-04:00,28892.25,28908.25,28868.0,28876.75,2660
2026-08-03 21:00:00-04:00,28876.0,28877.25,28831.75,28858.5,3483
2026-08-03 21:15:00-04:00,28859.75,28902.5,28851.5,28901.5,2366
2026-08-03 21:30:00-04:00,28901.0,28943.5,28899.25,28942.75,2618
2026-08-03 21:45:00-04:00,28943.0,29048.0,28941.75,29041.25,4800
2026-08-03 22:00:00-04:00,29041.75,29044.75,28967.5,28971.0,3454
2026-08-03 22:15:00-04:00,28970.0,28978.0,28942.5,28949.5,2282
2026-08-03 22:30:00-04:00,28948.5,28994.5,28948.5,28985.75,2195
2026-08-03 22:45:00-04:00,28985.75,28992.0,28960.0,28972.75,1454
2026-08-03 23:00:00-04:00,28972.5,28992.0,28932.75,28941.25,1793
2026-08-03 23:15:00-04:00,28942.75,28986.0,28931.75,28976.75,1881
2026-08-03 23:30:00-04:00,28977.25,29004.5,28958.25,28968.75,1577
2026-08-03 23:45:00-04:00,28967.0,29005.5,28957.75,28995.5,1201
2026-08-04 00:00:00-04:00,28995.5,29006.25,28968.5,28974.5,1051
2026-08-04 00:15:00-04:00,28977.25,29015.25,28976.25,29007.5,884
2026-08-04 00:30:00-04:00,29009.25,29014.5,28995.75,28999.5,556
2026-08-04 00:45:00-04:00,28997.5,29023.25,28994.75,29015.5,599
2026-08-04 01:00:00-04:00,29016.25,29022.25,28978.25,28987.75,1233
2026-08-04 01:15:00-04:00,28987.75,29032.25,28983.0,29026.5,1301
2026-08-04 01:30:00-04:00,29025.25,29074.75,29025.0,29058.5,1968
2026-08-04 01:45:00-04:00,29056.25,29074.25,29042.5,29072.25,937
2026-08-04 02:00:00-04:00,29073.5,29092.5,29067.25,29089.0,1756
2026-08-04 02:15:00-04:00,29089.0,29098.75,29076.5,29081.5,1504
2026-08-04 02:30:00-04:00,29081.25,29090.0,29042.5,29054.75,1444
2026-08-04 02:45:00-04:00,29055.0,29074.0,29051.75,29073.75,874
2026-08-04 03:00:00-04:00,29072.0,29100.25,29036.5,29069.0,3623
2026-08-04 03:15:00-04:00,29069.75,29109.0,29062.25,29099.0,2191
2026-08-04 03:30:00-04:00,29099.75,29119.25,29074.25,29081.5,1885
2026-08-04 03:45:00-04:00,29080.25,29109.75,29065.25,29071.25,1394
2026-08-04 04:00:00-04:00,29072.0,29124.0,29068.0,29108.0,2214
2026-08-04 04:15:00-04:00,29106.0,29131.5,29096.75,29112.0,1633
2026-08-04 04:30:00-04:00,29111.5,29111.5,29060.0,29069.5,1741
2026-08-04 04:45:00-04:00,29067.5,29077.5,29039.0,29068.75,2216
2026-08-04 05:00:00-04:00,29069.0,29069.0,29011.75,29032.75,1839
2026-08-04 05:15:00-04:00,29033.0,29045.25,29007.5,29044.0,1638
2026-08-04 05:30:00-04:00,29046.0,29080.75,29042.0,29076.75,1435
2026-08-04 05:45:00-04:00,29076.75,29089.25,29057.5,29077.75,1438
2026-08-04 06:00:00-04:00,29078.5,29111.75,29067.25,29106.75,1284
2026-08-04 06:15:00-04:00,29106.5,29115.25,29085.75,29096.75,1670
2026-08-04 06:30:00-04:00,29096.25,29130.75,29074.0,29120.75,2530
2026-08-04 06:45:00-04:00,29120.25,29145.0,29103.25,29115.5,3016
2026-08-04 07:00:00-04:00,29116.75,29149.75,29114.25,29144.5,2249
2026-08-04 07:15:00-04:00,29144.5,29171.5,29139.5,29170.5,2336
2026-08-04 07:30:00-04:00,29170.75,29212.5,29150.25,29204.75,3579
2026-08-04 07:45:00-04:00,29203.0,29245.75,29189.75,29237.5,5004
2026-08-04 08:00:00-04:00,29238.0,29238.0,29202.5,29206.25,2758
2026-08-04 08:15:00-04:00,29205.5,29234.25,29204.0,29221.5,2435
2026-08-04 08:30:00-04:00,29223.0,29225.75,29199.0,29219.5,2484
2026-08-04 08:45:00-04:00,29219.0,29221.5,29188.0,29202.75,2649
2026-08-04 09:00:00-04:00,29203.25,29235.25,29191.25,29231.0,3277
2026-08-04 09:15:00-04:00,29232.0,29282.25,29218.5,29233.75,8512
2026-08-04 09:30:00-04:00,29234.75,29452.75,29208.25,29411.5,48076
2026-08-04 09:45:00-04:00,29410.75,29503.75,29409.75,29466.0,31654
2026-08-04 10:00:00-04:00,29465.25,29544.25,29432.0,29541.0,26373
2026-08-04 10:15:00-04:00,29540.25,29568.5,29484.0,29559.0,24833
2026-08-04 10:30:00-04:00,29558.5,29572.75,29517.25,29557.0,22165
2026-08-04 10:45:00-04:00,29557.0,29561.5,29523.5,29549.75,13824
2026-08-04 11:00:00-04:00,29549.75,29624.75,29544.0,29618.75,18136
2026-08-04 11:15:00-04:00,29619.0,29663.5,29613.25,29639.5,17271
2026-08-04 11:30:00-04:00,29639.0,29682.5,29622.0,29677.0,15023
2026-08-04 11:45:00-04:00,29677.75,29696.75,29667.5,29671.0,12141
2026-08-04 12:00:00-04:00,29671.0,29700.0,29661.25,29674.5,10319
2026-08-04 12:15:00-04:00,29674.5,29719.75,29673.75,29706.5,9954
2026-08-04 12:30:00-04:00,29706.5,29731.75,29695.0,29726.25,11109
2026-08-04 12:45:00-04:00,29726.75,29744.5,29726.25,29742.75,9478
2026-08-04 13:00:00-04:00,29742.75,29799.75,29739.25,29797.25,14050
2026-08-04 13:15:00-04:00,29797.0,29825.75,29780.5,29819.0,11522
2026-08-04 13:30:00-04:00,29819.25,29865.5,29803.5,29865.25,11621
2026-08-04 13:45:00-04:00,29865.75,29898.75,29833.5,29834.75,15114
2026-08-04 14:00:00-04:00,29835.25,29860.25,29808.0,29859.0,13556
2026-08-04 14:15:00-04:00,29859.5,29884.25,29855.0,29879.75,8783
2026-08-04 14:30:00-04:00,29880.0,29893.0,29839.75,29854.5,8936
2026-08-04 14:45:00-04:00,29855.0,29895.5,29855.0,29881.5,8774
2026-08-04 15:00:00-04:00,29881.75,29939.25,29878.25,29926.5,13717
2026-08-04 15:15:00-04:00,29926.25,29945.25,29888.75,29900.5,11578
2026-08-04 15:30:00-04:00,29901.0,29951.0,29889.0,29949.75,12047
2026-08-04 15:45:00-04:00,29949.5,29956.5,29847.5,29877.75,40486
2026-08-04 16:00:00-04:00,29877.0,29949.75,29851.5,29915.75,14921
2026-08-04 16:15:00-04:00,29913.75,29913.75,29761.25,29791.75,11034
2026-08-04 16:30:00-04:00,29790.5,29817.25,29764.5,29797.5,4278
2026-08-04 16:45:00-04:00,29797.0,29826.0,29786.0,29818.25,2599
2026-08-04 18:00:00-04:00,29777.25,29838.5,29776.5,29834.75,2373
2026-08-04 18:15:00-04:00,29834.75,29844.25,29810.25,29833.0,1455
2026-08-04 18:30:00-04:00,29835.0,29841.75,29794.75,29799.5,1988
2026-08-04 18:45:00-04:00,29800.75,29828.0,29792.25,29827.5,1119
2026-08-04 19:00:00-04:00,29825.75,29846.75,29809.75,29838.5,1424
2026-08-04 19:15:00-04:00,29838.75,29845.5,29817.75,29825.0,889
2026-08-04 19:30:00-04:00,29824.0,29844.25,29802.0,29843.0,1741
2026-08-04 19:45:00-04:00,29843.25,29857.25,29826.0,29834.75,1999
2026-08-04 20:00:00-04:00,29835.5,29865.0,29818.75,29858.5,2674
2026-08-04 20:15:00-04:00,29858.0,29864.5,29833.5,29863.0,1886
2026-08-04 20:30:00-04:00,29862.75,29877.0,29835.5,29838.75,2260
2026-08-04 20:45:00-04:00,29838.0,29862.5,29810.0,29848.75,2598
2026-08-04 21:00:00-04:00,29849.25,29861.5,29817.0,29840.0,1951
2026-08-04 21:15:00-04:00,29840.75,29842.75,29797.0,29817.75,2117
2026-08-04 21:30:00-04:00,29819.0,29844.75,29813.0,29834.0,1939
2026-08-04 21:45:00-04:00,29834.5,29887.5,29833.75,29869.0,2714
2026-08-04 22:00:00-04:00,29870.0,29889.25,29864.0,29871.0,1718
2026-08-04 22:15:00-04:00,29871.75,29876.25,29850.25,29853.0,1048
2026-08-04 22:30:00-04:00,29854.5,29863.0,29842.25,29858.75,1254
2026-08-04 22:45:00-04:00,29857.75,29875.0,29855.25,29860.75,963
2026-08-04 23:00:00-04:00,29859.0,29890.0,29855.75,29884.25,1060
2026-08-04 23:15:00-04:00,29883.5,29892.0,29863.25,29863.25,1129
2026-08-04 23:30:00-04:00,29864.75,29892.0,29858.25,29885.5,1035
2026-08-04 23:45:00-04:00,29886.5,29893.75,29867.5,29888.5,1142
2026-08-05 00:00:00-04:00,29889.0,29898.25,29882.25,29884.25,969
2026-08-05 00:15:00-04:00,29883.5,29883.75,29859.75,29871.25,841
2026-08-05 00:30:00-04:00,29872.0,29909.25,29869.25,29905.75,1408
2026-08-05 00:45:00-04:00,29904.5,29917.0,29883.5,29902.75,1233
2026-08-05 01:00:00-04:00,29902.5,29939.75,29895.0,29937.25,1521
2026-08-05 01:15:00-04:00,29937.5,29949.0,29934.0,29937.0,1009
2026-08-05 01:30:00-04:00,29936.75,29944.5,29919.75,29941.5,1675
2026-08-05 01:45:00-04:00,29942.0,29985.25,29940.75,29980.5,2732
2026-08-05 02:00:00-04:00,29980.0,29990.0,29961.0,29981.0,1630
2026-08-05 02:15:00-04:00,29980.25,29982.75,29925.5,29929.25,2019
2026-08-05 02:30:00-04:00,29929.5,29965.0,29925.75,29938.25,1483
2026-08-05 02:45:00-04:00,29941.0,29970.75,29936.75,29969.75,963
2026-08-05 03:00:00-04:00,29969.0,29987.0,29936.25,29950.75,2277
2026-08-05 03:15:00-04:00,29950.25,29953.25,29900.25,29907.5,2105
2026-08-05 03:30:00-04:00,29908.25,29919.5,29885.25,29886.25,1713
2026-08-05 03:45:00-04:00,29887.75,29913.5,29885.0,29903.25,1101
2026-08-05 04:00:00-04:00,29905.0,29926.0,29853.75,29863.75,3056
2026-08-05 04:15:00-04:00,29865.0,29873.75,29819.5,29833.75,2515
2026-08-05 04:30:00-04:00,29836.5,29844.25,29798.5,29811.75,2802
2026-08-05 04:45:00-04:00,29812.25,29843.0,29797.75,29836.5,1873
2026-08-05 05:00:00-04:00,29837.75,29853.75,29822.0,29833.75,1616
2026-08-05 05:15:00-04:00,29833.5,29864.25,29814.25,29861.25,2516
2026-08-05 05:30:00-04:00,29862.25,29888.75,29860.0,29883.25,2135
2026-08-05 05:45:00-04:00,29883.0,29893.5,29853.25,29857.5,1546
2026-08-05 06:00:00-04:00,29857.25,29871.75,29833.75,29840.5,1680
2026-08-05 06:15:00-04:00,29839.5,29866.0,29836.25,29858.75,976
2026-08-05 06:30:00-04:00,29857.5,29871.25,29850.0,29857.25,860
2026-08-05 06:45:00-04:00,29857.75,29871.0,29834.5,29862.25,1635
2026-08-05 07:00:00-04:00,29865.5,29921.0,29865.5,29904.5,3456
2026-08-05 07:15:00-04:00,29904.5,29923.0,29897.5,29900.5,1444
2026-08-05 07:30:00-04:00,29900.5,29931.25,29890.5,29916.0,2200
2026-08-05 07:45:00-04:00,29914.5,29943.5,29903.5,29919.5,2592
2026-08-05 08:00:00-04:00,29919.5,29925.75,29891.25,29920.0,2786
2026-08-05 08:15:00-04:00,29920.0,29939.75,29897.5,29935.25,3029
2026-08-05 08:30:00-04:00,29935.5,29950.0,29892.75,29941.0,3630
2026-08-05 08:45:00-04:00,29941.5,29946.5,29908.25,29915.0,2175
2026-08-05 09:00:00-04:00,29917.25,29949.5,29916.75,29929.5,2694
2026-08-05 09:15:00-04:00,29928.75,29978.5,29894.75,29975.25,6801
2026-08-05 09:30:00-04:00,29975.0,30059.0,29910.25,30052.0,46053
2026-08-05 09:45:00-04:00,30053.5,30074.0,29967.75,30048.75,30212
2026-08-05 10:00:00-04:00,30048.5,30048.5,29918.5,29998.5,26984
2026-08-05 10:15:00-04:00,29997.5,30026.0,29901.25,29915.0,23141
2026-08-05 10:30:00-04:00,29915.0,29918.75,29824.75,29862.25,30015
2026-08-05 10:45:00-04:00,29862.25,29905.5,29788.0,29848.25,26691
2026-08-05 11:00:00-04:00,29849.0,29890.75,29826.0,29839.5,18021
2026-08-05 11:15:00-04:00,29839.0,29849.5,29763.5,29809.5,21853
2026-08-05 11:30:00-04:00,29808.5,29860.75,29805.5,29819.25,11136
2026-08-05 11:45:00-04:00,29820.0,29820.75,29713.25,29738.25,16828
2026-08-05 12:00:00-04:00,29738.25,29766.0,29702.0,29731.25,14578
2026-08-05 12:15:00-04:00,29730.75,29835.25,29720.0,29829.25,15332
2026-08-05 12:30:00-04:00,29829.75,29839.75,29770.0,29788.5,11139
2026-08-05 12:45:00-04:00,29789.25,29826.25,29778.5,29808.25,7538
2026-08-05 13:00:00-04:00,29809.75,29819.75,29744.25,29767.25,8991
2026-08-05 13:15:00-04:00,29766.75,29782.0,29740.5,29754.5,7449
2026-08-05 13:30:00-04:00,29754.25,29779.25,29738.75,29757.5,6429
2026-08-05 13:45:00-04:00,29756.5,29774.75,29734.25,29757.0,6345
2026-08-05 14:00:00-04:00,29756.75,29788.5,29752.25,29762.5,7524
2026-08-05 14:15:00-04:00,29763.0,29781.75,29755.25,29776.0,5335
2026-08-05 14:30:00-04:00,29776.25,29776.5,29727.25,29741.75,7661
2026-08-05 14:45:00-04:00,29742.0,29765.0,29722.75,29725.75,6357
2026-08-05 15:00:00-04:00,29726.75,29778.25,29718.5,29774.25,8486
2026-08-05 15:15:00-04:00,29774.25,29779.25,29753.75,29756.5,6585
2026-08-05 15:30:00-04:00,29757.0,29763.25,29706.0,29711.0,9489
2026-08-05 15:45:00-04:00,29711.5,29735.0,29592.75,29606.75,27821
2026-08-05 16:00:00-04:00,29607.0,29618.25,29530.75,29604.75,20803
2026-08-05 16:15:00-04:00,29605.5,29618.0,29561.75,29569.75,4643
2026-08-05 16:30:00-04:00,29571.25,29603.0,29566.25,29598.5,2377
2026-08-05 16:45:00-04:00,29598.0,29607.75,29576.0,29600.25,1934
2026-08-05 18:00:00-04:00,29569.5,29596.5,29563.5,29573.5,1931
2026-08-05 18:15:00-04:00,29573.0,29638.0,29571.75,29627.75,1746
2026-08-05 18:30:00-04:00,29628.0,29670.5,29623.5,29654.75,2099
2026-08-05 18:45:00-04:00,29655.0,29679.5,29615.75,29623.25,2464
2026-08-05 19:00:00-04:00,29622.75,29636.0,29612.25,29631.0,866
2026-08-05 19:15:00-04:00,29631.0,29649.5,29618.5,29629.25,1099
2026-08-05 19:30:00-04:00,29629.25,29636.75,29575.25,29589.5,2481
2026-08-05 19:45:00-04:00,29586.0,29589.0,29566.0,29583.5,1688
2026-08-05 20:00:00-04:00,29584.25,29601.75,29546.75,29581.0,3185
2026-08-05 20:15:00-04:00,29580.5,29608.0,29553.0,29560.5,2360
2026-08-05 20:30:00-04:00,29561.5,29588.0,29547.75,29560.5,2122
2026-08-05 20:45:00-04:00,29560.25,29579.25,29535.25,29537.5,1807
2026-08-05 21:00:00-04:00,29539.25,29540.75,29501.25,29521.5,2729
2026-08-05 21:15:00-04:00,29523.25,29523.25,29454.25,29473.25,3219
2026-08-05 21:30:00-04:00,29472.75,29508.75,29469.5,29475.0,2638
2026-08-05 21:45:00-04:00,29475.5,29519.0,29473.25,29498.0,1826
2026-08-05 22:00:00-04:00,29497.75,29557.25,29490.75,29541.75,2626
2026-08-05 22:15:00-04:00,29543.0,29578.75,29537.25,29548.75,1807
2026-08-05 22:30:00-04:00,29546.5,29618.5,29529.25,29617.25,2459
2026-08-05 22:45:00-04:00,29616.25,29621.0,29585.75,29593.0,1808
2026-08-05 23:00:00-04:00,29593.75,29608.5,29574.5,29579.25,1458
2026-08-05 23:15:00-04:00,29579.0,29585.75,29535.0,29543.0,1601
2026-08-05 23:30:00-04:00,29543.5,29563.25,29525.0,29552.75,1570
2026-08-05 23:45:00-04:00,29553.0,29583.75,29541.25,29580.75,1505
2026-08-06 00:00:00-04:00,29582.25,29584.25,29535.5,29560.25,1327
2026-08-06 00:15:00-04:00,29556.75,29599.75,29556.5,29585.0,1072
2026-08-06 00:30:00-04:00,29585.75,29600.0,29541.75,29555.0,1178
2026-08-06 00:45:00-04:00,29555.25,29575.5,29545.0,29574.75,801
2026-08-06 01:00:00-04:00,29575.25,29596.25,29558.0,29580.5,1137
2026-08-06 01:15:00-04:00,29582.5,29593.75,29565.5,29580.0,703
2026-08-06 01:30:00-04:00,29579.75,29583.0,29550.0,29581.75,1113
2026-08-06 01:45:00-04:00,29583.25,29583.75,29544.25,29580.75,1219
2026-08-06 02:00:00-04:00,29580.0,29581.75,29499.0,29506.75,2161
2026-08-06 02:15:00-04:00,29505.75,29548.75,29485.0,29547.25,2515
2026-08-06 02:30:00-04:00,29546.5,29548.75,29495.75,29504.5,1556
2026-08-06 02:45:00-04:00,29505.5,29527.75,29486.25,29523.0,1254
2026-08-06 03:00:00-04:00,29520.25,29563.0,29506.75,29552.0,1914
2026-08-06 03:15:00-04:00,29551.0,29562.5,29523.5,29536.5,1384
2026-08-06 03:30:00-04:00,29536.5,29541.0,29501.25,29517.75,1137
2026-08-06 03:45:00-04:00,29516.75,29538.25,29500.75,29507.25,1230
2026-08-06 04:00:00-04:00,29507.25,29525.75,29443.75,29460.0,3058
2026-08-06 04:15:00-04:00,29460.75,29511.5,29447.75,29508.25,1973
2026-08-06 04:30:00-04:00,29509.5,29532.5,29500.5,29502.75,1571
2026-08-06 04:45:00-04:00,29504.75,29524.5,29490.25,29517.25,1393
2026-08-06 05:00:00-04:00,29517.25,29517.25,29437.5,29447.75,1799
2026-08-06 05:15:00-04:00,29448.25,29493.75,29446.5,29482.5,1222
2026-08-06 05:30:00-04:00,29482.0,29498.75,29475.75,29489.25,713
2026-08-06 05:45:00-04:00,29489.75,29531.0,29489.5,29526.75,1263
2026-08-06 06:00:00-04:00,29526.75,29533.75,29496.25,29503.25,1058
2026-08-06 06:15:00-04:00,29503.25,29525.75,29494.25,29517.0,959
2026-08-06 06:30:00-04:00,29517.5,29519.5,29473.5,29480.25,1218
2026-08-06 06:45:00-04:00,29479.75,29492.75,29468.0,29484.5,1494
2026-08-06 07:00:00-04:00,29484.5,29488.5,29364.75,29417.25,5795
2026-08-06 07:15:00-04:00,29419.75,29474.75,29417.25,29469.25,2607
2026-08-06 07:30:00-04:00,29469.5,29516.5,29469.25,29495.5,3521
2026-08-06 07:45:00-04:00,29494.25,29512.0,29438.0,29467.25,3748
2026-08-06 08:00:00-04:00,29466.0,29476.5,29406.25,29411.25,3534
2026-08-06 08:15:00-04:00,29413.5,29450.75,29387.5,29432.5,3959
2026-08-06 08:30:00-04:00,29430.0,29463.5,29413.75,29432.25,3124
2026-08-06 08:45:00-04:00,29432.0,29439.5,29389.5,29399.5,3113
2026-08-06 09:00:00-04:00,29400.25,29404.5,29350.25,29351.5,4811
2026-08-06 09:15:00-04:00,29351.0,29367.0,29326.25,29334.5,8302
2026-08-06 09:30:00-04:00,29335.0,29474.25,29241.25,29458.75,49061
2026-08-06 09:45:00-04:00,29458.0,29551.0,29447.5,29528.25,30926
2026-08-06 10:00:00-04:00,29528.75,29619.0,29488.0,29608.5,26300
2026-08-06 10:15:00-04:00,29608.75,29667.0,29564.75,29587.0,24071
2026-08-06 10:30:00-04:00,29589.0,29650.75,29545.25,29583.5,22779
2026-08-06 10:45:00-04:00,29582.5,29659.25,29533.75,29656.75,18215
2026-08-06 11:00:00-04:00,29656.5,29686.25,29598.75,29646.5,18302
2026-08-06 11:15:00-04:00,29646.25,29663.25,29564.25,29608.5,16380
2026-08-06 11:30:00-04:00,29608.25,29628.0,29533.0,29534.0,14923
2026-08-06 11:45:00-04:00,29535.0,29624.5,29506.0,29516.25,19903
2026-08-06 12:00:00-04:00,29515.75,29542.75,29478.25,29488.25,15998
2026-08-06 12:15:00-04:00,29488.5,29504.5,29448.5,29471.5,14251
2026-08-06 12:30:00-04:00,29472.25,29527.25,29462.25,29478.25,11297
2026-08-06 12:45:00-04:00,29478.5,29558.5,29468.5,29556.5,9841
2026-08-06 13:00:00-04:00,29557.25,29574.25,29518.0,29523.75,9568
2026-08-06 13:15:00-04:00,29524.0,29551.5,29512.25,29527.75,7339
2026-08-06 13:30:00-04:00,29526.75,29543.0,29493.75,29510.0,6738
2026-08-06 13:45:00-04:00,29510.25,29533.5,29494.25,29529.0,6999
2026-08-06 14:00:00-04:00,29529.0,29546.75,29507.25,29542.75,6602
2026-08-06 14:15:00-04:00,29542.75,29575.5,29498.5,29556.5,10264
2026-08-06 14:30:00-04:00,29556.5,29561.0,29500.5,29520.0,6601
2026-08-06 14:45:00-04:00,29521.25,29537.0,29506.0,29515.5,6322
2026-08-06 15:00:00-04:00,29515.75,29570.25,29510.25,29536.25,8515
2026-08-06 15:15:00-04:00,29535.5,29551.25,29496.5,29509.0,8193
2026-08-06 15:30:00-04:00,29508.0,29545.5,29489.25,29504.0,8037
2026-08-06 15:45:00-04:00,29504.0,29536.25,29475.0,29496.75,22884
2026-08-06 16:00:00-04:00,29496.75,29552.0,29496.0,29537.0,8444
2026-08-06 16:15:00-04:00,29536.75,29548.75,29482.75,29492.5,4013
2026-08-06 16:30:00-04:00,29492.5,29504.75,29480.25,29494.0,1671
2026-08-06 16:45:00-04:00,29494.75,29506.25,29489.0,29504.25,1228
2026-08-06 18:00:00-04:00,29514.25,29579.0,29494.5,29573.25,1850
2026-08-06 18:15:00-04:00,29571.75,29581.75,29543.25,29550.0,1393
2026-08-06 18:30:00-04:00,29549.0,29562.0,29529.25,29553.75,966
2026-08-06 18:45:00-04:00,29554.25,29568.25,29547.25,29566.0,560
2026-08-06 19:00:00-04:00,29564.75,29572.25,29554.25,29558.0,653
2026-08-06 19:15:00-04:00,29559.25,29597.0,29559.25,29573.0,1324
2026-08-06 19:30:00-04:00,29572.5,29589.25,29563.25,29583.0,894
2026-08-06 19:45:00-04:00,29583.0,29603.5,29575.0,29593.25,1143
2026-08-06 20:00:00-04:00,29595.25,29618.75,29562.0,29575.5,2281
2026-08-06 20:15:00-04:00,29575.25,29575.25,29497.25,29513.5,3462
2026-08-06 20:30:00-04:00,29513.0,29575.0,29500.75,29539.75,3305
2026-08-06 20:45:00-04:00,29541.75,29573.0,29503.75,29561.25,2642
2026-08-06 21:00:00-04:00,29561.75,29582.0,29515.0,29524.0,2379
2026-08-06 21:15:00-04:00,29526.0,29536.0,29482.5,29531.25,2633
2026-08-06 21:30:00-04:00,29529.5,29581.25,29493.75,29521.75,3131
2026-08-06 21:45:00-04:00,29522.0,29540.0,29502.25,29526.25,1647
2026-08-06 22:00:00-04:00,29527.0,29548.0,29489.5,29530.75,2710
2026-08-06 22:15:00-04:00,29530.0,29542.0,29514.5,29525.5,844
2026-08-06 22:30:00-04:00,29526.5,29527.25,29475.5,29500.25,1965
2026-08-06 22:45:00-04:00,29498.75,29535.5,29494.0,29527.0,965
2026-08-06 23:00:00-04:00,29526.0,29548.0,29526.0,29529.5,1041
2026-08-06 23:15:00-04:00,29531.5,29535.0,29491.25,29505.0,1326
2026-08-06 23:30:00-04:00,29503.0,29522.25,29496.25,29505.25,730
2026-08-06 23:45:00-04:00,29507.0,29512.75,29485.25,29488.5,649
2026-08-07 00:00:00-04:00,29488.75,29500.75,29475.0,29479.0,1149
2026-08-07 00:15:00-04:00,29478.5,29516.75,29453.5,29508.25,2620
2026-08-07 00:30:00-04:00,29508.25,29526.0,29492.0,29495.5,1233
2026-08-07 00:45:00-04:00,29494.5,29513.5,29489.25,29511.5,828
2026-08-07 01:00:00-04:00,29510.75,29556.75,29507.5,29539.5,2310
2026-08-07 01:15:00-04:00,29539.5,29554.75,29538.0,29549.25,611
2026-08-07 01:30:00-04:00,29547.75,29550.0,29519.75,29534.0,767
2026-08-07 01:45:00-04:00,29534.0,29538.75,29522.75,29523.5,513
2026-08-07 02:00:00-04:00,29523.5,29564.5,29520.0,29559.75,1551
2026-08-07 02:15:00-04:00,29557.5,29583.5,29543.25,29580.5,2319
2026-08-07 02:30:00-04:00,29580.25,29583.5,29539.0,29546.5,1222
2026-08-07 02:45:00-04:00,29544.25,29555.0,29537.75,29553.0,1075
2026-08-07 03:00:00-04:00,29552.0,29591.75,29533.0,29591.5,2209
2026-08-07 03:15:00-04:00,29591.5,29592.5,29574.0,29587.75,1024
2026-08-07 03:30:00-04:00,29588.75,29591.0,29570.25,29583.0,875
2026-08-07 03:45:00-04:00,29582.5,29589.25,29561.25,29583.75,981
2026-08-07 04:00:00-04:00,29584.25,29626.5,29584.0,29624.0,2343
2026-08-07 04:15:00-04:00,29625.0,29629.75,29599.25,29623.75,1368
2026-08-07 04:30:00-04:00,29623.5,29647.25,29609.25,29625.75,1873
2026-08-07 04:45:00-04:00,29625.75,29637.75,29615.0,29632.5,1939
2026-08-07 05:00:00-04:00,29633.5,29649.0,29625.25,29641.75,1146
2026-08-07 05:15:00-04:00,29642.0,29649.0,29624.75,29634.5,904
2026-08-07 05:30:00-04:00,29634.5,29647.0,29621.25,29629.0,715
2026-08-07 05:45:00-04:00,29629.5,29636.0,29616.0,29616.5,715
2026-08-07 06:00:00-04:00,29618.25,29628.0,29609.25,29609.75,875
2026-08-07 06:15:00-04:00,29609.25,29621.5,29591.25,29621.25,1081
2026-08-07 06:30:00-04:00,29621.5,29625.25,29609.25,29623.5,613
2026-08-07 06:45:00-04:00,29621.25,29624.0,29602.25,29607.25,798
2026-08-07 07:00:00-04:00,29606.5,29648.25,29606.25,29637.0,1584
2026-08-07 07:15:00-04:00,29637.25,29666.25,29636.75,29654.0,1466
2026-08-07 07:30:00-04:00,29652.25,29673.25,29647.25,29666.0,1231
2026-08-07 07:45:00-04:00,29664.5,29666.25,29604.25,29614.0,3039
2026-08-07 08:00:00-04:00,29614.5,29675.75,29604.75,29658.5,2722
2026-08-07 08:15:00-04:00,29658.75,29686.0,29618.5,29683.5,3165
2026-08-07 08:30:00-04:00,29676.25,29814.0,29643.75,29801.75,12793
2026-08-07 08:45:00-04:00,29801.5,29867.75,29801.5,29843.25,9311
2026-08-07 09:00:00-04:00,29843.75,29850.5,29734.25,29741.0,9682
2026-08-07 09:15:00-04:00,29741.25,29745.25,29685.0,29714.75,9011
2026-08-07 09:30:00-04:00,29714.0,29813.25,29681.0,29788.5,43838
2026-08-07 09:45:00-04:00,29786.75,29820.0,29643.75,29677.25,30408
2026-08-07 10:00:00-04:00,29679.5,29713.25,29564.5,29585.0,32524
2026-08-07 10:15:00-04:00,29585.0,29779.5,29568.5,29761.25,28652
2026-08-07 10:30:00-04:00,29761.0,29775.0,29660.0,29676.0,23813
2026-08-07 10:45:00-04:00,29676.75,29734.0,29667.75,29721.0,17985
2026-08-07 11:00:00-04:00,29720.25,29782.5,29709.0,29759.75,14232
2026-08-07 11:15:00-04:00,29760.25,29828.75,29746.5,29826.75,14255
2026-08-07 11:30:00-04:00,29826.0,29855.25,29794.25,29811.75,14858
2026-08-07 11:45:00-04:00,29812.0,29843.25,29796.5,29814.0,9732
2026-08-07 12:00:00-04:00,29814.75,29830.0,29795.0,29800.75,7837
2026-08-07 12:15:00-04:00,29800.5,29819.0,29688.75,29714.0,15056
2026-08-07 12:30:00-04:00,29714.0,29761.25,29668.75,29754.25,15011
2026-08-07 12:45:00-04:00,29754.5,29780.75,29738.75,29739.5,9693
2026-08-07 13:00:00-04:00,29739.75,29768.0,29726.75,29736.0,7463
2026-08-07 13:15:00-04:00,29735.25,29764.5,29726.25,29747.5,6249
2026-08-07 13:30:00-04:00,29747.5,29764.25,29727.0,29745.25,5795
2026-08-07 13:45:00-04:00,29746.0,29759.25,29735.5,29743.25,4279
2026-08-07 14:00:00-04:00,29743.5,29754.75,29712.5,29721.5,5527
2026-08-07 14:15:00-04:00,29722.0,29734.25,29702.75,29705.75,5381
2026-08-07 14:30:00-04:00,29705.5,29724.25,29678.75,29681.25,6157
2026-08-07 14:45:00-04:00,29681.5,29729.0,29676.5,29725.0,6348
2026-08-07 15:00:00-04:00,29725.25,29810.75,29723.0,29800.0,11911
2026-08-07 15:15:00-04:00,29800.25,29823.0,29791.75,29811.0,8636
2026-08-07 15:30:00-04:00,29811.25,29812.0,29772.25,29779.25,8476
2026-08-07 15:45:00-04:00,29778.75,29860.25,29778.0,29833.25,25048
2026-08-07 16:00:00-04:00,29834.0,29850.75,29805.25,29820.25,8932
2026-08-07 16:15:00-04:00,29820.5,29829.0,29803.75,29805.0,1490
2026-08-07 16:30:00-04:00,29805.5,29823.75,29802.5,29814.25,1684
2026-08-07 16:45:00-04:00,29814.25,29845.0,29813.0,29839.5,1786
2026-08-09 18:00:00-04:00,29851.25,29896.75,29820.0,29826.25,3645
2026-08-09 18:15:00-04:00,29828.5,29854.5,29805.25,29838.0,2092
2026-08-09 18:30:00-04:00,29838.5,29853.5,29814.5,29837.5,1274
2026-08-09 18:45:00-04:00,29837.5,29851.0,29831.5,29844.25,744
2026-08-09 19:00:00-04:00,29845.25,29877.0,29833.5,29862.75,1192
2026-08-09 19:15:00-04:00,29860.5,29882.25,29856.25,29864.25,1076
2026-08-09 19:30:00-04:00,29865.25,29865.75,29834.75,29862.25,1312
2026-08-09 19:45:00-04:00,29862.0,29872.0,29828.25,29829.5,1098
2026-08-09 20:00:00-04:00,29830.25,29906.5,29796.25,29893.0,3564
2026-08-09 20:15:00-04:00,29891.5,29899.5,29840.0,29845.75,2047
2026-08-09 20:30:00-04:00,29847.0,29865.25,29799.75,29804.5,2085
2026-08-09 20:45:00-04:00,29806.25,29830.5,29788.5,29802.0,1918
2026-08-09 21:00:00-04:00,29803.25,29855.0,29791.0,29853.0,1972
2026-08-09 21:15:00-04:00,29851.75,29882.5,29845.75,29865.25,1792
2026-08-09 21:30:00-04:00,29864.0,29881.5,29840.75,29875.5,1504
2026-08-09 21:45:00-04:00,29876.5,29895.0,29871.75,29885.0,883
2026-08-09 22:00:00-04:00,29886.0,29892.25,29869.25,29871.25,915
2026-08-09 22:15:00-04:00,29873.25,29874.5,29852.75,29870.0,1095
2026-08-09 22:30:00-04:00,29870.0,29890.75,29848.25,29890.25,855
2026-08-09 22:45:00-04:00,29889.0,29899.5,29880.25,29880.25,747
2026-08-09 23:00:00-04:00,29881.25,29892.0,29869.25,29876.25,596
2026-08-09 23:15:00-04:00,29876.0,29891.25,29871.25,29882.5,629
2026-08-09 23:30:00-04:00,29880.0,29898.0,29872.75,29896.5,705
2026-08-09 23:45:00-04:00,29896.5,29899.0,29871.25,29878.0,695
2026-08-10 00:00:00-04:00,29878.25,29897.75,29873.0,29895.5,631
2026-08-10 00:15:00-04:00,29894.25,29904.0,29891.0,29899.25,579
2026-08-10 00:30:00-04:00,29898.25,29899.75,29863.0,29887.25,889
2026-08-10 00:45:00-04:00,29887.25,29902.25,29873.75,29882.75,742
2026-08-10 01:00:00-04:00,29882.25,29918.25,29881.0,29916.25,1179
2026-08-10 01:15:00-04:00,29916.75,29924.5,29909.0,29910.75,847
2026-08-10 01:30:00-04:00,29912.0,29919.0,29903.5,29905.5,761
2026-08-10 01:45:00-04:00,29905.25,29930.5,29899.5,29930.5,928
2026-08-10 02:00:00-04:00,29930.0,29962.0,29927.5,29956.25,1883
2026-08-10 02:15:00-04:00,29956.0,29962.75,29907.5,29914.25,1907
2026-08-10 02:30:00-04:00,29914.25,29925.25,29907.0,29917.25,966
2026-08-10 02:45:00-04:00,29917.5,29923.5,29906.0,29908.5,787
2026-08-10 03:00:00-04:00,29909.25,29923.0,29886.25,29914.0,1468
2026-08-10 03:15:00-04:00,29914.0,29952.5,29911.25,29952.25,1651
2026-08-10 03:30:00-04:00,29950.75,29970.0,29948.0,29965.5,1164
2026-08-10 03:45:00-04:00,29965.75,29984.0,29935.75,29951.5,1305
2026-08-10 04:00:00-04:00,29952.5,29981.0,29947.0,29963.0,1421
2026-08-10 04:15:00-04:00,29961.75,29973.0,29939.5,29953.5,925
2026-08-10 04:30:00-04:00,29952.0,29972.0,29944.0,29955.5,735
2026-08-10 04:45:00-04:00,29954.75,29975.0,29949.0,29971.5,718
2026-08-10 05:00:00-04:00,29971.5,29983.75,29966.0,29976.0,873
2026-08-10 05:15:00-04:00,29974.75,29981.75,29963.5,29967.75,584
2026-08-10 05:30:00-04:00,29968.5,29972.0,29936.5,29945.0,978
2026-08-10 05:45:00-04:00,29943.75,29952.0,29936.0,29938.75,511
2026-08-10 06:00:00-04:00,29939.25,29959.0,29916.0,29917.75,1109
2026-08-10 06:15:00-04:00,29917.75,29952.25,29916.5,29946.75,952
2026-08-10 06:30:00-04:00,29943.5,29945.5,29910.0,29919.5,941
2026-08-10 06:45:00-04:00,29918.75,29938.25,29909.25,29912.25,1017
2026-08-10 07:00:00-04:00,29912.75,29926.0,29851.5,29876.5,2354
2026-08-10 07:15:00-04:00,29877.25,29913.0,29864.25,29909.0,1805
2026-08-10 07:30:00-04:00,29909.25,29919.75,29872.0,29874.75,1960
2026-08-10 07:45:00-04:00,29874.25,29884.25,29846.0,29871.0,2313
2026-08-10 08:00:00-04:00,29870.25,29883.75,29843.75,29845.0,1445
2026-08-10 08:15:00-04:00,29845.75,29846.5,29810.25,29821.0,1953
2026-08-10 08:30:00-04:00,29823.25,29827.5,29782.25,29804.0,3398
2026-08-10 08:45:00-04:00,29803.75,29810.0,29771.75,29777.0,2379
2026-08-10 09:00:00-04:00,29778.5,29816.0,29772.25,29805.0,3400
2026-08-10 09:15:00-04:00,29804.5,29823.75,29789.5,29805.5,4588
2026-08-10 09:30:00-04:00,29805.5,29841.75,29718.75,29776.0,37349
2026-08-10 09:45:00-04:00,29775.75,29832.75,29754.5,29806.75,23983
2026-08-10 10:00:00-04:00,29807.0,29892.0,29788.25,29881.5,19208
2026-08-10 10:15:00-04:00,29882.0,29900.0,29814.75,29857.75,18027
2026-08-10 10:30:00-04:00,29858.25,29892.25,29846.75,29866.75,13098
2026-08-10 10:45:00-04:00,29866.5,29886.0,29777.75,29779.75,14550
2026-08-10 11:00:00-04:00,29780.0,29822.5,29766.0,29793.25,14567
2026-08-10 11:15:00-04:00,29793.25,29817.25,29753.5,29777.75,10800
2026-08-10 11:30:00-04:00,29777.0,29809.0,29740.75,29808.25,10171
2026-08-10 11:45:00-04:00,29808.25,29854.5,29786.25,29844.0,10033
2026-08-10 12:00:00-04:00,29844.5,29858.75,29811.75,29822.0,7408
2026-08-10 12:15:00-04:00,29822.0,29843.5,29804.75,29809.75,7222
2026-08-10 12:30:00-04:00,29809.5,29817.0,29729.5,29742.25,12885
2026-08-10 12:45:00-04:00,29742.75,29781.0,29733.0,29780.0,8479
2026-08-10 13:00:00-04:00,29780.25,29809.0,29760.75,29800.75,7604
2026-08-10 13:15:00-04:00,29800.75,29811.25,29776.25,29787.5,5257
2026-08-10 13:30:00-04:00,29786.75,29796.5,29756.0,29759.5,5300
2026-08-10 13:45:00-04:00,29760.0,29765.25,29744.25,29759.75,5438
2026-08-10 14:00:00-04:00,29759.0,29772.75,29748.5,29751.25,4342
2026-08-10 14:15:00-04:00,29751.75,29756.5,29742.5,29747.75,4084
2026-08-10 14:30:00-04:00,29747.5,29773.5,29741.5,29771.75,5683
2026-08-10 14:45:00-04:00,29772.0,29784.5,29759.75,29782.0,4509
2026-08-10 15:00:00-04:00,29782.75,29795.0,29775.5,29789.5,5168
2026-08-10 15:15:00-04:00,29789.75,29796.0,29779.75,29781.75,4870
2026-08-10 15:30:00-04:00,29782.25,29793.0,29770.25,29776.25,5795
2026-08-10 15:45:00-04:00,29776.0,29784.25,29722.5,29744.0,23398
2026-08-10 16:00:00-04:00,29744.25,29754.75,29740.0,29745.0,6445
2026-08-10 16:15:00-04:00,29745.0,29754.5,29737.0,29751.75,1625
2026-08-10 16:30:00-04:00,29751.75,29760.0,29743.25,29757.5,1237
2026-08-10 16:45:00-04:00,29758.0,29770.0,29755.75,29764.25,1244
2026-08-10 18:00:00-04:00,29764.5,29788.5,29752.0,29761.5,1391
2026-08-10 18:15:00-04:00,29761.75,29762.75,29733.0,29746.25,1056
2026-08-10 18:30:00-04:00,29746.0,29746.25,29722.25,29725.25,1037
2026-08-10 18:45:00-04:00,29724.5,29736.75,29724.5,29732.5,383
2026-08-10 19:00:00-04:00,29732.5,29735.5,29720.75,29731.25,519
2026-08-10 19:15:00-04:00,29731.5,29732.0,29701.25,29708.5,1306
2026-08-10 19:30:00-04:00,29708.5,29715.5,29702.5,29714.25,570
2026-08-10 19:45:00-04:00,29713.75,29726.75,29677.5,29704.5,2012
2026-08-10 20:00:00-04:00,29703.75,29753.5,29666.0,29748.75,4022
2026-08-10 20:15:00-04:00,29746.75,29765.0,29725.0,29762.75,2476
2026-08-10 20:30:00-04:00,29764.0,29784.0,29756.0,29778.25,1657
2026-08-10 20:45:00-04:00,29779.25,29793.75,29777.0,29785.0,1316
2026-08-10 21:00:00-04:00,29784.75,29826.0,29764.5,29826.0,3104
2026-08-10 21:15:00-04:00,29825.25,29839.5,29808.75,29821.75,1742
2026-08-10 21:30:00-04:00,29819.25,29827.5,29810.0,29822.5,970
2026-08-10 21:45:00-04:00,29820.75,29842.5,29817.0,29818.25,1352
2026-08-10 22:00:00-04:00,29818.0,29830.5,29812.0,29819.5,869
2026-08-10 22:15:00-04:00,29821.25,29827.25,29813.0,29825.0,599
2026-08-10 22:30:00-04:00,29824.0,29839.0,29824.0,29838.75,896
2026-08-10 22:45:00-04:00,29839.5,29844.5,29815.0,29818.25,904
2026-08-10 23:00:00-04:00,29817.75,29832.75,29815.0,29821.5,691
2026-08-10 23:15:00-04:00,29822.5,29847.5,29817.5,29840.75,943
2026-08-10 23:30:00-04:00,29842.25,29843.0,29826.0,29831.75,638
2026-08-10 23:45:00-04:00,29833.5,29842.75,29828.25,29832.0,452
2026-08-11 00:00:00-04:00,29832.5,29851.25,29832.5,29847.75,693
2026-08-11 00:15:00-04:00,29848.5,29854.5,29838.25,29852.75,758
2026-08-11 00:30:00-04:00,29852.5,29861.75,29835.5,29838.25,825
2026-08-11 00:45:00-04:00,29839.25,29846.0,29834.5,29838.75,368
2026-08-11 01:00:00-04:00,29838.75,29854.25,29830.25,29852.0,538
2026-08-11 01:15:00-04:00,29852.25,29853.5,29813.25,29813.75,888
2026-08-11 01:30:00-04:00,29813.25,29829.5,29798.25,29815.5,1518
2026-08-11 01:45:00-04:00,29814.5,29817.0,29786.75,29793.25,1086
2026-08-11 02:00:00-04:00,29792.5,29827.75,29787.25,29819.5,1117
2026-08-11 02:15:00-04:00,29820.0,29822.0,29766.25,29771.25,1886
2026-08-11 02:30:00-04:00,29770.5,29789.25,29732.5,29782.0,2836
2026-08-11 02:45:00-04:00,29785.25,29786.75,29738.5,29754.25,1446
2026-08-11 03:00:00-04:00,29755.75,29769.75,29733.25,29759.75,1400
2026-08-11 03:15:00-04:00,29758.25,29765.0,29728.0,29743.25,1371
2026-08-11 03:30:00-04:00,29744.25,29780.25,29743.25,29769.0,1058
2026-08-11 03:45:00-04:00,29767.5,29779.5,29756.0,29774.75,864
2026-08-11 04:00:00-04:00,29776.0,29804.25,29730.5,29731.25,2318
2026-08-11 04:15:00-04:00,29730.75,29747.25,29718.0,29733.0,1309
2026-08-11 04:30:00-04:00,29733.5,29754.75,29717.75,29753.75,1202
2026-08-11 04:45:00-04:00,29752.5,29763.5,29741.75,29749.5,793
2026-08-11 05:00:00-04:00,29748.0,29756.25,29718.75,29733.0,1381
2026-08-11 05:15:00-04:00,29732.25,29765.75,29731.25,29759.0,1133
2026-08-11 05:30:00-04:00,29759.25,29784.0,29754.5,29767.5,1149
2026-08-11 05:45:00-04:00,29768.25,29781.5,29764.25,29768.75,461
2026-08-11 06:00:00-04:00,29770.25,29773.0,29754.75,29756.25,659
2026-08-11 06:15:00-04:00,29756.25,29832.75,29750.25,29821.25,2051
2026-08-11 06:30:00-04:00,29821.75,29823.75,29801.75,29815.0,1020
2026-08-11 06:45:00-04:00,29814.25,29827.5,29812.25,29818.0,570
2026-08-11 07:00:00-04:00,29818.75,29886.75,29818.25,29872.0,5200
2026-08-11 07:15:00-04:00,29871.0,29873.0,29828.5,29834.25,1812
2026-08-11 07:30:00-04:00,29833.75,29837.0,29811.0,29824.5,1557
2026-08-11 07:45:00-04:00,29825.25,29835.25,29812.75,29832.0,931
2026-08-11 08:00:00-04:00,29832.75,29864.25,29819.5,29862.25,1825
2026-08-11 08:15:00-04:00,29861.25,29871.5,29821.5,29828.5,3139
2026-08-11 08:30:00-04:00,29829.75,29857.25,29819.0,29846.0,1652
2026-08-11 08:45:00-04:00,29847.0,29854.0,29827.0,29833.75,1529
2026-08-11 09:00:00-04:00,29832.5,29851.25,29820.25,29827.5,2324
2026-08-11 09:15:00-04:00,29827.75,29845.75,29813.0,29839.0,5266
2026-08-11 09:30:00-04:00,29839.25,29842.5,29679.0,29723.25,38972
2026-08-11 09:45:00-04:00,29723.75,29735.0,29631.75,29732.75,30173
2026-08-11 10:00:00-04:00,29732.5,29792.5,29718.25,29763.0,20101
2026-08-11 10:15:00-04:00,29762.0,29791.75,29737.5,29777.25,18645
2026-08-11 10:30:00-04:00,29777.75,29785.25,29728.25,29742.75,15311
2026-08-11 10:45:00-04:00,29741.75,29804.75,29740.5,29777.0,13773
2026-08-11 11:00:00-04:00,29776.5,29792.25,29703.25,29712.25,15518
2026-08-11 11:15:00-04:00,29711.0,29735.25,29697.5,29702.25,11762
2026-08-11 11:30:00-04:00,29703.0,29719.5,29663.75,29693.0,12783
2026-08-11 11:45:00-04:00,29693.25,29693.75,29658.75,29663.25,9928
2026-08-11 12:00:00-04:00,29663.75,29681.75,29647.75,29652.5,9291
2026-08-11 12:15:00-04:00,29652.75,29669.75,29622.0,29645.75,10254
2026-08-11 12:30:00-04:00,29645.75,29666.75,29630.75,29637.0,7774
2026-08-11 12:45:00-04:00,29637.0,29643.0,29614.75,29626.0,9658
2026-08-11 13:00:00-04:00,29626.75,29634.75,29577.0,29578.25,9148
2026-08-11 13:15:00-04:00,29578.25,29618.0,29573.0,29606.0,10100
2026-08-11 13:30:00-04:00,29606.5,29638.0,29598.75,29634.25,7466
2026-08-11 13:45:00-04:00,29634.5,29640.75,29622.25,29628.75,5652
2026-08-11 14:00:00-04:00,29629.25,29635.75,29602.0,29607.75,7660
2026-08-11 14:15:00-04:00,29608.0,29614.0,29533.5,29544.25,10377
2026-08-11 14:30:00-04:00,29545.0,29576.75,29540.0,29548.75,8603
2026-08-11 14:45:00-04:00,29548.75,29599.5,29548.25,29582.75,7147
2026-08-11 15:00:00-04:00,29582.25,29614.5,29571.5,29607.75,8020
2026-08-11 15:15:00-04:00,29608.0,29627.0,29602.0,29624.0,6247
2026-08-11 15:30:00-04:00,29624.5,29660.25,29620.0,29639.75,10336
2026-08-11 15:45:00-04:00,29640.0,29650.0,29607.0,29636.0,22039
2026-08-11 16:00:00-04:00,29635.75,29651.75,29614.75,29640.25,8687
2026-08-11 16:15:00-04:00,29640.5,29676.5,29639.0,29674.75,2613
2026-08-11 16:30:00-04:00,29674.5,29676.0,29664.5,29670.0,1281
2026-08-11 16:45:00-04:00,29670.75,29671.25,29643.5,29646.75,1485
2026-08-11 18:00:00-04:00,29657.75,29661.0,29626.75,29658.25,1414
2026-08-11 18:15:00-04:00,29658.75,29662.0,29650.5,29655.0,419
2026-08-11 18:30:00-04:00,29653.25,29666.0,29637.0,29639.25,796
2026-08-11 18:45:00-04:00,29639.75,29653.75,29634.0,29650.25,603
2026-08-11 19:00:00-04:00,29649.5,29654.25,29639.5,29641.75,431
2026-08-11 19:15:00-04:00,29641.5,29654.25,29640.75,29652.5,347
2026-08-11 19:30:00-04:00,29652.75,29653.25,29635.75,29640.75,425
2026-08-11 19:45:00-04:00,29640.75,29663.0,29634.25,29662.25,850
2026-08-11 20:00:00-04:00,29661.75,29669.75,29624.5,29650.5,2021
2026-08-11 20:15:00-04:00,29649.25,29676.0,29638.5,29665.5,1690
2026-08-11 20:30:00-04:00,29666.0,29680.0,29652.0,29662.0,1166
2026-08-11 20:45:00-04:00,29662.0,29672.0,29655.5,29665.75,610
2026-08-11 21:00:00-04:00,29662.75,29681.0,29660.0,29674.75,1020
2026-08-11 21:15:00-04:00,29675.0,29675.75,29639.5,29661.75,1261
2026-08-11 21:30:00-04:00,29660.0,29678.0,29646.75,29678.0,950
2026-08-11 21:45:00-04:00,29678.25,29683.5,29646.75,29658.25,1157
2026-08-11 22:00:00-04:00,29659.0,29670.75,29650.0,29658.0,887
2026-08-11 22:15:00-04:00,29658.5,29678.0,29654.25,29678.0,635
2026-08-11 22:30:00-04:00,29677.25,29694.5,29675.25,29688.25,793
2026-08-11 22:45:00-04:00,29688.0,29703.0,29688.0,29702.5,760
2026-08-11 23:00:00-04:00,29702.75,29710.0,29695.25,29705.25,913
2026-08-11 23:15:00-04:00,29705.25,29708.75,29695.25,29702.5,640
2026-08-11 23:30:00-04:00,29701.75,29704.75,29688.75,29691.25,502
2026-08-11 23:45:00-04:00,29692.75,29701.25,29684.5,29694.0,481
2026-08-12 00:00:00-04:00,29694.75,29702.0,29690.0,29697.5,479
2026-08-12 00:15:00-04:00,29697.0,29703.0,29691.5,29698.25,335
2026-08-12 00:30:00-04:00,29697.0,29699.75,29683.5,29696.5,557
2026-08-12 00:45:00-04:00,29696.5,29715.5,29692.25,29713.0,778
2026-08-12 01:00:00-04:00,29714.0,29714.5,29685.0,29685.0,645
2026-08-12 01:15:00-04:00,29684.25,29690.0,29668.25,29688.0,869
2026-08-12 01:30:00-04:00,29688.75,29708.5,29687.25,29699.75,574
2026-08-12 01:45:00-04:00,29699.75,29718.0,29697.0,29715.5,690
2026-08-12 02:00:00-04:00,29715.0,29724.25,29707.25,29713.75,982
2026-08-12 02:15:00-04:00,29713.75,29721.25,29698.25,29711.75,833
2026-08-12 02:30:00-04:00,29709.5,29730.25,29706.0,29718.0,692
2026-08-12 02:45:00-04:00,29719.0,29737.25,29718.25,29736.75,969
2026-08-12 03:00:00-04:00,29737.25,29753.75,29735.5,29741.25,2356
2026-08-12 03:15:00-04:00,29741.5,29748.75,29727.5,29739.25,675
2026-08-12 03:30:00-04:00,29738.0,29744.0,29729.75,29742.75,534
2026-08-12 03:45:00-04:00,29741.25,29751.5,29730.5,29751.5,443
2026-08-12 04:00:00-04:00,29752.25,29781.25,29748.25,29771.0,1770
2026-08-12 04:15:00-04:00,29772.0,29792.25,29764.25,29786.0,1109
2026-08-12 04:30:00-04:00,29785.75,29787.25,29762.75,29773.25,818
2026-08-12 04:45:00-04:00,29773.0,29799.5,29771.75,29793.75,898
2026-08-12 05:00:00-04:00,29794.5,29812.0,29793.5,29808.25,982
2026-08-12 05:15:00-04:00,29808.0,29848.25,29803.75,29824.0,1965
2026-08-12 05:30:00-04:00,29823.5,29838.75,29822.5,29829.75,968
2026-08-12 05:45:00-04:00,29830.0,29834.5,29802.75,29815.25,1510
2026-08-12 06:00:00-04:00,29815.5,29842.75,29814.75,29839.0,1238
2026-08-12 06:15:00-04:00,29839.5,29845.25,29833.75,29839.5,760
2026-08-12 06:30:00-04:00,29839.75,29844.25,29832.25,29841.5,667
2026-08-12 06:45:00-04:00,29840.75,29841.5,29785.0,29814.5,2688
2026-08-12 07:00:00-04:00,29816.0,29838.0,29814.0,29823.5,1410
2026-08-12 07:15:00-04:00,29821.25,29821.75,29805.5,29810.25,1049
2026-08-12 07:30:00-04:00,29810.0,29831.75,29806.0,29825.5,1128
2026-08-12 07:45:00-04:00,29825.75,29846.5,29819.5,29845.5,1090
2026-08-12 08:00:00-04:00,29846.0,29858.25,29829.25,29830.0,1736
2026-08-12 08:15:00-04:00,29830.5,29932.25,29820.75,29905.5,4191
2026-08-12 08:30:00-04:00,29905.25,29960.0,29750.25,29917.25,12012
2026-08-12 08:45:00-04:00,29918.25,29922.5,29899.75,29919.25,3348
2026-08-12 09:00:00-04:00,29920.0,29941.5,29916.0,29939.0,3647
2026-08-12 09:15:00-04:00,29939.75,29992.75,29935.75,29991.25,8573
2026-08-12 09:30:00-04:00,29991.75,30001.75,29853.25,29899.5,39092
2026-08-12 09:45:00-04:00,29899.5,29970.75,29860.75,29907.25,27835
2026-08-12 10:00:00-04:00,29907.0,29936.0,29847.75,29892.5,23633
2026-08-12 10:15:00-04:00,29893.25,29945.75,29864.0,29916.25,16755
2026-08-12 10:30:00-04:00,29916.0,29929.0,29828.25,29925.0,18906
2026-08-12 10:45:00-04:00,29924.75,29931.5,29848.5,29868.0,14263
2026-08-12 11:00:00-04:00,29868.0,29892.0,29839.0,29879.75,12341
2026-08-12 11:15:00-04:00,29879.75,29887.0,29843.5,29874.5,8744
2026-08-12 11:30:00-04:00,29874.25,29879.0,29818.5,29828.25,10577
2026-08-12 11:45:00-04:00,29829.0,29854.0,29819.0,29831.75,6812
2026-08-12 12:00:00-04:00,29832.75,29877.75,29829.0,29873.25,7719
2026-08-12 12:15:00-04:00,29873.5,29887.75,29857.5,29873.5,7252
2026-08-12 12:30:00-04:00,29874.0,29894.75,29851.0,29885.0,8835
2026-08-12 12:45:00-04:00,29885.5,29918.0,29879.0,29905.5,7530
2026-08-12 13:00:00-04:00,29906.25,29924.5,29898.0,29911.25,6798
2026-08-12 13:15:00-04:00,29911.5,29920.0,29889.25,29909.25,6835
2026-08-12 13:30:00-04:00,29910.0,29922.25,29901.25,29915.0,5600
2026-08-12 13:45:00-04:00,29915.75,29924.0,29901.5,29910.25,4670
2026-08-12 14:00:00-04:00,29910.0,29918.5,29890.25,29907.25,4733
2026-08-12 14:15:00-04:00,29907.0,29913.75,29890.5,29894.0,5255
2026-08-12 14:30:00-04:00,29893.75,29932.0,29893.75,29919.5,5452
2026-08-12 14:45:00-04:00,29919.5,29923.25,29885.0,29889.75,5535
2026-08-12 15:00:00-04:00,29890.25,29905.0,29879.0,29884.25,4986
2026-08-12 15:15:00-04:00,29884.0,29898.5,29856.0,29868.25,6602
2026-08-12 15:30:00-04:00,29867.0,29868.0,29831.75,29849.25,8751
2026-08-12 15:45:00-04:00,29849.25,29870.0,29825.75,29853.0,22363
2026-08-12 16:00:00-04:00,29852.75,29906.0,29831.5,29846.75,9535
2026-08-12 16:15:00-04:00,29846.5,29851.25,29814.75,29820.0,2814
2026-08-12 16:30:00-04:00,29820.0,29823.25,29809.5,29820.25,2178
2026-08-12 16:45:00-04:00,29821.25,29823.0,29804.5,29805.75,1022
2026-08-12 18:00:00-04:00,29825.0,29831.75,29800.25,29804.75,1598
2026-08-12 18:15:00-04:00,29805.0,29809.75,29784.0,29794.0,981
2026-08-12 18:30:00-04:00,29792.25,29795.5,29780.5,29793.0,1096
2026-08-12 18:45:00-04:00,29792.25,29803.5,29788.5,29797.75,540
2026-08-12 19:00:00-04:00,29797.25,29812.0,29797.0,29808.75,792
2026-08-12 19:15:00-04:00,29808.5,29812.5,29802.0,29807.25,513
2026-08-12 19:30:00-04:00,29805.25,29815.0,29793.5,29810.25,721
2026-08-12 19:45:00-04:00,29811.75,29812.25,29792.0,29804.5,977
2026-08-12 20:00:00-04:00,29805.25,29863.5,29796.75,29847.75,2843
2026-08-12 20:15:00-04:00,29848.25,29866.75,29838.0,29840.25,1742
2026-08-12 20:30:00-04:00,29839.75,29853.75,29828.5,29840.75,1436
2026-08-12 20:45:00-04:00,29840.5,29850.0,29829.0,29845.5,1075
2026-08-12 21:00:00-04:00,29846.0,29853.0,29821.5,29829.25,1529
2026-08-12 21:15:00-04:00,29831.5,29838.5,29808.25,29818.25,1405
2026-08-12 21:30:00-04:00,29816.75,29844.0,29814.5,29837.75,1263
2026-08-12 21:45:00-04:00,29836.75,29866.0,29828.0,29857.25,1462
2026-08-12 22:00:00-04:00,29858.0,29871.25,29853.75,29862.25,955
2026-08-12 22:15:00-04:00,29861.75,29869.5,29856.75,29863.0,870
2026-08-12 22:30:00-04:00,29861.75,29877.75,29833.5,29873.75,2041
2026-08-12 22:45:00-04:00,29873.75,29874.5,29866.0,29868.5,507
2026-08-12 23:00:00-04:00,29868.5,29875.75,29865.5,29874.5,483
2026-08-12 23:15:00-04:00,29873.75,29879.5,29871.25,29874.0,464
2026-08-12 23:30:00-04:00,29876.25,29880.0,29867.25,29876.0,483
2026-08-12 23:45:00-04:00,29876.0,29880.0,29874.0,29878.5,548
2026-08-13 00:00:00-04:00,29878.25,29891.75,29869.25,29869.25,994
2026-08-13 00:15:00-04:00,29869.25,29884.5,29853.75,29877.0,1283
2026-08-13 00:30:00-04:00,29876.5,29896.0,29876.5,29879.0,669
2026-08-13 00:45:00-04:00,29878.75,29895.0,29873.5,29879.25,647
2026-08-13 01:00:00-04:00,29878.5,29916.5,29874.0,29915.0,1311
2026-08-13 01:15:00-04:00,29915.0,29922.75,29907.75,29920.5,1050
2026-08-13 01:30:00-04:00,29921.5,29924.0,29897.0,29902.75,1350
2026-08-13 01:45:00-04:00,29901.75,29908.5,29882.0,29884.5,775
2026-08-13 02:00:00-04:00,29884.5,29897.0,29869.25,29892.75,1503
2026-08-13 02:15:00-04:00,29894.0,29905.5,29885.0,29898.0,701
2026-08-13 02:30:00-04:00,29896.75,29905.25,29859.75,29862.25,1254
2026-08-13 02:45:00-04:00,29862.0,29890.25,29858.25,29888.5,955
2026-08-13 03:00:00-04:00,29888.0,29893.25,29845.0,29854.0,1928
2026-08-13 03:15:00-04:00,29853.75,29872.75,29848.0,29872.5,983
2026-08-13 03:30:00-04:00,29869.75,29882.25,29861.25,29880.5,966
2026-08-13 03:45:00-04:00,29880.5,29881.5,29859.25,29860.0,936
2026-08-13 04:00:00-04:00,29859.75,29872.5,29829.0,29838.5,2165
2026-08-13 04:15:00-04:00,29838.25,29865.0,29827.0,29858.75,1258
2026-08-13 04:30:00-04:00,29859.5,29866.0,29845.5,29862.5,840
2026-08-13 04:45:00-04:00,29861.75,29875.75,29854.25,29860.75,848
2026-08-13 05:00:00-04:00,29861.5,29868.75,29833.0,29833.0,1089
2026-08-13 05:15:00-04:00,29832.25,29848.75,29821.0,29838.75,786
2026-08-13 05:30:00-04:00,29837.5,29861.25,29836.5,29860.75,504
2026-08-13 05:45:00-04:00,29860.5,29879.25,29857.5,29876.5,717
2026-08-13 06:00:00-04:00,29876.25,29878.25,29863.25,29874.25,797
2026-08-13 06:15:00-04:00,29875.5,29884.5,29864.5,29873.0,788
2026-08-13 06:30:00-04:00,29874.0,29880.75,29868.5,29877.75,574
2026-08-13 06:45:00-04:00,29877.75,29886.5,29875.0,29881.25,496
2026-08-13 07:00:00-04:00,29881.5,29892.25,29870.75,29871.75,864
2026-08-13 07:15:00-04:00,29872.25,29875.5,29855.5,29863.0,1017
2026-08-13 07:30:00-04:00,29860.25,29888.75,29857.5,29887.75,1148
2026-08-13 07:45:00-04:00,29888.25,29895.0,29867.5,29869.0,1004
2026-08-13 08:00:00-04:00,29869.5,29872.0,29832.75,29842.25,2089
2026-08-13 08:15:00-04:00,29840.25,29860.0,29812.25,29844.5,1878
2026-08-13 08:30:00-04:00,29849.75,29890.5,29820.0,29846.75,6228
2026-08-13 08:45:00-04:00,29845.75,29881.25,29841.0,29880.75,2487
2026-08-13 09:00:00-04:00,29880.75,29921.0,29878.75,29908.25,4640
2026-08-13 09:15:00-04:00,29908.5,29920.0,29900.25,29911.0,4756
2026-08-13 09:30:00-04:00,29910.25,30053.5,29863.5,30012.25,37671
2026-08-13 09:45:00-04:00,30013.5,30182.25,30005.25,30176.0,32355
2026-08-13 10:00:00-04:00,30175.75,30214.75,30155.75,30204.75,22990
2026-08-13 10:15:00-04:00,30206.25,30239.5,30185.25,30234.25,18463
2026-08-13 10:30:00-04:00,30233.25,30267.5,30227.5,30236.5,18060
2026-08-13 10:45:00-04:00,30236.0,30241.5,30198.25,30199.5,18101
2026-08-13 11:00:00-04:00,30199.25,30231.5,30193.75,30217.5,15389
2026-08-13 11:15:00-04:00,30217.5,30238.75,30179.5,30188.25,15110
2026-08-13 11:30:00-04:00,30188.75,30198.5,30128.25,30156.75,18280
2026-08-13 11:45:00-04:00,30156.0,30156.0,30104.0,30115.5,13302
2026-08-13 12:00:00-04:00,30117.25,30172.5,30114.25,30140.75,10106
2026-08-13 12:15:00-04:00,30140.75,30189.0,30133.75,30186.5,8304
2026-08-13 12:30:00-04:00,30186.75,30200.0,30168.0,30183.0,7705
2026-08-13 12:45:00-04:00,30183.25,30203.25,30176.5,30193.75,6342
2026-08-13 13:00:00-04:00,30193.75,30232.75,30193.25,30226.25,8681
2026-08-13 13:15:00-04:00,30226.25,30250.0,30224.75,30237.5,8044
2026-08-13 13:30:00-04:00,30237.75,30244.75,30214.25,30214.5,6663
2026-08-13 13:45:00-04:00,30214.5,30228.0,30203.75,30204.5,5908
2026-08-13 14:00:00-04:00,30205.0,30215.5,30189.5,30201.5,6889
2026-08-13 14:15:00-04:00,30201.5,30207.75,30181.0,30192.0,7310
2026-08-13 14:30:00-04:00,30192.0,30237.25,30191.5,30229.0,8573
2026-08-13 14:45:00-04:00,30228.5,30246.0,30228.25,30244.25,6352
2026-08-13 15:00:00-04:00,30244.25,30272.75,30232.0,30238.75,11116
2026-08-13 15:15:00-04:00,30238.25,30246.0,30215.25,30223.25,9018
2026-08-13 15:30:00-04:00,30222.75,30227.75,30202.75,30204.5,7999
2026-08-13 15:45:00-04:00,30204.5,30207.0,30173.0,30194.75,24159
2026-08-13 16:00:00-04:00,30194.5,30220.0,30144.5,30208.0,11643
2026-08-13 16:15:00-04:00,30208.25,30214.25,30192.5,30197.75,2162
2026-08-13 16:30:00-04:00,30198.25,30213.25,30195.5,30209.5,1446
2026-08-13 16:45:00-04:00,30209.25,30219.75,30208.75,30214.25,1175
2026-08-13 18:00:00-04:00,30210.75,30216.75,30186.0,30197.25,1609
2026-08-13 18:15:00-04:00,30196.25,30205.5,30190.0,30197.0,653
2026-08-13 18:30:00-04:00,30198.5,30210.25,30198.25,30206.75,550
2026-08-13 18:45:00-04:00,30206.25,30207.75,30200.0,30203.25,399
2026-08-13 19:00:00-04:00,30204.0,30224.75,30199.0,30224.75,663
2026-08-13 19:15:00-04:00,30225.0,30226.0,30192.25,30199.5,996
2026-08-13 19:30:00-04:00,30198.5,30203.5,30193.5,30196.25,554
2026-08-13 19:45:00-04:00,30196.75,30204.0,30189.5,30203.25,1019
2026-08-13 20:00:00-04:00,30203.75,30232.0,30195.75,30201.0,2500
2026-08-13 20:15:00-04:00,30201.25,30204.0,30176.75,30185.5,1795
2026-08-13 20:30:00-04:00,30184.5,30191.75,30174.5,30178.5,1284
2026-08-13 20:45:00-04:00,30180.0,30186.75,30166.25,30170.0,1580
2026-08-13 21:00:00-04:00,30169.25,30169.75,30124.25,30129.0,3090
2026-08-13 21:15:00-04:00,30128.75,30155.5,30124.5,30152.5,2004
2026-08-13 21:30:00-04:00,30153.25,30163.0,30140.25,30160.0,1196
2026-08-13 21:45:00-04:00,30160.5,30168.0,30149.25,30151.5,997
2026-08-13 22:00:00-04:00,30151.5,30171.75,30149.75,30166.5,1170
2026-08-13 22:15:00-04:00,30167.0,30170.25,30155.75,30167.25,762
2026-08-13 22:30:00-04:00,30168.0,30181.5,30167.25,30173.5,791
2026-08-13 22:45:00-04:00,30174.5,30178.5,30150.0,30154.75,848
2026-08-13 23:00:00-04:00,30153.75,30165.0,30150.0,30162.75,769
2026-08-13 23:15:00-04:00,30162.75,30180.0,30161.5,30180.0,641
2026-08-13 23:30:00-04:00,30180.75,30182.5,30155.25,30157.75,880
2026-08-13 23:45:00-04:00,30157.5,30163.0,30152.25,30152.25,571
2026-08-14 00:00:00-04:00,30152.25,30161.5,30144.75,30156.75,1090
2026-08-14 00:15:00-04:00,30155.0,30165.0,30150.5,30157.5,755
2026-08-14 00:30:00-04:00,30158.75,30163.75,30137.5,30154.75,1186
2026-08-14 00:45:00-04:00,30154.0,30154.25,30145.25,30147.0,508
2026-08-14 01:00:00-04:00,30148.25,30152.5,30127.75,30143.0,1092
2026-08-14 01:15:00-04:00,30144.0,30152.0,30138.25,30150.5,681
2026-08-14 01:30:00-04:00,30149.25,30167.0,30140.75,30166.5,685
2026-08-14 01:45:00-04:00,30167.0,30182.0,30164.5,30174.0,865
2026-08-14 02:00:00-04:00,30174.75,30177.75,30149.5,30152.5,917
2026-08-14 02:15:00-04:00,30153.0,30164.0,30147.5,30163.25,553
2026-08-14 02:30:00-04:00,30162.25,30165.5,30149.5,30159.75,608
2026-08-14 02:45:00-04:00,30160.25,30178.0,30160.0,30172.5,594
2026-08-14 03:00:00-04:00,30173.5,30194.25,30171.5,30175.25,1521
2026-08-14 03:15:00-04:00,30175.5,30181.25,30172.25,30177.0,483
2026-08-14 03:30:00-04:00,30177.75,30203.75,30173.0,30202.75,685
2026-08-14 03:45:00-04:00,30202.75,30202.75,30190.75,30194.75,807
2026-08-14 04:00:00-04:00,30194.5,30235.75,30187.75,30213.25,2236
2026-08-14 04:15:00-04:00,30215.0,30231.5,30206.0,30225.5,888
2026-08-14 04:30:00-04:00,30224.5,30240.25,30222.0,30227.75,1040
2026-08-14 04:45:00-04:00,30228.25,30240.0,30220.5,30220.75,540
2026-08-14 05:00:00-04:00,30220.0,30222.25,30210.25,30218.5,777
2026-08-14 05:15:00-04:00,30218.5,30232.0,30214.75,30226.75,607
2026-08-14 05:30:00-04:00,30225.5,30226.25,30207.0,30209.75,863
2026-08-14 05:45:00-04:00,30210.5,30236.0,30207.25,30235.0,861
2026-08-14 06:00:00-04:00,30234.25,30249.75,30233.5,30241.5,1061
2026-08-14 06:15:00-04:00,30239.75,30240.75,30223.0,30228.75,803
2026-08-14 06:30:00-04:00,30230.0,30237.75,30223.5,30237.0,726
2026-08-14 06:45:00-04:00,30236.25,30252.5,30232.75,30252.0,1227
2026-08-14 07:00:00-04:00,30251.75,30262.0,30247.0,30253.75,1276
2026-08-14 07:15:00-04:00,30254.0,30254.75,30242.0,30247.25,924
2026-08-14 07:30:00-04:00,30247.0,30258.5,30237.25,30251.5,1318
2026-08-14 07:45:00-04:00,30252.0,30268.0,30250.0,30263.75,1274
2026-08-14 08:00:00-04:00,30265.25,30280.25,30208.5,30237.5,3379
2026-08-14 08:15:00-04:00,30237.0,30256.25,30226.5,30251.5,2094
2026-08-14 08:30:00-04:00,30252.75,30279.75,30247.0,30266.0,3276
2026-08-14 08:45:00-04:00,30265.75,30279.75,30254.0,30268.25,2264
2026-08-14 09:00:00-04:00,30268.5,30283.0,30252.5,30253.0,2355
2026-08-14 09:15:00-04:00,30253.25,30261.5,30236.25,30241.5,4156
2026-08-14 09:30:00-04:00,30241.75,30269.5,30169.75,30261.0,37670
2026-08-14 09:45:00-04:00,30260.75,30280.5,30208.75,30228.25,26204
2026-08-14 10:00:00-04:00,30226.0,30272.25,30204.75,30221.25,18402
2026-08-14 10:15:00-04:00,30221.75,30228.5,30134.25,30160.25,21226
2026-08-14 10:30:00-04:00,30159.75,30176.5,30129.0,30155.5,17397
2026-08-14 10:45:00-04:00,30155.5,30166.0,30123.0,30123.0,9719
2026-08-14 11:00:00-04:00,30124.0,30143.0,30088.0,30090.5,14111
2026-08-14 11:15:00-04:00,30090.75,30110.75,30033.5,30073.25,17139
2026-08-14 11:30:00-04:00,30072.5,30075.0,30029.5,30049.0,13164
2026-08-14 11:45:00-04:00,30049.25,30072.75,30028.5,30065.75,11406
2026-08-14 12:00:00-04:00,30066.5,30084.25,30050.5,30080.25,10342
2026-08-14 12:15:00-04:00,30080.25,30107.75,30075.5,30101.0,8213
2026-08-14 12:30:00-04:00,30100.5,30102.0,30064.5,30067.25,9934
2026-08-14 12:45:00-04:00,30067.0,30076.75,30052.75,30059.0,6576
2026-08-14 13:00:00-04:00,30059.25,30079.75,30053.0,30069.25,6728
2026-08-14 13:15:00-04:00,30069.25,30076.5,30046.5,30059.25,6490
2026-08-14 13:30:00-04:00,30059.5,30072.25,30050.25,30058.0,5496
2026-08-14 13:45:00-04:00,30058.25,30084.5,30049.75,30081.5,6089
2026-08-14 14:00:00-04:00,30081.25,30091.25,30073.5,30078.75,5284
2026-08-14 14:15:00-04:00,30078.75,30092.5,30064.75,30068.0,5720
2026-08-14 14:30:00-04:00,30067.5,30090.25,30062.5,30087.25,5535
2026-08-14 14:45:00-04:00,30087.0,30104.0,30078.0,30088.5,5489
2026-08-14 15:00:00-04:00,30088.5,30094.5,30077.0,30083.0,5918
2026-08-14 15:15:00-04:00,30083.25,30104.0,30076.0,30096.75,6261
2026-08-14 15:30:00-04:00,30096.25,30115.25,30091.25,30108.5,8117
2026-08-14 15:45:00-04:00,30108.5,30148.0,30101.5,30144.5,22361
2026-08-14 16:00:00-04:00,30144.25,30153.25,30131.0,30132.75,8535
2026-08-14 16:15:00-04:00,30133.25,30135.5,30127.25,30131.0,1194
2026-08-14 16:30:00-04:00,30131.0,30145.75,30128.25,30142.0,1594
2026-08-14 16:45:00-04:00,30142.25,30154.75,30138.0,30154.0,1273
2026-08-16 18:00:00-04:00,30170.0,30202.5,30163.75,30196.5,2065
2026-08-16 18:15:00-04:00,30197.75,30200.75,30190.5,30192.75,447
2026-08-16 18:30:00-04:00,30193.0,30196.5,30188.5,30192.25,376
2026-08-16 18:45:00-04:00,30192.75,30211.75,30187.25,30205.0,1111
2026-08-16 19:00:00-04:00,30205.25,30207.25,30195.25,30197.0,532
2026-08-16 19:15:00-04:00,30197.25,30204.25,30191.5,30197.0,624
2026-08-16 19:30:00-04:00,30197.75,30206.25,30192.75,30206.25,469
2026-08-16 19:45:00-04:00,30204.75,30228.0,30204.5,30214.25,1312
2026-08-16 20:00:00-04:00,30215.0,30227.25,30209.0,30219.5,1558
2026-08-16 20:15:00-04:00,30218.5,30218.75,30189.0,30195.5,1457
2026-08-16 20:30:00-04:00,30195.5,30198.25,30185.5,30188.75,1048
2026-08-16 20:45:00-04:00,30189.25,30202.0,30185.5,30201.75,702
2026-08-16 21:00:00-04:00,30201.0,30233.25,30199.75,30214.25,1976
2026-08-16 21:15:00-04:00,30214.5,30239.0,30203.75,30229.75,1562
2026-08-16 21:30:00-04:00,30230.25,30232.5,30191.0,30199.0,1780
2026-08-16 21:45:00-04:00,30198.5,30203.25,30187.0,30192.0,788
2026-08-16 22:00:00-04:00,30192.0,30200.5,30185.25,30200.25,900
2026-08-16 22:15:00-04:00,30200.75,30222.25,30197.75,30217.25,1472
2026-08-16 22:30:00-04:00,30216.75,30225.0,30211.75,30222.25,625
2026-08-16 22:45:00-04:00,30220.5,30231.25,30220.0,30222.25,768
2026-08-16 23:00:00-04:00,30223.0,30235.0,30220.75,30226.0,862
2026-08-16 23:15:00-04:00,30227.5,30235.5,30226.75,30234.25,390
2026-08-16 23:30:00-04:00,30234.75,30247.25,30226.0,30241.5,782
2026-08-16 23:45:00-04:00,30241.25,30246.5,30238.75,30246.5,435
2026-08-17 00:00:00-04:00,30246.75,30255.0,30243.5,30251.25,847
2026-08-17 00:15:00-04:00,30250.5,30252.25,30240.5,30241.0,548
2026-08-17 00:30:00-04:00,30241.0,30244.75,30233.25,30243.5,586
2026-08-17 00:45:00-04:00,30244.0,30248.5,30233.0,30234.75,543
2026-08-17 01:00:00-04:00,30234.5,30247.0,30234.5,30241.25,547
2026-08-17 01:15:00-04:00,30243.0,30246.75,30230.5,30243.75,447
2026-08-17 01:30:00-04:00,30244.5,30263.0,30237.25,30263.0,1075
2026-08-17 01:45:00-04:00,30263.0,30274.0,30261.25,30272.0,711
2026-08-17 02:00:00-04:00,30273.25,30295.0,30266.75,30287.5,1903
2026-08-17 02:15:00-04:00,30287.75,30299.0,30272.0,30296.75,1369
2026-08-17 02:30:00-04:00,30297.25,30327.0,30294.0,30314.5,2807
2026-08-17 02:45:00-04:00,30315.0,30326.0,30311.0,30324.5,587
2026-08-17 03:00:00-04:00,30324.75,30331.5,30273.25,30275.0,2081
2026-08-17 03:15:00-04:00,30276.0,30280.5,30261.0,30279.75,1622
2026-08-17 03:30:00-04:00,30279.75,30324.25,30276.75,30318.25,1619
2026-08-17 03:45:00-04:00,30317.75,30322.5,30306.75,30313.0,1110
2026-08-17 04:00:00-04:00,30312.0,30328.0,30297.0,30307.25,1756
2026-08-17 04:15:00-04:00,30307.25,30319.5,30303.0,30315.25,685
2026-08-17 04:30:00-04:00,30314.0,30319.0,30287.5,30288.25,905
2026-08-17 04:45:00-04:00,30288.25,30305.25,30283.75,30298.25,779
2026-08-17 05:00:00-04:00,30298.25,30301.5,30288.0,30297.0,621
2026-08-17 05:15:00-04:00,30297.25,30297.25,30267.75,30274.5,849
2026-08-17 05:30:00-04:00,30274.25,30283.25,30267.75,30282.75,658
2026-08-17 05:45:00-04:00,30281.75,30291.5,30276.25,30282.0,628
2026-08-17 06:00:00-04:00,30282.0,30296.5,30276.0,30295.5,904
2026-08-17 06:15:00-04:00,30294.5,30343.0,30279.0,30338.0,1807
2026-08-17 06:30:00-04:00,30334.25,30338.5,30292.75,30310.5,1586
2026-08-17 06:45:00-04:00,30310.25,30316.5,30305.0,30315.0,662
2026-08-17 07:00:00-04:00,30313.75,30325.0,30296.25,30300.25,1898
2026-08-17 07:15:00-04:00,30300.25,30306.75,30286.75,30299.5,1270
2026-08-17 07:30:00-04:00,30300.25,30306.0,30292.5,30304.5,822
2026-08-17 07:45:00-04:00,30304.25,30310.0,30286.0,30286.75,1087
2026-08-17 08:00:00-04:00,30286.75,30288.75,30246.75,30278.25,2718
2026-08-17 08:15:00-04:00,30278.5,30281.0,30220.75,30236.0,3212
2026-08-17 08:30:00-04:00,30238.25,30250.5,30182.75,30189.5,4099
2026-08-17 08:45:00-04:00,30189.25,30213.0,30180.0,30202.5,3263
2026-08-17 09:00:00-04:00,30202.5,30225.75,30199.25,30218.5,2842
2026-08-17 09:15:00-04:00,30219.5,30238.0,30205.25,30218.75,5907
2026-08-17 09:30:00-04:00,30219.25,30266.0,30165.5,30196.5,36100
2026-08-17 09:45:00-04:00,30196.5,30254.25,30174.25,30235.0,19883
2026-08-17 10:00:00-04:00,30234.75,30243.25,30161.0,30224.25,21468
2026-08-17 10:15:00-04:00,30224.75,30226.0,30155.25,30197.75,15412
2026-08-17 10:30:00-04:00,30198.0,30217.25,30186.0,30204.25,10013
2026-08-17 10:45:00-04:00,30205.0,30246.0,30199.25,30244.0,11651
2026-08-17 11:00:00-04:00,30244.0,30287.5,30233.25,30257.75,15555
2026-08-17 11:15:00-04:00,30258.0,30278.0,30255.0,30269.0,9645
2026-08-17 11:30:00-04:00,30269.75,30273.5,30207.75,30227.5,14484
2026-08-17 11:45:00-04:00,30227.0,30249.75,30214.0,30239.5,8295
2026-08-17 12:00:00-04:00,30239.75,30243.25,30200.0,30204.0,8620
2026-08-17 12:15:00-04:00,30204.0,30218.0,30196.5,30207.25,6230
2026-08-17 12:30:00-04:00,30207.5,30212.75,30182.0,30183.5,6291
2026-08-17 12:45:00-04:00,30183.5,30192.75,30175.25,30183.5,6078
2026-08-17 13:00:00-04:00,30183.5,30187.25,30128.25,30129.5,10259
2026-08-17 13:15:00-04:00,30128.5,30143.75,30092.5,30096.75,16361
2026-08-17 13:30:00-04:00,30097.0,30128.0,30086.5,30123.0,12223
2026-08-17 13:45:00-04:00,30123.0,30127.25,30097.0,30102.25,6150
2026-08-17 14:00:00-04:00,30102.0,30114.0,30079.25,30100.25,9224
2026-08-17 14:15:00-04:00,30100.25,30113.75,30089.5,30103.0,7153
2026-08-17 14:30:00-04:00,30103.75,30120.0,30092.5,30117.25,5468
2026-08-17 14:45:00-04:00,30117.75,30136.5,30115.5,30122.25,5995
2026-08-17 15:00:00-04:00,30122.5,30124.75,30083.25,30084.75,6568
2026-08-17 15:15:00-04:00,30084.75,30114.0,30082.25,30093.5,8508
2026-08-17 15:30:00-04:00,30093.75,30111.75,30088.75,30102.25,7854
2026-08-17 15:45:00-04:00,30102.75,30123.0,30066.5,30091.5,19414
2026-08-17 16:00:00-04:00,30091.0,30098.0,30070.25,30078.25,7401
2026-08-17 16:15:00-04:00,30078.25,30082.25,30068.5,30078.5,1282
2026-08-17 16:30:00-04:00,30077.75,30080.0,30059.0,30064.75,1420
2026-08-17 16:45:00-04:00,30063.75,30079.75,30054.5,30078.25,1426
2026-08-17 18:00:00-04:00,30077.0,30091.75,30070.25,30073.5,1453
2026-08-17 18:15:00-04:00,30073.0,30084.75,30062.25,30076.0,1133
2026-08-17 18:30:00-04:00,30075.0,30076.75,30067.0,30070.75,513
2026-08-17 18:45:00-04:00,30071.75,30083.5,30070.75,30079.75,562
2026-08-17 19:00:00-04:00,30079.25,30087.25,30070.0,30081.25,639
2026-08-17 19:15:00-04:00,30082.0,30088.75,30071.75,30084.0,653
2026-08-17 19:30:00-04:00,30083.0,30103.0,30082.75,30096.75,969
2026-08-17 19:45:00-04:00,30095.75,30100.75,30080.5,30094.5,1378
2026-08-17 20:00:00-04:00,30094.25,30104.0,30083.75,30100.0,1481
2026-08-17 20:15:00-04:00,30101.0,30114.75,30091.5,30100.0,1458
2026-08-17 20:30:00-04:00,30101.0,30113.25,30097.75,30112.0,878
2026-08-17 20:45:00-04:00,30112.0,30121.25,30095.0,30098.0,1421
2026-08-17 21:00:00-04:00,30099.25,30110.0,30090.0,30109.25,1230
2026-08-17 21:15:00-04:00,30109.5,30109.75,30075.0,30087.5,1533
2026-08-17 21:30:00-04:00,30086.25,30090.5,30037.0,30049.75,2940
2026-08-17 21:45:00-04:00,30049.0,30055.5,29968.25,30011.5,6514
2026-08-17 22:00:00-04:00,30013.0,30022.0,29963.0,29966.25,3040
2026-08-17 22:15:00-04:00,29965.25,29971.0,29923.25,29931.0,4207
2026-08-17 22:30:00-04:00,29932.5,29959.75,29906.75,29909.5,3539
2026-08-17 22:45:00-04:00,29909.75,29920.75,29880.25,29908.25,4379
2026-08-17 23:00:00-04:00,29909.0,29915.5,29888.75,29895.0,1483
2026-08-17 23:15:00-04:00,29894.5,29897.25,29859.25,29879.25,2961
2026-08-17 23:30:00-04:00,29879.0,29897.5,29853.0,29895.5,2791
2026-08-17 23:45:00-04:00,29893.75,29909.75,29881.25,29893.75,2109
2026-08-18 00:00:00-04:00,29892.0,29898.5,29870.25,29897.75,1802
2026-08-18 00:15:00-04:00,29898.25,29920.25,29879.25,29911.0,2026
2026-08-18 00:30:00-04:00,29912.25,29921.0,29891.0,29900.5,1607
2026-08-18 00:45:00-04:00,29899.0,29927.25,29895.75,29918.0,1218
2026-08-18 01:00:00-04:00,29917.75,29918.5,29876.0,29879.25,2142
2026-08-18 01:15:00-04:00,29878.75,29888.0,29873.25,29876.0,907
2026-08-18 01:30:00-04:00,29876.5,29877.0,29862.25,29866.0,1405
2026-08-18 01:45:00-04:00,29865.25,29880.75,29835.25,29842.0,1893
2026-08-18 02:00:00-04:00,29841.5,29846.5,29786.0,29836.25,4627
2026-08-18 02:15:00-04:00,29835.0,29866.5,29820.5,29860.0,2163
2026-08-18 02:30:00-04:00,29859.5,29876.5,29852.75,29865.5,1145
2026-08-18 02:45:00-04:00,29866.25,29896.0,29862.75,29893.0,1219
2026-08-18 03:00:00-04:00,29892.0,29896.5,29861.25,29863.0,1753
2026-08-18 03:15:00-04:00,29862.75,29871.75,29845.5,29847.25,1180
2026-08-18 03:30:00-04:00,29848.0,29854.75,29822.0,29825.25,1689
2026-08-18 03:45:00-04:00,29825.25,29841.0,29808.0,29810.75,1565
2026-08-18 04:00:00-04:00,29811.0,29814.25,29736.5,29766.75,5757
2026-08-18 04:15:00-04:00,29767.75,29786.25,29735.75,29759.75,2297
2026-08-18 04:30:00-04:00,29759.5,29792.25,29748.25,29780.5,1692
2026-08-18 04:45:00-04:00,29782.0,29782.5,29742.5,29765.5,1791
2026-08-18 05:00:00-04:00,29765.0,29778.0,29743.75,29764.5,1935
2026-08-18 05:15:00-04:00,29764.25,29770.75,29723.5,29735.0,1874
2026-08-18 05:30:00-04:00,29736.5,29742.0,29698.25,29712.75,2581
2026-08-18 05:45:00-04:00,29711.75,29737.0,29687.25,29733.0,2795
2026-08-18 06:00:00-04:00,29732.25,29743.75,29715.75,29722.0,1582
2026-08-18 06:15:00-04:00,29722.25,29742.25,29703.75,29727.5,1516
2026-08-18 06:30:00-04:00,29726.75,29746.0,29720.5,29728.5,1382
2026-08-18 06:45:00-04:00,29727.75,29752.75,29721.0,29739.0,1069
2026-08-18 07:00:00-04:00,29739.0,29772.75,29730.25,29768.0,2616
2026-08-18 07:15:00-04:00,29767.25,29773.75,29753.25,29756.75,1430
2026-08-18 07:30:00-04:00,29758.0,29760.5,29727.0,29756.25,1979
2026-08-18 07:45:00-04:00,29756.0,29775.75,29745.5,29747.25,1633
2026-08-18 08:00:00-04:00,29748.5,29786.0,29726.25,29733.5,3064
2026-08-18 08:15:00-04:00,29734.0,29760.0,29711.5,29714.5,3606
2026-08-18 08:30:00-04:00,29714.25,29723.0,29685.25,29688.75,2867
2026-08-18 08:45:00-04:00,29688.25,29721.25,29680.5,29713.0,2987
2026-08-18 09:00:00-04:00,29713.0,29726.5,29691.0,29696.25,3653
2026-08-18 09:15:00-04:00,29695.75,29708.5,29678.0,29690.75,6400
2026-08-18 09:30:00-04:00,29690.25,29769.75,29631.25,29687.5,51072
2026-08-18 09:45:00-04:00,29687.25,29700.5,29604.75,29646.25,30210
2026-08-18 10:00:00-04:00,29647.5,29705.75,29568.5,29587.25,31206
2026-08-18 10:15:00-04:00,29587.0,29684.75,29578.0,29669.25,25851
2026-08-18 10:30:00-04:00,29668.75,29691.25,29612.5,29614.0,20211
2026-08-18 10:45:00-04:00,29614.0,29625.0,29536.25,29547.75,23701
2026-08-18 11:00:00-04:00,29547.5,29571.0,29514.0,29546.25,22730
2026-08-18 11:15:00-04:00,29546.75,29600.0,29532.0,29591.25,16182
2026-08-18 11:30:00-04:00,29591.0,29610.0,29566.5,29598.0,13716
2026-08-18 11:45:00-04:00,29598.75,29641.0,29598.25,29636.75,13615
2026-08-18 12:00:00-04:00,29637.0,29663.25,29625.0,29646.0,12617
2026-08-18 12:15:00-04:00,29647.0,29657.25,29609.5,29609.75,11032
2026-08-18 12:30:00-04:00,29609.75,29650.0,29603.25,29629.5,10763
2026-08-18 12:45:00-04:00,29629.75,29670.75,29618.5,29649.75,9167
2026-08-18 13:00:00-04:00,29649.75,29660.75,29618.5,29635.25,8659
2026-08-18 13:15:00-04:00,29635.5,29635.75,29593.0,29616.0,8058
2026-08-18 13:30:00-04:00,29615.25,29622.0,29591.5,29603.5,8095
2026-08-18 13:45:00-04:00,29604.0,29615.0,29565.0,29565.75,6925
2026-08-18 14:00:00-04:00,29566.0,29579.0,29547.25,29575.25,9399
2026-08-18 14:15:00-04:00,29574.75,29615.0,29571.25,29603.25,10302
2026-08-18 14:30:00-04:00,29603.5,29614.0,29584.25,29586.0,6773
2026-08-18 14:45:00-04:00,29586.5,29597.75,29565.25,29571.25,6642
2026-08-18 15:00:00-04:00,29571.0,29586.0,29564.5,29572.25,6426
2026-08-18 15:15:00-04:00,29572.25,29606.75,29564.75,29600.0,8457
2026-08-18 15:30:00-04:00,29600.0,29606.0,29582.75,29600.25,9006
2026-08-18 15:45:00-04:00,29600.25,29610.0,29559.25,29585.75,28987
2026-08-18 16:00:00-04:00,29585.5,29596.75,29566.0,29573.25,6811
2026-08-18 16:15:00-04:00,29573.5,29583.0,29561.5,29578.25,1776
2026-08-18 16:30:00-04:00,29578.5,29586.0,29574.5,29577.25,955
2026-08-18 16:45:00-04:00,29577.25,29578.5,29550.25,29559.5,2120
2026-08-18 18:00:00-04:00,29566.5,29582.5,29549.0,29574.75,1863
2026-08-18 18:15:00-04:00,29574.75,29593.5,29544.75,29546.75,1957
2026-08-18 18:30:00-04:00,29547.5,29552.75,29521.0,29531.75,2055
2026-08-18 18:45:00-04:00,29532.5,29536.75,29516.75,29519.5,1256
2026-08-18 19:00:00-04:00,29520.0,29547.75,29514.25,29533.25,1572
2026-08-18 19:15:00-04:00,29532.5,29567.25,29521.0,29546.0,1798
2026-08-18 19:30:00-04:00,29545.75,29549.75,29523.0,29536.75,1297
2026-08-18 19:45:00-04:00,29534.0,29552.75,29524.5,29528.5,1712
2026-08-18 20:00:00-04:00,29527.5,29529.25,29442.0,29460.25,6388
2026-08-18 20:15:00-04:00,29461.0,29530.75,29450.0,29530.75,3355
2026-08-18 20:30:00-04:00,29530.75,29575.75,29529.75,29569.5,2919
2026-08-18 20:45:00-04:00,29569.25,29586.0,29533.75,29539.25,3149
2026-08-18 21:00:00-04:00,29538.25,29598.25,29530.25,29586.5,4286
2026-08-18 21:15:00-04:00,29586.0,29609.5,29568.5,29602.0,3182
2026-08-18 21:30:00-04:00,29600.75,29604.5,29563.25,29577.75,2310
2026-08-18 21:45:00-04:00,29575.0,29584.25,29563.0,29577.75,1417
2026-08-18 22:00:00-04:00,29579.0,29583.25,29526.25,29533.25,2002
2026-08-18 22:15:00-04:00,29533.0,29563.25,29521.0,29542.0,2407
2026-08-18 22:30:00-04:00,29541.75,29545.0,29514.0,29523.0,1427
2026-08-18 22:45:00-04:00,29523.25,29544.0,29518.25,29532.0,1332
2026-08-18 23:00:00-04:00,29532.0,29555.0,29520.75,29532.25,1373
2026-08-18 23:15:00-04:00,29532.0,29551.5,29519.75,29535.25,1325
2026-08-18 23:30:00-04:00,29533.5,29567.0,29528.5,29531.75,1723
2026-08-18 23:45:00-04:00,29530.0,29546.0,29516.25,29526.0,1083
2026-08-19 00:00:00-04:00,29525.25,29527.25,29505.0,29516.25,1483
2026-08-19 00:15:00-04:00,29516.25,29543.5,29507.5,29533.75,1255
2026-08-19 00:30:00-04:00,29533.75,29540.5,29498.0,29498.75,1440
2026-08-19 00:45:00-04:00,29499.75,29507.25,29463.75,29506.0,2004
2026-08-19 01:00:00-04:00,29506.75,29535.0,29482.75,29487.5,1966
2026-08-19 01:15:00-04:00,29489.0,29510.0,29466.25,29509.25,1471
2026-08-19 01:30:00-04:00,29507.5,29512.25,29459.0,29472.75,1464
2026-08-19 01:45:00-04:00,29471.5,29477.0,29446.0,29457.5,1537
2026-08-19 02:00:00-04:00,29456.5,29466.0,29430.5,29436.0,2192
2026-08-19 02:15:00-04:00,29435.5,29504.75,29435.0,29482.0,2158
2026-08-19 02:30:00-04:00,29481.5,29494.5,29460.0,29490.25,1230
2026-08-19 02:45:00-04:00,29491.75,29561.5,29491.25,29559.75,3306
2026-08-19 03:00:00-04:00,29558.75,29563.5,29520.25,29559.0,2764
2026-08-19 03:15:00-04:00,29559.0,29578.25,29533.5,29578.25,1652
2026-08-19 03:30:00-04:00,29578.5,29589.25,29547.25,29571.0,2120
2026-08-19 03:45:00-04:00,29571.5,29606.5,29569.5,29601.25,2351
2026-08-19 04:00:00-04:00,29600.25,29640.75,29593.0,29624.75,3941
2026-08-19 04:15:00-04:00,29625.0,29639.0,29607.5,29622.5,2925
2026-08-19 04:30:00-04:00,29620.5,29632.0,29600.25,29626.25,1625
2026-08-19 04:45:00-04:00,29626.5,29633.25,29607.0,29609.5,1382
2026-08-19 05:00:00-04:00,29606.25,29630.0,29592.75,29593.5,1704
2026-08-19 05:15:00-04:00,29594.5,29598.25,29566.25,29571.0,1757
2026-08-19 05:30:00-04:00,29571.0,29587.0,29549.5,29552.0,1339
2026-08-19 05:45:00-04:00,29552.0,29563.0,29536.5,29553.75,1256
2026-08-19 06:00:00-04:00,29553.25,29557.75,29510.75,29540.75,2156
2026-08-19 06:15:00-04:00,29539.5,29541.25,29512.25,29536.0,1353
2026-08-19 06:30:00-04:00,29535.25,29557.75,29528.5,29555.0,1517
2026-08-19 06:45:00-04:00,29555.25,29558.75,29517.75,29521.0,1057
2026-08-19 07:00:00-04:00,29522.5,29578.0,29509.5,29545.75,2536
2026-08-19 07:15:00-04:00,29549.0,29560.25,29531.25,29538.5,1435
2026-08-19 07:30:00-04:00,29536.25,29540.25,29508.0,29515.0,1441
2026-08-19 07:45:00-04:00,29513.75,29537.5,29506.75,29536.0,1395
2026-08-19 08:00:00-04:00,29535.0,29558.5,29511.5,29553.0,2819
2026-08-19 08:15:00-04:00,29553.0,29583.0,29549.75,29573.25,3617
2026-08-19 08:30:00-04:00,29574.0,29685.0,29549.25,29683.25,12543
2026-08-19 08:45:00-04:00,29683.5,29757.25,29683.5,29742.75,12861
2026-08-19 09:00:00-04:00,29743.0,29743.0,29679.75,29723.75,8570
2026-08-19 09:15:00-04:00,29723.25,29748.25,29695.75,29696.0,7550
2026-08-19 09:30:00-04:00,29696.0,29742.75,29560.5,29609.75,50155
2026-08-19 09:45:00-04:00,29609.25,29635.5,29406.5,29496.5,47205
2026-08-19 10:00:00-04:00,29496.25,29514.25,29377.25,29382.5,31722
2026-08-19 10:15:00-04:00,29382.25,29485.0,29375.75,29482.5,30649
2026-08-19 10:30:00-04:00,29482.5,29575.0,29468.25,29564.0,22633
2026-08-19 10:45:00-04:00,29564.5,29624.5,29527.0,29623.25,18057
2026-08-19 11:00:00-04:00,29623.0,29629.75,29581.0,29617.25,14170
2026-08-19 11:15:00-04:00,29616.25,29631.25,29588.0,29613.5,11688
2026-08-19 11:30:00-04:00,29613.25,29616.5,29550.25,29596.75,11453
2026-08-19 11:45:00-04:00,29596.25,29616.25,29569.75,29606.25,10130
2026-08-19 12:00:00-04:00,29607.25,29653.75,29587.5,29637.0,10075
2026-08-19 12:15:00-04:00,29637.25,29667.25,29602.25,29609.0,9303
2026-08-19 12:30:00-04:00,29609.0,29621.5,29594.0,29610.25,6748
2026-08-19 12:45:00-04:00,29610.25,29611.25,29553.0,29559.5,7512
2026-08-19 13:00:00-04:00,29560.0,29573.25,29539.5,29548.0,8312
2026-08-19 13:15:00-04:00,29547.75,29556.5,29510.5,29539.5,8574
2026-08-19 13:30:00-04:00,29540.0,29544.25,29513.75,29537.0,6093
2026-08-19 13:45:00-04:00,29536.25,29561.0,29534.25,29544.25,5186
2026-08-19 14:00:00-04:00,29544.0,29592.5,29498.5,29520.0,13265
2026-08-19 14:15:00-04:00,29519.75,29540.5,29492.0,29538.75,7621
2026-08-19 14:30:00-04:00,29538.5,29578.75,29536.25,29560.0,8532
2026-08-19 14:45:00-04:00,29560.5,29561.25,29527.5,29535.0,5645
2026-08-19 15:00:00-04:00,29535.25,29559.5,29529.5,29547.25,5758
2026-08-19 15:15:00-04:00,29547.5,29579.75,29543.75,29555.75,6653
2026-08-19 15:30:00-04:00,29556.75,29590.0,29527.25,29530.75,8888
2026-08-19 15:45:00-04:00,29530.5,29532.75,29485.25,29522.0,25329
2026-08-19 16:00:00-04:00,29521.25,29542.75,29517.75,29518.25,7204
2026-08-19 16:15:00-04:00,29518.75,29529.0,29514.25,29525.25,1370
2026-08-19 16:30:00-04:00,29524.75,29532.0,29520.0,29529.25,1042
2026-08-19 16:45:00-04:00,29529.0,29562.5,29527.25,29561.0,1666
2026-08-19 18:00:00-04:00,29561.5,29639.0,29556.5,29627.25,2976
2026-08-19 18:15:00-04:00,29627.25,29632.25,29606.5,29621.5,1309
2026-08-19 18:30:00-04:00,29622.0,29638.0,29613.0,29630.0,869
2026-08-19 18:45:00-04:00,29631.25,29654.25,29628.5,29649.5,2172
2026-08-19 19:00:00-04:00,29650.75,29689.75,29632.75,29651.75,2530
2026-08-19 19:15:00-04:00,29651.0,29660.0,29641.75,29651.25,630
2026-08-19 19:30:00-04:00,29652.0,29666.75,29644.25,29659.75,689
2026-08-19 19:45:00-04:00,29658.75,29662.25,29626.0,29628.5,1610
2026-08-19 20:00:00-04:00,29629.0,29631.75,29581.5,29629.5,3201
2026-08-19 20:15:00-04:00,29630.0,29665.5,29625.0,29630.5,2481
2026-08-19 20:30:00-04:00,29630.75,29666.0,29617.0,29654.25,1655
2026-08-19 20:45:00-04:00,29655.0,29675.75,29642.25,29669.75,1394
2026-08-19 21:00:00-04:00,29670.5,29684.25,29640.5,29644.25,1877
2026-08-19 21:15:00-04:00,29645.25,29667.0,29624.75,29634.5,1952
2026-08-19 21:30:00-04:00,29633.75,29671.5,29623.75,29668.75,1491
2026-08-19 21:45:00-04:00,29668.75,29674.75,29630.0,29642.25,1641
2026-08-19 22:00:00-04:00,29641.75,29683.25,29640.0,29669.25,1411
2026-08-19 22:15:00-04:00,29668.25,29670.0,29612.75,29633.25,2041
2026-08-19 22:30:00-04:00,29631.25,29662.25,29610.0,29646.25,1387
2026-08-19 22:45:00-04:00,29645.5,29648.0,29611.25,29630.25,1099
2026-08-19 23:00:00-04:00,29632.0,29655.75,29606.0,29623.0,1380
2026-08-19 23:15:00-04:00,29624.25,29657.25,29621.25,29626.0,834
2026-08-19 23:30:00-04:00,29625.0,29628.75,29593.5,29618.75,1766
2026-08-19 23:45:00-04:00,29618.75,29631.25,29609.25,29620.25,907
2026-08-20 00:00:00-04:00,29617.75,29656.0,29610.0,29655.25,903
2026-08-20 00:15:00-04:00,29655.25,29656.0,29636.0,29639.25,589
2026-08-20 00:30:00-04:00,29640.25,29640.25,29608.5,29628.5,1039
2026-08-20 00:45:00-04:00,29627.75,29642.0,29612.25,29615.0,604
2026-08-20 01:00:00-04:00,29617.0,29623.75,29587.75,29597.0,907
2026-08-20 01:15:00-04:00,29597.75,29641.0,29594.5,29616.0,1365
2026-08-20 01:30:00-04:00,29617.25,29634.25,29604.75,29615.5,936
2026-08-20 01:45:00-04:00,29613.75,29618.0,29599.75,29605.5,711
2026-08-20 02:00:00-04:00,29607.0,29666.25,29602.25,29660.0,1703
2026-08-20 02:15:00-04:00,29659.25,29661.75,29639.0,29654.5,1154
2026-08-20 02:30:00-04:00,29653.5,29677.25,29647.0,29671.25,1220
2026-08-20 02:45:00-04:00,29673.0,29686.5,29666.25,29672.5,1281
2026-08-20 03:00:00-04:00,29672.75,29672.75,29632.5,29637.25,2106
2026-08-20 03:15:00-04:00,29638.0,29648.0,29604.75,29615.75,1616
2026-08-20 03:30:00-04:00,29615.5,29635.0,29595.0,29606.25,1681
2026-08-20 03:45:00-04:00,29606.25,29637.0,29592.75,29594.5,1137
2026-08-20 04:00:00-04:00,29595.75,29605.5,29520.0,29537.25,4075
2026-08-20 04:15:00-04:00,29538.0,29548.5,29496.0,29501.25,2554
2026-08-20 04:30:00-04:00,29502.0,29529.5,29464.0,29500.5,3308
2026-08-20 04:45:00-04:00,29499.0,29504.75,29452.75,29475.75,2599
2026-08-20 05:00:00-04:00,29477.25,29543.75,29468.0,29518.75,2296
2026-08-20 05:15:00-04:00,29523.0,29542.25,29512.5,29530.75,863
2026-08-20 05:30:00-04:00,29527.0,29536.5,29507.5,29536.0,936
2026-08-20 05:45:00-04:00,29535.25,29546.75,29512.75,29528.25,671
2026-08-20 06:00:00-04:00,29527.25,29564.0,29511.75,29556.5,1239
2026-08-20 06:15:00-04:00,29557.5,29559.25,29526.5,29537.75,1465
2026-08-20 06:30:00-04:00,29535.75,29547.75,29516.25,29524.25,1366
2026-08-20 06:45:00-04:00,29526.0,29567.0,29525.25,29566.0,969
2026-08-20 07:00:00-04:00,29566.0,29582.25,29464.0,29487.0,3799
2026-08-20 07:15:00-04:00,29488.5,29498.25,29422.0,29425.0,3522
2026-08-20 07:30:00-04:00,29424.5,29453.5,29418.0,29423.75,2968
2026-08-20 07:45:00-04:00,29423.25,29425.0,29348.75,29362.0,5809
2026-08-20 08:00:00-04:00,29361.25,29375.0,29262.5,29272.0,9397
2026-08-20 08:15:00-04:00,29272.25,29306.5,29264.0,29276.5,5142
2026-08-20 08:30:00-04:00,29278.0,29292.5,29240.0,29290.25,6547
2026-08-20 08:45:00-04:00,29289.25,29351.0,29283.75,29346.0,5224
2026-08-20 09:00:00-04:00,29346.75,29373.25,29332.75,29338.0,5415
2026-08-20 09:15:00-04:00,29338.25,29369.0,29324.0,29350.75,6015
2026-08-20 09:30:00-04:00,29351.0,29470.25,29338.75,29442.5,44768
2026-08-20 09:45:00-04:00,29443.0,29460.0,29308.75,29354.0,38528
2026-08-20 10:00:00-04:00,29354.0,29409.0,29316.5,29368.0,28131
2026-08-20 10:15:00-04:00,29369.0,29414.0,29305.0,29349.75,26629
2026-08-20 10:30:00-04:00,29350.75,29430.0,29329.0,29421.75,18745
2026-08-20 10:45:00-04:00,29421.5,29433.5,29349.0,29392.75,15359
2026-08-20 11:00:00-04:00,29392.5,29457.5,29324.5,29365.25,23479
2026-08-20 11:15:00-04:00,29364.5,29369.5,29301.0,29345.0,15098
2026-08-20 11:30:00-04:00,29344.0,29350.5,29276.5,29278.5,13797
2026-08-20 11:45:00-04:00,29278.75,29332.75,29269.25,29329.75,11567
2026-08-20 12:00:00-04:00,29329.75,29346.0,29302.75,29307.25,9947
2026-08-20 12:15:00-04:00,29307.0,29356.5,29305.0,29340.75,7815
2026-08-20 12:30:00-04:00,29340.25,29378.0,29310.0,29377.25,9049
2026-08-20 12:45:00-04:00,29377.0,29389.0,29356.25,29380.0,8803
2026-08-20 13:00:00-04:00,29380.0,29382.0,29334.75,29337.0,6631
2026-08-20 13:15:00-04:00,29337.0,29338.5,29292.5,29294.5,9861
2026-08-20 13:30:00-04:00,29294.25,29304.25,29282.75,29289.75,7082
2026-08-20 13:45:00-04:00,29290.0,29325.75,29287.25,29292.75,8325
2026-08-20 14:00:00-04:00,29292.5,29293.0,29215.0,29230.5,15023
2026-08-20 14:15:00-04:00,29230.25,29248.25,29202.75,29232.75,10817
2026-08-20 14:30:00-04:00,29233.0,29237.5,29212.0,29234.0,8615
2026-08-20 14:45:00-04:00,29234.5,29259.0,29227.0,29243.75,8188
2026-08-20 15:00:00-04:00,29243.75,29293.5,29242.25,29281.0,10232
2026-08-20 15:15:00-04:00,29280.5,29307.5,29267.75,29304.5,8577
2026-08-20 15:30:00-04:00,29304.25,29335.25,29290.25,29310.75,11706
2026-08-20 15:45:00-04:00,29310.75,29331.25,29286.5,29306.5,26076
2026-08-20 16:00:00-04:00,29306.5,29320.5,29277.0,29281.25,7472
2026-08-20 16:15:00-04:00,29281.5,29293.5,29262.5,29288.25,2188
2026-08-20 16:30:00-04:00,29287.75,29311.5,29285.25,29302.25,1437
2026-08-20 16:45:00-04:00,29302.0,29319.5,29296.25,29317.25,1338
2026-08-20 18:00:00-04:00,29327.0,29345.75,29274.25,29278.25,2244
2026-08-20 18:15:00-04:00,29277.5,29291.25,29277.0,29285.75,577
2026-08-20 18:30:00-04:00,29286.5,29309.0,29281.75,29300.75,1004
2026-08-20 18:45:00-04:00,29300.75,29325.5,29296.0,29323.0,962
2026-08-20 19:00:00-04:00,29321.5,29324.25,29313.25,29318.75,564
2026-08-20 19:15:00-04:00,29318.75,29328.5,29312.5,29315.5,573
2026-08-20 19:30:00-04:00,29316.5,29323.75,29295.5,29316.5,1257
2026-08-20 19:45:00-04:00,29317.0,29318.0,29286.75,29293.0,1488
2026-08-20 20:00:00-04:00,29292.5,29365.5,29289.75,29360.75,2986
2026-08-20 20:15:00-04:00,29360.5,29360.5,29315.0,29325.5,1843
2026-08-20 20:30:00-04:00,29326.75,29357.25,29311.75,29354.5,1647
2026-08-20 20:45:00-04:00,29353.0,29362.0,29319.5,29320.5,1316
2026-08-20 21:00:00-04:00,29320.5,29335.25,29291.75,29331.25,2265
2026-08-20 21:15:00-04:00,29330.0,29357.0,29313.25,29341.5,1683
2026-08-20 21:30:00-04:00,29340.5,29357.0,29320.25,29350.5,1471
2026-08-20 21:45:00-04:00,29350.25,29372.5,29333.5,29354.25,1412
2026-08-20 22:00:00-04:00,29353.75,29375.75,29343.25,29373.5,983
2026-08-20 22:15:00-04:00,29372.75,29395.0,29366.75,29390.0,1390
2026-08-20 22:30:00-04:00,29390.0,29396.25,29376.0,29380.5,1115
2026-08-20 22:45:00-04:00,29380.25,29399.25,29377.0,29384.0,884
2026-08-20 23:00:00-04:00,29384.0,29388.25,29355.0,29356.5,1172
2026-08-20 23:15:00-04:00,29356.0,29371.25,29349.0,29363.0,942
2026-08-20 23:30:00-04:00,29364.75,29376.75,29354.25,29357.25,796
2026-08-20 23:45:00-04:00,29356.0,29364.0,29342.75,29352.25,1016
2026-08-21 00:00:00-04:00,29353.75,29370.0,29349.0,29367.75,928
2026-08-21 00:15:00-04:00,29366.5,29371.75,29330.5,29330.5,1073
2026-08-21 00:30:00-04:00,29330.0,29338.75,29321.25,29334.75,853
2026-08-21 00:45:00-04:00,29334.5,29364.5,29333.25,29356.25,866
2026-08-21 01:00:00-04:00,29358.25,29371.0,29352.0,29367.0,686
2026-08-21 01:15:00-04:00,29366.25,29380.75,29351.5,29353.25,751
2026-08-21 01:30:00-04:00,29352.25,29377.5,29348.25,29360.75,779
2026-08-21 01:45:00-04:00,29360.5,29367.25,29340.25,29366.25,845
2026-08-21 02:00:00-04:00,29365.5,29375.75,29354.5,29374.0,999
2026-08-21 02:15:00-04:00,29374.25,29381.0,29366.75,29376.25,720
2026-08-21 02:30:00-04:00,29375.5,29401.5,29368.5,29372.75,1296
2026-08-21 02:45:00-04:00,29372.75,29391.5,29365.5,29386.5,1120
2026-08-21 03:00:00-04:00,29386.0,29429.0,29380.5,29429.0,1997
2026-08-21 03:15:00-04:00,29427.25,29458.75,29414.25,29427.5,2463
2026-08-21 03:30:00-04:00,29426.0,29453.5,29420.5,29424.0,2090
2026-08-21 03:45:00-04:00,29424.25,29446.75,29422.5,29446.0,1074
2026-08-21 04:00:00-04:00,29447.25,29464.25,29407.75,29417.5,2843
2026-08-21 04:15:00-04:00,29419.25,29424.5,29390.5,29421.5,1750
2026-08-21 04:30:00-04:00,29421.25,29456.75,29418.0,29454.75,2171
2026-08-21 04:45:00-04:00,29455.0,29467.5,29447.25,29453.0,1504
2026-08-21 05:00:00-04:00,29454.0,29455.0,29411.5,29438.0,2227
2026-08-21 05:15:00-04:00,29438.5,29444.75,29430.0,29435.5,1056
2026-08-21 05:30:00-04:00,29435.5,29482.75,29429.75,29474.75,2975
2026-08-21 05:45:00-04:00,29474.75,29495.0,29464.5,29485.0,1646
2026-08-21 06:00:00-04:00,29485.75,29518.5,29476.5,29485.0,3000
2026-08-21 06:15:00-04:00,29485.5,29491.0,29470.25,29490.0,1184
2026-08-21 06:30:00-04:00,29489.5,29495.0,29473.0,29477.0,725
2026-08-21 06:45:00-04:00,29478.5,29488.75,29471.25,29479.5,1121
2026-08-21 07:00:00-04:00,29480.0,29486.0,29452.75,29467.75,2126
2026-08-21 07:15:00-04:00,29468.25,29525.0,29466.5,29519.25,3045
2026-08-21 07:30:00-04:00,29518.5,29539.0,29500.0,29530.75,3743
2026-08-21 07:45:00-04:00,29530.75,29531.0,29498.5,29500.0,1557
2026-08-21 08:00:00-04:00,29499.5,29503.75,29479.75,29487.25,2395
2026-08-21 08:15:00-04:00,29487.5,29516.75,29477.75,29516.25,2139
2026-08-21 08:30:00-04:00,29515.5,29529.75,29508.25,29528.25,2701
2026-08-21 08:45:00-04:00,29529.0,29539.0,29503.5,29511.5,2988
2026-08-21 09:00:00-04:00,29511.75,29516.0,29467.0,29469.0,3776
2026-08-21 09:15:00-04:00,29469.5,29485.25,29418.0,29469.25,10519
2026-08-21 09:30:00-04:00,29469.0,29476.0,29312.25,29322.5,39546
2026-08-21 09:45:00-04:00,29320.25,29359.25,29255.75,29303.5,32898
2026-08-21 10:00:00-04:00,29303.25,29335.5,29246.25,29253.0,28652
2026-08-21 10:15:00-04:00,29253.5,29311.75,29220.0,29278.75,25599
2026-08-21 10:30:00-04:00,29280.25,29310.0,29258.0,29296.5,17994
2026-08-21 10:45:00-04:00,29296.25,29333.75,29288.5,29331.75,17173
2026-08-21 11:00:00-04:00,29332.0,29368.75,29326.75,29353.0,16443
2026-08-21 11:15:00-04:00,29352.5,29371.25,29331.5,29368.25,11297
2026-08-21 11:30:00-04:00,29367.75,29471.75,29364.0,29451.5,20470
2026-08-21 11:45:00-04:00,29452.25,29488.75,29425.5,29443.0,18269
2026-08-21 12:00:00-04:00,29443.5,29447.25,29390.0,29394.5,13085
2026-08-21 12:15:00-04:00,29393.75,29452.75,29388.75,29409.5,13275
2026-08-21 12:30:00-04:00,29410.0,29425.5,29393.5,29417.5,5929
2026-08-21 12:45:00-04:00,29417.0,29417.5,29380.75,29412.25,7189
2026-08-21 13:00:00-04:00,29412.0,29424.0,29398.75,29408.0,7352
2026-08-21 13:15:00-04:00,29408.0,29410.25,29376.25,29395.25,7618
2026-08-21 13:30:00-04:00,29396.0,29404.75,29382.75,29404.75,5305
2026-08-21 13:45:00-04:00,29404.75,29410.5,29381.5,29383.75,5243
2026-08-21 14:00:00-04:00,29383.25,29405.25,29372.25,29374.75,7441
2026-08-21 14:15:00-04:00,29374.25,29392.0,29362.75,29363.0,5674
2026-08-21 14:30:00-04:00,29363.0,29372.25,29353.75,29366.5,5164
2026-08-21 14:45:00-04:00,29366.5,29403.5,29363.5,29400.25,5573
2026-08-21 15:00:00-04:00,29400.0,29415.0,29384.25,29388.5,8105
2026-08-21 15:15:00-04:00,29388.25,29404.5,29380.25,29394.5,6736
2026-08-21 15:30:00-04:00,29393.5,29412.5,29393.5,29410.75,6813
2026-08-21 15:45:00-04:00,29410.75,29432.25,29375.25,29395.75,24993
2026-08-21 16:00:00-04:00,29396.25,29398.0,29370.25,29381.75,6750
2026-08-21 16:15:00-04:00,29382.0,29388.5,29367.75,29370.0,2207
2026-08-21 16:30:00-04:00,29370.5,29388.0,29370.0,29385.25,1461
2026-08-21 16:45:00-04:00,29384.75,29385.0,29372.0,29374.0,1863
2026-08-23 18:00:00-04:00,29392.25,29409.75,29300.25,29331.75,3248
2026-08-23 18:15:00-04:00,29330.25,29343.0,29313.0,29338.75,1263
2026-08-23 18:30:00-04:00,29337.75,29384.75,29335.0,29382.25,1488
2026-08-23 18:45:00-04:00,29381.25,29400.0,29380.75,29390.5,1049
2026-08-23 19:00:00-04:00,29390.5,29394.0,29384.0,29387.0,406
2026-08-23 19:15:00-04:00,29387.25,29429.5,29386.5,29429.0,1135
2026-08-23 19:30:00-04:00,29427.0,29448.0,29418.0,29420.0,1531
2026-08-23 19:45:00-04:00,29419.75,29480.5,29419.5,29467.75,2205
2026-08-23 20:00:00-04:00,29466.5,29472.5,29423.5,29437.25,3280
2026-08-23 20:15:00-04:00,29435.75,29437.75,29335.0,29356.5,5056
2026-08-23 20:30:00-04:00,29357.25,29377.5,29337.25,29354.75,2131
2026-08-23 20:45:00-04:00,29355.5,29428.25,29351.5,29427.25,2589
2026-08-23 21:00:00-04:00,29425.75,29443.5,29393.25,29435.0,2243
2026-08-23 21:15:00-04:00,29436.25,29449.0,29407.75,29410.25,1604
2026-08-23 21:30:00-04:00,29409.5,29410.75,29383.5,29394.25,1701
2026-08-23 21:45:00-04:00,29392.0,29404.75,29321.0,29323.25,2687
2026-08-23 22:00:00-04:00,29321.5,29357.5,29301.25,29353.25,3915
2026-08-23 22:15:00-04:00,29353.25,29373.25,29347.5,29363.0,1826
2026-08-23 22:30:00-04:00,29363.0,29373.25,29356.25,29370.25,1021
2026-08-23 22:45:00-04:00,29370.5,29377.25,29341.75,29370.5,2045
2026-08-23 23:00:00-04:00,29371.25,29372.5,29303.25,29304.5,1607
2026-08-23 23:15:00-04:00,29304.0,29314.0,29289.75,29295.5,2059
2026-08-23 23:30:00-04:00,29295.0,29305.0,29281.75,29284.5,1567
2026-08-23 23:45:00-04:00,29284.0,29305.0,29261.25,29272.25,1763
2026-08-24 00:00:00-04:00,29272.25,29299.0,29268.25,29299.0,1064
2026-08-24 00:15:00-04:00,29299.0,29300.75,29271.25,29292.0,1357
2026-08-24 00:30:00-04:00,29292.25,29299.5,29276.5,29299.25,949
2026-08-24 00:45:00-04:00,29299.25,29304.0,29263.0,29265.75,1056
2026-08-24 01:00:00-04:00,29265.5,29297.25,29261.25,29293.5,1269
2026-08-24 01:15:00-04:00,29293.25,29293.25,29247.0,29250.0,1276
2026-08-24 01:30:00-04:00,29248.0,29266.5,29207.5,29238.75,3046
2026-08-24 01:45:00-04:00,29238.0,29246.0,29188.0,29200.75,2950
2026-08-24 02:00:00-04:00,29200.25,29219.25,29142.5,29152.5,4200
2026-08-24 02:15:00-04:00,29152.5,29179.0,29120.5,29166.5,2773
2026-08-24 02:30:00-04:00,29164.75,29180.5,29144.0,29149.5,1443
2026-08-24 02:45:00-04:00,29151.0,29177.25,29142.0,29164.5,1255
2026-08-24 03:00:00-04:00,29164.5,29205.0,29146.5,29200.25,2056
2026-08-24 03:15:00-04:00,29200.5,29208.75,29178.5,29183.5,1364
2026-08-24 03:30:00-04:00,29182.25,29212.5,29161.25,29162.75,1621
2026-08-24 03:45:00-04:00,29163.25,29175.25,29130.75,29143.75,1807
2026-08-24 04:00:00-04:00,29146.25,29209.0,29116.75,29184.5,3287
2026-08-24 04:15:00-04:00,29183.5,29210.5,29171.75,29191.75,1642
2026-08-24 04:30:00-04:00,29191.5,29225.75,29179.75,29224.5,1377
2026-08-24 04:45:00-04:00,29224.25,29240.0,29213.5,29215.0,1167
2026-08-24 05:00:00-04:00,29215.75,29247.75,29201.0,29234.0,1566
2026-08-24 05:15:00-04:00,29233.0,29235.5,29208.25,29210.5,850
2026-08-24 05:30:00-04:00,29209.5,29242.25,29209.0,29236.5,1179
2026-08-24 05:45:00-04:00,29236.0,29249.75,29227.0,29231.5,898
2026-08-24 06:00:00-04:00,29231.75,29247.0,29214.75,29214.75,1200
2026-08-24 06:15:00-04:00,29216.0,29236.0,29204.25,29209.25,1208
2026-08-24 06:30:00-04:00,29208.5,29240.0,29197.25,29210.0,1385
2026-08-24 06:45:00-04:00,29208.25,29210.0,29179.5,29184.75,1023
2026-08-24 07:00:00-04:00,29185.25,29192.5,29145.75,29167.75,2509
2026-08-24 07:15:00-04:00,29167.75,29203.0,29164.5,29183.0,1546
2026-08-24 07:30:00-04:00,29183.5,29283.0,29183.0,29260.0,4615
2026-08-24 07:45:00-04:00,29260.25,29260.5,29231.0,29245.5,2396
2026-08-24 08:00:00-04:00,29245.5,29245.75,29207.5,29211.5,2043
2026-08-24 08:15:00-04:00,29212.25,29231.25,29203.5,29230.0,1689
2026-08-24 08:30:00-04:00,29229.5,29240.75,29171.5,29203.5,4397
2026-08-24 08:45:00-04:00,29206.0,29232.75,29199.75,29206.0,1515
2026-08-24 09:00:00-04:00,29205.75,29220.25,29196.75,29208.25,2234
2026-08-24 09:15:00-04:00,29208.75,29236.75,29195.75,29235.0,4909
2026-08-24 09:30:00-04:00,29235.5,29243.0,28975.5,28978.75,51680
2026-08-24 09:45:00-04:00,28978.5,29038.0,28946.75,29021.75,34173
2026-08-24 10:00:00-04:00,29022.25,29036.75,28953.5,28993.25,24319
2026-08-24 10:15:00-04:00,28993.0,29033.25,28967.5,29012.25,18891
2026-08-24 10:30:00-04:00,29011.75,29110.75,29001.5,29085.5,21084
2026-08-24 10:45:00-04:00,29086.0,29110.25,29077.5,29082.75,14212
2026-08-24 11:00:00-04:00,29083.25,29096.75,29042.25,29048.5,13772
2026-08-24 11:15:00-04:00,29049.25,29137.0,29038.75,29121.25,15633
2026-08-24 11:30:00-04:00,29122.0,29182.0,29111.5,29175.75,18419
2026-08-24 11:45:00-04:00,29176.25,29205.5,29150.0,29168.75,14283
2026-08-24 12:00:00-04:00,29169.0,29189.25,29156.75,29180.75,11083
2026-08-24 12:15:00-04:00,29181.0,29224.75,29178.75,29203.75,10116
2026-08-24 12:30:00-04:00,29204.25,29212.25,29174.0,29185.25,7621
2026-08-24 12:45:00-04:00,29185.0,29192.75,29170.5,29171.0,6163
2026-08-24 13:00:00-04:00,29171.25,29210.5,29154.75,29194.25,10550
2026-08-24 13:15:00-04:00,29194.0,29195.25,29132.0,29140.0,10191
2026-08-24 13:30:00-04:00,29139.5,29142.5,29118.75,29119.25,7863
2026-08-24 13:45:00-04:00,29119.0,29143.0,29116.5,29123.0,7277
2026-08-24 14:00:00-04:00,29123.75,29188.75,29123.0,29187.0,9125
2026-08-24 14:15:00-04:00,29187.25,29224.0,29172.75,29218.25,10266
2026-08-24 14:30:00-04:00,29218.0,29233.25,29180.25,29190.0,10153
2026-08-24 14:45:00-04:00,29190.25,29193.5,29153.0,29154.0,6523
2026-08-24 15:00:00-04:00,29153.75,29162.25,29143.0,29155.25,6702
2026-08-24 15:15:00-04:00,29154.75,29167.0,29142.75,29158.75,6635
2026-08-24 15:30:00-04:00,29158.0,29173.0,29125.25,29131.0,9123
2026-08-24 15:45:00-04:00,29131.0,29142.0,29095.5,29099.5,26124
2026-08-24 16:00:00-04:00,29099.25,29124.75,29097.25,29109.25,6583
2026-08-24 16:15:00-04:00,29109.5,29113.0,29080.75,29084.0,2580
2026-08-24 16:30:00-04:00,29083.75,29101.75,29083.5,29100.25,1187
2026-08-24 16:45:00-04:00,29100.5,29136.5,29089.25,29131.25,2153
2026-08-24 18:00:00-04:00,29140.5,29152.75,29120.0,29123.75,1731
2026-08-24 18:15:00-04:00,29124.5,29130.0,29120.0,29126.75,581
2026-08-24 18:30:00-04:00,29123.75,29130.0,29113.5,29117.75,651
2026-08-24 18:45:00-04:00,29119.0,29121.5,29111.5,29121.0,534
2026-08-24 19:00:00-04:00,29121.0,29125.5,29116.5,29124.0,308
2026-08-24 19:15:00-04:00,29124.75,29128.25,29105.75,29106.75,937
2026-08-24 19:30:00-04:00,29107.25,29116.0,29072.0,29084.25,2521
2026-08-24 19:45:00-04:00,29086.25,29100.0,29081.5,29096.25,1107
2026-08-24 20:00:00-04:00,29095.75,29102.25,29038.25,29042.0,3126
2026-08-24 20:15:00-04:00,29041.5,29084.25,29017.0,29079.5,4160
2026-08-24 20:30:00-04:00,29079.25,29131.25,29070.75,29124.5,2561
2026-08-24 20:45:00-04:00,29123.75,29146.0,29106.0,29126.5,1922
2026-08-24 21:00:00-04:00,29128.0,29143.25,29114.0,29130.0,1731
2026-08-24 21:15:00-04:00,29129.5,29136.75,29095.5,29115.0,1756
2026-08-24 21:30:00-04:00,29114.25,29155.5,29108.5,29134.0,2727
2026-08-24 21:45:00-04:00,29135.5,29152.25,29125.5,29128.25,1141
2026-08-24 22:00:00-04:00,29127.0,29145.5,29104.0,29117.0,1825
2026-08-24 22:15:00-04:00,29117.0,29149.0,29104.0,29146.0,1818
2026-08-24 22:30:00-04:00,29145.25,29168.25,29134.25,29138.75,1858
2026-08-24 22:45:00-04:00,29137.0,29138.0,29093.5,29101.75,1559
2026-08-24 23:00:00-04:00,29102.5,29166.5,29100.25,29151.25,2272
2026-08-24 23:15:00-04:00,29151.5,29176.25,29151.0,29175.0,1600
2026-08-24 23:30:00-04:00,29174.5,29190.0,29163.5,29167.75,1660
2026-08-24 23:45:00-04:00,29168.25,29168.25,29151.75,29164.75,975
2026-08-25 00:00:00-04:00,29164.75,29199.0,29159.25,29196.25,1396
2026-08-25 00:15:00-04:00,29196.75,29207.25,29188.0,29201.0,1015
2026-08-25 00:30:00-04:00,29201.75,29217.25,29190.75,29211.5,1047
2026-08-25 00:45:00-04:00,29211.25,29216.5,29185.0,29198.75,1039
2026-08-25 01:00:00-04:00,29200.25,29225.0,29190.0,29204.75,1554
2026-08-25 01:15:00-04:00,29206.0,29227.0,29206.0,29220.25,1195
2026-08-25 01:30:00-04:00,29219.25,29234.75,29201.25,29204.25,1805
2026-08-25 01:45:00-04:00,29204.25,29241.0,29201.0,29232.0,1902
2026-08-25 02:00:00-04:00,29231.75,29263.5,29230.0,29248.0,2214
2026-08-25 02:15:00-04:00,29248.25,29288.5,29242.5,29266.25,2006
2026-08-25 02:30:00-04:00,29265.25,29267.5,29243.5,29263.25,1099
2026-08-25 02:45:00-04:00,29262.75,29263.25,29236.25,29263.25,1304
2026-08-25 03:00:00-04:00,29263.5,29290.75,29250.0,29252.75,1816
2026-08-25 03:15:00-04:00,29252.75,29263.5,29226.5,29248.25,1942
2026-08-25 03:30:00-04:00,29246.25,29261.5,29232.0,29255.75,1487
2026-08-25 03:45:00-04:00,29258.0,29259.0,29226.25,29231.75,815
2026-08-25 04:00:00-04:00,29233.5,29254.75,29212.25,29216.75,1935
2026-08-25 04:15:00-04:00,29218.5,29326.0,29218.5,29276.5,3773
2026-08-25 04:30:00-04:00,29278.25,29298.25,29257.0,29282.0,1448
2026-08-25 04:45:00-04:00,29282.25,29306.25,29282.0,29301.75,1430
2026-08-25 05:00:00-04:00,29302.0,29337.0,29286.0,29323.0,2139
2026-08-25 05:15:00-04:00,29324.25,29334.75,29305.75,29318.0,1309
2026-08-25 05:30:00-04:00,29317.0,29374.0,29315.0,29361.25,3235
2026-08-25 05:45:00-04:00,29360.5,29425.75,29356.0,29392.5,3696
2026-08-25 06:00:00-04:00,29389.25,29410.25,29370.0,29389.75,2048
2026-08-25 06:15:00-04:00,29391.25,29392.75,29367.25,29370.0,1370
2026-08-25 06:30:00-04:00,29370.75,29379.75,29346.5,29347.5,1525
2026-08-25 06:45:00-04:00,29347.0,29369.5,29346.25,29358.5,1272
2026-08-25 07:00:00-04:00,29358.0,29362.25,29304.0,29340.25,2510
2026-08-25 07:15:00-04:00,29340.25,29355.0,29320.0,29340.5,2060
2026-08-25 07:30:00-04:00,29340.75,29362.25,29339.5,29358.25,1727
2026-08-25 07:45:00-04:00,29357.25,29390.5,29355.25,29373.0,1988
2026-08-25 08:00:00-04:00,29372.75,29382.75,29355.25,29380.75,1974
2026-08-25 08:15:00-04:00,29380.5,29409.5,29363.75,29374.25,3485
2026-08-25 08:30:00-04:00,29373.25,29373.25,29312.5,29328.0,3777
2026-08-25 08:45:00-04:00,29328.0,29347.0,29320.0,29334.0,2383
2026-08-25 09:00:00-04:00,29334.0,29344.75,29311.5,29329.25,4516
2026-08-25 09:15:00-04:00,29327.25,29342.0,29294.5,29296.25,5333
2026-08-25 09:30:00-04:00,29297.0,29376.25,29279.25,29349.75,43421
2026-08-25 09:45:00-04:00,29348.75,29414.75,29289.25,29312.75,33571
2026-08-25 10:00:00-04:00,29313.25,29315.0,29239.75,29246.0,26283
2026-08-25 10:15:00-04:00,29245.0,29269.5,29209.25,29215.25,22017
2026-08-25 10:30:00-04:00,29214.75,29268.75,29138.0,29219.25,26980
2026-08-25 10:45:00-04:00,29218.25,29260.25,29206.0,29232.5,13901
2026-08-25 11:00:00-04:00,29233.0,29235.75,29197.0,29223.0,11174
2026-08-25 11:15:00-04:00,29223.75,29282.0,29219.0,29276.75,11779
2026-08-25 11:30:00-04:00,29277.25,29309.75,29255.25,29267.25,13882
2026-08-25 11:45:00-04:00,29266.75,29274.25,29222.75,29262.0,11148
2026-08-25 12:00:00-04:00,29263.25,29289.5,29260.75,29277.75,7927
2026-08-25 12:15:00-04:00,29278.0,29298.5,29274.5,29293.75,7484
2026-08-25 12:30:00-04:00,29294.75,29299.75,29259.0,29265.25,7623
2026-08-25 12:45:00-04:00,29265.75,29283.25,29252.75,29274.75,8614
2026-08-25 13:00:00-04:00,29275.5,29279.0,29224.0,29243.0,9091
2026-08-25 13:15:00-04:00,29242.5,29258.5,29214.5,29224.5,8350
2026-08-25 13:30:00-04:00,29224.75,29234.5,29216.0,29222.25,5506
2026-08-25 13:45:00-04:00,29222.5,29232.25,29216.75,29227.25,4473
2026-08-25 14:00:00-04:00,29226.75,29227.5,29202.0,29206.0,7468
2026-08-25 14:15:00-04:00,29205.75,29227.5,29202.5,29219.75,5650
2026-08-25 14:30:00-04:00,29219.75,29259.25,29219.0,29257.75,7769
2026-08-25 14:45:00-04:00,29257.75,29275.0,29253.0,29255.5,8436
2026-08-25 15:00:00-04:00,29256.0,29266.5,29230.25,29234.75,6934
2026-08-25 15:15:00-04:00,29234.25,29238.75,29212.75,29226.0,6717
2026-08-25 15:30:00-04:00,29225.75,29257.75,29211.5,29239.0,8232
2026-08-25 15:45:00-04:00,29238.25,29289.5,29229.5,29270.25,21924
2026-08-25 16:00:00-04:00,29270.5,29294.75,29262.0,29288.75,8036
2026-08-25 16:15:00-04:00,29288.5,29313.5,29283.25,29302.5,3206
2026-08-25 16:30:00-04:00,29302.0,29308.75,29281.5,29282.25,1521
2026-08-25 16:45:00-04:00,29282.25,29287.75,29268.75,29287.5,1892
2026-08-25 18:00:00-04:00,29288.0,29309.75,29286.5,29293.25,1495
2026-08-25 18:15:00-04:00,29293.5,29294.25,29280.0,29291.25,773
2026-08-25 18:30:00-04:00,29291.5,29293.0,29280.75,29288.25,465
2026-08-25 18:45:00-04:00,29287.25,29288.0,29280.75,29284.5,293
2026-08-25 19:00:00-04:00,29284.25,29288.5,29273.75,29275.75,601
2026-08-25 19:15:00-04:00,29276.25,29278.75,29245.25,29246.0,1256
2026-08-25 19:30:00-04:00,29246.0,29248.5,29228.0,29234.75,1247
2026-08-25 19:45:00-04:00,29233.0,29235.0,29207.0,29211.5,1920
2026-08-25 20:00:00-04:00,29210.25,29227.75,29185.0,29208.5,3665
2026-08-25 20:15:00-04:00,29209.5,29238.5,29165.25,29184.25,2911
2026-08-25 20:30:00-04:00,29183.75,29188.0,29138.0,29151.25,3584
2026-08-25 20:45:00-04:00,29150.75,29160.0,29110.5,29112.25,2688
2026-08-25 21:00:00-04:00,29113.0,29147.0,29106.75,29123.75,3005
2026-08-25 21:15:00-04:00,29123.5,29134.0,29099.0,29109.75,2110
2026-08-25 21:30:00-04:00,29110.5,29129.0,29096.0,29116.25,2390
2026-08-25 21:45:00-04:00,29117.5,29135.0,29104.75,29133.5,1447
2026-08-25 22:00:00-04:00,29133.5,29144.5,29119.25,29143.25,1691
2026-08-25 22:15:00-04:00,29143.0,29174.75,29140.5,29172.25,2113
2026-08-25 22:30:00-04:00,29172.75,29217.75,29171.0,29217.0,2605
2026-08-25 22:45:00-04:00,29217.25,29229.75,29211.25,29220.25,1719
2026-08-25 23:00:00-04:00,29221.5,29235.75,29212.0,29231.5,1302
2026-08-25 23:15:00-04:00,29231.0,29232.0,29213.25,29214.75,807
2026-08-25 23:30:00-04:00,29215.5,29244.0,29205.0,29237.0,1854
2026-08-25 23:45:00-04:00,29237.5,29275.25,29235.75,29264.25,2366
2026-08-26 00:00:00-04:00,29265.25,29279.75,29260.0,29273.0,1347
2026-08-26 00:15:00-04:00,29273.25,29283.25,29262.0,29272.25,1200
2026-08-26 00:30:00-04:00,29272.0,29275.25,29247.75,29250.75,1231
2026-08-26 00:45:00-04:00,29251.0,29251.75,29217.25,29226.75,1600
2026-08-26 01:00:00-04:00,29227.75,29259.75,29226.5,29239.25,1600
2026-08-26 01:15:00-04:00,29238.5,29248.75,29229.0,29245.0,888
2026-08-26 01:30:00-04:00,29246.0,29262.75,29241.25,29248.25,718
2026-08-26 01:45:00-04:00,29247.25,29247.75,29226.0,29243.0,918
2026-08-26 02:00:00-04:00,29242.25,29248.75,29212.0,29217.0,1355
2026-08-26 02:15:00-04:00,29215.0,29226.5,29203.5,29218.75,1157
2026-08-26 02:30:00-04:00,29218.25,29256.75,29209.75,29255.25,1162
2026-08-26 02:45:00-04:00,29255.75,29277.25,29232.25,29252.75,1671
2026-08-26 03:00:00-04:00,29252.25,29257.75,29201.25,29236.75,2176
2026-08-26 03:15:00-04:00,29237.0,29244.5,29192.25,29199.0,1786
2026-08-26 03:30:00-04:00,29201.25,29211.0,29185.75,29199.25,1225
2026-08-26 03:45:00-04:00,29199.5,29219.25,29187.25,29212.25,1023
2026-08-26 04:00:00-04:00,29213.0,29245.25,29198.25,29205.75,2074
2026-08-26 04:15:00-04:00,29205.5,29235.5,29185.0,29235.5,1682
2026-08-26 04:30:00-04:00,29234.75,29251.0,29211.75,29242.5,1020
2026-08-26 04:45:00-04:00,29241.0,29241.25,29209.75,29228.0,672
2026-08-26 05:00:00-04:00,29227.75,29234.75,29213.5,29218.75,593
2026-08-26 05:15:00-04:00,29218.25,29221.5,29191.25,29198.0,1117
2026-08-26 05:30:00-04:00,29200.0,29219.25,29198.5,29214.75,657
2026-08-26 05:45:00-04:00,29214.0,29236.5,29213.75,29234.5,758
2026-08-26 06:00:00-04:00,29234.25,29235.0,29196.0,29198.0,856
2026-08-26 06:15:00-04:00,29197.25,29217.0,29196.25,29200.75,903
2026-08-26 06:30:00-04:00,29200.0,29242.25,29188.75,29228.5,1400
2026-08-26 06:45:00-04:00,29228.5,29240.25,29224.0,29237.5,897
2026-08-26 07:00:00-04:00,29237.5,29264.5,29235.0,29254.0,1532
2026-08-26 07:15:00-04:00,29253.0,29278.75,29234.75,29253.0,1972
2026-08-26 07:30:00-04:00,29252.25,29261.75,29193.0,29209.5,2291
2026-08-26 07:45:00-04:00,29210.25,29227.5,29186.0,29219.5,2304
2026-08-26 08:00:00-04:00,29220.75,29223.5,29200.0,29215.75,1913
2026-08-26 08:15:00-04:00,29215.5,29259.5,29190.0,29257.25,3008
2026-08-26 08:30:00-04:00,29256.75,29263.25,29149.75,29164.75,8647
2026-08-26 08:45:00-04:00,29165.0,29181.5,29133.25,29152.0,7230
2026-08-26 09:00:00-04:00,29151.75,29173.0,29133.5,29171.75,4663
2026-08-26 09:15:00-04:00,29172.25,29175.0,29153.5,29173.75,4646
2026-08-26 09:30:00-04:00,29174.5,29313.25,29174.25,29291.0,43631
2026-08-26 09:45:00-04:00,29290.75,29332.75,29252.5,29331.25,23716
2026-08-26 10:00:00-04:00,29331.5,29332.5,29235.5,29246.0,16665
2026-08-26 10:15:00-04:00,29246.25,29262.75,29156.75,29178.25,19785
2026-08-26 10:30:00-04:00,29178.25,29238.5,29176.0,29221.0,14374
2026-08-26 10:45:00-04:00,29221.5,29268.0,29206.25,29252.25,11744
2026-08-26 11:00:00-04:00,29251.75,29283.0,29246.0,29257.5,10179
2026-08-26 11:15:00-04:00,29257.25,29267.0,29222.5,29256.5,10166
2026-08-26 11:30:00-04:00,29256.75,29289.75,29220.75,29283.0,10393
2026-08-26 11:45:00-04:00,29282.25,29291.5,29215.5,29217.75,12073
2026-08-26 12:00:00-04:00,29217.75,29224.25,29189.0,29200.0,9989
2026-08-26 12:15:00-04:00,29201.25,29215.75,29192.5,29207.0,5227
2026-08-26 12:30:00-04:00,29207.25,29220.0,29170.0,29174.5,6977
2026-08-26 12:45:00-04:00,29174.75,29224.75,29171.75,29216.75,8432
2026-08-26 13:00:00-04:00,29216.0,29242.25,29210.5,29238.0,6405
2026-08-26 13:15:00-04:00,29238.25,29270.75,29238.0,29267.25,8106
2026-08-26 13:30:00-04:00,29268.0,29291.75,29262.75,29281.5,7696
2026-08-26 13:45:00-04:00,29281.5,29293.75,29267.5,29284.25,6727
2026-08-26 14:00:00-04:00,29284.5,29296.0,29266.0,29270.0,5867
2026-08-26 14:15:00-04:00,29270.75,29292.25,29264.75,29280.0,5853
2026-08-26 14:30:00-04:00,29279.75,29303.5,29275.75,29295.0,5710
2026-08-26 14:45:00-04:00,29295.0,29329.75,29294.75,29321.75,9149
2026-08-26 15:00:00-04:00,29321.25,29368.25,29317.75,29340.5,11350
2026-08-26 15:15:00-04:00,29340.5,29357.25,29332.25,29338.0,7135
2026-08-26 15:30:00-04:00,29338.0,29345.5,29307.5,29309.25,8942
2026-08-26 15:45:00-04:00,29309.5,29341.5,29280.25,29296.75,22960
2026-08-26 16:00:00-04:00,29297.75,29375.0,29283.25,29362.25,8685
2026-08-26 16:15:00-04:00,29360.75,29383.75,29291.0,29342.25,10525
2026-08-26 16:30:00-04:00,29342.0,29356.0,29317.0,29340.0,3279
2026-08-26 16:45:00-04:00,29339.0,29437.75,29336.75,29432.5,3888
2026-08-26 18:00:00-04:00,29499.5,29582.25,29499.25,29566.0,6246
2026-08-26 18:15:00-04:00,29565.5,29602.0,29554.25,29583.75,2932
2026-08-26 18:30:00-04:00,29583.5,29618.0,29581.0,29617.25,2462
2026-08-26 18:45:00-04:00,29615.75,29628.5,29599.25,29606.5,1807
2026-08-26 19:00:00-04:00,29605.0,29615.5,29591.0,29592.25,1641
2026-08-26 19:15:00-04:00,29593.25,29612.5,29585.0,29602.5,1363
2026-08-26 19:30:00-04:00,29602.75,29611.75,29594.5,29606.5,519
2026-08-26 19:45:00-04:00,29606.25,29653.0,29605.0,29646.5,2311
2026-08-26 20:00:00-04:00,29648.25,29654.75,29578.0,29590.0,3589
2026-08-26 20:15:00-04:00,29590.0,29590.5,29558.0,29581.0,2668
2026-08-26 20:30:00-04:00,29580.5,29581.25,29476.25,29478.0,4994
2026-08-26 20:45:00-04:00,29478.0,29479.5,29438.25,29445.75,4566
2026-08-26 21:00:00-04:00,29443.75,29490.0,29432.5,29452.75,4236
2026-08-26 21:15:00-04:00,29452.0,29509.25,29447.75,29503.25,2351
2026-08-26 21:30:00-04:00,29503.0,29535.0,29491.75,29492.75,2813
2026-08-26 21:45:00-04:00,29493.75,29554.25,29493.75,29529.75,2409
2026-08-26 22:00:00-04:00,29531.75,29544.25,29516.75,29539.75,1812
2026-08-26 22:15:00-04:00,29540.75,29543.25,29525.75,29539.0,728
2026-08-26 22:30:00-04:00,29538.75,29555.0,29530.5,29541.25,1317
2026-08-26 22:45:00-04:00,29541.75,29560.5,29536.75,29548.75,1269
2026-08-26 23:00:00-04:00,29550.5,29563.0,29530.0,29540.25,1402
2026-08-26 23:15:00-04:00,29541.0,29575.75,29540.75,29564.25,1193
2026-08-26 23:30:00-04:00,29566.0,29572.25,29541.75,29541.75,949
2026-08-26 23:45:00-04:00,29543.5,29552.5,29526.5,29538.75,1127
2026-08-27 00:00:00-04:00,29538.0,29547.25,29528.25,29534.0,493
2026-08-27 00:15:00-04:00,29534.75,29551.75,29528.5,29528.5,787
2026-08-27 00:30:00-04:00,29528.5,29530.25,29498.25,29504.25,1240
2026-08-27 00:45:00-04:00,29503.5,29520.75,29493.0,29497.25,1253
2026-08-27 01:00:00-04:00,29501.5,29504.25,29472.75,29484.5,1804
2026-08-27 01:15:00-04:00,29482.25,29482.25,29448.0,29468.0,1996
2026-08-27 01:30:00-04:00,29466.25,29472.75,29438.5,29442.5,1795
2026-08-27 01:45:00-04:00,29441.5,29465.0,29428.5,29438.75,1818
2026-08-27 02:00:00-04:00,29437.5,29437.5,29401.75,29432.5,3235
2026-08-27 02:15:00-04:00,29433.0,29451.0,29432.0,29450.75,1662
2026-08-27 02:30:00-04:00,29451.5,29490.5,29449.0,29489.25,1677
2026-08-27 02:45:00-04:00,29489.0,29500.0,29478.0,29499.5,1533
2026-08-27 03:00:00-04:00,29498.75,29538.5,29477.25,29536.0,2999
2026-08-27 03:15:00-04:00,29537.0,29548.75,29524.0,29548.25,2029
2026-08-27 03:30:00-04:00,29547.75,29549.75,29499.0,29504.0,2370
2026-08-27 03:45:00-04:00,29504.75,29548.25,29500.75,29539.5,1419
2026-08-27 04:00:00-04:00,29538.75,29624.0,29537.0,29622.0,3636
2026-08-27 04:15:00-04:00,29622.5,29659.75,29596.75,29656.5,3622
2026-08-27 04:30:00-04:00,29656.75,29658.0,29610.25,29629.5,2758
2026-08-27 04:45:00-04:00,29632.5,29662.0,29622.0,29623.75,2622
2026-08-27 05:00:00-04:00,29624.75,29634.25,29581.25,29584.0,3173
2026-08-27 05:15:00-04:00,29584.25,29615.0,29568.0,29598.0,2095
2026-08-27 05:30:00-04:00,29597.75,29625.5,29596.75,29615.0,2498
2026-08-27 05:45:00-04:00,29614.5,29634.5,29599.5,29602.0,2089
2026-08-27 06:00:00-04:00,29602.25,29606.25,29582.25,29598.75,1262
2026-08-27 06:15:00-04:00,29598.75,29603.75,29577.0,29579.75,1063
2026-08-27 06:30:00-04:00,29580.75,29602.75,29570.0,29600.0,1368
2026-08-27 06:45:00-04:00,29599.75,29602.25,29568.25,29597.5,1243
2026-08-27 07:00:00-04:00,29599.0,29630.0,29577.0,29616.25,2329
2026-08-27 07:15:00-04:00,29616.25,29621.25,29569.5,29569.5,1868
2026-08-27 07:30:00-04:00,29570.25,29588.0,29546.25,29565.5,2684
2026-08-27 07:45:00-04:00,29563.5,29563.5,29514.75,29558.5,2426
2026-08-27 08:00:00-04:00,29557.75,29589.0,29551.0,29584.0,2724
2026-08-27 08:15:00-04:00,29584.25,29590.5,29565.75,29579.25,1930
2026-08-27 08:30:00-04:00,29579.0,29581.25,29534.5,29537.5,3262
2026-08-27 08:45:00-04:00,29536.25,29541.0,29515.5,29522.5,3241
2026-08-27 09:00:00-04:00,29522.0,29561.75,29518.5,29555.75,3443
2026-08-27 09:15:00-04:00,29554.5,29570.25,29523.25,29524.5,6577
2026-08-27 09:30:00-04:00,29524.25,29588.75,29443.0,29575.0,52471
2026-08-27 09:45:00-04:00,29576.0,29605.0,29423.75,29483.0,44309
2026-08-27 10:00:00-04:00,29484.0,29588.5,29478.5,29559.0,26511
2026-08-27 10:15:00-04:00,29558.0,29623.5,29558.0,29606.75,19015
2026-08-27 10:30:00-04:00,29606.5,29610.25,29538.0,29557.25,17684
2026-08-27 10:45:00-04:00,29556.5,29605.25,29532.0,29601.5,16719
2026-08-27 11:00:00-04:00,29601.75,29628.0,29588.25,29625.5,11669
2026-08-27 11:15:00-04:00,29625.75,29635.0,29573.0,29578.5,10749
2026-08-27 11:30:00-04:00,29578.25,29597.25,29528.5,29534.5,14030
2026-08-27 11:45:00-04:00,29534.75,29610.0,29511.5,29598.0,16787
2026-08-27 12:00:00-04:00,29597.25,29623.75,29581.75,29590.5,9745
2026-08-27 12:15:00-04:00,29589.75,29608.0,29570.0,29603.0,8168
2026-08-27 12:30:00-04:00,29603.5,29651.0,29599.0,29645.75,8211
2026-08-27 12:45:00-04:00,29645.75,29659.5,29637.0,29651.75,9252
2026-08-27 13:00:00-04:00,29652.0,29676.0,29648.0,29669.75,9505
2026-08-27 13:15:00-04:00,29670.5,29678.5,29638.0,29641.5,8101
2026-08-27 13:30:00-04:00,29641.25,29658.5,29627.0,29628.75,8346
2026-08-27 13:45:00-04:00,29628.5,29632.25,29607.0,29611.5,8394
2026-08-27 14:00:00-04:00,29612.0,29622.0,29561.75,29577.0,12154
2026-08-27 14:15:00-04:00,29576.5,29589.75,29526.5,29538.25,11666
2026-08-27 14:30:00-04:00,29538.25,29581.25,29537.0,29572.5,11031
2026-08-27 14:45:00-04:00,29572.5,29582.25,29544.75,29571.25,8682
2026-08-27 15:00:00-04:00,29571.5,29606.75,29567.0,29592.5,9985
2026-08-27 15:15:00-04:00,29592.75,29613.0,29592.75,29602.25,7875
2026-08-27 15:30:00-04:00,29602.75,29633.5,29595.0,29633.25,8532
2026-08-27 15:45:00-04:00,29632.75,29704.5,29629.0,29691.75,31073
2026-08-27 16:00:00-04:00,29691.75,29708.0,29647.25,29648.0,11462
2026-08-27 16:15:00-04:00,29648.25,29656.5,29634.25,29638.5,1942
2026-08-27 16:30:00-04:00,29639.25,29644.75,29634.75,29639.75,1390
2026-08-27 16:45:00-04:00,29640.25,29642.0,29620.5,29635.25,2079
2026-08-27 18:00:00-04:00,29635.5,29644.75,29600.0,29620.5,1969
2026-08-27 18:15:00-04:00,29622.25,29639.5,29619.75,29637.25,947
2026-08-27 18:30:00-04:00,29637.0,29640.75,29630.0,29635.5,644
2026-08-27 18:45:00-04:00,29635.25,29639.5,29630.75,29634.75,342
2026-08-27 19:00:00-04:00,29633.5,29637.5,29605.0,29616.5,1158
2026-08-27 19:15:00-04:00,29616.0,29617.25,29604.0,29608.25,512
2026-08-27 19:30:00-04:00,29610.0,29612.75,29602.5,29604.5,433
2026-08-27 19:45:00-04:00,29604.5,29605.25,29592.0,29600.75,1743
2026-08-27 20:00:00-04:00,29601.75,29656.0,29594.25,29653.0,3823
2026-08-27 20:15:00-04:00,29652.75,29655.75,29625.5,29653.0,2304
2026-08-27 20:30:00-04:00,29651.25,29658.0,29633.5,29654.5,1265
2026-08-27 20:45:00-04:00,29653.25,29667.25,29642.0,29645.0,1305
2026-08-27 21:00:00-04:00,29645.75,29670.25,29642.75,29661.0,1488
2026-08-27 21:15:00-04:00,29661.0,29672.75,29643.5,29648.75,1163
2026-08-27 21:30:00-04:00,29648.5,29672.25,29641.75,29654.75,1982
2026-08-27 21:45:00-04:00,29654.5,29679.75,29644.0,29677.75,1408
2026-08-27 22:00:00-04:00,29678.75,29699.5,29678.75,29692.75,1403
2026-08-27 22:15:00-04:00,29694.75,29703.0,29686.25,29692.75,1113
2026-08-27 22:30:00-04:00,29691.0,29691.0,29644.75,29647.25,1646
2026-08-27 22:45:00-04:00,29647.0,29670.25,29645.0,29663.75,1073
2026-08-27 23:00:00-04:00,29664.75,29702.0,29660.5,29694.5,1329
2026-08-27 23:15:00-04:00,29693.75,29707.0,29689.5,29700.25,940
2026-08-27 23:30:00-04:00,29700.5,29704.25,29648.75,29651.75,1785
2026-08-27 23:45:00-04:00,29651.5,29676.5,29640.25,29668.25,1485
2026-08-28 00:00:00-04:00,29668.0,29670.5,29643.75,29661.5,1210
2026-08-28 00:15:00-04:00,29660.75,29669.75,29657.0,29659.5,581
2026-08-28 00:30:00-04:00,29658.5,29660.75,29639.0,29644.25,800
2026-08-28 00:45:00-04:00,29643.5,29650.0,29636.25,29641.75,609
2026-08-28 01:00:00-04:00,29642.0,29643.75,29620.75,29623.75,1283
2026-08-28 01:15:00-04:00,29624.75,29628.25,29611.5,29622.75,1064
2026-08-28 01:30:00-04:00,29623.0,29624.5,29603.5,29613.75,1155
2026-08-28 01:45:00-04:00,29612.5,29613.0,29597.25,29598.25,998
2026-08-28 02:00:00-04:00,29599.0,29618.5,29594.5,29603.25,1431
2026-08-28 02:15:00-04:00,29602.25,29623.75,29594.5,29596.0,1149
2026-08-28 02:30:00-04:00,29597.5,29623.0,29596.0,29620.75,1686
2026-08-28 02:45:00-04:00,29619.5,29645.25,29616.0,29645.25,1089
2026-08-28 03:00:00-04:00,29645.25,29653.5,29605.0,29612.5,2434
2026-08-28 03:15:00-04:00,29612.0,29624.0,29599.75,29613.75,1311
2026-08-28 03:30:00-04:00,29613.5,29620.25,29593.0,29597.5,1255
2026-08-28 03:45:00-04:00,29597.0,29625.75,29595.0,29607.0,1040
2026-08-28 04:00:00-04:00,29607.0,29620.5,29578.25,29584.75,3023
2026-08-28 04:15:00-04:00,29586.0,29605.5,29581.75,29598.25,1132
2026-08-28 04:30:00-04:00,29598.5,29633.5,29596.25,29623.5,1315
2026-08-28 04:45:00-04:00,29623.5,29624.25,29603.0,29619.75,1212
2026-08-28 05:00:00-04:00,29619.0,29620.0,29603.5,29606.0,910
2026-08-28 05:15:00-04:00,29605.75,29620.5,29595.75,29615.75,910
2026-08-28 05:30:00-04:00,29615.5,29618.5,29602.25,29607.5,561
2026-08-28 05:45:00-04:00,29605.0,29620.25,29599.0,29605.5,654
2026-08-28 06:00:00-04:00,29606.0,29610.0,29593.25,29603.75,1070
2026-08-28 06:15:00-04:00,29604.0,29617.25,29597.5,29611.5,596
2026-08-28 06:30:00-04:00,29611.25,29623.0,29600.0,29602.5,788
2026-08-28 06:45:00-04:00,29601.5,29625.0,29598.0,29622.0,968
2026-08-28 07:00:00-04:00,29622.25,29634.75,29598.25,29614.5,1722
2026-08-28 07:15:00-04:00,29614.5,29636.5,29614.0,29633.5,1142
2026-08-28 07:30:00-04:00,29635.0,29640.0,29607.0,29610.25,921
2026-08-28 07:45:00-04:00,29609.5,29615.0,29597.5,29603.5,900
2026-08-28 08:00:00-04:00,29601.5,29632.5,29597.5,29630.25,1954
2026-08-28 08:15:00-04:00,29631.0,29663.0,29627.75,29661.5,2502
2026-08-28 08:30:00-04:00,29661.25,29661.75,29615.0,29658.25,2511
2026-08-28 08:45:00-04:00,29658.25,29665.0,29649.25,29659.0,2233
2026-08-28 09:00:00-04:00,29659.0,29681.75,29650.25,29661.0,4090
2026-08-28 09:15:00-04:00,29661.0,29662.75,29622.0,29628.0,4751
2026-08-28 09:30:00-04:00,29628.5,29701.75,29562.75,29687.75,38443
2026-08-28 09:45:00-04:00,29687.25,29703.25,29625.0,29629.0,22924
2026-08-28 10:00:00-04:00,29632.0,29706.0,29505.0,29534.75,41160
2026-08-28 10:15:00-04:00,29536.25,29675.75,29532.25,29653.5,32258
2026-08-28 10:30:00-04:00,29653.5,29744.0,29632.0,29734.25,26752
2026-08-28 10:45:00-04:00,29734.75,29799.0,29725.25,29796.5,23011
2026-08-28 11:00:00-04:00,29796.5,29811.5,29735.25,29748.75,20739
2026-08-28 11:15:00-04:00,29748.75,29791.25,29738.0,29782.75,13343
2026-08-28 11:30:00-04:00,29783.25,29785.5,29663.0,29671.0,18517
2026-08-28 11:45:00-04:00,29671.0,29682.75,29544.25,29552.5,28429
2026-08-28 12:00:00-04:00,29553.0,29593.0,29509.75,29558.5,23803
2026-08-28 12:15:00-04:00,29558.25,29570.75,29464.5,29489.0,22829
2026-08-28 12:30:00-04:00,29488.5,29529.25,29475.0,29483.75,15677
2026-08-28 12:45:00-04:00,29483.5,29549.0,29483.0,29501.25,13155
2026-08-28 13:00:00-04:00,29502.0,29503.0,29436.25,29484.25,17715
2026-08-28 13:15:00-04:00,29483.5,29495.25,29452.25,29470.0,9601
2026-08-28 13:30:00-04:00,29470.0,29504.5,29461.25,29484.0,8487
2026-08-28 13:45:00-04:00,29482.75,29529.25,29475.75,29514.75,9327
2026-08-28 14:00:00-04:00,29515.75,29521.5,29488.25,29489.25,7771
2026-08-28 14:15:00-04:00,29489.25,29505.0,29471.25,29483.75,7449
2026-08-28 14:30:00-04:00,29483.25,29507.0,29476.0,29491.25,7055
2026-08-28 14:45:00-04:00,29491.0,29493.5,29441.0,29455.5,8431
2026-08-28 15:00:00-04:00,29456.0,29492.25,29443.5,29479.5,10164
2026-08-28 15:15:00-04:00,29479.0,29502.0,29464.5,29498.25,7014
2026-08-28 15:30:00-04:00,29498.5,29513.75,29482.25,29503.0,8900
2026-08-28 15:45:00-04:00,29502.25,29521.5,29473.5,29496.5,28159
2026-08-28 16:00:00-04:00,29496.5,29507.75,29478.25,29487.5,6310
2026-08-28 16:15:00-04:00,29488.5,29493.25,29485.25,29492.0,1302
2026-08-28 16:30:00-04:00,29492.0,29508.0,29485.0,29507.25,2150
2026-08-28 16:45:00-04:00,29507.5,29519.25,29506.75,29509.5,2055
2026-08-30 18:00:00-04:00,29540.0,29546.25,29446.75,29471.0,4178
2026-08-30 18:15:00-04:00,29471.25,29495.0,29467.25,29473.0,1456
2026-08-30 18:30:00-04:00,29474.75,29476.5,29428.0,29436.75,2535
2026-08-30 18:45:00-04:00,29436.0,29453.5,29435.0,29442.5,926
2026-08-30 19:00:00-04:00,29442.5,29449.25,29405.75,29409.75,2275
2026-08-30 19:15:00-04:00,29410.0,29416.0,29369.0,29371.75,2933
2026-08-30 19:30:00-04:00,29372.0,29375.5,29321.25,29355.5,3308
2026-08-30 19:45:00-04:00,29354.0,29354.0,29289.0,29289.75,3898
2026-08-30 20:00:00-04:00,29291.0,29346.75,29273.5,29339.75,4396
2026-08-30 20:15:00-04:00,29341.0,29378.25,29334.5,29372.0,2859
2026-08-30 20:30:00-04:00,29370.25,29398.5,29366.75,29388.75,2309
2026-08-30 20:45:00-04:00,29390.25,29393.0,29350.5,29357.0,2394
2026-08-30 21:00:00-04:00,29358.25,29358.25,29292.5,29324.75,4159
2026-08-30 21:15:00-04:00,29324.25,29340.25,29304.0,29331.75,2582
2026-08-30 21:30:00-04:00,29330.25,29338.0,29306.5,29313.5,2178
2026-08-30 21:45:00-04:00,29313.25,29331.5,29302.25,29327.0,1945
2026-08-30 22:00:00-04:00,29325.75,29362.75,29308.5,29355.75,2320
2026-08-30 22:15:00-04:00,29357.0,29357.0,29304.5,29331.5,2741
2026-08-30 22:30:00-04:00,29327.0,29335.25,29287.0,29296.5,2107
2026-08-30 22:45:00-04:00,29297.5,29346.5,29287.75,29344.25,2203
2026-08-30 23:00:00-04:00,29346.0,29367.25,29336.75,29355.5,1572
2026-08-30 23:15:00-04:00,29355.5,29358.0,29343.0,29344.0,1004
2026-08-30 23:30:00-04:00,29345.75,29351.0,29337.75,29345.0,827
2026-08-30 23:45:00-04:00,29346.0,29353.5,29338.75,29352.25,517
2026-08-31 00:00:00-04:00,29352.5,29354.75,29341.5,29354.75,533
2026-08-31 00:15:00-04:00,29353.25,29357.0,29342.75,29347.25,546
2026-08-31 00:30:00-04:00,29348.0,29384.75,29333.75,29383.0,1567
2026-08-31 00:45:00-04:00,29380.75,29423.75,29365.5,29414.75,1926
2026-08-31 01:00:00-04:00,29415.0,29445.0,29407.75,29443.75,1598
2026-08-31 01:15:00-04:00,29442.75,29477.25,29442.25,29470.0,2077
2026-08-31 01:30:00-04:00,29470.0,29474.25,29426.25,29442.0,1947
2026-08-31 01:45:00-04:00,29442.25,29462.5,29432.0,29462.25,1228
2026-08-31 02:00:00-04:00,29462.0,29503.5,29448.75,29500.5,2314
2026-08-31 02:15:00-04:00,29501.25,29518.5,29501.25,29512.5,2160
2026-08-31 02:30:00-04:00,29512.5,29518.75,29495.75,29508.0,1379
2026-08-31 02:45:00-04:00,29507.5,29528.5,29503.5,29517.75,1126
2026-08-31 03:00:00-04:00,29516.25,29521.0,29500.75,29513.75,1122
2026-08-31 03:15:00-04:00,29513.25,29521.25,29500.0,29509.75,705
2026-08-31 03:30:00-04:00,29508.25,29522.75,29501.0,29506.0,763
2026-08-31 03:45:00-04:00,29505.5,29510.75,29493.5,29508.25,721
2026-08-31 04:00:00-04:00,29508.5,29535.0,29485.0,29505.0,3071
2026-08-31 04:15:00-04:00,29504.75,29511.0,29485.5,29500.75,1137
2026-08-31 04:30:00-04:00,29500.25,29502.25,29475.0,29484.5,1232
2026-08-31 04:45:00-04:00,29484.75,29498.5,29480.25,29485.0,843
2026-08-31 05:00:00-04:00,29485.25,29500.75,29470.75,29492.5,1178
2026-08-31 05:15:00-04:00,29492.25,29509.25,29490.0,29491.25,930
2026-08-31 05:30:00-04:00,29491.75,29492.5,29467.0,29468.0,797
2026-08-31 05:45:00-04:00,29468.0,29469.25,29445.5,29450.5,1109
2026-08-31 06:00:00-04:00,29451.5,29460.0,29440.5,29458.0,1561
2026-08-31 06:15:00-04:00,29457.25,29467.75,29445.75,29461.0,1227
2026-08-31 06:30:00-04:00,29460.75,29461.0,29450.0,29455.25,477
2026-08-31 06:45:00-04:00,29454.0,29471.5,29450.0,29458.75,762
2026-08-31 07:00:00-04:00,29458.25,29463.5,29436.75,29439.5,1477
2026-08-31 07:15:00-04:00,29439.25,29471.0,29435.5,29465.0,1352
2026-08-31 07:30:00-04:00,29465.5,29466.75,29432.75,29433.5,1614
2026-08-31 07:45:00-04:00,29434.0,29440.0,29425.25,29429.75,1161
2026-08-31 08:00:00-04:00,29429.75,29470.0,29398.5,29449.75,3197
2026-08-31 08:15:00-04:00,29449.75,29486.0,29397.0,29415.75,3308
2026-08-31 08:30:00-04:00,29415.75,29442.25,29389.75,29399.25,3630
2026-08-31 08:45:00-04:00,29398.5,29407.5,29380.0,29389.0,2609
2026-08-31 09:00:00-04:00,29389.5,29411.25,29377.5,29408.5,3573
2026-08-31 09:15:00-04:00,29409.5,29445.25,29408.25,29438.5,5063
2026-08-31 09:30:00-04:00,29437.75,29516.75,29390.25,29407.75,38845
2026-08-31 09:45:00-04:00,29408.0,29479.0,29387.75,29438.75,27597
2026-08-31 10:00:00-04:00,29439.25,29447.75,29371.0,29394.5,19512
2026-08-31 10:15:00-04:00,29393.25,29431.5,29355.0,29376.25,17735
2026-08-31 10:30:00-04:00,29374.25,29434.75,29364.5,29425.25,14393
2026-08-31 10:45:00-04:00,29425.25,29444.25,29384.25,29416.0,13369
2026-08-31 11:00:00-04:00,29415.25,29442.5,29395.5,29417.25,13268
2026-08-31 11:15:00-04:00,29416.75,29445.75,29396.5,29421.0,11434
2026-08-31 11:30:00-04:00,29420.5,29424.75,29383.0,29408.5,10518
2026-08-31 11:45:00-04:00,29408.25,29432.75,29384.5,29388.75,10321
2026-08-31 12:00:00-04:00,29389.25,29412.75,29362.5,29407.25,11275
2026-08-31 12:15:00-04:00,29407.75,29426.5,29381.5,29425.0,8406
2026-08-31 12:30:00-04:00,29425.0,29430.75,29394.25,29413.5,8799
2026-08-31 12:45:00-04:00,29413.25,29443.25,29409.5,29440.5,6457
2026-08-31 13:00:00-04:00,29440.0,29441.0,29415.25,29423.5,5280
2026-08-31 13:15:00-04:00,29423.75,29434.0,29393.25,29396.75,5630
2026-08-31 13:30:00-04:00,29396.75,29439.75,29388.0,29439.5,7947
2026-08-31 13:45:00-04:00,29439.75,29457.5,29430.75,29442.0,7177
2026-08-31 14:00:00-04:00,29442.0,29458.75,29422.25,29446.75,6961
2026-08-31 14:15:00-04:00,29446.75,29464.25,29437.25,29438.25,5456
2026-08-31 14:30:00-04:00,29438.0,29443.25,29382.5,29399.0,9386
2026-08-31 14:45:00-04:00,29399.75,29420.25,29390.5,29403.75,6587
2026-08-31 15:00:00-04:00,29404.5,29429.75,29403.5,29425.5,6354
2026-08-31 15:15:00-04:00,29425.5,29453.5,29417.25,29448.25,7052
2026-08-31 15:30:00-04:00,29447.75,29483.25,29430.5,29477.0,9461
2026-08-31 15:45:00-04:00,29476.75,29538.25,29458.5,29506.5,34700
2026-08-31 16:00:00-04:00,29506.25,29527.5,29503.75,29511.5,7787
2026-08-31 16:15:00-04:00,29511.5,29516.75,29507.0,29513.75,1396
2026-08-31 16:30:00-04:00,29513.0,29520.5,29510.0,29516.75,972
2026-08-31 16:45:00-04:00,29516.75,29521.25,29507.0,29521.0,1130
2026-08-31 18:00:00-04:00,29518.25,29522.5,29501.25,29507.75,1330
2026-08-31 18:15:00-04:00,29507.0,29508.5,29498.5,29501.75,410
2026-08-31 18:30:00-04:00,29502.5,29508.25,29501.75,29505.0,350
2026-08-31 18:45:00-04:00,29505.0,29506.75,29491.0,29493.5,691
2026-08-31 19:00:00-04:00,29493.25,29505.0,29490.0,29496.0,739
2026-08-31 19:15:00-04:00,29495.75,29499.5,29486.0,29497.0,527
2026-08-31 19:30:00-04:00,29495.5,29515.0,29493.5,29510.25,1295
2026-08-31 19:45:00-04:00,29509.75,29519.5,29496.5,29501.25,896
2026-08-31 20:00:00-04:00,29503.25,29521.75,29480.5,29489.25,2694
2026-08-31 20:15:00-04:00,29489.0,29518.75,29478.25,29501.0,2140
2026-08-31 20:30:00-04:00,29501.0,29520.5,29484.25,29501.75,1705
2026-08-31 20:45:00-04:00,29503.5,29508.5,29491.75,29506.0,870
2026-08-31 21:00:00-04:00,29506.0,29514.25,29491.5,29512.25,1548
2026-08-31 21:15:00-04:00,29512.0,29516.25,29477.0,29484.0,1859
2026-08-31 21:30:00-04:00,29483.0,29515.5,29475.0,29508.25,2128
2026-08-31 21:45:00-04:00,29508.75,29511.0,29490.5,29499.75,947
2026-08-31 22:00:00-04:00,29498.0,29502.75,29475.0,29481.0,1277
2026-08-31 22:15:00-04:00,29480.5,29486.5,29452.75,29459.75,1525
2026-08-31 22:30:00-04:00,29460.0,29472.5,29434.75,29439.0,1896
2026-08-31 22:45:00-04:00,29438.75,29493.25,29436.25,29492.0,1980
2026-08-31 23:00:00-04:00,29491.5,29493.75,29467.5,29471.5,1316
2026-08-31 23:15:00-04:00,29471.5,29476.5,29459.25,29464.25,922
2026-08-31 23:30:00-04:00,29465.5,29483.25,29461.25,29477.75,770
2026-08-31 23:45:00-04:00,29477.0,29488.5,29474.75,29485.75,610
2026-09-01 00:00:00-04:00,29487.25,29497.25,29481.0,29489.0,792
2026-09-01 00:15:00-04:00,29488.25,29501.5,29485.5,29492.75,1085
2026-09-01 00:30:00-04:00,29493.75,29503.0,29470.25,29471.25,917
2026-09-01 00:45:00-04:00,29471.25,29494.0,29466.0,29473.75,1585
2026-09-01 01:00:00-04:00,29473.25,29475.75,29460.0,29464.25,792
2026-09-01 01:15:00-04:00,29464.5,29487.75,29447.25,29486.0,1479
2026-09-01 01:30:00-04:00,29485.0,29535.75,29482.25,29534.0,3457
2026-09-01 01:45:00-04:00,29534.25,29571.25,29521.75,29561.5,2542
2026-09-01 02:00:00-04:00,29561.75,29568.0,29531.0,29545.25,2100
2026-09-01 02:15:00-04:00,29544.5,29547.0,29514.75,29517.5,1658
2026-09-01 02:30:00-04:00,29516.5,29545.0,29513.75,29539.25,1315
2026-09-01 02:45:00-04:00,29539.75,29540.25,29514.5,29515.75,937
2026-09-01 03:00:00-04:00,29515.5,29555.5,29512.25,29553.5,2748
2026-09-01 03:15:00-04:00,29554.25,29556.75,29528.25,29545.0,1190
2026-09-01 03:30:00-04:00,29546.75,29547.0,29462.0,29464.0,3095
2026-09-01 03:45:00-04:00,29463.0,29478.75,29430.0,29436.25,2904
2026-09-01 04:00:00-04:00,29436.25,29449.0,29327.0,29348.75,7337
2026-09-01 04:15:00-04:00,29351.0,29358.5,29279.0,29285.5,4907
2026-09-01 04:30:00-04:00,29286.0,29312.0,29246.75,29257.5,4022
2026-09-01 04:45:00-04:00,29257.0,29279.75,29231.0,29235.25,2821
2026-09-01 05:00:00-04:00,29235.75,29243.25,29201.75,29207.75,3511
2026-09-01 05:15:00-04:00,29206.75,29218.0,29185.5,29197.0,2579
2026-09-01 05:30:00-04:00,29199.0,29216.75,29184.25,29213.25,2268
2026-09-01 05:45:00-04:00,29212.25,29228.0,29211.5,29212.5,1603
2026-09-01 06:00:00-04:00,29212.5,29227.25,29201.25,29221.5,1436
2026-09-01 06:15:00-04:00,29222.0,29248.75,29211.75,29237.5,1877
2026-09-01 06:30:00-04:00,29237.75,29257.75,29227.0,29227.5,1448
2026-09-01 06:45:00-04:00,29227.25,29243.0,29197.25,29210.0,2645
2026-09-01 07:00:00-04:00,29209.25,29213.25,29178.0,29200.75,3011
2026-09-01 07:15:00-04:00,29200.5,29216.75,29196.25,29208.75,1764
2026-09-01 07:30:00-04:00,29207.75,29238.0,29205.75,29226.25,2176
2026-09-01 07:45:00-04:00,29228.25,29228.5,29167.75,29172.5,3062
2026-09-01 08:00:00-04:00,29171.5,29179.5,29153.75,29165.5,3724
2026-09-01 08:15:00-04:00,29164.75,29173.0,29137.5,29170.5,4328
2026-09-01 08:30:00-04:00,29169.75,29170.5,29123.25,29129.5,5142
2026-09-01 08:45:00-04:00,29129.5,29153.0,29122.25,29125.75,3803
2026-09-01 09:00:00-04:00,29125.75,29126.25,29087.0,29093.0,7838
2026-09-01 09:15:00-04:00,29093.0,29122.75,29084.25,29112.0,7262
2026-09-01 09:30:00-04:00,29111.75,29140.5,29040.25,29083.75,44761
2026-09-01 09:45:00-04:00,29084.0,29158.0,29074.75,29105.0,25173
2026-09-01 10:00:00-04:00,29106.0,29161.75,29085.25,29133.25,22036
2026-09-01 10:15:00-04:00,29133.5,29179.5,29132.0,29165.25,17174
2026-09-01 10:30:00-04:00,29165.25,29235.0,29162.25,29234.0,17133
2026-09-01 10:45:00-04:00,29234.0,29268.0,29207.0,29228.0,17982
2026-09-01 11:00:00-04:00,29228.5,29241.5,29180.25,29183.75,13942
2026-09-01 11:15:00-04:00,29183.0,29233.25,29178.25,29232.5,10195
2026-09-01 11:30:00-04:00,29232.25,29291.25,29224.25,29287.75,14868
2026-09-01 11:45:00-04:00,29287.25,29317.75,29286.0,29296.25,13837
2026-09-01 12:00:00-04:00,29295.5,29300.75,29232.0,29232.25,11814
2026-09-01 12:15:00-04:00,29232.75,29236.25,29162.75,29176.75,20287
2026-09-01 12:30:00-04:00,29177.0,29184.5,29131.25,29138.0,15756
2026-09-01 12:45:00-04:00,29137.75,29197.25,29133.0,29191.75,9545
2026-09-01 13:00:00-04:00,29191.25,29191.75,29138.75,29156.25,9410
2026-09-01 13:15:00-04:00,29156.25,29163.75,29100.5,29141.75,10868
2026-09-01 13:30:00-04:00,29143.0,29161.75,29137.75,29151.5,6578
2026-09-01 13:45:00-04:00,29151.5,29153.25,29117.75,29140.75,7483
2026-09-01 14:00:00-04:00,29139.75,29151.5,29101.25,29102.25,7488
2026-09-01 14:15:00-04:00,29102.5,29118.5,29085.25,29094.25,9083
2026-09-01 14:30:00-04:00,29094.5,29097.25,29014.25,29014.5,13241
2026-09-01 14:45:00-04:00,29015.0,29081.25,29002.0,29076.0,14773
2026-09-01 15:00:00-04:00,29075.5,29121.5,29070.5,29119.75,10546
2026-09-01 15:15:00-04:00,29119.25,29129.25,29103.75,29127.25,8567
2026-09-01 15:30:00-04:00,29126.75,29128.25,29093.0,29117.75,9091
2026-09-01 15:45:00-04:00,29118.0,29141.0,29086.0,29126.75,29018
2026-09-01 16:00:00-04:00,29126.75,29158.0,29113.5,29135.0,11095
2026-09-01 16:15:00-04:00,29135.0,29159.0,29134.25,29136.75,2514
2026-09-01 16:30:00-04:00,29136.0,29155.25,29130.25,29147.25,1402
2026-09-01 16:45:00-04:00,29146.0,29147.5,29130.75,29139.0,1347
2026-09-01 18:00:00-04:00,29136.5,29149.0,29107.75,29110.0,1535
2026-09-01 18:15:00-04:00,29110.5,29126.0,29102.25,29113.75,982
2026-09-01 18:30:00-04:00,29114.75,29121.0,29111.0,29117.25,541
2026-09-01 18:45:00-04:00,29116.75,29139.0,29114.25,29132.0,973
2026-09-01 19:00:00-04:00,29129.75,29135.5,29128.5,29129.0,334
2026-09-01 19:15:00-04:00,29129.25,29139.0,29119.0,29136.5,823
2026-09-01 19:30:00-04:00,29137.5,29144.75,29133.0,29140.25,697
2026-09-01 19:45:00-04:00,29141.75,29148.25,29131.25,29134.5,748
2026-09-01 20:00:00-04:00,29135.75,29144.75,29106.0,29130.75,2444
2026-09-01 20:15:00-04:00,29128.0,29170.0,29123.25,29126.0,3016
2026-09-01 20:30:00-04:00,29127.75,29148.75,29114.5,29140.25,1810
2026-09-01 20:45:00-04:00,29139.0,29145.0,29102.0,29104.0,1500
2026-09-01 21:00:00-04:00,29103.25,29127.25,29086.75,29097.75,2741
2026-09-01 21:15:00-04:00,29097.75,29129.5,29094.75,29115.0,1960
2026-09-01 21:30:00-04:00,29115.75,29122.75,29070.5,29074.75,2503
2026-09-01 21:45:00-04:00,29074.25,29078.5,29047.75,29075.5,2505
2026-09-01 22:00:00-04:00,29075.5,29077.0,29044.5,29065.0,1727
2026-09-01 22:15:00-04:00,29066.5,29100.0,29066.5,29085.5,1769
2026-09-01 22:30:00-04:00,29084.5,29084.75,29061.75,29082.75,1231
2026-09-01 22:45:00-04:00,29083.25,29092.25,29074.5,29084.25,975
2026-09-01 23:00:00-04:00,29086.5,29089.5,29058.75,29083.25,1293
2026-09-01 23:15:00-04:00,29083.0,29084.0,29068.0,29069.0,646
2026-09-01 23:30:00-04:00,29070.25,29073.0,29053.75,29056.0,1064
2026-09-01 23:45:00-04:00,29057.75,29065.0,29046.0,29047.25,891
2026-09-02 00:00:00-04:00,29047.75,29055.0,29035.5,29047.25,1000
2026-09-02 00:15:00-04:00,29045.75,29062.75,29044.25,29051.0,786
2026-09-02 00:30:00-04:00,29051.25,29062.5,29047.75,29054.0,679
2026-09-02 00:45:00-04:00,29054.75,29065.0,29051.0,29058.25,732
2026-09-02 01:00:00-04:00,29059.0,29071.75,29037.5,29066.25,1071
2026-09-02 01:15:00-04:00,29067.25,29092.0,29063.75,29091.25,1645
2026-09-02 01:30:00-04:00,29092.0,29104.25,29070.5,29099.25,1453
2026-09-02 01:45:00-04:00,29099.75,29101.5,29062.5,29073.0,1065
2026-09-02 02:00:00-04:00,29072.25,29080.5,29040.25,29049.25,1689
2026-09-02 02:15:00-04:00,29050.0,29055.0,29020.5,29023.5,1742
2026-09-02 02:30:00-04:00,29023.0,29098.25,29016.5,29073.75,2370
2026-09-02 02:45:00-04:00,29073.5,29080.0,29051.0,29077.25,1267
2026-09-02 03:00:00-04:00,29077.0,29120.75,29065.5,29103.25,2280
2026-09-02 03:15:00-04:00,29103.5,29117.0,29075.75,29094.5,1648
2026-09-02 03:30:00-04:00,29094.25,29101.0,29064.75,29070.75,1361
2026-09-02 03:45:00-04:00,29070.75,29078.25,29050.0,29061.75,1274
2026-09-02 04:00:00-04:00,29062.25,29097.25,29052.5,29073.75,1865
2026-09-02 04:15:00-04:00,29073.75,29088.0,29039.75,29053.5,1351
2026-09-02 04:30:00-04:00,29052.75,29068.75,29031.5,29035.75,1473
2026-09-02 04:45:00-04:00,29036.5,29037.25,28954.5,28977.75,3434
2026-09-02 05:00:00-04:00,28977.25,29027.5,28969.0,28969.25,2500
2026-09-02 05:15:00-04:00,28971.25,28995.0,28955.0,28978.25,2000
2026-09-02 05:30:00-04:00,28978.25,28981.5,28940.5,28948.75,2294
2026-09-02 05:45:00-04:00,28948.75,28974.5,28947.5,28973.25,1223
2026-09-02 06:00:00-04:00,28972.75,28979.5,28947.25,28978.0,1688
2026-09-02 06:15:00-04:00,28978.0,28996.0,28971.5,28985.75,1404
2026-09-02 06:30:00-04:00,28985.5,28989.25,28961.0,28966.5,1346
2026-09-02 06:45:00-04:00,28966.0,28988.75,28958.0,28988.0,1127
2026-09-02 07:00:00-04:00,28987.75,29021.75,28927.25,29016.5,5538
2026-09-02 07:15:00-04:00,29014.25,29035.75,28992.5,29023.0,3025
2026-09-02 07:30:00-04:00,29025.25,29059.5,29019.0,29029.75,2634
2026-09-02 07:45:00-04:00,29029.75,29084.5,29022.5,29084.5,2625
2026-09-02 08:00:00-04:00,29083.75,29124.0,29074.5,29121.5,4470
2026-09-02 08:15:00-04:00,29121.5,29149.5,29094.75,29108.0,5146
2026-09-02 08:30:00-04:00,29107.0,29110.25,29067.25,29069.75,3373
2026-09-02 08:45:00-04:00,29069.0,29071.25,29032.75,29040.0,3123
2026-09-02 09:00:00-04:00,29040.25,29070.5,29037.75,29067.5,3573
2026-09-02 09:15:00-04:00,29068.5,29115.25,29064.25,29098.5,5635
2026-09-02 09:30:00-04:00,29098.75,29119.0,29036.5,29091.0,33915
2026-09-02 09:45:00-04:00,29090.25,29112.5,29017.25,29062.25,25027
2026-09-02 10:00:00-04:00,29061.75,29128.25,29032.25,29127.25,22706
2026-09-02 10:15:00-04:00,29127.75,29193.0,29119.25,29187.25,21544
2026-09-02 10:30:00-04:00,29187.0,29213.0,29168.5,29201.5,16522
2026-09-02 10:45:00-04:00,29201.75,29202.5,29111.25,29120.25,14872
2026-09-02 11:00:00-04:00,29119.5,29168.5,29106.25,29158.25,15634
2026-09-02 11:15:00-04:00,29158.0,29208.5,29151.75,29205.25,10956
2026-09-02 11:30:00-04:00,29205.0,29208.5,29171.5,29182.25,11059
2026-09-02 11:45:00-04:00,29182.25,29190.75,29136.0,29185.25,11417
2026-09-02 12:00:00-04:00,29184.5,29198.5,29173.5,29186.75,6730
2026-09-02 12:15:00-04:00,29186.5,29186.75,29142.25,29151.75,7016
2026-09-02 12:30:00-04:00,29151.5,29175.25,29138.25,29139.0,7043
2026-09-02 12:45:00-04:00,29138.5,29168.25,29137.0,29155.0,5965
2026-09-02 13:00:00-04:00,29154.75,29182.5,29127.0,29145.25,8306
2026-09-02 13:15:00-04:00,29145.0,29154.5,29125.25,29150.75,6609
2026-09-02 13:30:00-04:00,29150.5,29158.75,29127.5,29158.75,7142
2026-09-02 13:45:00-04:00,29159.0,29173.75,29142.5,29158.75,7295
2026-09-02 14:00:00-04:00,29159.5,29166.0,29135.75,29147.0,7199
2026-09-02 14:15:00-04:00,29146.75,29199.75,29143.25,29159.25,9304
2026-09-02 14:30:00-04:00,29159.25,29175.0,29131.5,29136.75,6755
2026-09-02 14:45:00-04:00,29136.0,29154.25,29130.25,29145.5,5882
2026-09-02 15:00:00-04:00,29145.75,29172.0,29139.0,29165.5,5821
2026-09-02 15:15:00-04:00,29166.25,29170.75,29150.0,29167.25,5594
2026-09-02 15:30:00-04:00,29167.0,29177.5,29155.25,29175.0,6473
2026-09-02 15:45:00-04:00,29175.25,29197.25,29170.5,29190.5,17879
2026-09-02 16:00:00-04:00,29190.25,29212.0,29187.5,29194.25,6250
2026-09-02 16:15:00-04:00,29192.0,29193.75,29139.75,29156.25,4611
2026-09-02 16:30:00-04:00,29156.0,29163.25,29147.5,29148.0,1419
2026-09-02 16:45:00-04:00,29147.75,29164.0,29139.25,29141.0,1434
2026-09-02 18:00:00-04:00,29177.0,29188.75,29148.0,29185.75,1632
2026-09-02 18:15:00-04:00,29184.75,29208.75,29178.0,29196.0,1351
2026-09-02 18:30:00-04:00,29196.0,29203.0,29192.0,29196.0,686
2026-09-02 18:45:00-04:00,29195.25,29195.5,29178.25,29180.5,707
2026-09-02 19:00:00-04:00,29180.75,29188.75,29170.75,29171.75,941
2026-09-02 19:15:00-04:00,29172.75,29180.0,29167.5,29179.0,833
2026-09-02 19:30:00-04:00,29180.0,29188.25,29175.0,29188.25,595
2026-09-02 19:45:00-04:00,29188.0,29213.0,29187.5,29201.25,1856
2026-09-02 20:00:00-04:00,29200.75,29201.75,29165.75,29169.25,2130
2026-09-02 20:15:00-04:00,29166.75,29168.25,29141.0,29156.25,2048
2026-09-02 20:30:00-04:00,29155.75,29162.0,29146.0,29156.5,906
2026-09-02 20:45:00-04:00,29155.75,29161.75,29146.75,29151.0,695
2026-09-02 21:00:00-04:00,29150.75,29186.75,29147.75,29183.25,1878
2026-09-02 21:15:00-04:00,29182.5,29200.75,29156.5,29174.75,2146
2026-09-02 21:30:00-04:00,29176.75,29199.25,29167.75,29169.0,1735
2026-09-02 21:45:00-04:00,29169.0,29175.75,29136.25,29137.5,1839
2026-09-02 22:00:00-04:00,29136.75,29188.0,29132.75,29182.5,2004
2026-09-02 22:15:00-04:00,29182.75,29195.0,29173.0,29188.5,1439
2026-09-02 22:30:00-04:00,29186.5,29199.0,29168.75,29173.0,994
2026-09-02 22:45:00-04:00,29173.25,29188.5,29167.5,29180.75,825
2026-09-02 23:00:00-04:00,29182.25,29204.5,29179.5,29203.25,1014
2026-09-02 23:15:00-04:00,29204.25,29234.0,29202.25,29219.75,2335
2026-09-02 23:30:00-04:00,29220.75,29233.75,29217.75,29227.5,828
2026-09-02 23:45:00-04:00,29227.0,29243.0,29220.25,29236.5,970
2026-09-03 00:00:00-04:00,29236.5,29255.0,29228.75,29247.0,1211
2026-09-03 00:15:00-04:00,29247.0,29249.25,29227.25,29227.75,787
2026-09-03 00:30:00-04:00,29227.75,29236.25,29214.75,29219.25,1119
2026-09-03 00:45:00-04:00,29218.75,29229.0,29204.5,29207.5,789
2026-09-03 01:00:00-04:00,29207.25,29208.5,29140.75,29149.0,2662
2026-09-03 01:15:00-04:00,29147.75,29148.5,29075.0,29104.0,5739
2026-09-03 01:30:00-04:00,29102.75,29152.0,29098.25,29143.0,3714
2026-09-03 01:45:00-04:00,29143.0,29188.75,29127.5,29188.75,2500
2026-09-03 02:00:00-04:00,29188.5,29203.25,29162.75,29170.0,2458
2026-09-03 02:15:00-04:00,29169.0,29180.25,29161.0,29177.25,1302
2026-09-03 02:30:00-04:00,29177.0,29187.5,29164.0,29181.5,1466
2026-09-03 02:45:00-04:00,29182.0,29182.75,29159.5,29174.25,889
2026-09-03 03:00:00-04:00,29173.25,29233.0,29160.0,29205.5,2748
2026-09-03 03:15:00-04:00,29204.75,29211.5,29178.5,29203.25,1453
2026-09-03 03:30:00-04:00,29202.5,29245.5,29192.0,29241.25,1961
2026-09-03 03:45:00-04:00,29240.75,29240.75,29182.75,29220.25,1794
2026-09-03 04:00:00-04:00,29220.25,29292.75,29213.25,29247.25,6531
2026-09-03 04:15:00-04:00,29247.0,29264.0,29232.75,29256.0,2407
2026-09-03 04:30:00-04:00,29257.25,29257.25,29226.75,29228.25,1598
2026-09-03 04:45:00-04:00,29229.5,29235.0,29215.0,29216.25,1133
2026-09-03 05:00:00-04:00,29218.5,29225.75,29211.0,29223.5,1073
2026-09-03 05:15:00-04:00,29223.5,29224.0,29187.75,29187.75,1229
2026-09-03 05:30:00-04:00,29187.25,29198.0,29169.25,29176.75,1331
2026-09-03 05:45:00-04:00,29176.25,29176.25,29126.5,29137.75,2109
2026-09-03 06:00:00-04:00,29138.0,29158.5,29120.25,29124.75,2021
2026-09-03 06:15:00-04:00,29125.5,29134.25,29119.25,29127.5,1808
2026-09-03 06:30:00-04:00,29127.0,29140.0,29105.5,29128.25,1627
2026-09-03 06:45:00-04:00,29128.0,29129.75,29108.0,29128.0,1182
2026-09-03 07:00:00-04:00,29129.0,29170.75,29106.25,29164.5,2818
2026-09-03 07:15:00-04:00,29164.0,29186.75,29156.5,29166.75,1854
2026-09-03 07:30:00-04:00,29167.0,29173.5,29111.25,29142.5,2553
2026-09-03 07:45:00-04:00,29142.25,29144.5,29101.0,29105.5,2857
2026-09-03 08:00:00-04:00,29105.5,29147.25,29104.0,29125.0,2596
2026-09-03 08:15:00-04:00,29125.5,29151.0,29105.75,29145.75,2847
2026-09-03 08:30:00-04:00,29144.75,29244.0,29144.0,29189.75,8698
2026-09-03 08:45:00-04:00,29189.0,29258.75,29185.0,29244.5,5520
2026-09-03 09:00:00-04:00,29243.75,29246.0,29194.25,29239.25,5886
2026-09-03 09:15:00-04:00,29239.5,29253.75,29200.5,29249.0,6132
2026-09-03 09:30:00-04:00,29249.5,29359.5,29199.5,29345.0,49998
2026-09-03 09:45:00-04:00,29344.25,29375.5,29296.75,29333.0,28741
2026-09-03 10:00:00-04:00,29331.75,29333.25,29241.75,29300.75,28184
2026-09-03 10:15:00-04:00,29301.0,29364.5,29295.75,29343.0,21706
2026-09-03 10:30:00-04:00,29343.0,29360.5,29273.25,29283.0,19601
2026-09-03 10:45:00-04:00,29283.0,29368.0,29246.5,29363.5,19598
2026-09-03 11:00:00-04:00,29363.25,29466.25,29362.25,29465.0,28031
2026-09-03 11:15:00-04:00,29464.75,29539.5,29453.75,29536.5,22875
2026-09-03 11:30:00-04:00,29536.0,29542.5,29503.5,29506.5,15910
2026-09-03 11:45:00-04:00,29506.75,29539.25,29504.0,29538.0,9253
2026-09-03 12:00:00-04:00,29538.75,29539.75,29503.0,29519.0,10915
2026-09-03 12:15:00-04:00,29519.5,29529.5,29489.25,29497.0,7884
2026-09-03 12:30:00-04:00,29497.0,29534.5,29483.0,29528.0,8804
2026-09-03 12:45:00-04:00,29528.0,29544.0,29516.5,29528.0,7330
2026-09-03 13:00:00-04:00,29528.25,29534.0,29486.75,29490.5,6716
2026-09-03 13:15:00-04:00,29491.25,29508.0,29476.0,29502.5,6985
2026-09-03 13:30:00-04:00,29502.75,29532.0,29502.25,29528.5,7290
2026-09-03 13:45:00-04:00,29529.0,29552.5,29521.75,29543.75,8801
2026-09-03 14:00:00-04:00,29543.5,29579.5,29543.0,29573.5,10988
2026-09-03 14:15:00-04:00,29573.75,29584.25,29564.75,29570.5,7277
2026-09-03 14:30:00-04:00,29571.0,29580.0,29559.5,29560.5,5623
2026-09-03 14:45:00-04:00,29560.75,29581.0,29559.5,29568.25,6118
2026-09-03 15:00:00-04:00,29568.25,29570.5,29532.75,29538.25,6887
2026-09-03 15:15:00-04:00,29538.25,29543.5,29526.0,29533.25,8659
2026-09-03 15:30:00-04:00,29533.25,29540.0,29521.75,29524.0,8385
2026-09-03 15:45:00-04:00,29524.25,29536.25,29509.25,29530.75,25364
2026-09-03 16:00:00-04:00,29531.0,29536.25,29507.0,29521.25,6968
2026-09-03 16:15:00-04:00,29521.5,29522.0,29505.0,29510.25,1535
2026-09-03 16:30:00-04:00,29510.25,29516.75,29508.0,29510.75,925
2026-09-03 16:45:00-04:00,29511.25,29512.75,29499.25,29502.25,1406
2026-09-03 18:00:00-04:00,29505.0,29509.0,29482.0,29485.25,1318
2026-09-03 18:15:00-04:00,29485.5,29496.0,29484.75,29490.0,640
2026-09-03 18:30:00-04:00,29491.0,29498.5,29490.0,29494.25,441
2026-09-03 18:45:00-04:00,29495.75,29512.75,29493.5,29508.75,801
2026-09-03 19:00:00-04:00,29508.25,29511.5,29500.5,29503.25,647
2026-09-03 19:15:00-04:00,29503.0,29509.5,29498.25,29507.25,400
2026-09-03 19:30:00-04:00,29507.0,29511.0,29501.25,29505.0,280
2026-09-03 19:45:00-04:00,29506.5,29516.75,29502.25,29504.0,801
2026-09-03 20:00:00-04:00,29503.75,29520.5,29495.0,29509.75,1496
2026-09-03 20:15:00-04:00,29510.25,29529.0,29505.0,29527.5,1547
2026-09-03 20:30:00-04:00,29527.75,29533.5,29519.25,29532.5,1157
2026-09-03 20:45:00-04:00,29532.5,29542.25,29530.0,29530.75,1042
2026-09-03 21:00:00-04:00,29530.0,29532.75,29517.75,29522.75,1197
2026-09-03 21:15:00-04:00,29523.0,29542.75,29516.25,29540.75,1477
2026-09-03 21:30:00-04:00,29539.5,29547.75,29534.5,29545.0,961
2026-09-03 21:45:00-04:00,29545.25,29548.75,29523.25,29548.0,1454
2026-09-03 22:00:00-04:00,29547.75,29553.25,29537.25,29550.25,829
2026-09-03 22:15:00-04:00,29549.0,29556.25,29547.0,29555.0,535
2026-09-03 22:30:00-04:00,29555.75,29566.5,29544.0,29546.5,1302
2026-09-03 22:45:00-04:00,29546.5,29568.0,29545.25,29564.5,977
2026-09-03 23:00:00-04:00,29563.25,29566.5,29557.25,29560.5,504
2026-09-03 23:15:00-04:00,29560.25,29578.25,29559.75,29569.0,1146
2026-09-03 23:30:00-04:00,29569.5,29578.75,29566.75,29568.5,683
2026-09-03 23:45:00-04:00,29567.5,29573.25,29563.75,29570.5,459
2026-09-04 00:00:00-04:00,29570.75,29577.75,29556.5,29575.5,902
2026-09-04 00:15:00-04:00,29576.0,29595.0,29567.5,29593.0,1270
2026-09-04 00:30:00-04:00,29592.25,29601.25,29585.0,29588.0,918
2026-09-04 00:45:00-04:00,29588.5,29599.75,29583.25,29598.25,628
2026-09-04 01:00:00-04:00,29597.5,29623.5,29593.75,29621.5,1542
2026-09-04 01:15:00-04:00,29621.0,29643.0,29620.25,29622.75,1848
2026-09-04 01:30:00-04:00,29622.0,29625.25,29605.5,29608.5,1162
2026-09-04 01:45:00-04:00,29609.25,29622.0,29591.5,29620.75,1607
2026-09-04 02:00:00-04:00,29620.25,29643.75,29617.0,29642.25,1892
2026-09-04 02:15:00-04:00,29641.75,29642.25,29622.5,29631.25,1333
2026-09-04 02:30:00-04:00,29631.5,29633.0,29595.75,29604.0,1550
2026-09-04 02:45:00-04:00,29603.5,29604.0,29574.0,29576.75,1191
2026-09-04 03:00:00-04:00,29577.75,29623.75,29575.25,29620.0,1882
2026-09-04 03:15:00-04:00,29619.5,29637.25,29607.25,29636.25,1077
2026-09-04 03:30:00-04:00,29635.75,29653.0,29628.0,29646.75,1766
2026-09-04 03:45:00-04:00,29646.5,29658.25,29641.25,29652.25,1118
2026-09-04 04:00:00-04:00,29653.75,29669.25,29635.5,29650.25,2473
2026-09-04 04:15:00-04:00,29650.75,29672.0,29645.0,29668.5,1202
2026-09-04 04:30:00-04:00,29670.0,29673.0,29643.75,29658.5,1007
2026-09-04 04:45:00-04:00,29658.25,29664.75,29647.0,29658.5,953
2026-09-04 05:00:00-04:00,29657.5,29658.25,29625.25,29628.5,1184
2026-09-04 05:15:00-04:00,29629.75,29642.5,29616.5,29624.5,1115
2026-09-04 05:30:00-04:00,29625.75,29647.0,29618.5,29643.0,833
2026-09-04 05:45:00-04:00,29644.5,29661.75,29643.5,29657.25,958
2026-09-04 06:00:00-04:00,29656.75,29668.75,29653.25,29661.5,977
2026-09-04 06:15:00-04:00,29660.75,29686.0,29658.5,29678.5,1252
2026-09-04 06:30:00-04:00,29676.5,29683.75,29668.5,29679.5,849
2026-09-04 06:45:00-04:00,29680.0,29704.5,29675.75,29680.0,1374
2026-09-04 07:00:00-04:00,29681.5,29686.0,29650.75,29660.0,1455
2026-09-04 07:15:00-04:00,29660.5,29676.75,29655.5,29662.5,981
2026-09-04 07:30:00-04:00,29663.75,29676.25,29661.0,29671.25,1045
2026-09-04 07:45:00-04:00,29671.0,29690.0,29666.5,29683.25,1211
2026-09-04 08:00:00-04:00,29682.0,29686.25,29627.0,29643.25,3575
2026-09-04 08:15:00-04:00,29642.25,29694.0,29631.75,29675.75,2703
2026-09-04 08:30:00-04:00,29674.25,29693.75,29531.25,29557.75,14629
2026-09-04 08:45:00-04:00,29557.25,29557.75,29502.0,29546.5,8897
2026-09-04 09:00:00-04:00,29547.0,29556.75,29523.0,29548.25,5671
2026-09-04 09:15:00-04:00,29548.25,29591.0,29546.75,29589.0,7109
2026-09-04 09:30:00-04:00,29588.25,29647.0,29554.5,29616.5,39281
2026-09-04 09:45:00-04:00,29616.25,29691.75,29577.5,29691.0,24396
2026-09-04 10:00:00-04:00,29690.5,29691.0,29594.0,29648.0,23326
2026-09-04 10:15:00-04:00,29648.5,29649.75,29564.75,29595.5,22877
2026-09-04 10:30:00-04:00,29596.25,29598.25,29531.0,29533.5,19292
2026-09-04 10:45:00-04:00,29533.25,29544.25,29498.75,29521.0,18948
2026-09-04 11:00:00-04:00,29520.0,29541.25,29497.25,29540.5,15471
2026-09-04 11:15:00-04:00,29540.75,29543.0,29484.25,29506.75,14632
2026-09-04 11:30:00-04:00,29506.75,29524.5,29478.0,29520.5,11572
2026-09-04 11:45:00-04:00,29520.0,29522.25,29487.0,29515.0,10099
2026-09-04 12:00:00-04:00,29514.75,29554.25,29505.0,29547.75,9809
2026-09-04 12:15:00-04:00,29548.0,29565.25,29536.0,29554.0,8195
2026-09-04 12:30:00-04:00,29554.5,29574.0,29548.75,29568.0,7898
2026-09-04 12:45:00-04:00,29568.25,29595.75,29565.0,29576.0,9323
2026-09-04 13:00:00-04:00,29576.25,29580.5,29531.75,29535.25,8904
2026-09-04 13:15:00-04:00,29534.75,29543.5,29504.25,29508.0,7818
2026-09-04 13:30:00-04:00,29508.0,29508.5,29474.75,29478.25,9535
2026-09-04 13:45:00-04:00,29479.0,29498.25,29468.0,29491.75,9184
2026-09-04 14:00:00-04:00,29491.5,29497.75,29471.25,29489.0,7849
2026-09-04 14:15:00-04:00,29488.25,29514.5,29484.5,29511.0,7232
2026-09-04 14:30:00-04:00,29511.0,29524.5,29504.0,29520.75,7234
2026-09-04 14:45:00-04:00,29521.25,29542.5,29520.0,29538.75,6041
2026-09-04 15:00:00-04:00,29538.75,29544.0,29506.75,29511.25,7328
2026-09-04 15:15:00-04:00,29511.0,29531.25,29510.5,29526.5,5263
2026-09-04 15:30:00-04:00,29526.5,29547.5,29519.25,29541.0,7595
2026-09-04 15:45:00-04:00,29540.75,29586.5,29540.0,29568.75,25062
2026-09-04 16:00:00-04:00,29568.25,29569.0,29529.5,29541.25,7713
2026-09-04 16:15:00-04:00,29541.25,29543.25,29529.75,29531.5,1193
2026-09-04 16:30:00-04:00,29531.75,29532.0,29514.5,29530.75,2126
2026-09-04 16:45:00-04:00,29530.5,29532.5,29519.5,29523.0,1967
2026-09-06 18:00:00-04:00,29535.25,29595.25,29534.75,29579.5,2127
2026-09-06 18:15:00-04:00,29578.0,29584.25,29574.5,29579.75,449
2026-09-06 18:30:00-04:00,29578.75,29584.75,29577.25,29580.5,378
2026-09-06 18:45:00-04:00,29580.0,29583.5,29576.75,29576.75,191
2026-09-06 19:00:00-04:00,29576.5,29579.75,29562.5,29564.75,604
2026-09-06 19:15:00-04:00,29564.25,29578.0,29542.75,29544.0,1039
2026-09-06 19:30:00-04:00,29543.0,29580.25,29541.0,29574.0,1450
2026-09-06 19:45:00-04:00,29575.25,29582.75,29547.0,29557.5,958
2026-09-06 20:00:00-04:00,29557.5,29583.0,29545.0,29571.5,1651
2026-09-06 20:15:00-04:00,29570.0,29578.5,29556.25,29563.5,1071
2026-09-06 20:30:00-04:00,29564.25,29572.5,29545.25,29564.0,1124
2026-09-06 20:45:00-04:00,29564.0,29574.0,29536.0,29537.25,1182
2026-09-06 21:00:00-04:00,29538.5,29571.75,29530.5,29556.0,1951
2026-09-06 21:15:00-04:00,29553.5,29580.0,29544.5,29579.0,1221
2026-09-06 21:30:00-04:00,29578.75,29595.75,29568.75,29584.0,1539
2026-09-06 21:45:00-04:00,29584.75,29594.75,29577.5,29593.5,796
2026-09-06 22:00:00-04:00,29595.0,29596.0,29576.5,29585.25,708
2026-09-06 22:15:00-04:00,29585.75,29591.5,29571.75,29588.25,532
2026-09-06 22:30:00-04:00,29586.75,29621.75,29586.75,29606.5,1161
2026-09-06 22:45:00-04:00,29607.5,29608.25,29575.25,29583.25,1085
2026-09-06 23:00:00-04:00,29583.5,29584.75,29572.0,29581.25,873
2026-09-06 23:15:00-04:00,29581.25,29604.5,29577.25,29601.0,924
2026-09-06 23:30:00-04:00,29600.25,29622.75,29590.25,29591.0,1326
2026-09-06 23:45:00-04:00,29591.0,29602.75,29584.25,29586.0,811
2026-09-07 00:00:00-04:00,29587.0,29596.75,29575.75,29590.5,883
2026-09-07 00:15:00-04:00,29591.5,29592.25,29574.25,29584.0,602
2026-09-07 00:30:00-04:00,29585.0,29587.75,29569.75,29578.75,672
2026-09-07 00:45:00-04:00,29579.75,29600.25,29578.0,29597.25,597
2026-09-07 01:00:00-04:00,29597.75,29602.5,29579.0,29585.0,966
2026-09-07 01:15:00-04:00,29585.0,29615.25,29578.0,29611.75,1138
2026-09-07 01:30:00-04:00,29611.75,29637.25,29608.75,29636.75,1192
2026-09-07 01:45:00-04:00,29636.75,29639.0,29606.0,29610.5,1191
2026-09-07 02:00:00-04:00,29610.75,29643.0,29609.0,29642.5,1368
2026-09-07 02:15:00-04:00,29641.75,29655.0,29632.5,29651.75,1587
2026-09-07 02:30:00-04:00,29653.0,29682.25,29648.5,29664.0,1627
2026-09-07 02:45:00-04:00,29664.5,29665.75,29645.75,29663.5,1188
2026-09-07 03:00:00-04:00,29663.75,29683.5,29656.5,29666.25,1337
2026-09-07 03:15:00-04:00,29667.0,29668.5,29636.75,29637.25,1031
2026-09-07 03:30:00-04:00,29639.0,29649.25,29617.25,29626.75,1193
2026-09-07 03:45:00-04:00,29626.75,29661.0,29622.0,29657.75,1370
2026-09-07 04:00:00-04:00,29658.0,29664.5,29638.0,29646.25,1217
2026-09-07 04:15:00-04:00,29646.5,29662.0,29644.0,29654.75,710
2026-09-07 04:30:00-04:00,29655.75,29663.5,29643.0,29644.5,939
2026-09-07 04:45:00-04:00,29645.25,29654.25,29636.0,29644.5,561
2026-09-07 05:00:00-04:00,29644.75,29655.25,29636.75,29638.25,528
2026-09-07 05:15:00-04:00,29638.25,29639.25,29614.25,29617.0,841
2026-09-07 05:30:00-04:00,29617.0,29625.25,29601.25,29619.75,769
2026-09-07 05:45:00-04:00,29619.25,29622.5,29603.0,29607.25,577
2026-09-07 06:00:00-04:00,29608.0,29618.5,29604.75,29617.0,568
2026-09-07 06:15:00-04:00,29616.25,29621.75,29611.0,29613.25,308
2026-09-07 06:30:00-04:00,29613.5,29618.0,29603.5,29611.0,403
2026-09-07 06:45:00-04:00,29610.5,29612.0,29569.25,29575.75,1628
2026-09-07 07:00:00-04:00,29574.5,29579.5,29547.75,29569.25,1936
2026-09-07 07:15:00-04:00,29570.5,29570.5,29535.0,29545.75,964
2026-09-07 07:30:00-04:00,29546.25,29566.75,29541.0,29556.5,792
2026-09-07 07:45:00-04:00,29556.5,29562.75,29543.75,29545.0,455
2026-09-07 08:00:00-04:00,29545.25,29567.25,29540.25,29541.75,806
2026-09-07 08:15:00-04:00,29541.75,29551.75,29535.5,29550.0,640
2026-09-07 08:30:00-04:00,29548.5,29565.0,29547.5,29560.5,908
2026-09-07 08:45:00-04:00,29560.0,29589.75,29559.5,29588.5,1440
2026-09-07 09:00:00-04:00,29588.75,29614.0,29576.5,29611.5,1376
2026-09-07 09:15:00-04:00,29611.5,29624.75,29596.5,29614.75,1769
2026-09-07 09:30:00-04:00,29614.75,29645.25,29604.0,29619.5,4101
2026-09-07 09:45:00-04:00,29620.0,29631.5,29613.25,29618.5,2129
2026-09-07 10:00:00-04:00,29618.5,29635.0,29603.75,29610.0,2634
2026-09-07 10:15:00-04:00,29610.0,29615.25,29601.25,29611.0,1483
2026-09-07 10:30:00-04:00,29612.0,29632.75,29600.0,29629.75,1991
2026-09-07 10:45:00-04:00,29629.25,29629.25,29589.25,29592.25,1872
2026-09-07 11:00:00-04:00,29591.75,29609.75,29583.25,29587.75,2128
2026-09-07 11:15:00-04:00,29587.75,29591.75,29563.5,29577.5,1975
2026-09-07 11:30:00-04:00,29578.25,29594.75,29575.75,29585.5,1675
2026-09-07 11:45:00-04:00,29584.75,29592.25,29577.25,29592.25,950
2026-09-07 12:00:00-04:00,29593.0,29605.5,29589.75,29605.0,1117
2026-09-07 12:15:00-04:00,29606.0,29611.0,29590.25,29595.25,913
2026-09-07 12:30:00-04:00,29595.25,29612.25,29592.0,29608.5,816
2026-09-07 12:45:00-04:00,29607.25,29613.5,29594.5,29603.5,1068
2026-09-07 18:00:00-04:00,29611.5,29622.0,29571.25,29582.25,1509
2026-09-07 18:15:00-04:00,29583.0,29587.75,29555.0,29557.75,1087
2026-09-07 18:30:00-04:00,29556.5,29561.75,29540.0,29556.75,1344
2026-09-07 18:45:00-04:00,29557.0,29562.0,29544.5,29558.5,868
2026-09-07 19:00:00-04:00,29556.5,29558.0,29541.25,29546.75,761
2026-09-07 19:15:00-04:00,29546.75,29550.5,29525.0,29542.25,1717
2026-09-07 19:30:00-04:00,29541.0,29589.5,29533.5,29586.25,1953
2026-09-07 19:45:00-04:00,29586.5,29599.0,29577.0,29584.5,1464
2026-09-07 20:00:00-04:00,29583.5,29605.75,29575.0,29592.5,2824
2026-09-07 20:15:00-04:00,29592.5,29629.5,29577.75,29627.5,3736
2026-09-07 20:30:00-04:00,29628.25,29640.5,29621.25,29632.0,1519
2026-09-07 20:45:00-04:00,29632.75,29642.0,29630.75,29631.5,1109
2026-09-07 21:00:00-04:00,29632.75,29661.75,29611.75,29658.25,3261
2026-09-07 21:15:00-04:00,29658.5,29662.0,29645.75,29651.75,1232
2026-09-07 21:30:00-04:00,29652.75,29688.5,29645.25,29675.75,2231
2026-09-07 21:45:00-04:00,29675.25,29709.5,29671.5,29706.0,2218
2026-09-07 22:00:00-04:00,29706.25,29715.5,29689.0,29707.75,2144
2026-09-07 22:15:00-04:00,29707.0,29722.75,29701.5,29713.5,1398
2026-09-07 22:30:00-04:00,29714.5,29714.75,29686.25,29687.0,1298
2026-09-07 22:45:00-04:00,29686.5,29697.25,29660.25,29660.5,1860
2026-09-07 23:00:00-04:00,29661.5,29694.25,29660.75,29690.0,1628
2026-09-07 23:15:00-04:00,29689.0,29734.75,29687.75,29733.0,1975
2026-09-07 23:30:00-04:00,29732.5,29740.0,29722.0,29731.0,2053
2026-09-07 23:45:00-04:00,29730.5,29747.0,29726.5,29743.75,1378
2026-09-08 00:00:00-04:00,29742.75,29749.75,29730.5,29740.25,1182
2026-09-08 00:15:00-04:00,29739.75,29752.0,29734.0,29745.5,985
2026-09-08 00:30:00-04:00,29746.25,29764.0,29728.25,29758.75,1945
2026-09-08 00:45:00-04:00,29758.25,29764.75,29731.0,29737.25,1632
2026-09-08 01:00:00-04:00,29738.5,29739.75,29680.0,29683.5,2964
2026-09-08 01:15:00-04:00,29685.5,29733.25,29675.0,29678.75,2830
2026-09-08 01:30:00-04:00,29679.5,29685.25,29631.75,29636.75,4011
2026-09-08 01:45:00-04:00,29636.5,29647.5,29610.0,29612.25,2731
2026-09-08 02:00:00-04:00,29612.25,29622.25,29581.75,29591.0,3738
2026-09-08 02:15:00-04:00,29588.75,29591.75,29545.5,29576.25,3467
2026-09-08 02:30:00-04:00,29576.25,29613.5,29558.25,29608.0,3333
2026-09-08 02:45:00-04:00,29608.75,29620.25,29580.5,29600.25,2256
2026-09-08 03:00:00-04:00,29601.0,29638.75,29586.5,29609.5,3018
2026-09-08 03:15:00-04:00,29609.5,29628.75,29595.5,29623.75,2094
2026-09-08 03:30:00-04:00,29622.75,29624.5,29550.0,29562.5,2733
2026-09-08 03:45:00-04:00,29564.5,29566.75,29529.75,29535.5,1899
2026-09-08 04:00:00-04:00,29534.5,29541.25,29477.75,29512.5,5809
2026-09-08 04:15:00-04:00,29512.75,29530.25,29496.0,29499.75,2483
2026-09-08 04:30:00-04:00,29499.5,29525.75,29490.5,29502.0,1791
2026-09-08 04:45:00-04:00,29502.25,29533.0,29489.5,29507.0,2248
2026-09-08 05:00:00-04:00,29507.0,29546.25,29484.5,29545.75,1896
2026-09-08 05:15:00-04:00,29544.0,29549.25,29528.75,29547.75,1039
2026-09-08 05:30:00-04:00,29549.25,29587.0,29542.75,29568.0,2555
2026-09-08 05:45:00-04:00,29568.0,29600.5,29566.75,29599.75,1366
2026-09-08 06:00:00-04:00,29600.0,29600.0,29572.75,29584.5,1268
2026-09-08 06:15:00-04:00,29584.25,29649.0,29583.25,29607.75,3048
2026-09-08 06:30:00-04:00,29607.75,29608.25,29581.75,29592.75,1312
2026-09-08 06:45:00-04:00,29591.25,29592.5,29546.5,29568.0,2458
2026-09-08 07:00:00-04:00,29568.5,29583.75,29533.5,29547.0,2780
2026-09-08 07:15:00-04:00,29546.75,29576.5,29545.0,29562.25,1478
2026-09-08 07:30:00-04:00,29563.0,29575.5,29546.0,29547.0,1297
2026-09-08 07:45:00-04:00,29547.0,29601.75,29538.5,29601.0,2619
2026-09-08 08:00:00-04:00,29601.0,29601.0,29551.25,29555.0,2363
2026-09-08 08:15:00-04:00,29555.75,29595.5,29548.0,29595.5,2180
2026-09-08 08:30:00-04:00,29595.25,29627.0,29591.0,29615.0,3318
2026-09-08 08:45:00-04:00,29615.0,29654.75,29604.25,29654.0,3260
2026-09-08 09:00:00-04:00,29653.75,29660.0,29634.5,29658.5,3759
2026-09-08 09:15:00-04:00,29659.0,29668.25,29635.75,29644.75,5755
2026-09-08 09:30:00-04:00,29645.0,29686.5,29467.0,29474.0,45062
2026-09-08 09:45:00-04:00,29474.25,29538.5,29455.25,29502.75,31493
2026-09-08 10:00:00-04:00,29503.25,29512.5,29424.75,29462.5,27946
2026-09-08 10:15:00-04:00,29462.25,29524.75,29458.5,29516.75,18391
2026-09-08 10:30:00-04:00,29516.0,29538.0,29490.0,29530.0,13134
2026-09-08 10:45:00-04:00,29530.75,29563.5,29511.75,29563.0,14359
2026-09-08 11:00:00-04:00,29563.0,29610.0,29545.5,29602.75,13350
2026-09-08 11:15:00-04:00,29603.0,29639.5,29581.0,29609.0,16482
2026-09-08 11:30:00-04:00,29609.25,29645.25,29595.5,29641.5,10702
2026-09-08 11:45:00-04:00,29641.5,29644.0,29599.0,29604.25,10198
2026-09-08 12:00:00-04:00,29604.25,29622.0,29577.5,29589.5,9073
2026-09-08 12:15:00-04:00,29588.75,29604.5,29562.5,29567.75,9308
2026-09-08 12:30:00-04:00,29568.5,29584.5,29561.75,29575.5,7425
2026-09-08 12:45:00-04:00,29575.0,29609.25,29549.5,29573.5,11742
2026-09-08 13:00:00-04:00,29572.75,29641.5,29572.0,29628.75,9485
2026-09-08 13:15:00-04:00,29628.0,29633.5,29606.25,29615.75,6007
2026-09-08 13:30:00-04:00,29616.5,29632.5,29598.0,29599.5,5970
2026-09-08 13:45:00-04:00,29600.0,29613.25,29588.75,29590.0,5480
2026-09-08 14:00:00-04:00,29590.5,29613.5,29587.0,29605.25,6455
2026-09-08 14:15:00-04:00,29605.0,29615.5,29588.5,29597.0,5905
2026-09-08 14:30:00-04:00,29597.25,29604.5,29578.0,29602.75,6637
2026-09-08 14:45:00-04:00,29603.25,29611.0,29519.75,29576.25,18185
2026-09-08 15:00:00-04:00,29576.25,29586.25,29560.25,29574.75,7629
2026-09-08 15:15:00-04:00,29575.0,29579.25,29544.75,29564.0,6129
2026-09-08 15:30:00-04:00,29564.5,29566.25,29543.5,29549.0,6258
2026-09-08 15:45:00-04:00,29549.0,29552.75,29496.0,29543.5,31174
2026-09-08 16:00:00-04:00,29543.0,29550.75,29506.0,29524.25,8224
2026-09-08 16:15:00-04:00,29524.25,29528.25,29506.5,29507.75,2732
2026-09-08 16:30:00-04:00,29507.5,29524.75,29503.5,29521.25,1510
2026-09-08 16:45:00-04:00,29522.0,29527.25,29518.5,29525.75,908
2026-09-08 18:00:00-04:00,29526.5,29539.25,29503.0,29521.75,1747
2026-09-08 18:15:00-04:00,29521.75,29529.0,29508.0,29521.5,1102
2026-09-08 18:30:00-04:00,29522.25,29530.0,29516.0,29527.5,592
2026-09-08 18:45:00-04:00,29527.5,29547.0,29526.75,29544.75,808
2026-09-08 19:00:00-04:00,29544.5,29546.5,29529.5,29531.5,673
2026-09-08 19:15:00-04:00,29531.25,29531.25,29513.0,29516.75,1051
2026-09-08 19:30:00-04:00,29515.75,29519.25,29501.5,29506.25,897
2026-09-08 19:45:00-04:00,29507.0,29512.0,29489.75,29498.5,1859
2026-09-08 20:00:00-04:00,29500.75,29561.75,29499.5,29539.0,3592
2026-09-08 20:15:00-04:00,29539.75,29539.75,29516.0,29525.25,2319
2026-09-08 20:30:00-04:00,29523.75,29540.0,29509.0,29537.75,1868
2026-09-08 20:45:00-04:00,29538.25,29564.0,29532.25,29559.75,1967
2026-09-08 21:00:00-04:00,29559.75,29581.0,29555.75,29574.5,2424
2026-09-08 21:15:00-04:00,29575.25,29599.5,29569.5,29590.0,2802
2026-09-08 21:30:00-04:00,29589.75,29607.5,29577.5,29593.25,2154
2026-09-08 21:45:00-04:00,29593.25,29608.5,29581.5,29593.25,1518
2026-09-08 22:00:00-04:00,29593.5,29612.5,29589.0,29594.25,1612
2026-09-08 22:15:00-04:00,29594.5,29604.25,29583.25,29601.0,1317
2026-09-08 22:30:00-04:00,29601.5,29624.75,29596.75,29620.75,1880
2026-09-08 22:45:00-04:00,29620.25,29625.5,29606.25,29611.0,1032
2026-09-08 23:00:00-04:00,29611.5,29613.75,29583.75,29591.0,1778
2026-09-08 23:15:00-04:00,29590.5,29603.5,29589.0,29596.5,1129
2026-09-08 23:30:00-04:00,29597.75,29604.25,29587.0,29591.0,930
2026-09-08 23:45:00-04:00,29589.25,29591.5,29560.5,29562.0,1826
2026-09-09 00:00:00-04:00,29562.75,29586.5,29549.0,29557.0,2397
2026-09-09 00:15:00-04:00,29556.5,29593.0,29553.5,29581.25,1561
2026-09-09 00:30:00-04:00,29580.25,29607.0,29573.0,29603.75,1168
2026-09-09 00:45:00-04:00,29604.25,29620.25,29600.0,29614.0,1125
2026-09-09 01:00:00-04:00,29614.5,29616.25,29597.0,29605.5,1019
2026-09-09 01:15:00-04:00,29604.75,29604.75,29565.75,29580.25,1912
2026-09-09 01:30:00-04:00,29580.75,29592.0,29562.0,29576.5,1458
2026-09-09 01:45:00-04:00,29578.75,29621.5,29573.75,29621.25,1349
2026-09-09 02:00:00-04:00,29621.75,29632.25,29604.25,29629.25,2098
2026-09-09 02:15:00-04:00,29629.25,29633.75,29586.5,29593.75,1500
2026-09-09 02:30:00-04:00,29592.75,29614.0,29588.0,29611.75,1305
2026-09-09 02:45:00-04:00,29612.25,29612.5,29578.0,29579.5,1564
2026-09-09 03:00:00-04:00,29581.5,29611.5,29561.25,29572.25,2537
2026-09-09 03:15:00-04:00,29572.25,29613.0,29558.0,29612.25,2557
2026-09-09 03:30:00-04:00,29611.75,29614.0,29590.0,29594.25,1270
2026-09-09 03:45:00-04:00,29596.25,29597.0,29565.25,29588.0,1469
2026-09-09 04:00:00-04:00,29589.5,29609.0,29576.0,29582.25,2092
2026-09-09 04:15:00-04:00,29583.0,29594.25,29566.75,29587.75,1359
2026-09-09 04:30:00-04:00,29585.75,29592.75,29540.25,29541.75,2311
2026-09-09 04:45:00-04:00,29543.0,29571.75,29538.75,29564.75,1392
2026-09-09 05:00:00-04:00,29565.0,29575.0,29532.5,29550.5,1678
2026-09-09 05:15:00-04:00,29550.5,29557.0,29514.5,29528.5,1529
2026-09-09 05:30:00-04:00,29528.5,29539.25,29471.25,29479.0,2722
2026-09-09 05:45:00-04:00,29479.0,29485.5,29388.75,29400.5,5198
2026-09-09 06:00:00-04:00,29401.0,29424.75,29371.75,29395.75,4920
2026-09-09 06:15:00-04:00,29395.0,29432.25,29381.75,29419.0,2926
2026-09-09 06:30:00-04:00,29417.75,29432.0,29396.25,29397.5,2177
2026-09-09 06:45:00-04:00,29397.5,29405.0,29368.25,29391.5,3272
2026-09-09 07:00:00-04:00,29392.0,29430.25,29378.0,29407.25,2969
2026-09-09 07:15:00-04:00,29409.5,29430.5,29377.75,29418.5,2605
2026-09-09 07:30:00-04:00,29418.0,29419.25,29376.5,29377.5,2327
2026-09-09 07:45:00-04:00,29378.5,29452.0,29376.75,29396.75,5076
2026-09-09 08:00:00-04:00,29397.0,29400.5,29334.75,29337.0,4988
2026-09-09 08:15:00-04:00,29337.25,29366.5,29333.0,29351.75,3465
2026-09-09 08:30:00-04:00,29351.75,29384.25,29343.5,29381.75,3334
2026-09-09 08:45:00-04:00,29381.25,29404.0,29381.25,29390.5,3105
2026-09-09 09:00:00-04:00,29390.75,29408.5,29382.5,29403.75,3445
2026-09-09 09:15:00-04:00,29403.0,29458.5,29398.75,29455.0,6257
2026-09-09 09:30:00-04:00,29455.25,29503.75,29418.25,29478.75,36772
2026-09-09 09:45:00-04:00,29479.0,29567.25,29456.5,29558.5,26901
2026-09-09 10:00:00-04:00,29558.25,29593.75,29531.25,29562.25,21292
2026-09-09 10:15:00-04:00,29561.25,29561.75,29459.5,29535.5,26942
2026-09-09 10:30:00-04:00,29535.0,29543.5,29494.25,29537.5,14231
2026-09-09 10:45:00-04:00,29537.25,29541.75,29500.0,29528.25,11698
2026-09-09 11:00:00-04:00,29528.75,29562.25,29386.25,29399.0,28944
2026-09-09 11:15:00-04:00,29398.5,29454.5,29358.0,29390.5,22455
2026-09-09 11:30:00-04:00,29390.25,29482.5,29388.0,29438.0,20576
2026-09-09 11:45:00-04:00,29438.75,29467.0,29424.25,29448.0,9918
2026-09-09 12:00:00-04:00,29448.25,29462.0,29410.75,29414.75,8855
2026-09-09 12:15:00-04:00,29414.25,29416.75,29386.75,29399.5,8975
2026-09-09 12:30:00-04:00,29399.75,29455.5,29397.75,29455.0,9133
2026-09-09 12:45:00-04:00,29454.75,29478.0,29441.0,29458.0,9298
2026-09-09 13:00:00-04:00,29457.5,29482.5,29446.0,29476.25,9122
2026-09-09 13:15:00-04:00,29476.5,29483.75,29449.5,29450.25,6172
2026-09-09 13:30:00-04:00,29450.75,29462.0,29428.25,29455.25,6452
2026-09-09 13:45:00-04:00,29455.75,29483.5,29455.75,29468.75,5756
2026-09-09 14:00:00-04:00,29468.25,29471.75,29441.25,29442.25,4611
2026-09-09 14:15:00-04:00,29441.25,29462.25,29436.75,29453.5,6354
2026-09-09 14:30:00-04:00,29453.5,29469.5,29445.75,29466.75,5118
2026-09-09 14:45:00-04:00,29466.25,29474.0,29446.25,29447.5,5842
2026-09-09 15:00:00-04:00,29448.0,29455.25,29430.5,29449.0,6106
2026-09-09 15:15:00-04:00,29449.5,29471.25,29449.5,29451.5,4455
2026-09-09 15:30:00-04:00,29452.25,29457.5,29436.75,29447.0,5647
2026-09-09 15:45:00-04:00,29447.25,29458.5,29423.25,29454.5,20632
2026-09-09 16:00:00-04:00,29455.0,29459.25,29428.75,29451.25,8041
2026-09-09 16:15:00-04:00,29451.5,29454.75,29448.25,29450.0,1298
2026-09-09 16:30:00-04:00,29449.75,29459.0,29447.25,29454.5,1118
2026-09-09 16:45:00-04:00,29455.0,29460.0,29449.0,29460.0,1156
2026-09-09 18:00:00-04:00,29458.5,29472.75,29425.5,29428.75,2155
2026-09-09 18:15:00-04:00,29428.75,29434.0,29423.75,29429.0,645
2026-09-09 18:30:00-04:00,29429.5,29437.5,29428.75,29433.75,303
2026-09-09 18:45:00-04:00,29434.0,29438.0,29425.75,29431.5,354
2026-09-09 19:00:00-04:00,29430.5,29432.75,29419.25,29422.0,557
2026-09-09 19:15:00-04:00,29421.25,29435.0,29416.25,29427.5,759
2026-09-09 19:30:00-04:00,29428.75,29431.5,29425.0,29429.75,289
2026-09-09 19:45:00-04:00,29432.0,29470.75,29428.25,29463.5,1761
2026-09-09 20:00:00-04:00,29464.5,29480.25,29440.75,29449.5,2376
2026-09-09 20:15:00-04:00,29449.75,29477.75,29448.5,29473.75,1981
2026-09-09 20:30:00-04:00,29474.0,29475.75,29441.75,29456.5,1580
2026-09-09 20:45:00-04:00,29456.25,29456.25,29408.0,29412.0,2617
2026-09-09 21:00:00-04:00,29413.5,29426.25,29389.0,29399.75,2756
2026-09-09 21:15:00-04:00,29400.25,29415.25,29372.5,29375.75,2831
2026-09-09 21:30:00-04:00,29374.25,29404.25,29364.0,29400.5,2315
2026-09-09 21:45:00-04:00,29399.75,29417.25,29385.0,29410.5,2268
2026-09-09 22:00:00-04:00,29411.0,29412.0,29376.25,29395.5,1766
2026-09-09 22:15:00-04:00,29395.5,29396.25,29373.0,29378.5,1205
2026-09-09 22:30:00-04:00,29379.0,29422.25,29376.0,29414.75,1484
2026-09-09 22:45:00-04:00,29413.75,29423.25,29406.25,29418.25,1088
2026-09-09 23:00:00-04:00,29418.75,29437.0,29416.75,29420.5,1285
2026-09-09 23:15:00-04:00,29420.5,29428.75,29388.25,29405.25,1541
2026-09-09 23:30:00-04:00,29404.75,29416.0,29392.25,29413.0,1006
2026-09-09 23:45:00-04:00,29415.0,29431.0,29411.75,29427.75,1115
2026-09-10 00:00:00-04:00,29428.0,29436.25,29422.5,29428.0,979
2026-09-10 00:15:00-04:00,29428.25,29437.5,29423.5,29434.5,685
2026-09-10 00:30:00-04:00,29433.75,29447.25,29431.0,29434.75,891
2026-09-10 00:45:00-04:00,29434.25,29462.5,29432.5,29458.75,1225
2026-09-10 01:00:00-04:00,29459.5,29469.75,29448.5,29461.75,1168
2026-09-10 01:15:00-04:00,29460.5,29493.5,29454.75,29490.25,1706
2026-09-10 01:30:00-04:00,29491.0,29498.5,29481.0,29487.5,1103
2026-09-10 01:45:00-04:00,29487.5,29508.25,29465.0,29484.75,1540
2026-09-10 02:00:00-04:00,29484.0,29492.5,29453.25,29455.5,1750
2026-09-10 02:15:00-04:00,29455.75,29473.0,29435.25,29472.0,2129
2026-09-10 02:30:00-04:00,29473.5,29488.75,29468.5,29479.0,1193
2026-09-10 02:45:00-04:00,29479.75,29491.25,29466.75,29476.25,1145
2026-09-10 03:00:00-04:00,29476.75,29478.25,29450.75,29470.0,1367
2026-09-10 03:15:00-04:00,29471.0,29473.0,29433.0,29435.25,1175
2026-09-10 03:30:00-04:00,29434.75,29445.5,29417.25,29444.75,1626
2026-09-10 03:45:00-04:00,29443.75,29455.5,29436.5,29445.0,1176
2026-09-10 04:00:00-04:00,29443.75,29460.25,29431.0,29432.25,1732
2026-09-10 04:15:00-04:00,29433.5,29453.25,29424.5,29449.5,1156
2026-09-10 04:30:00-04:00,29449.0,29457.0,29413.0,29416.75,1559
2026-09-10 04:45:00-04:00,29417.75,29428.0,29405.25,29414.0,1131
2026-09-10 05:00:00-04:00,29412.5,29431.0,29406.75,29415.5,1006
2026-09-10 05:15:00-04:00,29416.75,29419.75,29392.5,29397.0,976
2026-09-10 05:30:00-04:00,29395.5,29396.0,29359.25,29391.75,2124
2026-09-10 05:45:00-04:00,29390.75,29420.0,29390.75,29406.5,1503
2026-09-10 06:00:00-04:00,29405.75,29418.0,29388.75,29396.5,1142
2026-09-10 06:15:00-04:00,29394.5,29409.75,29385.25,29391.0,1070
2026-09-10 06:30:00-04:00,29391.0,29404.5,29363.5,29392.25,1557
2026-09-10 06:45:00-04:00,29392.0,29423.75,29363.75,29376.0,2721
2026-09-10 07:00:00-04:00,29375.0,29376.0,29326.75,29343.25,3295
2026-09-10 07:15:00-04:00,29343.25,29349.25,29331.5,29336.0,1426
2026-09-10 07:30:00-04:00,29337.5,29364.0,29335.75,29345.75,1643
2026-09-10 07:45:00-04:00,29345.5,29352.5,29262.75,29264.5,4787
2026-09-10 08:00:00-04:00,29264.25,29278.25,29232.75,29258.25,5212
2026-09-10 08:15:00-04:00,29260.0,29262.75,29211.0,29237.5,4799
2026-09-10 08:30:00-04:00,29229.0,29251.75,29082.0,29102.5,18283
2026-09-10 08:45:00-04:00,29103.75,29106.0,29043.25,29056.5,11585
2026-09-10 09:00:00-04:00,29058.0,29098.25,29054.75,29068.75,9418
2026-09-10 09:15:00-04:00,29069.0,29090.25,29043.75,29089.0,9740
2026-09-10 09:30:00-04:00,29089.5,29200.0,29057.5,29138.0,51294
2026-09-10 09:45:00-04:00,29138.25,29203.25,29088.5,29099.75,31053
2026-09-10 10:00:00-04:00,29099.5,29178.75,29097.25,29139.75,25173
2026-09-10 10:15:00-04:00,29139.5,29263.0,29111.0,29205.75,33086
2026-09-10 10:30:00-04:00,29206.25,29275.0,29204.75,29237.25,20048
2026-09-10 10:45:00-04:00,29236.0,29264.75,29210.0,29263.25,15961
2026-09-10 11:00:00-04:00,29263.25,29265.0,29214.0,29243.75,15541
2026-09-10 11:15:00-04:00,29243.25,29256.0,29197.5,29236.0,13045
2026-09-10 11:30:00-04:00,29236.75,29272.75,29217.25,29251.5,11830
2026-09-10 11:45:00-04:00,29251.25,29256.75,29186.0,29205.0,12635
2026-09-10 12:00:00-04:00,29205.0,29231.5,29165.75,29181.25,10812
2026-09-10 12:15:00-04:00,29180.5,29202.0,29161.75,29177.0,8701
2026-09-10 12:30:00-04:00,29176.75,29215.75,29133.75,29208.0,15115
2026-09-10 12:45:00-04:00,29208.25,29242.75,29204.5,29232.5,11572
2026-09-10 13:00:00-04:00,29232.75,29267.5,29212.75,29225.5,10048
2026-09-10 13:15:00-04:00,29225.75,29233.0,29199.5,29209.25,6565
2026-09-10 13:30:00-04:00,29209.0,29214.75,29175.5,29202.5,7882
2026-09-10 13:45:00-04:00,29202.5,29205.25,29183.25,29186.0,5748
2026-09-10 14:00:00-04:00,29186.25,29199.75,29148.25,29159.75,9280
2026-09-10 14:15:00-04:00,29159.75,29180.25,29148.75,29158.5,7278
2026-09-10 14:30:00-04:00,29157.75,29176.25,29146.25,29173.5,5686
2026-09-10 14:45:00-04:00,29173.0,29199.0,29151.0,29174.25,8847
2026-09-10 15:00:00-04:00,29174.25,29176.0,29141.0,29156.5,10011
2026-09-10 15:15:00-04:00,29157.25,29164.5,29136.0,29160.0,6153
2026-09-10 15:30:00-04:00,29158.75,29169.25,29144.25,29158.0,7394
2026-09-10 15:45:00-04:00,29158.0,29168.5,29123.25,29138.0,24880
2026-09-10 16:00:00-04:00,29138.25,29156.75,29123.0,29153.25,6946
2026-09-10 16:15:00-04:00,29153.75,29156.0,29142.25,29144.5,1887
2026-09-10 16:30:00-04:00,29145.5,29153.0,29144.25,29151.5,1089
2026-09-10 16:45:00-04:00,29152.0,29154.5,29128.0,29143.25,1329
2026-09-10 18:00:00-04:00,29141.0,29156.75,29134.5,29143.25,1346
2026-09-10 18:15:00-04:00,29144.5,29157.5,29117.25,29118.0,1386
2026-09-10 18:30:00-04:00,29117.25,29122.75,29104.25,29105.5,1317
2026-09-10 18:45:00-04:00,29105.75,29116.25,29098.75,29107.5,1090
2026-09-10 19:00:00-04:00,29106.25,29115.0,29100.0,29109.5,765
2026-09-10 19:15:00-04:00,29110.25,29111.5,29096.75,29102.75,608
2026-09-10 19:30:00-04:00,29103.0,29111.5,29097.75,29106.75,754
2026-09-10 19:45:00-04:00,29105.75,29107.0,29062.5,29064.75,2075
2026-09-10 20:00:00-04:00,29065.0,29127.75,29063.25,29108.5,3461
2026-09-10 20:15:00-04:00,29109.75,29144.75,29095.0,29138.5,2330
2026-09-10 20:30:00-04:00,29138.25,29166.25,29118.0,29123.75,3086
2026-09-10 20:45:00-04:00,29124.5,29163.5,29123.5,29161.0,1283
2026-09-10 21:00:00-04:00,29159.75,29171.5,29146.5,29148.25,1961
2026-09-10 21:15:00-04:00,29149.5,29150.0,29124.75,29125.5,1674
2026-09-10 21:30:00-04:00,29126.5,29138.25,29109.0,29118.5,1662
2026-09-10 21:45:00-04:00,29119.75,29130.0,29103.5,29128.75,1371
2026-09-10 22:00:00-04:00,29129.5,29138.5,29120.75,29131.75,1384
2026-09-10 22:15:00-04:00,29131.25,29132.0,29098.5,29107.25,1825
2026-09-10 22:30:00-04:00,29107.25,29109.25,29082.25,29086.5,1775
2026-09-10 22:45:00-04:00,29086.25,29111.5,29083.25,29093.25,1389
2026-09-10 23:00:00-04:00,29092.0,29096.75,29061.75,29076.0,1660
2026-09-10 23:15:00-04:00,29076.75,29084.0,29062.75,29071.25,1164
2026-09-10 23:30:00-04:00,29071.5,29089.5,29048.5,29085.5,2186
2026-09-10 23:45:00-04:00,29086.5,29088.25,29050.75,29059.5,1582
2026-09-11 00:00:00-04:00,29058.75,29094.75,29040.5,29093.25,3403
2026-09-11 00:15:00-04:00,29093.75,29126.5,29075.75,29123.75,1887
2026-09-11 00:30:00-04:00,29124.25,29140.25,29116.75,29137.0,1383
2026-09-11 00:45:00-04:00,29137.75,29151.5,29120.75,29125.0,1470
2026-09-11 01:00:00-04:00,29124.5,29161.25,29119.5,29158.25,1784
2026-09-11 01:15:00-04:00,29159.0,29165.0,29130.0,29134.0,1254
2026-09-11 01:30:00-04:00,29134.0,29195.25,29133.75,29191.0,2046
2026-09-11 01:45:00-04:00,29191.0,29242.75,29176.5,29233.25,2912
2026-09-11 02:00:00-04:00,29233.0,29248.5,29216.0,29244.25,2278
2026-09-11 02:15:00-04:00,29245.0,29252.0,29222.25,29224.5,1599
2026-09-11 02:30:00-04:00,29225.25,29239.0,29215.5,29228.5,1663
2026-09-11 02:45:00-04:00,29228.5,29261.5,29228.5,29255.0,1672
2026-09-11 03:00:00-04:00,29254.25,29268.75,29249.25,29257.0,1652
2026-09-11 03:15:00-04:00,29258.75,29264.0,29235.75,29235.75,1308
2026-09-11 03:30:00-04:00,29235.75,29247.5,29229.0,29235.25,1046
2026-09-11 03:45:00-04:00,29235.25,29245.75,29225.0,29242.5,1043
2026-09-11 04:00:00-04:00,29242.5,29272.0,29224.5,29244.75,2613
2026-09-11 04:15:00-04:00,29245.0,29318.0,29239.25,29269.75,3476
2026-09-11 04:30:00-04:00,29271.0,29313.75,29270.75,29289.75,1549
2026-09-11 04:45:00-04:00,29291.5,29326.0,29287.0,29322.75,1595
2026-09-11 05:00:00-04:00,29324.25,29334.0,29292.5,29294.25,1986
2026-09-11 05:15:00-04:00,29293.0,29315.25,29289.5,29304.0,1221
2026-09-11 05:30:00-04:00,29304.75,29315.5,29301.75,29308.0,580
2026-09-11 05:45:00-04:00,29307.75,29326.5,29303.75,29319.0,717
2026-09-11 06:00:00-04:00,29319.25,29339.75,29285.25,29326.25,2171
2026-09-11 06:15:00-04:00,29326.5,29329.75,29307.75,29314.25,1060
2026-09-11 06:30:00-04:00,29314.25,29328.75,29309.5,29315.75,841
2026-09-11 06:45:00-04:00,29316.0,29318.25,29305.5,29309.25,881
2026-09-11 07:00:00-04:00,29310.5,29315.0,29289.5,29293.5,1441
2026-09-11 07:15:00-04:00,29294.25,29324.75,29290.25,29312.75,1380
2026-09-11 07:30:00-04:00,29313.0,29332.25,29296.75,29330.25,1730
2026-09-11 07:45:00-04:00,29330.25,29337.5,29319.5,29323.25,1173
2026-09-11 08:00:00-04:00,29324.25,29336.75,29304.0,29323.75,2452
2026-09-11 08:15:00-04:00,29324.25,29399.0,29318.5,29389.75,4349
2026-09-11 08:30:00-04:00,29385.0,29399.5,29204.0,29356.5,17667
2026-09-11 08:45:00-04:00,29357.25,29475.75,29343.0,29469.5,10555
2026-09-11 09:00:00-04:00,29468.75,29500.25,29434.75,29443.5,10344
2026-09-11 09:15:00-04:00,29442.75,29452.25,29414.75,29418.0,7549
2026-09-11 09:30:00-04:00,29417.5,29440.0,29347.25,29433.75,48890
2026-09-11 09:45:00-04:00,29434.0,29480.75,29379.25,29472.75,29635
2026-09-11 10:00:00-04:00,29473.0,29473.25,29365.0,29397.75,31157
2026-09-11 10:15:00-04:00,29397.0,29467.5,29373.25,29451.0,16956
2026-09-11 10:30:00-04:00,29451.25,29455.25,29353.25,29372.0,20973
2026-09-11 10:45:00-04:00,29372.75,29401.0,29334.0,29369.75,22671
2026-09-11 11:00:00-04:00,29370.75,29432.5,29361.0,29393.5,14694
2026-09-11 11:15:00-04:00,29393.75,29493.25,29393.75,29485.0,15065
2026-09-11 11:30:00-04:00,29485.25,29499.75,29462.75,29478.0,11334
2026-09-11 11:45:00-04:00,29478.25,29478.75,29441.25,29450.0,9569
2026-09-11 12:00:00-04:00,29450.25,29485.25,29445.0,29448.0,7908
2026-09-11 12:15:00-04:00,29447.75,29452.25,29397.75,29402.75,10823
2026-09-11 12:30:00-04:00,29402.0,29441.5,29392.0,29432.0,11400
2026-09-11 12:45:00-04:00,29431.25,29437.75,29413.25,29436.75,5273
2026-09-11 13:00:00-04:00,29437.0,29464.75,29435.75,29437.5,8320
2026-09-11 13:15:00-04:00,29438.25,29479.0,29438.0,29463.5,6532
2026-09-11 13:30:00-04:00,29463.25,29478.0,29457.5,29462.25,5568
2026-09-11 13:45:00-04:00,29462.5,29468.5,29447.75,29452.5,3829
2026-09-11 14:00:00-04:00,29452.25,29460.5,29437.5,29441.0,4360
2026-09-11 14:15:00-04:00,29441.5,29446.75,29417.0,29441.5,9306
2026-09-11 14:30:00-04:00,29442.0,29459.0,29432.0,29437.75,5259
2026-09-11 14:45:00-04:00,29438.0,29444.75,29425.75,29429.5,5765
2026-09-11 15:00:00-04:00,29429.5,29433.25,29405.25,29416.0,6749
2026-09-11 15:15:00-04:00,29415.0,29427.5,29411.5,29415.0,6331
2026-09-11 15:30:00-04:00,29414.25,29427.0,29411.5,29424.0,5826
2026-09-11 15:45:00-04:00,29423.75,29428.5,29378.75,29386.75,24271
2026-09-11 16:00:00-04:00,29386.25,29393.0,29376.25,29381.25,6875
2026-09-11 16:15:00-04:00,29381.5,29387.25,29376.5,29384.5,994
2026-09-11 16:30:00-04:00,29384.75,29396.5,29384.25,29389.25,1438
2026-09-11 16:45:00-04:00,29389.25,29397.5,29383.25,29391.75,1101
2026-09-13 18:00:00-04:00,28997.75,29111.0,28981.0,29025.5,6283
2026-09-13 18:15:00-04:00,29023.5,29086.0,29013.0,29083.75,3189
2026-09-13 18:30:00-04:00,29081.0,29104.0,29073.0,29075.5,2300
2026-09-13 18:45:00-04:00,29075.75,29086.25,29065.5,29068.5,1154
2026-09-13 19:00:00-04:00,29069.0,29076.0,29055.5,29063.0,890
2026-09-13 19:15:00-04:00,29062.75,29099.5,29060.75,29096.75,891
2026-09-13 19:30:00-04:00,29096.0,29101.5,29031.0,29038.75,1553
2026-09-13 19:45:00-04:00,29038.5,29038.5,29010.0,29017.5,1487
2026-09-13 20:00:00-04:00,29016.25,29075.25,29016.25,29056.25,2545
2026-09-13 20:15:00-04:00,29056.75,29064.5,29005.0,29015.0,2868
2026-09-13 20:30:00-04:00,29013.5,29037.0,29008.75,29036.25,1183
2026-09-13 20:45:00-04:00,29036.5,29046.5,29013.75,29014.5,1380
2026-09-13 21:00:00-04:00,29015.0,29038.75,29000.25,29012.0,1600
2026-09-13 21:15:00-04:00,29011.0,29021.0,28999.25,29017.75,1093
2026-09-13 21:30:00-04:00,29018.0,29037.75,29003.25,29025.75,1220
2026-09-13 21:45:00-04:00,29027.0,29074.75,29027.0,29068.25,1575
2026-09-13 22:00:00-04:00,29068.0,29080.75,29054.0,29071.5,1405
2026-09-13 22:15:00-04:00,29070.75,29075.0,29059.5,29066.0,590
2026-09-13 22:30:00-04:00,29062.75,29074.5,29040.75,29050.0,1161
2026-09-13 22:45:00-04:00,29047.25,29070.0,29047.0,29053.5,749
2026-09-13 23:00:00-04:00,29052.75,29059.25,29028.0,29031.0,1355
2026-09-13 23:15:00-04:00,29029.75,29038.0,29008.25,29026.5,1536
2026-09-13 23:30:00-04:00,29026.5,29027.0,29010.0,29015.5,705
2026-09-13 23:45:00-04:00,29016.0,29025.5,29009.75,29016.5,529
2026-09-14 00:00:00-04:00,29016.75,29036.25,29010.0,29011.5,963
2026-09-14 00:15:00-04:00,29010.75,29022.75,29002.25,29018.0,742
2026-09-14 00:30:00-04:00,29018.0,29023.75,29001.5,29008.5,832
2026-09-14 00:45:00-04:00,29009.75,29033.75,29009.75,29015.0,739
2026-09-14 01:00:00-04:00,29015.0,29025.0,29008.5,29016.5,423
2026-09-14 01:15:00-04:00,29018.25,29019.5,29000.0,29010.5,508
2026-09-14 01:30:00-04:00,29011.5,29019.5,28986.5,28996.5,1103
2026-09-14 01:45:00-04:00,28997.75,29016.0,28989.0,29013.25,759
2026-09-14 02:00:00-04:00,29014.5,29037.5,29009.0,29028.75,1146
2026-09-14 02:15:00-04:00,29027.5,29035.0,29013.5,29032.0,848
2026-09-14 02:30:00-04:00,29031.0,29033.75,28997.75,29009.25,1035
2026-09-14 02:45:00-04:00,29011.5,29017.0,28973.5,28976.5,1283
2026-09-14 03:00:00-04:00,28977.5,28982.5,28937.5,28974.0,2265
2026-09-14 03:15:00-04:00,28973.75,28991.5,28948.5,28951.0,1109
2026-09-14 03:30:00-04:00,28950.0,28959.5,28925.0,28930.75,1038
2026-09-14 03:45:00-04:00,28929.75,28940.5,28905.0,28917.25,1639
2026-09-14 04:00:00-04:00,28920.0,28949.0,28906.25,28933.25,1832
2026-09-14 04:15:00-04:00,28934.75,28934.75,28874.75,28876.5,1575
2026-09-14 04:30:00-04:00,28874.75,28916.5,28872.5,28895.5,1495
2026-09-14 04:45:00-04:00,28895.25,28902.75,28850.0,28877.25,2032
2026-09-14 05:00:00-04:00,28877.5,28891.5,28836.0,28847.5,1607
2026-09-14 05:15:00-04:00,28848.25,28860.5,28816.25,28852.0,2246
2026-09-14 05:30:00-04:00,28851.5,28870.0,28844.0,28849.75,1651
2026-09-14 05:45:00-04:00,28850.0,28862.75,28839.0,28855.75,730
2026-09-14 06:00:00-04:00,28856.0,28883.0,28855.0,28875.0,859
2026-09-14 06:15:00-04:00,28874.75,28910.0,28861.5,28907.75,1171
2026-09-14 06:30:00-04:00,28908.5,28940.5,28902.5,28934.0,1226
2026-09-14 06:45:00-04:00,28934.0,28941.0,28916.75,28926.0,851
2026-09-14 07:00:00-04:00,28926.75,28947.75,28913.5,28937.25,1190
2026-09-14 07:15:00-04:00,28936.25,28977.5,28935.75,28972.0,1490
2026-09-14 07:30:00-04:00,28972.75,28972.75,28931.0,28948.0,1397
2026-09-14 07:45:00-04:00,28948.75,28960.75,28921.0,28928.75,1201
2026-09-14 08:00:00-04:00,28928.5,28928.5,28891.25,28912.0,2581
2026-09-14 08:15:00-04:00,28911.75,28945.5,28906.75,28918.0,2447
2026-09-14 08:30:00-04:00,28917.75,28931.0,28845.0,28900.75,5302
2026-09-14 08:45:00-04:00,28900.25,28905.0,28857.25,28879.25,2786
2026-09-14 09:00:00-04:00,28880.0,28881.25,28829.0,28876.5,4745
2026-09-14 09:15:00-04:00,28878.0,28924.25,28877.5,28905.25,4801
2026-09-14 09:30:00-04:00,28906.5,28953.5,28878.75,28951.5,20179
2026-09-14 09:45:00-04:00,28952.0,29045.75,28951.0,29003.25,16573
2026-09-14 10:00:00-04:00,29003.5,29089.0,29001.0,29073.25,11870
2026-09-14 10:15:00-04:00,29073.75,29081.0,28976.0,29007.0,11127
2026-09-14 10:30:00-04:00,29006.25,29020.25,28955.75,28991.5,10813
2026-09-14 10:45:00-04:00,28991.25,29020.5,28970.0,29012.0,9353
2026-09-14 11:00:00-04:00,29011.25,29080.5,28986.25,29023.25,9525
2026-09-14 11:15:00-04:00,29022.25,29090.0,29018.0,29078.0,7250
2026-09-14 11:30:00-04:00,29077.0,29208.5,29072.0,29200.75,18323
2026-09-14 11:45:00-04:00,29201.0,29202.5,29163.75,29175.0,7080
2026-09-14 12:00:00-04:00,29173.5,29179.0,29134.25,29161.5,6133
2026-09-14 12:15:00-04:00,29162.5,29229.75,29162.5,29192.5,7374
2026-09-14 12:30:00-04:00,29193.0,29220.25,29184.0,29220.25,4154
2026-09-14 12:45:00-04:00,29219.25,29277.25,29205.25,29259.25,8377
2026-09-14 13:00:00-04:00,29259.0,29275.5,29239.5,29254.5,4052
2026-09-14 13:15:00-04:00,29255.25,29279.0,29233.0,29279.0,3573
2026-09-14 13:30:00-04:00,29279.0,29285.0,29267.75,29280.0,3769
2026-09-14 13:45:00-04:00,29279.5,29303.0,29279.5,29280.75,5010
2026-09-14 14:00:00-04:00,29281.75,29301.25,29267.25,29282.75,4926
2026-09-14 14:15:00-04:00,29283.0,29290.0,29255.5,29262.0,3587
2026-09-14 14:30:00-04:00,29261.5,29282.25,29257.75,29270.25,3232
2026-09-14 14:45:00-04:00,29270.5,29274.25,29253.25,29258.0,2834
2026-09-14 15:00:00-04:00,29257.5,29259.25,29227.25,29233.5,4626
2026-09-14 15:15:00-04:00,29233.0,29233.25,29217.0,29224.25,3133
2026-09-14 15:30:00-04:00,29224.25,29230.75,29210.5,29215.75,3049
2026-09-14 15:45:00-04:00,29216.0,29231.5,29147.0,29151.25,14582
2026-09-14 16:00:00-04:00,29151.75,29167.25,29150.25,29163.0,3918
2026-09-14 16:15:00-04:00,29163.5,29183.25,29149.0,29180.0,1123
2026-09-14 16:30:00-04:00,29180.25,29186.0,29174.25,29182.75,854
2026-09-14 16:45:00-04:00,29182.0,29199.75,29181.25,29193.75,991
2026-09-14 18:00:00-04:00,29200.0,29200.0,29162.0,29166.75,762
2026-09-14 18:15:00-04:00,29168.0,29175.5,29155.0,29163.0,370
2026-09-14 18:30:00-04:00,29163.5,29171.75,29160.0,29161.0,160
2026-09-14 18:45:00-04:00,29162.25,29177.25,29162.0,29163.0,195
2026-09-14 19:00:00-04:00,29164.75,29171.0,29156.25,29166.5,217
2026-09-14 19:15:00-04:00,29166.0,29167.75,29155.5,29159.0,195
2026-09-14 19:30:00-04:00,29160.0,29168.25,29157.75,29163.25,103
2026-09-14 19:45:00-04:00,29160.0,29166.5,29150.25,29165.75,264
