date,n_bars,missing,open,close,rth_volume,contract,first_bar_missing,cash_day,liquid,complete,tradable,prev_close,prev_close_valid,ret_cc,vix_prev_close
2018-09-03,210,180,7670.25,7681.25,11716.0,0,False,False,False,False,False,,False,,
2018-09-04,390,0,7638.0,7628.25,348002.0,0,False,True,True,True,True,,False,,12.86
2018-09-05,390,0,7615.25,7528.5,442214.0,0,False,True,True,True,True,7628.25,True,-0.013076393668272512,13.16
2018-09-06,390,0,7529.75,7458.25,561479.0,0,False,True,True,True,True,7528.5,True,-0.009331208075977981,13.91
2018-09-07,390,0,7406.5,7436.75,481755.0,0,False,True,True,True,True,7458.25,True,-0.0028827137733382635,14.65
2018-09-10,390,0,7471.0,7455.0,343468.0,0,False,True,True,True,True,7436.75,True,0.002454028977711964,14.88
2018-09-11,390,0,7423.0,7511.75,375736.0,0,False,True,True,True,True,7455.0,True,0.007612340710932308,14.16
2018-09-12,390,0,7501.25,7490.75,494898.0,0,False,True,True,True,True,7511.75,True,-0.0027956201950277704,13.22
2018-09-13,390,0,7533.25,7563.75,341980.0,0,False,True,True,True,True,7490.75,True,0.009745352601541857,13.14
2018-09-14,390,0,7573.5,7545.0,141814.0,0,False,True,False,True,False,7563.75,True,-0.0024789291026277027,12.37
2018-09-17,390,0,7531.5,7436.5,98177.0,0,False,True,False,True,False,7545.0,True,-0.014380384360503595,12.07
2018-09-18,390,0,7442.75,7497.5,67690.0,0,False,True,False,True,False,7436.5,True,0.008202783567538452,13.68
2018-09-19,389,1,7498.25,7492.25,40737.0,0,False,True,False,True,False,7497.5,True,-0.0007002334111370079,12.79
2018-09-20,390,0,7542.5,7570.75,32391.0,0,False,True,False,True,False,7492.25,True,0.01047749340985682,11.75
2018-09-24,390,0,7505.75,7579.25,322934.0,1,False,True,True,True,True,,False,,11.68
2018-09-25,390,0,7576.0,7591.0,260535.0,1,False,True,True,True,True,7579.25,True,0.0015502853184681253,12.2
2018-09-26,390,0,7596.5,7593.25,331698.0,1,False,True,True,True,True,7591.0,True,0.00029640363588456786,12.42
2018-09-27,390,0,7626.25,7659.5,285566.0,1,False,True,True,True,True,7593.25,True,0.008724854311394914,12.89
2018-09-28,390,0,7634.75,7656.75,278493.0,1,False,True,True,True,True,7659.5,True,-0.00035903126835956645,12.41
2018-10-01,390,0,7698.5,7670.75,277897.0,1,False,True,True,True,True,7656.75,True,0.0018284520194600251,12.12
2018-10-02,390,0,7661.75,7654.0,314964.0,1,False,True,True,True,True,7670.75,True,-0.0021836195939118896,12.0
2018-10-03,390,0,7685.0,7663.0,321711.0,1,False,True,True,True,True,7654.0,True,0.001175855761693212,12.05
2018-10-04,390,0,7628.75,7514.0,578636.0,1,False,True,True,True,True,7663.0,True,-0.019444081952238013,11.61
2018-10-05,390,0,7510.0,7420.75,585398.0,1,False,True,True,True,True,7514.0,True,-0.01241016768698433,14.22
2018-10-08,390,0,7386.5,7376.5,503051.0,1,False,True,True,True,True,7420.75,True,-0.005963009129804964,14.82
2018-10-09,390,0,7380.75,7395.25,476319.0,1,False,True,True,True,True,7376.5,True,0.0025418558937164715,15.69
2018-10-10,390,0,7353.25,7071.5,778541.0,1,False,True,True,True,True,7395.25,True,-0.04377810080795108,15.95
2018-10-11,390,0,7040.5,6984.25,845352.0,1,False,True,True,True,True,7071.5,True,-0.012338259209502933,22.96
2018-10-12,390,0,7161.75,7176.75,581170.0,1,False,True,True,True,True,6984.25,True,0.027562014532698464,24.98
2018-10-15,390,0,7148.5,7084.75,483085.0,1,False,True,True,True,True,7176.75,True,-0.012819173024001151,21.31
2018-10-16,390,0,7160.0,7291.0,461257.0,1,False,True,True,True,True,7084.75,True,0.029111824693884847,21.3
2018-10-17,390,0,7330.75,7296.75,544585.0,1,False,True,True,True,True,7291.0,True,0.0007886435331230235,17.62
2018-10-18,390,0,7266.75,7131.75,593058.0,1,False,True,True,True,True,7296.75,True,-0.022612807071641483,17.4
2018-10-19,390,0,7175.0,7119.25,520705.0,1,False,True,True,True,True,7131.75,True,-0.0017527254881340992,20.06
2018-10-22,390,0,7160.5,7155.75,495404.0,1,False,True,True,True,True,7119.25,True,0.005126944551743451,19.89
2018-10-23,390,0,7026.25,7132.25,633346.0,1,False,True,True,True,True,7155.75,True,-0.003284072249589487,19.64
2018-10-24,390,0,7121.0,6798.25,689487.0,1,False,True,True,True,True,7132.25,True,-0.04682954186967647,20.71
2018-10-25,390,0,6907.25,7030.5,555781.0,1,False,True,True,True,True,6798.25,True,0.03416320376567494,25.23
2018-10-26,390,0,6791.5,6858.0,818814.0,1,False,True,True,True,True,7030.5,True,-0.024535950501386794,24.22
2018-10-29,390,0,6952.5,6730.25,723061.0,1,False,True,True,True,True,6858.0,True,-0.018627879848352236,24.16
2018-10-30,390,0,6694.5,6817.75,616510.0,1,False,True,True,True,True,6730.25,True,0.013001002934512007,24.7
2018-10-31,390,0,6927.75,6973.5,575196.0,1,False,True,True,True,True,6817.75,True,0.022844780169410717,23.35
2018-11-01,390,0,6990.25,7073.25,425693.0,1,False,True,True,True,True,6973.5,True,0.01430415143041519,21.23
2018-11-02,390,0,7050.75,6965.5,564107.0,1,False,True,True,True,True,7073.25,True,-0.015233449969957236,19.34
2018-11-05,390,0,6969.75,6943.0,407386.0,1,False,True,True,True,True,6965.5,True,-0.003230206015361392,19.51
2018-11-06,390,0,6941.0,6995.5,411232.0,1,False,True,True,True,True,6943.0,True,0.007561572807143868,19.96
2018-11-07,390,0,7078.25,7210.25,423109.0,1,False,True,True,True,True,6995.5,True,0.030698306053891677,19.91
2018-11-08,390,0,7179.5,7168.25,360269.0,1,False,True,True,True,True,7210.25,True,-0.005825040740612297,16.36
2018-11-09,390,0,7098.75,7046.0,472063.0,1,False,True,True,True,True,7168.25,True,-0.017054371708576044,16.72
2018-11-12,390,0,6994.0,6838.25,575732.0,1,False,True,True,True,True,7046.0,True,-0.029484814078910015,17.36
2018-11-13,390,0,6864.75,6838.5,550960.0,1,False,True,True,True,True,6838.25,True,3.655906116328822e-05,20.45
2018-11-14,390,0,6903.75,6782.25,566728.0,1,False,True,True,True,True,6838.5,True,-0.008225488045624063,20.02
2018-11-15,390,0,6768.25,6903.5,598587.0,1,False,True,True,True,True,6782.25,True,0.017877548011353106,21.25
2018-11-16,390,0,6836.5,6879.0,534331.0,1,False,True,True,True,True,6903.5,True,-0.0035489244586079938,19.98
2018-11-19,390,0,6845.25,6652.75,615533.0,1,False,True,True,True,True,6879.0,True,-0.03288995493531033,18.14
2018-11-20,390,0,6501.5,6536.0,688369.0,1,False,True,True,True,True,6652.75,True,-0.017549133816842644,20.1
2018-11-21,390,0,6620.0,6583.5,392041.0,1,False,True,True,True,True,6536.0,True,0.007267441860465018,22.48
2018-11-22,210,180,6548.25,6521.0,30513.0,1,False,False,False,False,False,,False,,
2018-11-23,225,165,6530.0,6530.5,183986.0,1,False,True,True,False,False,6583.5,True,-0.008050429103060641,20.8
2018-11-26,390,0,6624.25,6685.25,376114.0,1,False,True,True,True,True,6530.5,True,0.023696501033611428,21.52
2018-11-27,390,0,6646.5,6706.75,440090.0,1,False,True,True,True,True,6685.25,True,0.0032160353015968646,18.9
2018-11-28,390,0,6754.0,6919.75,523733.0,1,False,True,True,True,True,6706.75,True,0.03175904871957358,19.02
2018-11-29,390,0,6892.75,6898.75,419894.0,1,False,True,True,True,True,6919.75,True,-0.0030347917193540574,18.49
2018-11-30,390,0,6906.75,6950.5,386504.0,1,False,True,True,True,True,6898.75,True,0.007501358941837344,18.79
2018-12-03,390,0,7099.0,7065.75,428439.0,1,False,True,True,True,True,6950.5,True,0.016581540896338343,18.07
2018-12-04,390,0,7028.75,6801.0,682134.0,1,False,True,True,True,True,7065.75,True,-0.03746948306973785,16.44
2018-12-06,390,0,6661.5,6843.75,754990.0,1,False,True,True,True,True,6801.0,True,0.006285840317600266,20.74
2018-12-07,390,0,6811.25,6615.5,689451.0,1,False,True,True,True,True,6843.75,True,-0.03335159817351596,21.19
2018-12-10,390,0,6605.25,6685.0,626351.0,1,False,True,True,True,True,6615.5,True,0.010505630715743397,23.23
2018-12-11,390,0,6792.0,6706.25,569397.0,1,False,True,True,True,True,6685.0,True,0.0031787584143605496,22.64
2018-12-12,390,0,6807.75,6766.5,487942.0,1,False,True,True,True,True,6706.25,True,0.008984156570363444,21.76
2018-12-13,390,0,6807.0,6767.5,479562.0,1,False,True,True,True,True,6766.5,True,0.0001477868913026814,21.46
2018-12-14,390,0,6688.75,6595.25,225108.0,1,False,True,True,True,True,6767.5,True,-0.02545253047654228,20.65
2018-12-17,390,0,6572.5,6457.5,208658.0,1,False,True,True,True,True,6595.25,True,-0.020886243887646372,21.63
2018-12-18,390,0,6502.5,6491.25,111035.0,1,False,True,False,True,False,6457.5,True,0.005226480836237002,24.52
2018-12-19,390,0,6485.0,6342.75,93423.0,1,False,True,False,True,False,6491.25,True,-0.022876949740034624,25.58
2018-12-20,390,0,6314.75,6246.25,40499.0,1,False,True,False,True,False,6342.75,True,-0.015214220960939606,25.58
2018-12-24,225,165,6022.25,5894.0,316483.0,2,False,True,True,False,False,,False,,30.11
2018-12-26,390,0,5976.25,6277.5,444918.0,2,False,True,True,True,True,5894.0,True,0.06506616898540885,36.07
2018-12-27,390,0,6197.5,6302.75,526934.0,2,False,True,True,True,True,6277.5,True,0.004022301871764222,30.41
2018-12-28,390,0,6339.5,6298.5,474228.0,2,False,True,True,True,True,6302.75,True,-0.0006743088334457692,29.96
2018-12-31,390,0,6355.75,6345.75,291531.0,2,False,True,True,True,True,6298.5,True,0.007501786139556987,28.34
2019-01-02,390,0,6210.25,6373.25,479508.0,2,False,True,True,True,True,6345.75,True,0.0043336091084584805,25.42
2019-01-03,390,0,6277.75,6158.75,551727.0,2,False,True,True,True,True,6373.25,True,-0.03365629780724122,23.22
2019-01-04,390,0,6260.0,6435.5,515520.0,2,False,True,True,True,True,6158.75,True,0.044936066571950484,25.45
2019-01-07,390,0,6441.25,6500.5,383214.0,2,False,True,True,True,True,6435.5,True,0.01010022531271848,21.38
2019-01-08,390,0,6564.5,6564.5,423208.0,2,False,True,True,True,True,6500.5,True,0.009845396507961013,21.4
2019-01-09,390,0,6584.75,6615.0,383723.0,2,False,True,True,True,True,6564.5,True,0.007692893594333228,20.47
2019-01-10,390,0,6563.75,6631.0,381569.0,2,False,True,True,True,True,6615.0,True,0.0024187452758881456,19.98
2019-01-11,390,0,6594.0,6613.0,277084.0,2,False,True,True,True,True,6631.0,True,-0.002714522696425914,19.5
2019-01-14,390,0,6551.75,6552.25,272487.0,2,False,True,True,True,True,6613.0,True,-0.009186450929986378,18.19
2019-01-15,390,0,6578.0,6681.75,375997.0,2,False,True,True,True,True,6552.25,True,0.019764203136327207,19.07
2019-01-16,390,0,6689.25,6680.25,344140.0,2,False,True,True,True,True,6681.75,True,-0.00022449208665398235,18.6
2019-01-17,390,0,6655.25,6730.25,360083.0,2,False,True,True,True,True,6680.25,True,0.0074847498222372355,19.04
2019-01-18,390,0,6779.0,6795.0,389393.0,2,False,True,True,True,True,6730.25,True,0.009620742171538854,18.06
2019-01-21,210,180,6768.25,6761.5,26601.0,2,False,False,False,False,False,,False,,
2019-01-22,390,0,6744.75,6665.75,463299.0,2,False,True,True,True,True,6795.0,True,-0.0190213392200147,17.8
2019-01-23,390,0,6692.75,6669.0,412300.0,2,False,True,True,True,True,6665.75,True,0.0004875670404680399,20.8
2019-01-24,390,0,6686.5,6708.0,327079.0,2,False,True,True,True,True,6669.0,True,0.005847953216374213,19.52
2019-01-25,390,0,6761.0,6793.25,335867.0,2,False,True,True,True,True,6708.0,True,0.01270870602265961,18.89
2019-01-28,390,0,6700.5,6704.25,381215.0,2,False,True,True,True,True,6793.25,True,-0.013101240201670805,17.42
2019-01-29,390,0,6707.5,6638.0,331212.0,2,False,True,True,True,True,6704.25,True,-0.009881791400977002,18.87
2019-01-30,390,0,6715.0,6814.5,407383.0,2,False,True,True,True,True,6638.0,True,0.026589334136788212,19.13
2019-01-31,390,0,6848.5,6910.25,409963.0,2,False,True,True,True,True,6814.5,True,0.014050920830581903,17.66
2019-02-01,390,0,6876.75,6879.25,347600.0,2,False,True,True,True,True,6910.25,True,-0.004486089504721291,16.57
2019-02-04,390,0,6881.0,6963.0,272018.0,2,False,True,True,True,True,6879.25,True,0.01217429225569644,16.14
2019-02-05,390,0,6972.5,7025.25,302424.0,2,False,True,True,True,True,6963.0,True,0.00894011202068068,15.73
2019-02-06,390,0,7026.25,7003.0,303367.0,2,False,True,True,True,True,7025.25,True,-0.003167147076616472,15.57
2019-02-07,390,0,6941.5,6910.0,502032.0,2,False,True,True,True,True,7003.0,True,-0.01328002284735108,15.38
2019-02-08,390,0,6848.75,6921.0,366714.0,2,False,True,True,True,True,6910.0,True,0.0015918958031837516,16.37
2019-02-11,390,0,6946.5,6915.75,296847.0,2,False,True,True,True,True,6921.0,True,-0.0007585609016038664,15.72
2019-02-12,390,0,6964.0,7018.75,269703.0,2,False,True,True,True,True,6915.75,True,0.014893540107725034,15.97
2019-02-13,390,0,7047.5,7021.0,271467.0,2,False,True,True,True,True,7018.75,True,0.00032056990204809566,15.43
2019-02-14,390,0,6994.25,7028.0,377532.0,2,False,True,True,True,True,7021.0,True,0.0009970089730808596,15.65
2019-02-15,390,0,7083.0,7059.75,310901.0,2,False,True,True,True,True,7028.0,True,0.004517643710870711,16.22
2019-02-18,210,180,7067.5,7080.75,19442.0,2,False,False,False,False,False,,False,,
2019-02-19,390,0,7035.75,7072.25,240560.0,2,False,True,True,True,True,7059.75,True,0.001770600941959799,14.91
2019-02-20,390,0,7077.75,7071.75,344635.0,2,False,True,True,True,True,7072.25,True,-7.069885821342492e-05,14.88
2019-02-21,390,0,7049.25,7042.5,328772.0,2,False,True,True,True,True,7071.75,True,-0.004136175628380534,14.02
2019-02-22,390,0,7057.5,7095.5,280695.0,2,False,True,True,True,True,7042.5,True,0.007525736599218957,14.46
2019-02-25,390,0,7149.25,7120.5,264632.0,2,False,True,True,True,True,7095.5,True,0.0035233598759776275,13.51
2019-02-26,390,0,7100.5,7128.5,274079.0,2,False,True,True,True,True,7120.5,True,0.0011235166069798463,14.85
2019-02-27,390,0,7095.5,7122.75,304611.0,2,False,True,True,True,True,7128.5,True,-0.0008066213088308016,15.17
2019-02-28,390,0,7099.5,7104.5,283531.0,2,False,True,True,True,True,7122.75,True,-0.0025622126285493874,14.7
2019-03-01,390,0,7155.0,7155.5,305659.0,2,False,True,True,True,True,7104.5,True,0.007178548807094121,14.78
2019-03-04,390,0,7194.0,7155.0,481580.0,2,False,True,True,True,True,7155.5,True,-6.987631891552937e-05,13.57
2019-03-05,390,0,7157.75,7160.0,285181.0,2,False,True,True,True,True,7155.0,True,0.0006988120195667857,14.63
2019-03-06,390,0,7165.25,7117.5,374077.0,2,False,True,True,True,True,7160.0,True,-0.005935754189944187,14.74
2019-03-07,390,0,7098.25,7030.5,448121.0,2,False,True,True,True,True,7117.5,True,-0.012223393045310837,15.74
2019-03-08,390,0,6950.75,7019.0,193931.0,2,False,True,True,True,True,7030.5,True,-0.001635730033425764,16.59
2019-03-11,390,0,7045.75,7165.0,95597.0,2,False,True,False,True,False,7019.0,True,0.02080068385809941,16.05
2019-03-12,390,0,7182.25,7204.0,78415.0,2,False,True,False,True,False,7165.0,True,0.005443126308443791,14.33
2019-03-13,390,0,7240.25,7257.5,67040.0,2,False,True,False,True,False,7204.0,True,0.007426429761243858,13.77
2019-03-14,390,0,7261.0,7244.75,41385.0,2,False,True,False,True,False,7257.5,True,-0.0017568033069238487,13.41
2019-03-18,390,0,7335.25,7355.0,303944.0,3,False,True,True,True,True,,False,,12.88
2019-03-19,390,0,7386.25,7382.25,357698.0,3,False,True,True,True,True,7355.0,True,0.0037049626104690425,13.1
2019-03-20,390,0,7382.5,7413.25,459671.0,3,False,True,True,True,True,7382.25,True,0.004199261742693583,13.56
2019-03-21,390,0,7388.25,7526.75,418681.0,3,False,True,True,True,True,7413.25,True,0.015310423903146297,13.91
2019-03-22,390,0,7492.0,7358.25,552117.0,3,False,True,True,True,True,7526.75,True,-0.02238682034078454,13.63
2019-03-25,390,0,7334.5,7347.0,445695.0,3,False,True,True,True,True,7358.25,True,-0.001528896136989144,16.48
2019-03-26,390,0,7400.75,7378.0,444566.0,3,False,True,True,True,True,7347.0,True,0.00421940928270037,16.33
2019-03-27,390,0,7386.5,7335.25,482842.0,3,False,True,True,True,True,7378.0,True,-0.005794253185145037,14.68
2019-03-28,390,0,7347.5,7346.75,323179.0,3,False,True,True,True,True,7335.25,True,0.0015677720595752564,15.15
2019-03-29,390,0,7396.5,7402.25,297455.0,3,False,True,True,True,True,7346.75,True,0.0075543607717698524,14.43
2019-04-01,390,0,7470.75,7501.25,293246.0,3,False,True,True,True,True,7402.25,True,0.013374311864635668,13.71
2019-04-02,390,0,7504.25,7525.5,285072.0,3,False,True,True,True,True,7501.25,True,0.0032327945342442987,13.4
2019-04-03,390,0,7567.5,7569.25,377083.0,3,False,True,True,True,True,7525.5,True,0.005813567204836945,13.36
2019-04-04,390,0,7569.0,7565.5,346540.0,3,False,True,True,True,True,7569.25,True,-0.0004954255705651445,13.74
2019-04-05,390,0,7588.25,7604.0,260626.0,3,False,True,True,True,True,7565.5,True,0.005088890357544118,13.58
2019-04-08,390,0,7591.5,7624.0,261825.0,3,False,True,True,True,True,7604.0,True,0.002630194634402949,12.82
2019-04-09,390,0,7595.0,7595.25,317318.0,3,False,True,True,True,True,7624.0,True,-0.003770986358866746,13.18
2019-04-10,390,0,7605.5,7636.75,255263.0,3,False,True,True,True,True,7595.25,True,0.005463941279088891,14.28
2019-04-11,390,0,7646.75,7617.0,260883.0,3,False,True,True,True,True,7636.75,True,-0.002586178675483719,13.3
2019-04-12,390,0,7649.0,7650.25,249638.0,3,False,True,True,True,True,7617.0,True,0.004365235657082911,13.02
2019-04-15,390,0,7648.75,7651.25,260625.0,3,False,True,True,True,True,7650.25,True,0.00013071468252667806,12.01
2019-04-16,390,0,7676.25,7677.75,279201.0,3,False,True,True,True,True,7651.25,True,0.0034634863584381836,12.32
2019-04-17,390,0,7726.5,7701.25,379751.0,3,False,True,True,True,True,7677.75,True,0.0030607925499006594,12.18
2019-04-18,390,0,7714.5,7710.5,290650.0,3,False,True,True,True,True,7701.25,True,0.0012011037169290528,12.6
2019-04-22,390,0,7675.75,7733.0,182095.0,3,False,True,True,True,True,7710.5,True,0.0029180986965826605,12.09
2019-04-23,390,0,7750.0,7828.75,348535.0,3,False,True,True,True,True,7733.0,True,0.012381999224104545,12.42
2019-04-24,390,0,7835.0,7804.0,280573.0,3,False,True,True,True,True,7828.75,True,-0.003161424237585808,12.28
2019-04-25,390,0,7861.0,7831.25,375395.0,3,False,True,True,True,True,7804.0,True,0.0034917990773961627,13.14
2019-04-26,390,0,7822.75,7841.5,352660.0,3,False,True,True,True,True,7831.25,True,0.0013088587390264195,13.25
2019-04-29,390,0,7838.75,7854.75,240081.0,3,False,True,True,True,True,7841.5,True,0.0016897277306637815,12.73
2019-04-30,390,0,7791.25,7795.75,368045.0,3,False,True,True,True,True,7854.75,True,-0.007511378465259844,13.11
2019-05-01,390,0,7844.5,7765.0,409268.0,3,False,True,True,True,True,7795.75,True,-0.003944456915627059,13.12
2019-05-02,390,0,7765.5,7736.5,492696.0,3,False,True,True,True,True,7765.0,True,-0.003670315518351619,14.8
2019-05-03,390,0,7797.25,7857.0,350409.0,3,False,True,True,True,True,7736.5,True,0.015575518645382314,14.42
2019-05-06,390,0,7690.0,7808.5,416855.0,3,False,True,True,True,True,7857.0,True,-0.006172839506172867,12.87
2019-05-07,390,0,7720.0,7654.25,662038.0,3,False,True,True,True,True,7808.5,True,-0.01975411410642247,15.44
2019-05-08,390,0,7629.25,7628.5,435663.0,3,False,True,True,True,True,7654.25,True,-0.0033641441029493846,19.32
2019-05-09,390,0,7550.75,7593.0,588843.0,3,False,True,True,True,True,7628.5,True,-0.004653601625483339,19.4
2019-05-10,390,0,7563.0,7600.5,580605.0,3,False,True,True,True,True,7593.0,True,0.0009877518767285043,19.1
2019-05-13,390,0,7405.25,7334.5,584061.0,3,False,True,True,True,True,7600.5,True,-0.034997697519900006,16.04
2019-05-14,390,0,7372.25,7412.75,395206.0,3,False,True,True,True,True,7334.5,True,0.01066875724316585,20.55
2019-05-15,390,0,7367.0,7516.5,385307.0,3,False,True,True,True,True,7412.75,True,0.013996155273009236,18.06
2019-05-16,390,0,7519.25,7592.5,375385.0,3,False,True,True,True,True,7516.5,True,0.010111088937670543,16.44
2019-05-17,390,0,7517.25,7514.25,465598.0,3,False,True,True,True,True,7592.5,True,-0.010306223246625001,15.29
2019-05-20,390,0,7410.25,7388.25,457970.0,3,False,True,True,True,True,7514.25,True,-0.016768140532987363,15.96
2019-05-21,390,0,7450.5,7463.25,297162.0,3,False,True,True,True,True,7388.25,True,0.010151253679829386,16.31
2019-05-22,390,0,7421.0,7430.5,327532.0,3,False,True,True,True,True,7463.25,True,-0.004388168693263639,14.95
2019-05-23,390,0,7345.5,7316.0,483564.0,3,False,True,True,True,True,7430.5,True,-0.015409461005315928,14.75
2019-05-24,390,0,7356.75,7308.75,295257.0,3,False,True,True,True,True,7316.0,True,-0.0009909786768725892,16.92
2019-05-27,210,180,7314.75,7318.25,14328.0,3,False,False,False,False,False,,False,,
2019-05-28,390,0,7329.0,7283.5,338342.0,3,False,True,True,True,True,7308.75,True,-0.003454763126389593,15.85
2019-05-29,390,0,7240.0,7224.25,422052.0,3,False,True,True,True,True,7283.5,True,-0.008134825290039172,17.5
2019-05-30,390,0,7241.5,7251.75,308274.0,3,False,True,True,True,True,7224.25,True,0.003806623524933439,17.9
2019-05-31,390,0,7165.75,7131.25,356725.0,3,False,True,True,True,True,7251.75,True,-0.01661667873271966,17.3
2019-06-03,390,0,7114.75,6980.25,620461.0,3,False,True,True,True,True,7131.25,True,-0.02117440841367224,18.71
2019-06-04,390,0,7052.25,7171.5,422315.0,3,False,True,True,True,True,6980.25,True,0.0273987321371012,18.86
2019-06-05,390,0,7239.75,7226.0,392322.0,3,False,True,True,True,True,7171.5,True,0.00759952590113655,16.97
2019-06-06,390,0,7237.0,7281.5,316023.0,3,False,True,True,True,True,7226.0,True,0.0076805978411291775,16.09
2019-06-07,390,0,7318.25,7421.25,357933.0,3,False,True,True,True,True,7281.5,True,0.019192474078143285,15.93
2019-06-10,390,0,7470.0,7506.25,360656.0,3,False,True,True,True,True,7421.25,True,0.011453596092302565,16.3
2019-06-11,390,0,7587.75,7517.5,362886.0,3,False,True,True,True,True,7506.25,True,0.0014987510407993287,15.94
2019-06-12,390,0,7496.0,7475.25,279563.0,3,False,True,True,True,True,7517.5,True,-0.005620219487861622,15.99
2019-06-13,390,0,7505.25,7518.75,259287.0,3,False,True,True,True,True,7475.25,True,0.005819203371124626,15.91
2019-06-14,390,0,7475.75,7482.5,133033.0,3,False,True,True,True,True,7518.75,True,-0.0048212801330008714,15.82
2019-06-17,390,0,7498.25,7529.0,80672.0,3,False,True,False,True,False,7482.5,True,0.00621450050116934,15.28
2019-06-18,390,0,7616.5,7638.75,86429.0,3,False,True,False,True,False,7529.0,True,0.014576969052995103,15.35
2019-06-19,390,0,7651.5,7668.0,55465.0,3,False,True,False,True,False,7638.75,True,0.0038291605301914444,15.15
2019-06-20,390,0,7773.5,7735.5,44053.0,3,False,True,False,True,False,7668.0,True,0.008802816901408494,14.33
2019-06-24,390,0,7768.75,7753.0,193007.0,4,False,True,True,True,True,,False,,15.4
2019-06-25,390,0,7749.25,7621.75,333177.0,4,False,True,True,True,True,7753.0,True,-0.016928930736489156,15.26
2019-06-26,390,0,7670.0,7655.5,262116.0,4,False,True,True,True,True,7621.75,True,0.004428116902286172,16.28
2019-06-27,390,0,7682.25,7684.0,202684.0,4,False,True,True,True,True,7655.5,True,0.003722813663379343,16.21
2019-06-28,390,0,7701.25,7693.75,237806.0,4,False,True,True,True,True,7684.0,True,0.001268870380010334,15.82
2019-07-01,390,0,7838.5,7793.25,300587.0,4,False,True,True,True,True,7693.75,True,0.012932575142160951,15.08
2019-07-02,390,0,7790.25,7825.25,225522.0,4,False,True,True,True,True,7793.25,True,0.004106117473454685,14.06
2019-07-03,225,165,7842.5,7888.25,147508.0,4,False,True,True,False,False,7825.25,True,0.008050860994856412,12.93
2019-07-04,210,180,7898.0,7902.0,12815.0,4,False,False,False,False,False,,False,,
2019-07-05,390,0,7829.25,7868.5,244376.0,4,False,True,True,True,True,7888.25,True,-0.002503723893132137,12.57
2019-07-08,390,0,7817.5,7810.75,263616.0,4,False,True,True,True,True,7868.5,True,-0.007339391243566085,13.28
2019-07-09,390,0,7771.25,7850.25,256700.0,4,False,True,True,True,True,7810.75,True,0.005057132797746666,13.96
2019-07-10,390,0,7894.75,7927.25,328856.0,4,False,True,True,True,True,7850.25,True,0.009808604821502476,14.09
2019-07-11,390,0,7939.5,7919.25,315464.0,4,False,True,True,True,True,7927.25,True,-0.0010091772052098769,13.03
2019-07-12,390,0,7927.0,7965.5,224460.0,4,False,True,True,True,True,7919.25,True,0.0058401995138428475,12.93
2019-07-15,390,0,7983.5,7988.0,182087.0,4,False,True,True,True,True,7965.5,True,0.0028246814387045127,12.39
2019-07-16,390,0,7977.75,7948.5,241188.0,4,False,True,True,True,True,7988.0,True,-0.004944917376064062,12.68
2019-07-17,390,0,7949.75,7909.25,225962.0,4,False,True,True,True,True,7948.5,True,-0.004938038623639729,12.86
2019-07-18,390,0,7870.25,7920.75,304979.0,4,False,True,True,True,True,7909.25,True,0.0014539937415052329,13.97
2019-07-19,390,0,7974.25,7853.25,332243.0,4,False,True,True,True,True,7920.75,True,-0.008521920272701489,13.53
2019-07-22,390,0,7877.5,7921.25,268430.0,4,False,True,True,True,True,7853.25,True,0.008658835513959184,14.45
2019-07-23,390,0,7962.0,7970.0,268854.0,4,False,True,True,True,True,7921.25,True,0.006154331702698412,13.53
2019-07-24,390,0,7940.0,8025.75,255121.0,4,False,True,True,True,True,7970.0,True,0.006994981179422766,12.61
2019-07-25,390,0,7997.75,7946.75,328639.0,4,False,True,True,True,True,8025.75,True,-0.00984331682397288,12.07
2019-07-26,390,0,7997.75,8028.25,236973.0,4,False,True,True,True,True,7946.75,True,0.010255764935350964,12.74
2019-07-29,390,0,8024.5,8002.25,243972.0,4,False,True,True,True,True,8028.25,True,-0.003238563821505336,12.16
2019-07-30,390,0,7940.25,7967.0,274531.0,4,False,True,True,True,True,8002.25,True,-0.004405011090630739,12.83
2019-07-31,390,0,7987.5,7859.25,450779.0,4,False,True,True,True,True,7967.0,True,-0.01352453872222914,13.94
2019-08-01,390,0,7871.0,7813.5,628799.0,4,False,True,True,True,True,7859.25,True,-0.005821166141807388,16.12
2019-08-02,390,0,7758.5,7701.25,540682.0,4,False,True,True,True,True,7813.5,True,-0.014366161131375232,17.87
2019-08-05,390,0,7539.5,7423.0,609606.0,4,False,True,True,True,True,7701.25,True,-0.03613049829573123,17.61
2019-08-06,390,0,7491.5,7527.0,501859.0,4,False,True,True,True,True,7423.0,True,0.014010507880910739,24.59
2019-08-07,390,0,7446.75,7559.0,618849.0,4,False,True,True,True,True,7527.0,True,0.004251361764315176,20.17
2019-08-08,390,0,7601.5,7732.25,389134.0,4,False,True,True,True,True,7559.0,True,0.022919698372800612,19.49
2019-08-09,390,0,7692.0,7656.5,461842.0,4,False,True,True,True,True,7732.25,True,-0.009796630993565869,16.91
2019-08-12,390,0,7611.0,7570.75,382484.0,4,False,True,True,True,True,7656.5,True,-0.01119963429765558,17.97
2019-08-13,390,0,7566.5,7738.0,487604.0,4,False,True,True,True,True,7570.75,True,0.022091602549284994,21.09
2019-08-14,390,0,7607.75,7501.75,605616.0,4,False,True,True,True,True,7738.0,True,-0.030531144998707682,17.52
2019-08-15,390,0,7515.75,7493.75,396920.0,4,False,True,True,True,True,7501.75,True,-0.0010664178358382737,22.1
2019-08-16,390,0,7556.75,7612.5,299595.0,4,False,True,True,True,True,7493.75,True,0.015846538782318564,21.18
2019-08-19,390,0,7716.75,7728.0,257959.0,4,False,True,True,True,True,7612.5,True,0.015172413793103523,18.47
2019-08-20,390,0,7716.25,7674.5,283011.0,4,False,True,True,True,True,7728.0,True,-0.006922877846790909,16.88
2019-08-21,390,0,7742.25,7740.75,226489.0,4,False,True,True,True,True,7674.5,True,0.008632484200925106,17.5
2019-08-22,390,0,7753.5,7714.75,334377.0,4,False,True,True,True,True,7740.75,True,-0.00335884765688077,15.8
2019-08-23,390,0,7663.25,7473.75,578076.0,4,False,True,True,True,True,7714.75,True,-0.03123886062412906,16.68
2019-08-26,390,0,7555.75,7582.5,336641.0,4,False,True,True,True,True,7473.75,True,0.014550928248870942,19.87
2019-08-27,390,0,7634.0,7570.75,366024.0,4,False,True,True,True,True,7582.5,True,-0.0015496208374546905,19.32
2019-08-28,390,0,7541.5,7593.5,300831.0,4,False,True,True,True,True,7570.75,True,0.003004986295941592,20.31
2019-08-29,390,0,7686.25,7707.75,285974.0,4,False,True,True,True,True,7593.5,True,0.015045762823467479,19.35
2019-08-30,390,0,7749.25,7691.25,305759.0,4,False,True,True,True,True,7707.75,True,-0.0021407025396515955,17.88
2019-09-02,210,180,7662.0,7612.25,47054.0,4,False,False,False,False,False,,False,,
2019-09-03,390,0,7638.25,7614.25,351961.0,4,False,True,True,True,True,7691.25,True,-0.010011376564277641,18.98
2019-09-04,390,0,7685.25,7723.5,248201.0,4,False,True,True,True,True,7614.25,True,0.014348097317529618,19.66
2019-09-05,390,0,7807.25,7865.5,291739.0,4,False,True,True,True,True,7723.5,True,0.018385447012364775,17.33
2019-09-06,390,0,7873.75,7856.0,234275.0,4,False,True,True,True,True,7865.5,True,-0.0012078062424512037,16.27
2019-09-09,390,0,7879.5,7837.5,287703.0,4,False,True,True,True,True,7856.0,True,-0.002354887983706755,15.0
2019-09-10,390,0,7796.75,7818.75,330982.0,4,False,True,True,True,True,7837.5,True,-0.0023923444976076125,15.27
2019-09-11,390,0,7829.0,7889.75,265330.0,4,False,True,True,True,True,7818.75,True,0.009080735411670648,15.2
2019-09-12,390,0,7937.25,7920.5,297539.0,4,False,True,True,True,True,7889.75,True,0.0038974618967648755,14.61
2019-09-13,390,0,7909.25,7894.5,137727.0,4,False,True,True,True,True,7920.5,True,-0.003282621046651113,14.22
2019-09-16,390,0,7841.5,7854.5,82320.0,4,False,True,False,True,False,7894.5,True,-0.005066818671226825,13.74
2019-09-17,390,0,7856.25,7890.5,58555.0,4,False,True,False,True,False,7854.5,True,0.004583359857406544,14.67
2019-09-18,390,0,7876.5,7889.25,51956.0,4,False,True,False,True,False,7890.5,True,-0.00015841835118179937,14.44
2019-09-19,389,1,7902.0,7901.5,28500.0,4,False,True,False,True,False,7889.25,True,0.0015527458250150783,13.95
2019-09-23,390,0,7833.75,7840.0,236082.0,5,False,True,True,True,True,,False,,15.32
2019-09-24,390,0,7877.0,7732.0,507522.0,5,False,True,True,True,True,7840.0,True,-0.013775510204081631,14.91
2019-09-25,390,0,7727.25,7823.25,396834.0,5,False,True,True,True,True,7732.0,True,0.011801603724780119,17.05
2019-09-26,390,0,7813.75,7792.25,383689.0,5,False,True,True,True,True,7823.25,True,-0.003962547534592353,15.96
2019-09-27,390,0,7805.25,7698.75,492106.0,5,False,True,True,True,True,7792.25,True,-0.01199910167153262,16.07
2019-09-30,390,0,7723.25,7767.75,230185.0,5,False,True,True,True,True,7698.75,True,0.00896249391134929,17.22
2019-10-01,390,0,7797.75,7701.25,387939.0,5,False,True,True,True,True,7767.75,True,-0.008561037623507461,16.24
2019-10-02,390,0,7652.25,7566.0,453000.0,5,False,True,True,True,True,7701.25,True,-0.01756208407726023,18.56
2019-10-03,390,0,7567.75,7652.25,457162.0,5,False,True,True,True,True,7566.0,True,0.011399682791435328,20.56
2019-10-04,390,0,7687.75,7765.25,283017.0,5,False,True,True,True,True,7652.25,True,0.014766898624587466,19.12
2019-10-07,390,0,7738.0,7737.0,295812.0,5,False,True,True,True,True,7765.25,True,-0.0036380026399664978,17.04
2019-10-08,390,0,7685.5,7616.5,406202.0,5,False,True,True,True,True,7737.0,True,-0.01557451208478744,17.86
2019-10-09,390,0,7684.25,7700.75,264476.0,5,False,True,True,True,True,7616.5,True,0.011061511192805185,20.28
2019-10-10,390,0,7696.5,7754.25,322943.0,5,False,True,True,True,True,7700.75,True,0.006947375255656807,18.64
2019-10-11,390,0,7842.75,7851.25,352182.0,5,False,True,True,True,True,7754.25,True,0.012509269110487775,17.57
2019-10-14,390,0,7843.5,7854.0,186482.0,5,False,True,True,True,True,7851.25,True,0.00035026269702287394,15.58
2019-10-15,390,0,7875.75,7953.0,246727.0,5,False,True,True,True,True,7854.0,True,0.012605042016806678,14.57
2019-10-16,390,0,7926.75,7933.75,230589.0,5,False,True,True,True,True,7953.0,True,-0.0024204702627939056,13.54
2019-10-17,390,0,7979.25,7954.0,257205.0,5,False,True,True,True,True,7933.75,True,0.002552386954466579,13.68
2019-10-18,390,0,7943.0,7875.75,341784.0,5,False,True,True,True,True,7954.0,True,-0.009837817450339403,13.79
2019-10-21,390,0,7914.25,7946.5,193102.0,5,False,True,True,True,True,7875.75,True,0.008983271434466644,14.25
2019-10-22,390,0,7972.75,7884.75,278246.0,5,False,True,True,True,True,7946.5,True,-0.007770716667715338,14.0
2019-10-23,390,0,7864.5,7896.25,228598.0,5,False,True,True,True,True,7884.75,True,0.0014585116839469503,14.46
2019-10-24,390,0,7954.0,7973.0,275640.0,5,False,True,True,True,True,7896.25,True,0.009719803704290042,14.01
2019-10-25,390,0,7930.5,8035.75,271964.0,5,False,True,True,True,True,7973.0,True,0.007870312304026017,13.71
2019-10-28,390,0,8074.0,8116.5,226146.0,5,False,True,True,True,True,8035.75,True,0.010048844227358966,12.65
2019-10-29,390,0,8101.5,8054.5,281615.0,5,False,True,True,True,True,8116.5,True,-0.007638760549497969,13.11
2019-10-30,390,0,8068.0,8088.75,306361.0,5,False,True,True,True,True,8054.5,True,0.004252281333416041,13.2
2019-10-31,390,0,8113.0,8091.0,336455.0,5,False,True,True,True,True,8088.75,True,0.0002781641168290161,12.33
2019-11-01,390,0,8127.25,8165.5,262797.0,5,False,True,True,True,True,8091.0,True,0.009207761710542606,13.22
2019-11-04,390,0,8219.5,8213.5,246798.0,5,False,True,True,True,True,8165.5,True,0.005878390790521104,12.3
2019-11-05,390,0,8224.5,8215.0,225515.0,5,False,True,True,True,True,8213.5,True,0.00018262616424169487,12.83
2019-11-06,390,0,8210.0,8201.75,248282.0,5,False,True,True,True,True,8215.0,True,-0.001612903225806428,13.1
2019-11-07,390,0,8241.5,8227.5,267594.0,5,False,True,True,True,True,8201.75,True,0.003139573871429935,12.62
2019-11-08,390,0,8211.0,8261.5,238256.0,5,False,True,True,True,True,8227.5,True,0.004132482528107051,12.73
2019-11-11,390,0,8219.5,8249.0,153926.0,5,False,True,True,True,True,8261.5,True,-0.0015130424257095987,12.07
2019-11-12,390,0,8255.25,8271.5,248949.0,5,False,True,True,True,True,8249.0,True,0.0027276033458600857,12.69
2019-11-13,390,0,8243.5,8265.0,294994.0,5,False,True,True,True,True,8271.5,True,-0.0007858308650184886,12.68
2019-11-14,390,0,8242.0,8266.0,286408.0,5,False,True,True,True,True,8265.0,True,0.0001209921355111998,13.0
2019-11-15,390,0,8314.25,8318.75,237572.0,5,False,True,True,True,True,8266.0,True,0.006381563029276505,13.05
2019-11-18,390,0,8313.75,8333.5,252373.0,5,False,True,True,True,True,8318.75,True,0.001773102930127779,12.05
2019-11-19,390,0,8364.25,8344.0,291338.0,5,False,True,True,True,True,8333.5,True,0.0012599748005039935,12.46
2019-11-20,390,0,8323.5,8293.0,394103.0,5,False,True,True,True,True,8344.0,True,-0.006112176414189818,12.86
2019-11-21,390,0,8283.25,8272.5,269654.0,5,False,True,True,True,True,8293.0,True,-0.0024719643072470543,12.78
2019-11-22,390,0,8292.5,8277.75,237364.0,5,False,True,True,True,True,8272.5,True,0.0006346328195829809,13.13
2019-11-25,390,0,8312.0,8376.75,194263.0,5,False,True,True,True,True,8277.75,True,0.011959771677086062,12.34
2019-11-26,390,0,8380.0,8392.0,199054.0,5,False,True,True,True,True,8376.75,True,0.001820515116244259,11.87
2019-11-27,390,0,8412.25,8449.25,170993.0,5,False,True,True,True,True,8392.0,True,0.0068219733079122324,11.54
2019-11-28,210,180,8442.0,8444.5,10344.0,5,False,False,False,False,False,,False,,
2019-11-29,225,165,8429.5,8422.5,122400.0,5,False,True,True,False,False,8449.25,True,-0.003165961475870671,11.75
2019-12-02,390,0,8410.75,8316.0,454198.0,5,False,True,True,True,True,8422.5,True,-0.012644701691896687,12.62
2019-12-03,390,0,8212.5,8258.0,424109.0,5,False,True,True,True,True,8316.0,True,-0.0069745069745069666,14.91
2019-12-04,390,0,8301.0,8298.0,232782.0,5,False,True,True,True,True,8258.0,True,0.004843787842092606,15.96
2019-12-05,390,0,8327.25,8312.5,258107.0,5,False,True,True,True,True,8298.0,True,0.0017474090142202137,14.8
2019-12-06,390,0,8370.75,8399.75,195640.0,5,False,True,True,True,True,8312.5,True,0.01049624060150367,14.52
2019-12-09,390,0,8388.0,8365.0,213366.0,5,False,True,True,True,True,8399.75,True,-0.004137027887734734,13.62
2019-12-10,390,0,8368.75,8359.0,247190.0,5,False,True,True,True,True,8365.0,True,-0.0007172743574417328,15.86
2019-12-11,390,0,8376.5,8404.5,201516.0,5,False,True,True,True,True,8359.0,True,0.005443234836703059,15.68
2019-12-12,390,0,8392.25,8467.0,427738.0,5,False,True,True,True,True,8404.5,True,0.007436492355285873,14.99
2019-12-13,390,0,8458.0,8491.75,159673.0,5,False,True,True,True,True,8467.0,True,0.0029231132632574486,13.94
2019-12-16,390,0,8545.25,8571.75,73674.0,5,False,True,False,True,False,8491.75,True,0.009420908528866345,12.63
2019-12-17,390,0,8585.0,8577.0,43317.0,5,False,True,False,True,False,8571.75,True,0.0006124770321112027,12.14
2019-12-18,390,0,8588.75,8582.0,39309.0,5,False,True,False,True,False,8577.0,True,0.0005829544129649644,12.29
2019-12-19,390,0,8590.0,8640.5,20983.0,5,False,True,False,True,False,8582.0,True,0.006816592868795102,12.58
2019-12-23,390,0,8733.0,8721.75,130637.0,6,False,True,True,True,True,,False,,12.51
2019-12-24,225,165,8730.25,8729.75,79353.0,6,False,True,False,False,False,8721.75,True,0.0009172471121048353,12.61
2019-12-26,390,0,8740.25,8801.25,128179.0,6,False,True,True,True,True,8729.75,True,0.008190383458861916,12.67
2019-12-27,390,0,8832.0,8792.5,247513.0,6,False,True,True,True,True,8801.25,True,-0.0009941769634994602,12.65
2019-12-30,390,0,8787.0,8731.5,321379.0,6,False,True,True,True,True,8792.5,True,-0.006937731020756344,13.43
2019-12-31,390,0,8709.0,8747.5,212396.0,6,False,True,True,True,True,8731.5,True,0.0018324457424268026,14.82
2020-01-02,390,0,8821.25,8889.0,313016.0,6,False,True,True,True,True,8747.5,True,0.016176050300085842,13.78
2020-01-03,390,0,8772.0,8809.75,358415.0,6,False,True,True,True,True,8889.0,True,-0.008915513556080557,12.47
2020-01-06,390,0,8739.0,8863.5,290190.0,6,False,True,True,True,True,8809.75,True,0.0061011946990550125,14.02
2020-01-07,390,0,8867.0,8862.5,330869.0,6,False,True,True,True,True,8863.5,True,-0.00011282224854736178,13.85
2020-01-08,390,0,8861.25,8929.75,356626.0,6,False,True,True,True,True,8862.5,True,0.007588152327221431,13.79
2020-01-09,390,0,9001.75,9006.25,337941.0,6,False,True,True,True,True,8929.75,True,0.00856686917326921,13.45
2020-01-10,390,0,9038.0,8982.75,351831.0,6,False,True,True,True,True,9006.25,True,-0.002609299097848683,12.54
2020-01-13,390,0,9017.5,9085.25,277816.0,6,False,True,True,True,True,8982.75,True,0.011410759511285562,12.56
2020-01-14,390,0,9076.5,9050.5,404592.0,6,False,True,True,True,True,9085.25,True,-0.003824880988415269,12.32
2020-01-15,390,0,9054.0,9052.75,376880.0,6,False,True,True,True,True,9050.5,True,0.00024860504944479445,12.39
2020-01-16,390,0,9095.75,9138.0,297597.0,6,False,True,True,True,True,9052.75,True,0.00941702797492483,12.42
2020-01-17,390,0,9175.5,9182.5,309836.0,6,False,True,True,True,True,9138.0,True,0.004869774567739071,12.32
2020-01-20,209,181,9166.75,9175.75,18778.0,6,False,False,False,False,False,,False,,
2020-01-21,390,0,9153.75,9179.75,329501.0,6,False,True,True,True,True,9182.5,True,-0.00029948271167978824,12.1
2020-01-22,390,0,9223.25,9201.0,379432.0,6,False,True,True,True,True,9179.75,True,0.00231487785615081,12.85
2020-01-23,390,0,9193.0,9227.5,449486.0,6,False,True,True,True,True,9201.0,True,0.002880121725899354,12.91
2020-01-24,390,0,9273.0,9151.75,647553.0,6,False,True,True,True,True,9227.5,True,-0.008209157409916013,12.98
2020-01-27,390,0,8947.25,8961.0,502277.0,6,False,True,True,True,True,9151.75,True,-0.020843008167836796,14.56
2020-01-28,390,0,9023.75,9098.25,418403.0,6,False,True,True,True,True,8961.0,True,0.015316370940743118,18.23
2020-01-29,390,0,9149.0,9109.75,410972.0,6,False,True,True,True,True,9098.25,True,0.001263979336685539,16.28
2020-01-30,390,0,9051.75,9144.25,584818.0,6,False,True,True,True,True,9109.75,True,0.003787151129284627,16.39
2020-01-31,390,0,9181.5,8995.25,701543.0,6,False,True,True,True,True,9144.25,True,-0.016294392651119538,15.49
2020-02-03,390,0,9041.5,9131.5,451581.0,6,False,True,True,True,True,8995.25,True,0.015146883077179707,18.84
2020-02-04,390,0,9258.0,9340.75,371412.0,6,False,True,True,True,True,9131.5,True,0.022915183704758313,17.97
2020-02-05,390,0,9457.0,9375.75,490306.0,6,False,True,True,True,True,9340.75,True,0.003747022455370397,16.05
2020-02-06,390,0,9396.5,9453.0,369248.0,6,False,True,True,True,True,9375.75,True,0.008239340852731702,15.15
2020-02-07,390,0,9411.25,9411.0,401849.0,6,False,True,True,True,True,9453.0,True,-0.004443033957473808,14.96
2020-02-10,390,0,9380.25,9525.0,313901.0,6,False,True,True,True,True,9411.0,True,0.012113484220592996,15.47
2020-02-11,390,0,9576.75,9525.0,453782.0,6,False,True,True,True,True,9525.0,True,0.0,15.04
2020-02-12,390,0,9580.5,9620.0,334813.0,6,False,True,True,True,True,9525.0,True,0.009973753280839937,15.18
2020-02-13,390,0,9549.75,9604.75,409774.0,6,False,True,True,True,True,9620.0,True,-0.0015852390852391096,13.74
2020-02-14,390,0,9618.75,9629.5,349419.0,6,False,True,True,True,True,9604.75,True,0.0025768499960956426,14.15
2020-02-17,210,180,9656.25,9666.5,15603.0,6,False,False,False,False,False,,False,,
2020-02-18,390,0,9583.75,9635.5,392955.0,6,False,True,True,True,True,9629.5,True,0.0006230853107638268,13.68
2020-02-19,390,0,9690.25,9728.25,295252.0,6,False,True,True,True,True,9635.5,True,0.00962586269524146,14.83
2020-02-20,390,0,9704.75,9634.0,602637.0,6,False,True,True,True,True,9728.25,True,-0.0096882789813173,14.38
2020-02-21,390,0,9590.0,9452.0,676429.0,6,False,True,True,True,True,9634.0,True,-0.018891426198878958,15.56
2020-02-24,390,0,9104.0,9084.25,712578.0,6,False,True,True,True,True,9452.0,True,-0.03890710960643251,17.08
2020-02-25,390,0,9159.25,8839.75,1010333.0,6,False,True,True,True,True,9084.25,True,-0.02691471502875853,25.03
2020-02-26,390,0,8890.75,8880.0,802872.0,6,False,True,True,True,True,8839.75,True,0.004553296190503042,27.85
2020-02-27,390,0,8658.0,8432.25,1015265.0,6,False,True,True,True,True,8880.0,True,-0.0504222972972973,27.56
2020-02-28,390,0,8161.0,8475.75,851163.0,6,False,True,True,True,True,8432.25,True,0.0051587654540603545,39.16
2020-03-02,390,0,8564.0,8876.25,774576.0,6,False,True,True,True,True,8475.75,True,0.04725245553490831,40.11
2020-03-03,390,0,8901.0,8595.5,875632.0,6,False,True,True,True,True,8876.25,True,-0.03162934797915784,33.42
2020-03-04,390,0,8745.5,8943.75,600581.0,6,False,True,True,True,True,8595.5,True,0.04051538595776849,36.82
2020-03-05,390,0,8716.25,8672.25,638562.0,6,False,True,True,True,True,8943.75,True,-0.030356394129979036,31.99
2020-03-06,390,0,8384.5,8528.0,706100.0,6,False,True,True,True,True,8672.25,True,-0.016633514947101413,39.62
2020-03-09,376,14,7973.0,7933.25,422922.0,6,False,True,True,False,False,8528.0,True,-0.06974085365853655,41.94
2020-03-10,390,0,8237.5,8366.5,725124.0,6,False,True,True,True,True,7933.25,True,0.05461191819241806,54.46
2020-03-11,390,0,8163.75,7998.25,761020.0,6,False,True,True,True,True,8366.5,True,-0.04401482101237075,47.3
2020-03-12,377,13,7505.5,7260.5,597575.0,6,False,True,True,False,False,7998.25,True,-0.09223892726533933,53.9
2020-03-13,390,0,7690.0,7941.75,321716.0,6,False,True,True,True,True,7260.5,True,0.0938296260588114,75.47
2020-03-16,376,14,7396.25,6944.25,200682.0,6,False,True,True,False,False,7941.75,True,-0.12560203985267726,57.83
2020-03-17,390,0,7182.75,7453.75,161220.0,6,False,True,True,True,True,6944.25,True,0.07337005436152211,82.69
2020-03-18,377,13,6980.5,7228.5,88054.0,6,False,True,False,False,False,7453.75,True,-0.030219688076471574,75.91
2020-03-19,389,1,7197.75,7289.5,38067.0,6,False,True,False,True,False,7228.5,True,0.00843881856540074,76.45
2020-03-23,390,0,6999.75,6992.25,442093.0,7,False,True,True,True,True,,False,,66.04
2020-03-24,390,0,7379.25,7533.5,407565.0,7,False,True,True,True,True,6992.25,True,0.07740712932174909,61.59
2020-03-25,390,0,7555.25,7462.75,469328.0,7,False,True,True,True,True,7533.5,True,-0.009391385146346298,61.67
2020-03-26,390,0,7527.25,7868.0,408675.0,7,False,True,True,True,True,7462.75,True,0.05430303842417339,63.95
2020-03-27,390,0,7654.75,7573.25,308173.0,7,False,True,True,True,True,7868.0,True,-0.03746187086934416,61.0
2020-03-30,390,0,7660.5,7867.0,279597.0,7,False,True,True,True,True,7573.25,True,0.03878783877463432,65.54
2020-03-31,390,0,7844.75,7795.75,298642.0,7,False,True,True,True,True,7867.0,True,-0.009056819626287016,57.08
2020-04-01,390,0,7565.25,7466.5,280892.0,7,False,True,True,True,True,7795.75,True,-0.0422345508770805,53.54
2020-04-02,390,0,7432.0,7617.5,303052.0,7,False,True,True,True,True,7466.5,True,0.020223665706823768,57.06
2020-04-03,390,0,7593.0,7514.5,248289.0,7,False,True,True,True,True,7617.5,True,-0.013521496553987489,50.91
2020-04-06,390,0,7798.0,8053.5,248260.0,7,False,True,True,True,True,7514.5,True,0.07172799254774098,46.8
2020-04-07,390,0,8282.5,8040.5,364516.0,7,False,True,True,True,True,8053.5,True,-0.0016142050040355294,45.24
2020-04-08,390,0,8115.75,8212.75,288009.0,7,False,True,True,True,True,8040.5,True,0.02142279708973316,46.7
2020-04-09,390,0,8284.5,8226.0,366261.0,7,False,True,True,True,True,8212.75,True,0.0016133451036497437,43.35
2020-04-13,390,0,8189.0,8316.5,297696.0,7,False,True,True,True,True,8226.0,True,0.011001701920739126,41.67
2020-04-14,390,0,8487.25,8682.0,316209.0,7,False,True,True,True,True,8316.5,True,0.04394877652858775,41.17
2020-04-15,390,0,8543.25,8582.0,270701.0,7,False,True,True,True,True,8682.0,True,-0.01151808339092375,37.76
2020-04-16,390,0,8678.25,8743.25,393979.0,7,False,True,True,True,True,8582.0,True,0.018789326497320014,40.84
2020-04-17,390,0,8849.0,8815.75,348013.0,7,False,True,True,True,True,8743.25,True,0.008292111057101259,40.11
2020-04-20,390,0,8737.0,8712.0,289079.0,7,False,True,True,True,True,8815.75,True,-0.011768709412131706,38.15
2020-04-21,390,0,8630.5,8390.75,404854.0,7,False,True,True,True,True,8712.0,True,-0.03687442607897151,43.83
2020-04-22,390,0,8568.25,8648.0,242087.0,7,False,True,True,True,True,8390.75,True,0.03065876113577448,45.41
2020-04-23,390,0,8676.75,8627.75,320849.0,7,False,True,True,True,True,8648.0,True,-0.002341581868640197,41.98
2020-04-24,390,0,8644.5,8770.75,270014.0,7,False,True,True,True,True,8627.75,True,0.016574425545478277,41.38
2020-04-27,390,0,8858.0,8824.25,252001.0,7,False,True,True,True,True,8770.75,True,0.006099820425847335,35.93
2020-04-28,390,0,8903.25,8666.5,329972.0,7,False,True,True,True,True,8824.25,True,-0.017876873388673276,33.29
2020-04-29,390,0,8860.0,8963.5,277507.0,7,False,True,True,True,True,8666.5,True,0.034269889805573106,33.57
2020-04-30,390,0,9015.75,8982.0,296678.0,7,False,True,True,True,True,8963.5,True,0.002063925921794052,31.23
2020-05-01,390,0,8791.0,8712.0,300384.0,7,False,True,True,True,True,8982.0,True,-0.030060120240480992,34.15
2020-05-04,390,0,8671.0,8818.0,250670.0,7,False,True,True,True,True,8712.0,True,0.012167125803489443,37.19
2020-05-05,390,0,8907.25,8918.75,248629.0,7,False,True,True,True,True,8818.0,True,0.011425493309140444,35.97
2020-05-06,390,0,8987.5,8971.75,297254.0,7,False,True,True,True,True,8918.75,True,0.0059425367904695214,33.61
2020-05-07,390,0,9086.5,9091.0,267572.0,7,False,True,True,True,True,8971.75,True,0.013291721236102116,34.12
2020-05-08,390,0,9158.5,9209.5,230371.0,7,False,True,True,True,True,9091.0,True,0.013034869651303405,31.44
2020-05-11,390,0,9157.25,9286.75,247841.0,7,False,True,True,True,True,9209.5,True,0.008388077528638904,27.98
2020-05-12,390,0,9320.0,9102.0,348425.0,7,False,True,True,True,True,9286.75,True,-0.019893934907260324,27.57
2020-05-13,390,0,9122.0,8990.75,526762.0,7,False,True,True,True,True,9102.0,True,-0.012222588442100668,33.04
2020-05-14,390,0,8934.25,9086.25,457493.0,7,False,True,True,True,True,8990.75,True,0.010622028195645505,35.28
2020-05-15,390,0,8962.0,9146.0,359649.0,7,False,True,True,True,True,9086.25,True,0.006575870133443296,32.61
2020-05-18,390,0,9268.75,9320.0,262690.0,7,False,True,True,True,True,9146.0,True,0.01902471025584962,31.89
2020-05-19,390,0,9326.75,9291.25,257230.0,7,False,True,True,True,True,9320.0,True,-0.0030847639484978817,29.3
2020-05-20,390,0,9402.0,9480.0,260974.0,7,False,True,True,True,True,9291.25,True,0.02031481232342247,30.53
2020-05-21,390,0,9483.5,9377.5,323988.0,7,False,True,True,True,True,9480.0,True,-0.010812236286919852,27.99
2020-05-22,390,0,9358.25,9406.25,223581.0,7,False,True,True,True,True,9377.5,True,0.003065849106904883,29.53
2020-05-25,210,180,9518.0,9530.5,15510.0,7,False,False,False,False,False,,False,,
2020-05-26,390,0,9558.75,9388.0,275602.0,7,False,True,True,True,True,9406.25,True,-0.0019401993355481206,28.16
2020-05-27,390,0,9361.25,9434.5,397608.0,7,False,True,True,True,True,9388.0,True,0.004953131657434939,28.01
2020-05-28,390,0,9383.0,9415.25,339557.0,7,False,True,True,True,True,9434.5,True,-0.0020403836981292,27.62
2020-05-29,390,0,9441.5,9543.0,389724.0,7,False,True,True,True,True,9415.25,True,0.013568412947080555,28.59
2020-06-01,390,0,9520.25,9593.5,212000.0,7,False,True,True,True,True,9543.0,True,0.005291836948548623,27.51
2020-06-02,390,0,9604.25,9655.0,273691.0,7,False,True,True,True,True,9593.5,True,0.006410590503987068,28.23
2020-06-03,390,0,9677.25,9696.75,253428.0,7,False,True,True,True,True,9655.0,True,0.004324184360434913,26.84
2020-06-04,390,0,9681.25,9627.5,338009.0,7,False,True,True,True,True,9696.75,True,-0.007141568051151181,25.66
2020-06-05,390,0,9670.75,9816.0,356053.0,7,False,True,True,True,True,9627.5,True,0.019579330044144472,25.81
2020-06-08,390,0,9809.5,9896.5,266156.0,7,False,True,True,True,True,9816.0,True,0.008200896495517584,24.52
2020-06-09,390,0,9857.5,9964.0,312134.0,7,False,True,True,True,True,9896.5,True,0.00682059313898864,25.81
2020-06-10,390,0,10038.5,10089.75,441384.0,7,False,True,True,True,True,9964.0,True,0.012620433560818878,27.57
2020-06-11,390,0,9927.0,9592.75,606956.0,7,False,True,True,True,True,10089.75,True,-0.04925791025545723,27.57
2020-06-12,390,0,9796.75,9660.0,325180.0,7,False,True,True,True,True,9592.75,True,0.007010502723410861,40.79
2020-06-15,390,0,9522.75,9777.25,144469.0,7,False,True,True,True,True,9660.0,True,0.012137681159420266,36.09
2020-06-16,390,0,9988.0,9954.25,87735.0,7,False,True,False,True,False,9777.25,True,0.018103249891329387,34.4
2020-06-17,390,0,10013.25,9980.75,31801.0,7,False,True,False,True,False,9954.25,True,0.0026621794710801616,33.67
2020-06-18,389,1,9969.75,10010.5,19301.0,7,False,True,False,True,False,9980.75,True,0.002980737920496912,33.47
2020-06-22,390,0,9991.0,10114.75,239431.0,8,False,True,True,True,True,,False,,35.12
2020-06-23,390,0,10181.75,10197.5,270335.0,8,False,True,True,True,True,10114.75,True,0.008181121629303734,31.77
2020-06-24,390,0,10167.25,9992.75,518791.0,8,False,True,True,True,True,10197.5,True,-0.0200784506006374,31.37
2020-06-25,390,0,9997.0,10087.0,372893.0,8,False,True,True,True,True,9992.75,True,0.009431838082609945,33.84
2020-06-26,390,0,10072.75,9841.25,478476.0,8,False,True,True,True,True,10087.0,True,-0.024363041538614016,32.22
2020-06-29,390,0,9836.5,9950.75,336133.0,8,False,True,True,True,True,9841.25,True,0.011126635335958257,34.73
2020-06-30,390,0,9950.0,10148.5,307511.0,8,False,True,True,True,True,9950.75,True,0.019872873903977073,31.78
2020-07-01,390,0,10148.75,10265.0,289978.0,8,False,True,True,True,True,10148.5,True,0.01147952899443272,30.43
2020-07-02,390,0,10368.5,10335.25,290320.0,8,False,True,True,True,True,10265.0,True,0.00684364344861188,28.62
2020-07-03,210,180,10354.25,10326.0,22632.0,8,False,False,False,False,False,,False,,
2020-07-06,390,0,10470.5,10591.5,308836.0,8,False,True,True,True,True,10335.25,True,0.02479378824895373,27.68
2020-07-07,390,0,10579.5,10516.75,336389.0,8,False,True,True,True,True,10591.5,True,-0.007057546145494031,27.94
2020-07-08,390,0,10573.5,10654.25,350575.0,8,False,True,True,True,True,10516.75,True,0.01307438134404637,29.43
2020-07-09,390,0,10734.0,10741.25,487781.0,8,False,True,True,True,True,10654.25,True,0.008165755449703216,28.08
2020-07-10,390,0,10734.0,10820.75,375921.0,8,False,True,True,True,True,10741.25,True,0.0074013732107529595,29.26
2020-07-13,390,0,10937.75,10598.5,589425.0,8,False,True,True,True,True,10820.75,True,-0.020539241734630176,27.29
2020-07-14,390,0,10492.75,10673.0,690138.0,8,False,True,True,True,True,10598.5,True,0.007029296598575208,32.19
2020-07-15,390,0,10724.75,10687.75,544275.0,8,False,True,True,True,True,10673.0,True,0.0013819919422841664,29.52
2020-07-16,390,0,10571.25,10613.0,444769.0,8,False,True,True,True,True,10687.75,True,-0.0069939884447147715,27.76
2020-07-17,390,0,10643.0,10630.25,323041.0,8,False,True,True,True,True,10613.0,True,0.0016253651182511764,28.0
2020-07-20,390,0,10659.25,10936.5,364901.0,8,False,True,True,True,True,10630.25,True,0.028809294231085802,25.68
2020-07-21,390,0,11001.5,10824.0,456750.0,8,False,True,True,True,True,10936.5,True,-0.010286654779865567,24.46
2020-07-22,390,0,10838.0,10859.75,343445.0,8,False,True,True,True,True,10824.0,True,0.0033028455284553893,24.84
2020-07-23,390,0,10842.5,10572.0,530311.0,8,False,True,True,True,True,10859.75,True,-0.026496926724832504,24.32
2020-07-24,390,0,10415.5,10469.75,480143.0,8,False,True,True,True,True,10572.0,True,-0.009671774498675734,26.08
2020-07-27,390,0,10546.75,10660.5,325761.0,8,False,True,True,True,True,10469.75,True,0.01821915518517625,25.84
2020-07-28,390,0,10631.0,10525.25,322949.0,8,False,True,True,True,True,10660.5,True,-0.012687022184700525,24.74
2020-07-29,390,0,10588.75,10650.25,270975.0,8,False,True,True,True,True,10525.25,True,0.011876202465499697,25.44
2020-07-30,390,0,10566.5,10705.0,361967.0,8,False,True,True,True,True,10650.25,True,0.005140724396140994,24.1
2020-07-31,390,0,10895.75,10897.75,491454.0,8,False,True,True,True,True,10705.0,True,0.01800560485754321,24.76
2020-08-03,390,0,10987.25,11038.75,291464.0,8,False,True,True,True,True,10897.75,True,0.01293845059760046,24.46
2020-08-04,390,0,11015.0,11084.5,283788.0,8,False,True,True,True,True,11038.75,True,0.004144490997622041,24.28
2020-08-05,390,0,11101.25,11111.25,248680.0,8,False,True,True,True,True,11084.5,True,0.0024132798051332838,23.76
2020-08-06,390,0,11098.75,11254.25,306142.0,8,False,True,True,True,True,11111.25,True,0.012869839127011007,22.99
2020-08-07,390,0,11232.75,11128.25,415565.0,8,False,True,True,True,True,11254.25,True,-0.011195770486705059,22.65
2020-08-10,390,0,11137.75,11078.25,405437.0,8,False,True,True,True,True,11128.25,True,-0.0044930694403881866,22.21
2020-08-11,390,0,11027.25,10868.75,441201.0,8,False,True,True,True,True,11078.25,True,-0.01891092907273262,22.13
2020-08-12,390,0,10958.25,11146.0,329632.0,8,False,True,True,True,True,10868.75,True,0.02550891316848758,24.03
2020-08-13,390,0,11173.5,11170.0,335589.0,8,False,True,True,True,True,11146.0,True,0.002153238830073567,22.28
2020-08-14,390,0,11191.0,11159.75,306866.0,8,False,True,True,True,True,11170.0,True,-0.0009176365264100816,22.13
2020-08-17,390,0,11228.75,11284.25,179588.0,8,False,True,True,True,True,11159.75,True,0.011156163892560356,22.05
2020-08-18,390,0,11330.0,11394.0,250149.0,8,False,True,True,True,True,11284.25,True,0.009725945454948315,21.35
2020-08-19,390,0,11392.5,11319.0,337415.0,8,False,True,True,True,True,11394.0,True,-0.006582411795681975,21.51
2020-08-20,390,0,11284.5,11474.0,294314.0,8,False,True,True,True,True,11319.0,True,0.013693789203993223,22.54
2020-08-21,390,0,11481.25,11554.5,294526.0,8,False,True,True,True,True,11474.0,True,0.007015861948753699,22.72
2020-08-24,390,0,11687.25,11626.25,506782.0,8,False,True,True,True,True,11554.5,True,0.006209701847764926,22.54
2020-08-25,390,0,11591.25,11715.25,381812.0,8,False,True,True,True,True,11626.25,True,0.0076550908504462445,22.37
2020-08-26,390,0,11768.25,11964.75,476343.0,8,False,True,True,True,True,11715.25,True,0.021297027378843758,22.03
2020-08-27,390,0,12013.25,11927.75,586528.0,8,False,True,True,True,True,11964.75,True,-0.003092417309179085,23.27
2020-08-28,390,0,11979.5,11991.25,385331.0,8,False,True,True,True,True,11927.75,True,0.0053237198968791866,24.47
2020-08-31,390,0,12017.25,12092.75,366064.0,8,False,True,True,True,True,11991.25,True,0.008464505368497965,22.96
2020-09-01,390,0,12198.75,12294.0,378379.0,8,False,True,True,True,True,12092.75,True,0.01664220297285568,26.41
2020-09-02,390,0,12432.25,12410.25,601430.0,8,False,True,True,True,True,12294.0,True,0.00945583211322587,26.12
2020-09-03,390,0,12224.25,11772.75,758233.0,8,False,True,True,True,True,12410.25,True,-0.051368828186378224,26.57
2020-09-04,390,0,11714.0,11619.0,939963.0,8,False,True,True,True,True,11772.75,True,-0.013059820347837148,33.6
2020-09-07,210,180,11457.75,11501.25,42699.0,8,False,False,False,False,False,,False,,
2020-09-08,390,0,11158.25,11068.5,618214.0,8,False,True,True,True,True,11619.0,True,-0.04737929253808415,30.75
2020-09-09,390,0,11292.25,11384.75,475834.0,8,False,True,True,True,True,11068.5,True,0.028572073903419648,31.46
2020-09-10,390,0,11517.5,11157.5,666577.0,8,False,True,True,True,True,11384.75,True,-0.019960912624343963,28.81
2020-09-11,390,0,11244.5,11085.5,318099.0,8,False,True,True,True,True,11157.5,True,-0.006453058480842433,29.71
2020-09-14,390,0,11242.75,11275.0,141506.0,8,False,True,False,True,False,11085.5,True,0.017094402597988445,26.87
2020-09-15,390,0,11431.75,11438.25,94966.0,8,False,True,False,True,False,11275.0,True,0.014478935698447826,25.85
2020-09-16,390,0,11466.25,11249.75,79172.0,8,False,True,False,True,False,11438.25,True,-0.016479793674731735,25.59
2020-09-17,390,0,10963.75,11082.25,56307.0,8,False,True,False,True,False,11249.75,True,-0.01488921976043911,26.04
2020-09-21,390,0,10757.75,10963.75,530665.0,9,False,True,True,True,True,,False,,25.83
2020-09-22,390,0,11067.25,11164.75,426335.0,9,False,True,True,True,True,10963.75,True,0.018333143313191247,27.78
2020-09-23,390,0,11153.0,10820.75,520037.0,9,False,True,True,True,True,11164.75,True,-0.030811258648872575,26.86
2020-09-24,390,0,10719.5,10878.5,594802.0,9,False,True,True,True,True,10820.75,True,0.005336968324746394,28.58
2020-09-25,390,0,10895.25,11133.25,440619.0,9,False,True,True,True,True,10878.5,True,0.02341775060899942,28.51
2020-09-28,390,0,11340.75,11359.5,400948.0,9,False,True,True,True,True,11133.25,True,0.020322008398266478,26.38
2020-09-29,390,0,11346.0,11309.75,326335.0,9,False,True,True,True,True,11359.5,True,-0.0043795941722787335,26.19
2020-09-30,390,0,11320.0,11402.25,455204.0,9,False,True,True,True,True,11309.75,True,0.00817878379274517,26.27
2020-10-01,390,0,11555.5,11572.5,420898.0,9,False,True,True,True,True,11402.25,True,0.014931263566401398,26.37
2020-10-02,390,0,11316.25,11244.25,546768.0,9,False,True,True,True,True,11572.5,True,-0.02836465759343265,26.7
2020-10-05,390,0,11325.25,11488.75,269400.0,9,False,True,True,True,True,11244.25,True,0.02174444716188284,27.63
2020-10-06,390,0,11447.0,11275.75,477456.0,9,False,True,True,True,True,11488.75,True,-0.01853987596561857,27.96
2020-10-07,390,0,11385.5,11480.0,308957.0,9,False,True,True,True,True,11275.75,True,0.018114094406137093,29.48
2020-10-08,390,0,11571.5,11536.5,291549.0,9,False,True,True,True,True,11480.0,True,0.004921602787456347,28.06
2020-10-09,390,0,11602.0,11711.5,293242.0,9,False,True,True,True,True,11536.5,True,0.015169245438391155,26.36
2020-10-12,390,0,11911.75,12073.5,547038.0,9,False,True,True,True,True,11711.5,True,0.030909789523118292,25.0
2020-10-13,390,0,12150.75,12074.0,525828.0,9,False,True,True,True,True,12073.5,True,4.141301196836089e-05,25.07
2020-10-14,390,0,12111.25,11977.5,476237.0,9,False,True,True,True,True,12074.0,True,-0.007992380321351633,26.07
2020-10-15,390,0,11775.25,11890.25,429993.0,9,False,True,True,True,True,11977.5,True,-0.007284491755374711,26.4
2020-10-16,390,0,11961.0,11827.0,383154.0,9,False,True,True,True,True,11890.25,True,-0.005319484451546397,26.97
2020-10-19,390,0,11909.5,11629.75,511586.0,9,False,True,True,True,True,11827.0,True,-0.016677940306079275,27.41
2020-10-20,390,0,11666.5,11663.0,484274.0,9,False,True,True,True,True,11629.75,True,0.00285904684107563,29.18
2020-10-21,390,0,11670.0,11652.5,468614.0,9,False,True,True,True,True,11663.0,True,-0.0009002829460688089,29.35
2020-10-22,390,0,11686.25,11654.25,464637.0,9,False,True,True,True,True,11652.5,True,0.0001501823642995337,28.65
2020-10-23,390,0,11677.5,11680.0,407790.0,9,False,True,True,True,True,11654.25,True,0.0022094943904584774,28.11
2020-10-26,390,0,11575.75,11494.25,553191.0,9,False,True,True,True,True,11680.0,True,-0.015903253424657482,27.55
2020-10-27,390,0,11535.0,11586.25,440014.0,9,False,True,True,True,True,11494.25,True,0.008004002001000599,32.46
2020-10-28,390,0,11400.5,11137.5,592068.0,9,False,True,True,True,True,11586.25,True,-0.03873125472003447,33.35
2020-10-29,390,0,11189.75,11324.75,421588.0,9,False,True,True,True,True,11137.5,True,0.016812570145903427,40.28
2020-10-30,390,0,11246.25,11055.25,618670.0,9,False,True,True,True,True,11324.75,True,-0.023797434821960728,37.59
2020-11-02,390,0,11139.25,11068.75,448731.0,9,False,True,True,True,True,11055.25,True,0.0012211392777188301,38.02
2020-11-03,390,0,11144.5,11257.0,392149.0,9,False,True,True,True,True,11068.75,True,0.017007340485601263,37.13
2020-11-04,390,0,11627.5,11759.75,456771.0,9,False,True,True,True,True,11257.0,True,0.044661099760149314,35.55
2020-11-05,390,0,12030.0,12066.5,409468.0,9,False,True,True,True,True,11759.75,True,0.026084738195965018,29.57
2020-11-06,390,0,12035.0,12080.0,370508.0,9,False,True,True,True,True,12066.5,True,0.0011187999834252338,27.58
2020-11-09,390,0,12191.25,11825.75,438039.0,9,False,True,True,True,True,12080.0,True,-0.021047185430463577,24.86
2020-11-10,390,0,11691.75,11620.0,590780.0,9,False,True,True,True,True,11825.75,True,-0.017398473669746117,25.75
2020-11-11,390,0,11719.5,11880.0,369996.0,9,False,True,True,True,True,11620.0,True,0.022375215146299476,24.8
2020-11-12,390,0,11917.5,11823.75,404283.0,9,False,True,True,True,True,11880.0,True,-0.004734848484848508,23.45
2020-11-13,390,0,11889.75,11932.5,327588.0,9,False,True,True,True,True,11823.75,True,0.009197589597208955,25.35
2020-11-16,390,0,11915.5,12013.5,320656.0,9,False,True,True,True,True,11932.5,True,0.0067881835323695405,23.1
2020-11-17,390,0,12027.75,11977.0,300128.0,9,False,True,True,True,True,12013.5,True,-0.003038248636950125,22.45
2020-11-18,390,0,11959.25,11892.0,345904.0,9,False,True,True,True,True,11977.0,True,-0.007096935793604375,22.71
2020-11-19,390,0,11869.5,11981.25,300810.0,9,False,True,True,True,True,11892.0,True,0.007505045408678024,23.84
2020-11-20,390,0,11984.0,11904.5,238814.0,9,False,True,True,True,True,11981.25,True,-0.0064058424621804555,23.11
2020-11-23,390,0,11946.25,11904.25,338293.0,9,False,True,True,True,True,11904.5,True,-2.1000462010145604e-05,23.7
2020-11-24,390,0,11949.25,12075.25,312015.0,9,False,True,True,True,True,11904.25,True,0.014364617678560121,22.66
2020-11-25,390,0,12112.25,12153.5,283130.0,9,False,True,True,True,True,12075.25,True,0.0064801970973686895,21.64
2020-11-26,210,180,12199.0,12153.75,25167.0,9,False,False,False,False,False,,False,,
2020-11-27,225,165,12227.75,12273.25,171098.0,9,False,True,True,False,False,12153.5,True,0.00985312872834987,21.25
2020-11-30,390,0,12270.75,12274.0,366672.0,9,False,True,True,True,True,12273.25,True,6.110850834128989e-05,20.84
2020-12-01,390,0,12376.25,12450.25,360420.0,9,False,True,True,True,True,12274.0,True,0.014359621965129632,20.57
2020-12-02,390,0,12390.5,12457.25,310965.0,9,False,True,True,True,True,12450.25,True,0.0005622377060701123,20.77
2020-12-03,390,0,12464.75,12472.5,302115.0,9,False,True,True,True,True,12457.25,True,0.0012241867185776023,21.17
2020-12-04,390,0,12475.0,12529.0,250248.0,9,False,True,True,True,True,12472.5,True,0.004529965925035073,21.28
2020-12-07,390,0,12532.75,12597.25,244385.0,9,False,True,True,True,True,12529.0,True,0.005447362119881838,20.79
2020-12-08,390,0,12577.0,12637.0,275592.0,9,False,True,True,True,True,12597.25,True,0.0031554505943758304,21.3
2020-12-09,390,0,12631.0,12355.25,546582.0,9,False,True,True,True,True,12637.0,True,-0.02229563978792437,20.68
2020-12-10,390,0,12264.75,12398.0,387925.0,9,False,True,True,True,True,12355.25,True,0.0034600675826066407,22.27
2020-12-11,390,0,12329.75,12376.0,236736.0,9,False,True,True,True,True,12398.0,True,-0.001774479754799163,22.52
2020-12-14,390,0,12421.0,12453.0,149811.0,9,False,True,True,True,True,12376.0,True,0.0062217194570135526,23.31
2020-12-15,390,0,12556.25,12593.0,110600.0,9,False,True,False,True,False,12453.0,True,0.011242270938729648,24.72
2020-12-16,390,0,12614.0,12667.0,63819.0,9,False,True,False,True,False,12593.0,True,0.0058762804732788165,22.89
2020-12-17,390,0,12734.25,12749.25,31949.0,9,False,True,False,True,False,12667.0,True,0.006493250177626919,22.5
2020-12-21,390,0,12581.5,12684.75,400743.0,10,False,True,True,True,True,,False,,21.57
2020-12-22,390,0,12719.25,12713.5,354432.0,10,False,True,True,True,True,12684.75,True,0.0022665011135418744,25.16
2020-12-23,390,0,12714.0,12650.0,245526.0,10,False,True,True,True,True,12713.5,True,-0.004994690683132075,24.23
2020-12-24,225,165,12659.75,12703.0,123895.0,10,False,True,True,False,False,12650.0,True,0.004189723320158212,23.31
2020-12-28,390,0,12816.25,12833.75,261037.0,10,False,True,True,True,True,12703.0,True,0.010292844210029184,21.53
2020-12-29,390,0,12891.75,12846.75,328034.0,10,False,True,True,True,True,12833.75,True,0.0010129541248660168,21.7
2020-12-30,390,0,12897.0,12842.75,263818.0,10,False,True,True,True,True,12846.75,True,-0.0003113627960379395,23.08
2020-12-31,390,0,12841.5,12869.75,230923.0,10,False,True,True,True,True,12842.75,True,0.0021023534679098788,22.77
2021-01-04,390,0,12933.75,12688.0,539586.0,10,False,True,True,True,True,12869.75,True,-0.014122263447230887,22.75
2021-01-05,390,0,12651.0,12791.5,357277.0,10,False,True,True,True,True,12688.0,True,0.008157313997477988,26.97
2021-01-06,390,0,12598.25,12618.5,483542.0,10,False,True,True,True,True,12791.5,True,-0.013524606183793919,25.34
2021-01-07,390,0,12728.0,12925.5,309974.0,10,False,True,True,True,True,12618.5,True,0.024329357689107267,25.07
2021-01-08,390,0,13019.0,13092.0,403994.0,10,False,True,True,True,True,12925.5,True,0.012881513287687163,22.37
2021-01-11,390,0,12964.25,12896.25,342890.0,10,False,True,True,True,True,13092.0,True,-0.014951879010082547,21.56
2021-01-12,390,0,12902.5,12882.5,362957.0,10,False,True,True,True,True,12896.25,True,-0.0010662014151400223,24.08
2021-01-13,390,0,12889.25,12967.75,318268.0,10,False,True,True,True,True,12882.5,True,0.006617504366388527,23.33
2021-01-14,390,0,12985.75,12897.5,325421.0,10,False,True,True,True,True,12967.75,True,-0.005417285188255461,22.21
2021-01-15,390,0,12890.0,12798.75,417243.0,10,False,True,True,True,True,12897.5,True,-0.007656522581895753,23.25
2021-01-18,210,180,12800.25,12814.0,19817.0,10,False,False,False,False,False,,False,,
2021-01-19,390,0,12896.5,12985.0,321328.0,10,False,True,True,True,True,12798.75,True,0.014552202363512068,24.34
2021-01-20,390,0,13137.0,13285.5,335881.0,10,False,True,True,True,True,12985.0,True,0.023142087023488633,23.24
2021-01-21,390,0,13340.0,13397.25,324436.0,10,False,True,True,True,True,13285.5,True,0.008411425990741739,21.58
2021-01-22,390,0,13347.75,13355.25,309701.0,10,False,True,True,True,True,13397.25,True,-0.003134971729272795,21.32
2021-01-25,390,0,13497.75,13474.5,553625.0,10,False,True,True,True,True,13355.25,True,0.008929072836524998,21.91
2021-01-26,390,0,13493.25,13484.75,387218.0,10,False,True,True,True,True,13474.5,True,0.0007606961297266235,23.19
2021-01-27,390,0,13389.5,13119.75,600643.0,10,False,True,True,True,True,13484.75,True,-0.02706761341515418,23.02
2021-01-28,390,0,13155.25,13185.75,397949.0,10,False,True,True,True,True,13119.75,True,0.0050305836620363475,37.21
2021-01-29,390,0,13110.5,12913.75,519640.0,10,False,True,True,True,True,13185.75,True,-0.020628329825758907,30.21
2021-02-01,390,0,13051.5,13230.5,376122.0,10,False,True,True,True,True,12913.75,True,0.02452811925273446,33.09
2021-02-02,390,0,13352.25,13448.5,337654.0,10,False,True,True,True,True,13230.5,True,0.016477079475454515,30.24
2021-02-03,390,0,13531.5,13388.75,388062.0,10,False,True,True,True,True,13448.5,True,-0.0044428746700375665,25.56
2021-02-04,390,0,13449.0,13550.5,297496.0,10,False,True,True,True,True,13388.75,True,0.012081038185043358,22.91
2021-02-05,390,0,13590.0,13596.5,335437.0,10,False,True,True,True,True,13550.5,True,0.003394708682336489,21.77
2021-02-08,390,0,13666.25,13684.75,306494.0,10,False,True,True,True,True,13596.5,True,0.0064906409737799375,20.87
2021-02-09,390,0,13645.75,13680.5,294235.0,10,False,True,True,True,True,13684.75,True,-0.00031056467966161794,21.24
2021-02-10,390,0,13742.75,13650.0,455075.0,10,False,True,True,True,True,13680.5,True,-0.002229450677972311,21.63
2021-02-11,390,0,13717.25,13725.75,417112.0,10,False,True,True,True,True,13650.0,True,0.005549450549450441,21.99
2021-02-12,390,0,13693.5,13804.0,315785.0,10,False,True,True,True,True,13725.75,True,0.005700963517476287,21.25
2021-02-15,210,180,13850.75,13872.0,21515.0,10,False,False,False,False,False,,False,,
2021-02-16,390,0,13835.75,13764.5,447155.0,10,False,True,True,True,True,13804.0,True,-0.002861489423355512,19.97
2021-02-17,390,0,13638.5,13699.5,436194.0,10,False,True,True,True,True,13764.5,True,-0.00472229285480763,21.46
2021-02-18,390,0,13544.25,13637.75,425281.0,10,False,True,True,True,True,13699.5,True,-0.004507463776050269,21.5
2021-02-19,390,0,13695.5,13578.25,399956.0,10,False,True,True,True,True,13637.75,True,-0.004362889772873135,22.49
2021-02-22,390,0,13391.25,13227.0,451309.0,10,False,True,True,True,True,13578.25,True,-0.02586857658387498,22.05
2021-02-23,390,0,13001.0,13188.0,616688.0,10,False,True,True,True,True,13227.0,True,-0.0029485144023587706,23.45
2021-02-24,390,0,13073.75,13295.25,407138.0,10,False,True,True,True,True,13188.0,True,0.008132393084622436,23.11
2021-02-25,390,0,13180.75,12826.25,672111.0,10,False,True,True,True,True,13295.25,True,-0.03527575637915792,21.34
2021-02-26,390,0,12952.75,12893.25,525891.0,10,False,True,True,True,True,12826.25,True,0.005223662411071084,28.89
2021-03-01,390,0,13099.25,13274.25,343913.0,10,False,True,True,True,True,12893.25,True,0.029550346111337333,27.95
2021-03-02,390,0,13297.5,13058.25,409338.0,10,False,True,True,True,True,13274.25,True,-0.01627210576868754,23.35
2021-03-03,390,0,13012.75,12680.75,573035.0,10,False,True,True,True,True,13058.25,True,-0.028908927306492083,24.1
2021-03-04,390,0,12664.25,12471.25,807664.0,10,False,True,True,True,True,12680.75,True,-0.016521104824241517,26.67
2021-03-05,390,0,12582.75,12661.5,746754.0,10,False,True,True,True,True,12471.25,True,0.01525508669940856,28.57
2021-03-08,390,0,12635.25,12300.5,500746.0,10,False,True,True,True,True,12661.5,True,-0.028511629743711242,24.66
2021-03-09,390,0,12609.25,12787.0,427144.0,10,False,True,True,True,True,12300.5,True,0.03955123775456282,25.47
2021-03-10,390,0,12967.75,12752.25,492608.0,10,False,True,True,True,True,12787.0,True,-0.0027176038163759797,24.03
2021-03-11,390,0,12951.5,13046.5,313480.0,10,False,True,True,True,True,12752.25,True,0.02307435942676772,22.56
2021-03-12,390,0,12871.0,12937.25,238640.0,10,False,True,True,True,True,13046.5,True,-0.008373893381366626,21.91
2021-03-15,390,0,12950.5,13077.25,134979.0,10,False,True,False,True,False,12937.25,True,0.010821465149084997,20.69
2021-03-16,390,0,13169.5,13149.25,123985.0,10,False,True,False,True,False,13077.25,True,0.005505744709323412,20.03
2021-03-17,390,0,13018.0,13205.25,104156.0,10,False,True,False,True,False,13149.25,True,0.0042587980303059325,19.79
2021-03-18,390,0,12993.75,12797.25,46645.0,10,False,True,False,True,False,13205.25,True,-0.030896802408133084,19.23
2021-03-22,390,0,12928.25,13070.75,345733.0,11,False,True,True,True,True,,False,,20.95
2021-03-23,390,0,13113.5,13005.0,477289.0,11,False,True,True,True,True,13070.75,True,-0.005030315781420325,18.88
2021-03-24,390,0,13070.75,12790.0,496692.0,11,False,True,True,True,True,13005.0,True,-0.016532103037293355,20.3
2021-03-25,390,0,12717.5,12772.5,588263.0,11,False,True,True,True,True,12790.0,True,-0.001368256450351879,21.2
2021-03-26,390,0,12763.25,12962.0,463929.0,11,False,True,True,True,True,12772.5,True,0.01483656292816593,19.81
2021-03-29,390,0,12941.25,12956.25,426594.0,11,False,True,True,True,True,12962.0,True,-0.00044360438203983055,18.86
2021-03-30,390,0,12873.5,12895.25,396326.0,11,False,True,True,True,True,12956.25,True,-0.004708152436083024,20.74
2021-03-31,390,0,12968.0,13084.5,371748.0,11,False,True,True,True,True,12895.25,True,0.014675946569473242,19.61
2021-04-01,390,0,13253.0,13314.25,317654.0,11,False,True,True,True,True,13084.5,True,0.01755894378845202,19.4
2021-04-05,390,0,13419.0,13581.75,265623.0,11,False,True,True,True,True,13314.25,True,0.02009125560959113,17.33
2021-04-06,390,0,13567.75,13571.5,356651.0,11,False,True,True,True,True,13581.75,True,-0.0007546891969002489,17.91
2021-04-07,390,0,13552.5,13604.75,342878.0,11,False,True,True,True,True,13571.5,True,0.002449987105330953,18.12
2021-04-08,390,0,13726.5,13749.75,332430.0,11,False,True,True,True,True,13604.75,True,0.010658042227898346,17.16
2021-04-09,390,0,13689.5,13829.25,353384.0,11,False,True,True,True,True,13749.75,True,0.005781923307696557,16.95
2021-04-12,390,0,13784.5,13812.0,355438.0,11,False,True,True,True,True,13829.25,True,-0.001247356147296541,16.69
2021-04-13,390,0,13877.25,13975.5,375093.0,11,False,True,True,True,True,13812.0,True,0.011837532580364796,16.91
2021-04-14,390,0,13983.0,13808.5,570382.0,11,False,True,True,True,True,13975.5,True,-0.011949483023863228,16.65
2021-04-15,390,0,13929.0,14016.0,416074.0,11,False,True,True,True,True,13808.5,True,0.015026976137886061,16.99
2021-04-16,390,0,14038.75,14031.25,384623.0,11,False,True,True,True,True,14016.0,True,0.0010880422374428544,16.57
2021-04-19,390,0,13964.75,13904.0,507872.0,11,False,True,True,True,True,14031.25,True,-0.00906904231625838,16.25
2021-04-20,390,0,13874.0,13799.5,477746.0,11,False,True,True,True,True,13904.0,True,-0.007515822784810111,17.29
2021-04-21,390,0,13747.0,13918.75,395311.0,11,False,True,True,True,True,13799.5,True,0.008641617449907546,18.68
2021-04-22,390,0,13901.0,13750.5,525976.0,11,False,True,True,True,True,13918.75,True,-0.01208801077682986,17.5
2021-04-23,390,0,13776.5,13925.0,353498.0,11,False,True,True,True,True,13750.5,True,0.012690447620086642,18.71
2021-04-26,390,0,13933.75,14014.0,309476.0,11,False,True,True,True,True,13925.0,True,0.006391382405745105,17.33
2021-04-27,390,0,14025.0,13951.5,332578.0,11,False,True,True,True,True,14014.0,True,-0.0044598258883973285,17.64
2021-04-28,390,0,13939.75,13895.75,405079.0,11,False,True,True,True,True,13951.5,True,-0.003995986094685211,17.56
2021-04-29,390,0,14042.0,13955.0,481570.0,11,False,True,True,True,True,13895.75,True,0.004263893636543559,17.28
2021-04-30,390,0,13853.0,13861.0,441613.0,11,False,True,True,True,True,13955.0,True,-0.006735936940164833,17.61
2021-05-03,390,0,13915.0,13790.5,387342.0,11,False,True,True,True,True,13861.0,True,-0.005086213115936822,18.61
2021-05-04,390,0,13683.25,13543.25,541133.0,11,False,True,True,True,True,13790.5,True,-0.017929009100467685,18.31
2021-05-05,390,0,13629.25,13494.0,407109.0,11,False,True,True,True,True,13543.25,True,-0.003636497886400969,19.48
2021-05-06,390,0,13484.75,13596.5,448083.0,11,False,True,True,True,True,13494.0,True,0.007595968578627543,19.15
2021-05-07,390,0,13714.5,13706.5,394298.0,11,False,True,True,True,True,13596.5,True,0.008090317361085564,18.39
2021-05-10,390,0,13649.75,13356.25,492203.0,11,False,True,True,True,True,13706.5,True,-0.025553569474336957,16.69
2021-05-11,390,0,13113.25,13344.0,584721.0,11,False,True,True,True,True,13356.25,True,-0.0009171736078614767,19.66
2021-05-12,390,0,13132.75,12998.5,547757.0,11,False,True,True,True,True,13344.0,True,-0.025891786570743425,21.84
2021-05-13,390,0,13121.0,13097.5,534590.0,11,False,True,True,True,True,12998.5,True,0.007616263415009428,27.59
2021-05-14,390,0,13232.0,13384.5,333000.0,11,False,True,True,True,True,13097.5,True,0.021912578736400068,23.13
2021-05-17,390,0,13313.5,13305.75,371270.0,11,False,True,True,True,True,13384.5,True,-0.005883671410960467,18.81
2021-05-18,390,0,13345.0,13213.25,335893.0,11,False,True,True,True,True,13305.75,True,-0.006951881705277829,19.72
2021-05-19,390,0,12984.5,13230.5,480932.0,11,False,True,True,True,True,13213.25,True,0.0013055077289840789,21.34
2021-05-20,390,0,13292.0,13486.5,342194.0,11,False,True,True,True,True,13230.5,True,0.01934923094365293,22.18
2021-05-21,390,0,13551.75,13409.0,351601.0,11,False,True,True,True,True,13486.5,True,-0.005746487227968666,20.67
2021-05-24,390,0,13509.0,13637.5,270210.0,11,False,True,True,True,True,13409.0,True,0.017040793496905016,20.15
2021-05-25,390,0,13701.25,13656.25,346290.0,11,False,True,True,True,True,13637.5,True,0.001374885426214556,18.4
2021-05-26,390,0,13685.75,13701.75,255673.0,11,False,True,True,True,True,13656.25,True,0.003331807780320384,18.84
2021-05-27,390,0,13685.25,13652.25,286350.0,11,False,True,True,True,True,13701.75,True,-0.0036126772127648143,17.36
2021-05-28,390,0,13703.5,13690.5,285406.0,11,False,True,True,True,True,13652.25,True,0.0028017359775860395,16.74
2021-05-31,210,180,13677.75,13654.75,12704.0,11,False,False,False,False,False,,False,,
2021-06-01,390,0,13752.25,13651.0,318397.0,11,False,True,True,True,True,13690.5,True,-0.0028852123735436663,16.76
2021-06-02,390,0,13667.0,13674.25,296312.0,11,False,True,True,True,True,13651.0,True,0.001703171928796321,17.9
2021-06-03,390,0,13555.5,13528.25,428586.0,11,False,True,True,True,True,13674.25,True,-0.01067700239501257,17.48
2021-06-04,390,0,13610.0,13766.5,294364.0,11,False,True,True,True,True,13528.25,True,0.017611294882930117,18.04
2021-06-07,390,0,13738.25,13802.5,288587.0,11,False,True,True,True,True,13766.5,True,0.0026150437656631276,16.42
2021-06-08,390,0,13878.75,13809.0,349154.0,11,False,True,True,True,True,13802.5,True,0.00047092917949642654,16.42
2021-06-09,390,0,13871.0,13815.75,285642.0,11,False,True,True,True,True,13809.0,True,0.0004888116445795898,17.07
2021-06-10,390,0,13831.0,13959.75,328908.0,11,False,True,True,True,True,13815.75,True,0.010422886922534014,17.89
2021-06-11,390,0,13960.0,13994.5,142472.0,11,False,True,True,True,True,13959.75,True,0.0024892995934739925,16.1
2021-06-14,390,0,14014.75,14130.75,103511.0,11,False,True,False,True,False,13994.5,True,0.009735967701597126,15.65
2021-06-15,390,0,14117.25,14035.25,62818.0,11,False,True,False,True,False,14130.75,True,-0.006758310776144194,16.39
2021-06-16,390,0,14059.0,13983.75,66829.0,11,False,True,False,True,False,14035.25,True,-0.003669332573342121,17.02
2021-06-17,390,0,13944.5,14164.25,48729.0,11,False,True,False,True,False,13983.75,True,0.012907839456512082,18.15
2021-06-21,390,0,14052.0,14128.25,357249.0,12,False,True,True,True,True,,False,,20.7
2021-06-22,390,0,14120.0,14257.75,322051.0,12,False,True,True,True,True,14128.25,True,0.009166032594270401,17.89
2021-06-23,390,0,14258.0,14263.0,280333.0,12,False,True,True,True,True,14257.75,True,0.0003682207922006686,16.66
2021-06-24,390,0,14349.75,14354.25,330316.0,12,False,True,True,True,True,14263.0,True,0.006397672298955381,16.32
2021-06-25,390,0,14379.5,14338.75,297416.0,12,False,True,True,True,True,14354.25,True,-0.001079819565633855,15.97
2021-06-28,390,0,14394.0,14511.25,297946.0,12,False,True,True,True,True,14338.75,True,0.012030337372504585,15.62
2021-06-29,390,0,14505.75,14564.0,275537.0,12,False,True,True,True,True,14511.25,True,0.003635110689981902,15.76
2021-06-30,390,0,14558.75,14543.5,296278.0,12,False,True,True,True,True,14564.0,True,-0.0014075803350728222,16.02
2021-07-01,390,0,14527.75,14547.75,340574.0,12,False,True,True,True,True,14543.5,True,0.0002922267679719148,15.83
2021-07-02,390,0,14629.0,14714.75,275617.0,12,False,True,True,True,True,14547.75,True,0.011479438401127418,15.48
2021-07-05,210,180,14704.0,14693.25,13037.0,12,False,False,False,False,False,,False,,
2021-07-06,390,0,14740.5,14776.5,412651.0,12,False,True,True,True,True,14714.75,True,0.004196469528874092,15.07
2021-07-07,390,0,14871.25,14802.25,375065.0,12,False,True,True,True,True,14776.5,True,0.001742631881703982,16.44
2021-07-08,390,0,14594.0,14722.75,448471.0,12,False,True,True,True,True,14802.25,True,-0.005370805114087385,16.2
2021-07-09,390,0,14693.5,14810.25,305730.0,12,False,True,True,True,True,14722.75,True,0.005943183168905186,19.0
2021-07-12,390,0,14870.75,14868.5,272104.0,12,False,True,True,True,True,14810.25,True,0.003933086882395687,16.18
2021-07-13,390,0,14853.0,14865.25,385725.0,12,False,True,True,True,True,14868.5,True,-0.000218582910179288,16.17
2021-07-14,390,0,14969.0,14894.5,396159.0,12,False,True,True,True,True,14865.25,True,0.0019676762920233237,17.12
2021-07-15,390,0,14893.0,14790.5,508613.0,12,False,True,True,True,True,14894.5,True,-0.00698244318372554,16.33
2021-07-16,390,0,14829.75,14673.25,433991.0,12,False,True,True,True,True,14790.5,True,-0.00792738582198027,17.01
2021-07-19,390,0,14528.75,14553.5,535898.0,12,False,True,True,True,True,14673.25,True,-0.008161109501984898,18.45
2021-07-20,390,0,14591.5,14718.5,393678.0,12,False,True,True,True,True,14553.5,True,0.01133747895695203,22.5
2021-07-21,390,0,14702.0,14828.0,287262.0,12,False,True,True,True,True,14718.5,True,0.007439616808778027,19.73
2021-07-22,390,0,14840.0,14929.0,338604.0,12,False,True,True,True,True,14828.0,True,0.006811437820339883,17.91
2021-07-23,390,0,14985.75,15098.75,361624.0,12,False,True,True,True,True,14929.0,True,0.011370486971665983,17.69
2021-07-26,390,0,15075.5,15117.0,290328.0,12,False,True,True,True,True,15098.75,True,0.001208709330242641,17.2
2021-07-27,390,0,15105.25,14950.25,555441.0,12,False,True,True,True,True,15117.0,True,-0.011030627770060142,17.58
2021-07-28,390,0,14998.25,15006.0,452193.0,12,False,True,True,True,True,14950.25,True,0.003729034631527961,19.36
2021-07-29,390,0,14983.25,15035.25,301736.0,12,False,True,True,True,True,15006.0,True,0.001949220311875166,18.31
2021-07-30,390,0,14869.0,14954.75,362094.0,12,False,True,True,True,True,15035.25,True,-0.0053540845679320714,17.7
2021-08-02,390,0,15027.75,14954.75,362442.0,12,False,True,True,True,True,14954.75,True,0.0,18.24
2021-08-03,390,0,14986.0,15044.0,440446.0,12,False,True,True,True,True,14954.75,True,0.005968003477156092,19.46
2021-08-04,390,0,15044.75,15069.0,363630.0,12,False,True,True,True,True,15044.0,True,0.0016617920765753524,18.04
2021-08-05,390,0,15101.5,15166.25,273027.0,12,False,True,True,True,True,15069.0,True,0.006453646559161141,17.97
2021-08-06,390,0,15109.25,15096.25,328894.0,12,False,True,True,True,True,15166.25,True,-0.004615511415148821,17.28
2021-08-09,390,0,15115.5,15122.75,274637.0,12,False,True,True,True,True,15096.25,True,0.0017554028318291781,16.15
2021-08-10,390,0,15144.5,15046.25,409371.0,12,False,True,True,True,True,15122.75,True,-0.005058603759236946,16.72
2021-08-11,390,0,15098.25,15021.75,370585.0,12,False,True,True,True,True,15046.25,True,-0.0016283127025006339,16.79
2021-08-12,390,0,14999.5,15076.25,317048.0,12,False,True,True,True,True,15021.75,True,0.0036280726280226716,16.06
2021-08-13,390,0,15089.0,15126.25,303473.0,12,False,True,True,True,True,15076.25,True,0.003316474587513385,15.59
2021-08-16,390,0,15079.75,15134.0,501751.0,12,False,True,True,True,True,15126.25,True,0.0005123543508800399,15.45
2021-08-17,390,0,15017.0,15000.5,581487.0,12,False,True,True,True,True,15134.0,True,-0.008821197304083483,16.12
2021-08-18,390,0,14978.75,14856.25,458257.0,12,False,True,True,True,True,15000.5,True,-0.00961634612179596,17.91
2021-08-19,390,0,14774.5,14929.0,550940.0,12,False,True,True,True,True,14856.25,True,0.004896928901977349,21.57
2021-08-20,390,0,14973.5,15083.5,374411.0,12,False,True,True,True,True,14929.0,True,0.010348985196597216,21.67
2021-08-23,390,0,15127.0,15306.25,322123.0,12,False,True,True,True,True,15083.5,True,0.014767792621076081,18.56
2021-08-24,390,0,15333.25,15356.0,286313.0,12,False,True,True,True,True,15306.25,True,0.0032503062474480426,17.15
2021-08-25,390,0,15365.25,15362.5,332256.0,12,False,True,True,True,True,15356.0,True,0.0004232873144047744,17.22
2021-08-26,390,0,15335.5,15273.75,474103.0,12,False,True,True,True,True,15362.5,True,-0.00577705451586652,16.79
2021-08-27,390,0,15301.0,15424.5,360862.0,12,False,True,True,True,True,15273.75,True,0.009869874785170651,18.84
2021-08-30,390,0,15455.5,15599.25,343711.0,12,False,True,True,True,True,15424.5,True,0.011329378586015793,16.39
2021-08-31,390,0,15607.5,15584.5,393736.0,12,False,True,True,True,True,15599.25,True,-0.0009455582800454998,16.19
2021-09-01,390,0,15630.0,15611.5,370239.0,12,False,True,True,True,True,15584.5,True,0.00173249061567593,16.48
2021-09-02,390,0,15668.25,15605.0,386029.0,12,False,True,True,True,True,15611.5,True,-0.0004163597348109116,16.11
2021-09-03,390,0,15555.75,15652.5,338078.0,12,False,True,True,True,True,15605.0,True,0.0030438961871195325,16.41
2021-09-06,210,180,15688.5,15701.25,15995.0,12,False,False,False,False,False,,False,,
2021-09-07,390,0,15655.0,15673.25,387447.0,12,False,True,True,True,True,15652.5,True,0.0013256668263854632,16.41
2021-09-08,390,0,15666.0,15622.75,454691.0,12,False,True,True,True,True,15673.25,True,-0.003222050308646862,18.14
2021-09-09,390,0,15630.5,15564.0,406439.0,12,False,True,True,True,True,15622.75,True,-0.003760541517978555,17.96
2021-09-10,390,0,15637.5,15445.25,267034.0,12,False,True,True,True,True,15564.0,True,-0.007629786687226914,18.8
2021-09-13,390,0,15546.5,15437.5,206804.0,12,False,True,True,True,True,15445.25,True,-0.0005017723895696102,20.95
2021-09-14,390,0,15499.75,15390.25,121330.0,12,False,True,False,True,False,15437.5,True,-0.003060728744939234,19.37
2021-09-15,390,0,15412.75,15505.0,82947.0,12,False,True,False,True,False,15390.25,True,0.007456019232956024,19.46
2021-09-16,390,0,15451.5,15519.5,58628.0,12,False,True,False,True,False,15505.0,True,0.0009351821992904519,18.18
2021-09-20,390,0,15076.0,15004.5,638737.0,13,False,True,True,True,True,,False,,20.81
2021-09-21,390,0,15082.25,15018.5,507120.0,13,False,True,True,True,True,15004.5,True,0.000933053417308205,25.71
2021-09-22,390,0,15062.0,15161.75,470771.0,13,False,True,True,True,True,15018.5,True,0.00953823617538374,24.36
2021-09-23,390,0,15210.75,15299.5,372557.0,13,False,True,True,True,True,15161.75,True,0.009085362837403244,20.87
2021-09-24,390,0,15206.5,15315.75,348644.0,13,False,True,True,True,True,15299.5,True,0.0010621262132748388,18.63
2021-09-27,390,0,15185.25,15194.25,396044.0,13,False,True,True,True,True,15315.75,True,-0.007933010136624064,17.75
2021-09-28,390,0,15001.5,14764.25,622534.0,13,False,True,True,True,True,15194.25,True,-0.028300179344159848,18.76
2021-09-29,390,0,14817.75,14742.25,468548.0,13,False,True,True,True,True,14764.25,True,-0.0014900858492642444,23.25
2021-09-30,390,0,14809.75,14675.75,553444.0,13,False,True,True,True,True,14742.25,True,-0.004510844681103632,22.56
2021-10-01,390,0,14710.0,14770.5,468894.0,13,False,True,True,True,True,14675.75,True,0.006456228812837583,23.14
2021-10-04,390,0,14704.25,14468.0,642558.0,13,False,True,True,True,True,14770.5,True,-0.020480010832402473,21.15
2021-10-05,390,0,14507.0,14658.5,421571.0,13,False,True,True,True,True,14468.0,True,0.013166989217583636,22.96
2021-10-06,390,0,14522.0,14754.0,561046.0,13,False,True,True,True,True,14658.5,True,0.0065149913019748595,21.3
2021-10-07,390,0,14882.25,14886.5,347737.0,13,False,True,True,True,True,14754.0,True,0.008980615426325,21.0
2021-10-08,390,0,14933.25,14811.0,389022.0,13,False,True,True,True,True,14886.5,True,-0.005071709266785351,19.54
2021-10-11,390,0,14748.25,14699.75,362721.0,13,False,True,True,True,True,14811.0,True,-0.007511309162109292,18.77
2021-10-12,390,0,14759.75,14650.0,447789.0,13,False,True,True,True,True,14699.75,True,-0.003384411299511947,20.0
2021-10-13,390,0,14746.75,14766.25,393451.0,13,False,True,True,True,True,14650.0,True,0.007935153583617849,19.85
2021-10-14,390,0,14919.25,15037.0,305479.0,13,False,True,True,True,True,14766.25,True,0.018335731820875223,18.64
2021-10-15,390,0,15088.75,15135.25,309455.0,13,False,True,True,True,True,15037.0,True,0.0065338830883820975,16.86
2021-10-18,390,0,15076.5,15286.25,294911.0,13,False,True,True,True,True,15135.25,True,0.00997670999818312,16.3
2021-10-19,390,0,15330.5,15400.0,272897.0,13,False,True,True,True,True,15286.25,True,0.0074413279908414065,16.31
2021-10-20,390,0,15419.75,15383.0,349192.0,13,False,True,True,True,True,15400.0,True,-0.0011038961038960515,15.7
2021-10-21,390,0,15346.5,15475.25,312643.0,13,False,True,True,True,True,15383.0,True,0.005996879672365507,15.49
2021-10-22,390,0,15422.5,15342.0,440578.0,13,False,True,True,True,True,15475.25,True,-0.008610523254874769,15.01
2021-10-25,390,0,15405.25,15501.25,350283.0,13,False,True,True,True,True,15342.0,True,0.01038000260722205,15.43
2021-10-26,390,0,15597.75,15545.0,469542.0,13,False,True,True,True,True,15501.25,True,0.0028223530360453886,15.24
2021-10-27,390,0,15570.75,15585.0,416529.0,13,False,True,True,True,True,15545.0,True,0.002573174654229682,15.98
2021-10-28,390,0,15668.75,15761.5,373023.0,13,False,True,True,True,True,15585.0,True,0.011324991979467347,16.98
2021-10-29,390,0,15631.0,15840.25,353450.0,13,False,True,True,True,True,15761.5,True,0.004996351870063087,16.53
2021-11-01,390,0,15858.0,15893.75,330281.0,13,False,True,True,True,True,15840.25,True,0.003377471946465427,16.26
2021-11-02,390,0,15865.75,15962.0,349883.0,13,False,True,True,True,True,15893.75,True,0.004294140778607902,16.41
2021-11-03,390,0,15980.5,16129.75,385121.0,13,False,True,True,True,True,15962.0,True,0.01050933466984083,16.03
2021-11-04,390,0,16180.25,16335.0,441022.0,13,False,True,True,True,True,16129.75,True,0.012724933740448474,15.1
2021-11-05,390,0,16410.0,16351.25,421584.0,13,False,True,True,True,True,16335.0,True,0.0009947964493419725,15.44
2021-11-08,390,0,16349.75,16329.25,325112.0,13,False,True,True,True,True,16351.25,True,-0.0013454628851005124,16.48
2021-11-09,390,0,16376.0,16217.5,482782.0,13,False,True,True,True,True,16329.25,True,-0.006843547621599222,17.22
2021-11-10,390,0,16101.5,15978.0,523606.0,13,False,True,True,True,True,16217.5,True,-0.014767997533528643,17.78
2021-11-11,390,0,16102.75,16022.5,332685.0,13,False,True,True,True,True,15978.0,True,0.0027850794842909643,18.73
2021-11-12,390,0,16070.0,16189.75,341597.0,13,False,True,True,True,True,16022.5,True,0.01043844593540344,17.66
2021-11-15,390,0,16241.0,16188.25,403078.0,13,False,True,True,True,True,16189.75,True,-9.265121450297009e-05,16.29
2021-11-16,390,0,16157.25,16305.0,327361.0,13,False,True,True,True,True,16188.25,True,0.007212021064661123,16.49
2021-11-17,390,0,16315.25,16312.75,382500.0,13,False,True,True,True,True,16305.0,True,0.0004753143207605337,16.37
2021-11-18,390,0,16398.0,16481.0,514497.0,13,False,True,True,True,True,16312.75,True,0.010314018175966666,17.11
2021-11-19,390,0,16549.0,16572.75,400059.0,13,False,True,True,True,True,16481.0,True,0.005567016564528959,17.59
2021-11-22,390,0,16638.5,16383.25,655951.0,13,False,True,True,True,True,16572.75,True,-0.011434433030124702,17.91
2021-11-23,390,0,16331.0,16305.75,735555.0,13,False,True,True,True,True,16383.25,True,-0.004730441151786113,19.17
2021-11-24,390,0,16199.0,16362.25,513948.0,13,False,True,True,True,True,16305.75,True,0.003465035340294076,19.38
2021-11-25,210,180,16387.75,16404.5,21176.0,13,False,False,False,False,False,,False,,
2021-11-26,225,165,16251.0,16043.5,388304.0,13,False,True,True,False,False,16362.25,True,-0.019480817124784222,18.58
2021-11-29,390,0,16239.75,16390.75,424429.0,13,False,True,True,True,True,16043.5,True,0.021644279614797313,28.62
2021-11-30,390,0,16355.0,16148.75,655240.0,13,False,True,True,True,True,16390.75,True,-0.014764425056815633,22.96
2021-12-01,390,0,16339.0,15874.75,674123.0,13,False,True,True,True,True,16148.75,True,-0.016967257527672475,27.19
2021-12-02,390,0,15823.0,15990.5,629523.0,13,False,True,True,True,True,15874.75,True,0.007291453408715176,31.12
2021-12-03,390,0,16047.25,15716.0,712380.0,13,False,True,True,True,True,15990.5,True,-0.017166442575279106,27.95
2021-12-06,390,0,15734.25,15842.75,500545.0,13,False,True,True,True,True,15716.0,True,0.00806502926953434,30.67
2021-12-07,390,0,16119.75,16321.5,434291.0,13,False,True,True,True,True,15842.75,True,0.03021886983004851,27.18
2021-12-08,390,0,16330.5,16389.0,355896.0,13,False,True,True,True,True,16321.5,True,0.0041356492969395475,21.89
2021-12-09,390,0,16336.75,16149.75,481940.0,13,False,True,True,True,True,16389.0,True,-0.01459820611385687,19.9
2021-12-10,390,0,16264.75,16325.5,244148.0,13,False,True,True,True,True,16149.75,True,0.010882521401260004,21.58
2021-12-13,390,0,16325.5,16087.75,140543.0,13,False,True,False,True,False,16325.5,True,-0.014563106796116498,18.69
2021-12-14,390,0,15884.0,15928.0,137728.0,13,False,True,False,True,False,16087.75,True,-0.009929915619026897,20.31
2021-12-15,390,0,15911.75,16283.5,88063.0,13,False,True,False,True,False,15928.0,True,0.022319186338523256,21.89
2021-12-16,390,0,16326.5,15868.0,74595.0,13,False,True,False,True,False,16283.5,True,-0.025516627260724012,19.29
2021-12-20,390,0,15578.0,15624.75,471616.0,14,False,True,True,True,True,,False,,21.57
2021-12-21,390,0,15762.25,15973.0,410947.0,14,False,True,True,True,True,15624.75,True,0.022288356613705762,22.87
2021-12-22,390,0,15962.25,16168.5,379311.0,14,False,True,True,True,True,15973.0,True,0.012239403994240172,21.01
2021-12-23,390,0,16184.5,16293.75,278486.0,14,False,True,True,True,True,16168.5,True,0.007746544206327144,18.63
2021-12-27,390,0,16346.5,16560.5,275258.0,14,False,True,True,True,True,16293.75,True,0.016371308016877695,17.96
2021-12-28,390,0,16601.5,16494.75,363797.0,14,False,True,True,True,True,16560.5,True,-0.003970290752090766,17.68
2021-12-29,390,0,16496.5,16488.5,280379.0,14,False,True,True,True,True,16494.75,True,-0.0003789084405644294,17.54
2021-12-30,390,0,16475.5,16428.5,233581.0,14,False,True,True,True,True,16488.5,True,-0.003638899839281895,16.95
2021-12-31,390,0,16408.0,16325.0,285743.0,14,False,True,True,True,True,16428.5,True,-0.006300027391423435,17.33
2022-01-03,390,0,16383.0,16489.0,394359.0,14,False,True,True,True,True,16325.0,True,0.010045941807044434,17.22
2022-01-04,390,0,16509.75,16272.75,572178.0,14,False,True,True,True,True,16489.0,True,-0.01311480380859964,16.6
2022-01-05,390,0,16200.25,15763.75,644330.0,14,False,True,True,True,True,16272.75,True,-0.03127928592278506,16.91
2022-01-06,390,0,15691.0,15758.0,605251.0,14,False,True,True,True,True,15763.75,True,-0.0003647609230037485,19.73
2022-01-07,390,0,15757.0,15585.0,522740.0,14,False,True,True,True,True,15758.0,True,-0.010978550577484425,19.61
2022-01-10,390,0,15377.0,15604.0,684406.0,14,False,True,True,True,True,15585.0,True,0.0012191209496310584,18.76
2022-01-11,390,0,15565.5,15832.25,543428.0,14,False,True,True,True,True,15604.0,True,0.0146276595744681,19.4
2022-01-12,390,0,15938.5,15895.25,499907.0,14,False,True,True,True,True,15832.25,True,0.0039792196308168215,18.41
2022-01-13,390,0,15950.5,15498.0,636973.0,14,False,True,True,True,True,15895.25,True,-0.024991742816250162,17.62
2022-01-14,390,0,15389.25,15592.25,594379.0,14,False,True,True,True,True,15498.0,True,0.00608142986191762,20.31
2022-01-17,210,180,15597.75,15559.25,34659.0,14,False,False,False,False,False,,False,,
2022-01-18,390,0,15347.75,15214.5,548475.0,14,False,True,True,True,True,15592.25,True,-0.02422677932947459,19.19
2022-01-19,390,0,15267.25,15037.0,558607.0,14,False,True,True,True,True,15214.5,True,-0.01166650234973221,22.79
2022-01-20,390,0,15168.5,14835.25,559746.0,14,False,True,True,True,True,15037.0,True,-0.01341690496774628,23.85
2022-01-21,390,0,14745.5,14415.75,758465.0,14,False,True,True,True,True,14835.25,True,-0.028277245075074564,25.59
2022-01-24,390,0,14191.0,14500.25,971120.0,14,False,True,True,True,True,14415.75,True,0.005861644382012754,28.85
2022-01-25,390,0,14219.5,14151.0,630375.0,14,False,True,True,True,True,14500.25,True,-0.02408579162428237,29.9
2022-01-26,390,0,14475.75,14148.25,639622.0,14,False,True,True,True,True,14151.0,True,-0.00019433255600309618,31.16
2022-01-27,390,0,14333.0,13988.0,547436.0,14,False,True,True,True,True,14148.25,True,-0.011326489141766705,31.96
2022-01-28,390,0,14068.5,14433.5,593138.0,14,False,True,True,True,True,13988.0,True,0.03184872748069778,30.49
2022-01-31,390,0,14488.25,14898.5,451811.0,14,False,True,True,True,True,14433.5,True,0.03221671805175452,27.66
2022-02-01,390,0,14944.0,14991.5,434710.0,14,False,True,True,True,True,14898.5,True,0.006242239151592388,24.83
2022-02-02,390,0,15167.75,15113.75,466286.0,14,False,True,True,True,True,14991.5,True,0.008154620951872804,21.96
2022-02-03,390,0,14704.0,14502.75,502043.0,14,False,True,True,True,True,15113.75,True,-0.04042676370854359,22.09
2022-02-04,390,0,14519.25,14680.25,504765.0,14,False,True,True,True,True,14502.75,True,0.012239058109668965,24.35
2022-02-07,390,0,14708.25,14565.5,414887.0,14,False,True,True,True,True,14680.25,True,-0.007816624376287828,23.22
2022-02-08,390,0,14516.25,14733.5,471644.0,14,False,True,True,True,True,14565.5,True,0.011534104562150205,22.86
2022-02-09,390,0,14919.0,15043.25,400337.0,14,False,True,True,True,True,14733.5,True,0.021023517833508754,21.44
2022-02-10,390,0,14742.25,14703.0,626996.0,14,False,True,True,True,True,15043.25,True,-0.0226181177604573,19.96
2022-02-11,390,0,14700.75,14237.75,652993.0,14,False,True,True,True,True,14703.0,True,-0.03164320206760529,23.91
2022-02-14,390,0,14209.25,14255.75,503323.0,14,False,True,True,True,True,14237.75,True,0.0012642447015855929,27.36
2022-02-15,390,0,14472.25,14609.0,367419.0,14,False,True,True,True,True,14255.75,True,0.024779474948704916,28.33
2022-02-16,390,0,14514.0,14601.5,433587.0,14,False,True,True,True,True,14609.0,True,-0.0005133821616811751,25.7
2022-02-17,390,0,14462.5,14166.25,439167.0,14,False,True,True,True,True,14601.5,True,-0.029808581310139415,24.29
2022-02-18,390,0,14204.5,14005.0,572415.0,14,False,True,True,True,True,14166.25,True,-0.01138268772610962,28.11
2022-02-21,210,180,13862.25,13735.5,62957.0,14,False,False,False,False,False,,False,,
2022-02-22,390,0,13880.75,13865.0,595436.0,14,False,True,True,True,True,14005.0,True,-0.009996429846483412,27.75
2022-02-23,390,0,13995.5,13506.75,551318.0,14,False,True,True,True,True,13865.0,True,-0.02583844212044717,28.81
2022-02-24,390,0,13073.75,13965.75,679485.0,14,False,True,True,True,True,13506.75,True,0.0339830084957522,31.02
2022-02-25,390,0,13994.5,14182.5,513471.0,14,False,True,True,True,True,13965.75,True,0.015520111701841977,30.32
2022-02-28,390,0,14042.0,14234.25,509540.0,14,False,True,True,True,True,14182.5,True,0.0036488630354309937,27.59
2022-03-01,390,0,14175.0,14004.75,459802.0,14,False,True,True,True,True,14234.25,True,-0.01612308340797719,30.15
2022-03-02,390,0,14067.5,14237.25,432847.0,14,False,True,True,True,True,14004.75,True,0.01660151020189571,33.32
2022-03-03,390,0,14350.5,14035.5,447302.0,14,False,True,True,True,True,14237.25,True,-0.014170573671179465,30.74
2022-03-04,390,0,13935.0,13833.75,473392.0,14,False,True,True,True,True,14035.5,True,-0.014374265255958085,30.48
2022-03-07,390,0,13831.0,13320.25,467299.0,14,False,True,True,True,True,13833.75,True,-0.037119363874582145,31.98
2022-03-08,390,0,13286.25,13254.5,608702.0,14,False,True,True,True,True,13320.25,True,-0.004936093541787923,36.45
2022-03-09,390,0,13603.25,13741.75,425069.0,14,False,True,True,True,True,13254.5,True,0.036761100003772196,35.13
2022-03-10,390,0,13565.0,13591.25,392954.0,14,False,True,True,True,True,13741.75,True,-0.010952025760911144,32.45
2022-03-11,390,0,13711.0,13300.25,248451.0,14,False,True,True,True,True,13591.25,True,-0.021410834176400217,30.23
2022-03-14,390,0,13250.5,13048.5,221275.0,14,False,True,True,True,True,13300.25,True,-0.018928215635044432,30.75
2022-03-15,390,0,13157.25,13456.75,134403.0,14,False,True,False,True,False,13048.5,True,0.03128712112503362,31.77
2022-03-16,390,0,13619.25,13959.0,159845.0,14,False,True,True,True,True,13456.75,True,0.03732327642261324,29.83
2022-03-17,390,0,13876.75,14122.75,60526.0,14,False,True,False,True,False,13959.0,True,0.011730783007378731,26.67
2022-03-21,390,0,14371.5,14372.75,480131.0,15,False,True,True,True,True,,False,,23.87
2022-03-22,390,0,14390.5,14655.0,406612.0,15,False,True,True,True,True,14372.75,True,0.019637856360125827,23.53
2022-03-23,390,0,14531.75,14444.0,444549.0,15,False,True,True,True,True,14655.0,True,-0.014397816444899347,22.94
2022-03-24,390,0,14523.75,14766.5,410663.0,15,False,True,True,True,True,14444.0,True,0.022327610080310256,23.57
2022-03-25,390,0,14763.25,14755.25,438031.0,15,False,True,True,True,True,14766.5,True,-0.0007618596146683476,21.67
2022-03-28,390,0,14753.25,14987.25,416464.0,15,False,True,True,True,True,14755.25,True,0.01572321715999392,20.81
2022-03-29,390,0,15147.75,15241.5,404306.0,15,False,True,True,True,True,14987.25,True,0.016964419756793303,19.63
2022-03-30,390,0,15166.0,15080.75,405059.0,15,False,True,True,True,True,15241.5,True,-0.010546862185480399,18.9
2022-03-31,390,0,15080.25,14870.0,445437.0,15,False,True,True,True,True,15080.75,True,-0.013974769159358802,19.33
2022-04-01,390,0,14899.25,14859.75,439418.0,15,False,True,True,True,True,14870.0,True,-0.0006893073301950103,20.56
2022-04-04,390,0,14895.25,15164.75,357920.0,15,False,True,True,True,True,14859.75,True,0.02052524436817582,19.63
2022-04-05,390,0,15105.25,14831.5,477028.0,15,False,True,True,True,True,15164.75,True,-0.0219753045714568,18.57
2022-04-06,390,0,14602.75,14505.5,637751.0,15,False,True,True,True,True,14831.5,True,-0.021980244749351008,21.03
2022-04-07,390,0,14467.25,14542.75,515312.0,15,False,True,True,True,True,14505.5,True,0.0025679914515184254,22.1
2022-04-08,390,0,14468.0,14336.25,518148.0,15,False,True,True,True,True,14542.75,True,-0.014199515222361625,21.55
2022-04-11,390,0,14158.25,14000.5,406659.0,15,False,True,True,True,True,14336.25,True,-0.023419652977591743,21.16
2022-04-12,390,0,14199.75,13941.75,507313.0,15,False,True,True,True,True,14000.5,True,-0.004196278704332035,24.37
2022-04-13,390,0,13952.75,14221.75,388401.0,15,False,True,True,True,True,13941.75,True,0.020083561963168073,24.26
2022-04-14,390,0,14224.0,13893.5,420571.0,15,False,True,True,True,True,14221.75,True,-0.02308084448116443,21.82
2022-04-18,390,0,13850.25,13917.0,377087.0,15,False,True,True,True,True,13893.5,True,0.001691438442437132,22.7
2022-04-19,390,0,13875.5,14212.25,393134.0,15,False,True,True,True,True,13917.0,True,0.021215060717108658,22.17
2022-04-20,390,0,14251.75,14003.5,451989.0,15,False,True,True,True,True,14212.25,True,-0.014688033210786489,21.37
2022-04-21,390,0,14172.5,13722.0,563257.0,15,False,True,True,True,True,14003.5,True,-0.020102117327810864,20.32
2022-04-22,390,0,13725.5,13356.75,560803.0,15,False,True,True,True,True,13722.0,True,-0.026617839965019652,22.68
2022-04-25,390,0,13289.0,13530.75,549650.0,15,False,True,True,True,True,13356.75,True,0.013027121118535545,28.21
2022-04-26,390,0,13443.25,13009.0,581623.0,15,False,True,True,True,True,13530.75,True,-0.03856031631653822,27.02
2022-04-27,390,0,13021.75,13001.75,576519.0,15,False,True,True,True,True,13009.0,True,-0.0005573064801291938,33.52
2022-04-28,390,0,13212.75,13463.0,545777.0,15,False,True,True,True,True,13001.75,True,0.03547599361624387,31.6
2022-04-29,390,0,13287.5,12855.25,540976.0,15,False,True,True,True,True,13463.0,True,-0.045142241699472674,29.99
2022-05-02,390,0,12840.75,13070.25,575820.0,15,False,True,True,True,True,12855.25,True,0.01672468446743558,33.4
2022-05-03,390,0,13073.25,13089.75,522952.0,15,False,True,True,True,True,13070.25,True,0.0014919377976703174,32.34
2022-05-04,390,0,13106.75,13533.0,601184.0,15,False,True,True,True,True,13089.75,True,0.03386237323096308,29.25
2022-05-05,390,0,13342.5,12858.75,721797.0,15,False,True,True,True,True,13533.0,True,-0.04982265573043676,25.42
2022-05-06,390,0,12760.0,12693.25,662491.0,15,False,True,True,True,True,12858.75,True,-0.012870613395547736,31.2
2022-05-09,390,0,12449.25,12196.75,597189.0,15,False,True,True,True,True,12693.25,True,-0.03911527780513269,30.19
2022-05-10,390,0,12496.5,12342.5,656326.0,15,False,True,True,True,True,12196.75,True,0.011949904687724278,34.75
2022-05-11,390,0,12245.5,11974.75,632139.0,15,False,True,True,True,True,12342.5,True,-0.029795422321247766,32.99
2022-05-12,390,0,11791.75,11948.0,638571.0,15,False,True,True,True,True,11974.75,True,-0.0022338670953464534,32.56
2022-05-13,390,0,12132.0,12384.5,497981.0,15,False,True,True,True,True,11948.0,True,0.03653331101439572,31.77
2022-05-16,390,0,12311.5,12247.5,474491.0,15,False,True,True,True,True,12384.5,True,-0.011062214865355857,28.87
2022-05-17,390,0,12491.25,12563.25,495523.0,15,False,True,True,True,True,12247.5,True,0.025780771586037865,27.47
2022-05-18,390,0,12368.25,11940.75,572900.0,15,False,True,True,True,True,12563.25,True,-0.04954928063996178,26.1
2022-05-19,390,0,11864.25,11876.25,609303.0,15,False,True,True,True,True,11940.75,True,-0.0054016707493247385,30.96
2022-05-20,390,0,12026.25,11835.5,650136.0,15,False,True,True,True,True,11876.25,True,-0.0034312177665508647,29.35
2022-05-23,390,0,11884.75,12034.75,492746.0,15,False,True,True,True,True,11835.5,True,0.016834945714164995,29.43
2022-05-24,390,0,11816.5,11781.75,562875.0,15,False,True,True,True,True,12034.75,True,-0.021022455805064455,28.48
2022-05-25,390,0,11717.25,11949.5,495892.0,15,False,True,True,True,True,11781.75,True,0.01423812251999923,29.45
2022-05-26,390,0,11912.75,12275.0,443998.0,15,False,True,True,True,True,11949.5,True,0.02723963345746694,28.37
2022-05-27,390,0,12407.5,12682.25,426575.0,15,False,True,True,True,True,12275.0,True,0.033177189409368646,27.5
2022-05-30,210,180,12757.0,12810.0,34841.0,15,False,False,False,False,False,,False,,
2022-05-31,390,0,12676.75,12645.25,501459.0,15,False,True,True,True,True,12682.25,True,-0.002917463383863228,25.72
2022-06-01,390,0,12733.5,12550.0,540959.0,15,False,True,True,True,True,12645.25,True,-0.007532472667602486,26.19
2022-06-02,390,0,12502.5,12894.25,469574.0,15,False,True,True,True,True,12550.0,True,0.027430278884462256,25.69
2022-06-03,390,0,12673.5,12554.0,486679.0,15,False,True,True,True,True,12894.25,True,-0.02638773096535274,24.72
2022-06-06,390,0,12741.5,12600.25,415055.0,15,False,True,True,True,True,12554.0,True,0.0036840847538632815,24.79
2022-06-07,390,0,12457.0,12711.5,422245.0,15,False,True,True,True,True,12600.25,True,0.008829189897025858,25.07
2022-06-08,390,0,12673.75,12619.0,446350.0,15,False,True,True,True,True,12711.5,True,-0.007276875270424421,24.02
2022-06-09,390,0,12542.75,12271.25,495597.0,15,False,True,True,True,True,12619.0,True,-0.02755765116094777,23.96
2022-06-10,390,0,12042.0,11837.0,384571.0,15,False,True,True,True,True,12271.25,True,-0.035387592951003355,26.09
2022-06-13,390,0,11466.25,11294.5,270290.0,15,False,True,True,True,True,11837.0,True,-0.04583086930810176,27.75
2022-06-14,390,0,11385.0,11318.5,185698.0,15,False,True,True,True,True,11294.5,True,0.0021249280623312217,34.02
2022-06-15,390,0,11456.75,11596.5,163554.0,15,False,True,False,True,False,11318.5,True,0.024561558510403314,32.69
2022-06-16,390,0,11295.75,11132.5,61843.0,15,False,True,False,True,False,11596.5,True,-0.04001207260811457,29.62
2022-06-20,210,180,11366.25,11420.75,35039.0,16,False,False,False,False,False,,False,,
2022-06-21,390,0,11481.0,11579.0,396078.0,16,False,True,True,True,True,,False,,31.13
2022-06-22,390,0,11470.25,11558.25,466194.0,16,False,True,True,True,True,11579.0,True,-0.0017920373089213015,30.19
2022-06-23,390,0,11660.75,11733.25,461127.0,16,False,True,True,True,True,11558.25,True,0.015140700365539717,28.95
2022-06-24,390,0,11849.5,12147.75,415873.0,16,False,True,True,True,True,11733.25,True,0.03532695544712672,29.05
2022-06-27,390,0,12189.25,12044.75,408241.0,16,False,True,True,True,True,12147.75,True,-0.008478936428556683,27.23
2022-06-28,390,0,12064.0,11674.0,503143.0,16,False,True,True,True,True,12044.75,True,-0.03078104568380413,26.95
2022-06-29,390,0,11669.25,11688.5,439465.0,16,False,True,True,True,True,11674.0,True,0.0012420764091143344,28.36
2022-06-30,390,0,11555.0,11538.0,552798.0,16,False,True,True,True,True,11688.5,True,-0.012875903665996447,28.16
2022-07-01,390,0,11480.25,11612.5,447426.0,16,False,True,True,True,True,11538.0,True,0.006456924943664344,28.71
2022-07-04,210,180,11567.75,11554.0,18804.0,16,False,False,False,False,False,,False,,
2022-07-05,390,0,11453.75,11813.25,550751.0,16,False,True,True,True,True,11612.5,True,0.01728740581270194,26.7
2022-07-06,390,0,11825.75,11885.75,492839.0,16,False,True,True,True,True,11813.25,True,0.006137176475567774,27.54
2022-07-07,390,0,11919.0,12136.0,418540.0,16,False,True,True,True,True,11885.75,True,0.02105462423490323,26.73
2022-07-08,390,0,12017.0,12155.5,472126.0,16,False,True,True,True,True,12136.0,True,0.001606789716545709,26.08
2022-07-11,390,0,12050.25,11891.0,448022.0,16,False,True,True,True,True,12155.5,True,-0.021759697256386046,24.64
2022-07-12,390,0,11943.5,11778.25,459806.0,16,False,True,True,True,True,11891.0,True,-0.009481961147085993,26.17
2022-07-13,390,0,11543.25,11755.5,518396.0,16,False,True,True,True,True,11778.25,True,-0.0019315263303122387,27.29
2022-07-14,390,0,11642.25,11799.5,486193.0,16,False,True,True,True,True,11755.5,True,0.0037429288418187046,26.82
2022-07-15,390,0,11923.75,12009.0,396505.0,16,False,True,True,True,True,11799.5,True,0.017754989618204098,26.4
2022-07-18,390,0,12124.25,11907.0,436288.0,16,False,True,True,True,True,12009.0,True,-0.008493629777666767,24.23
2022-07-19,390,0,12060.75,12269.0,445299.0,16,False,True,True,True,True,11907.0,True,0.03040228437053827,25.3
2022-07-20,390,0,12289.0,12466.0,495896.0,16,False,True,True,True,True,12269.0,True,0.01605672833971794,24.5
2022-07-21,390,0,12483.5,12645.0,432490.0,16,False,True,True,True,True,12466.0,True,0.014359056634044576,23.88
2022-07-22,390,0,12606.75,12424.25,523195.0,16,False,True,True,True,True,12645.0,True,-0.017457493080268893,23.11
2022-07-25,390,0,12424.25,12355.5,384940.0,16,False,True,True,True,True,12424.25,True,-0.005533533211260266,23.03
2022-07-26,390,0,12278.5,12110.25,407520.0,16,False,True,True,True,True,12355.5,True,-0.019849459754765042,23.36
2022-07-27,390,0,12302.5,12615.5,490436.0,16,False,True,True,True,True,12110.25,True,0.0417208562994158,24.69
2022-07-28,390,0,12606.5,12738.75,464001.0,16,False,True,True,True,True,12615.5,True,0.009769727715905008,23.24
2022-07-29,390,0,12803.5,12972.0,448668.0,16,False,True,True,True,True,12738.75,True,0.018310273770974383,22.33
2022-08-01,390,0,12897.0,12963.0,510196.0,16,False,True,True,True,True,12972.0,True,-0.0006938020351526797,21.33
2022-08-02,390,0,12864.75,12922.5,553475.0,16,False,True,True,True,True,12963.0,True,-0.0031242767877806,22.84
2022-08-03,390,0,12993.25,13272.25,559281.0,16,False,True,True,True,True,12922.5,True,0.02706519636293292,23.93
2022-08-04,390,0,13274.5,13330.75,428171.0,16,False,True,True,True,True,13272.25,True,0.004407692742375957,21.95
2022-08-05,390,0,13118.25,13226.25,539068.0,16,False,True,True,True,True,13330.75,True,-0.00783901880989446,21.44
2022-08-08,390,0,13264.25,13181.75,477754.0,16,False,True,True,True,True,13226.25,True,-0.003364521311785329,21.15
2022-08-09,390,0,13101.0,13032.0,447597.0,16,False,True,True,True,True,13181.75,True,-0.011360403588294377,21.29
2022-08-10,390,0,13340.25,13393.5,433788.0,16,False,True,True,True,True,13032.0,True,0.027739410681399734,21.77
2022-08-11,390,0,13489.5,13317.5,485296.0,16,False,True,True,True,True,13393.5,True,-0.005674394295740459,19.74
2022-08-12,390,0,13402.5,13579.5,403074.0,16,False,True,True,True,True,13317.5,True,0.01967336211751447,20.2
2022-08-15,390,0,13534.75,13685.25,370045.0,16,False,True,True,True,True,13579.5,True,0.007787473765602515,19.53
2022-08-16,390,0,13641.75,13653.75,469887.0,16,False,True,True,True,True,13685.25,True,-0.0023017482325862204,19.95
2022-08-17,390,0,13517.25,13496.25,493585.0,16,False,True,True,True,True,13653.75,True,-0.011535292502059868,19.69
2022-08-18,390,0,13491.5,13528.75,418898.0,16,False,True,True,True,True,13496.25,True,0.002408076317495622,19.9
2022-08-19,390,0,13399.0,13263.25,492841.0,16,False,True,True,True,True,13528.75,True,-0.019624872955742445,19.56
2022-08-22,390,0,13080.25,12916.25,456518.0,16,False,True,True,True,True,13263.25,True,-0.02616251672855452,20.6
2022-08-23,390,0,12898.25,12899.5,444911.0,16,False,True,True,True,True,12916.25,True,-0.0012968160263234774,23.8
2022-08-24,390,0,12876.5,12934.25,382741.0,16,False,True,True,True,True,12899.5,True,0.0026939028644521468,24.11
2022-08-25,390,0,13007.5,13159.0,417953.0,16,False,True,True,True,True,12934.25,True,0.017376345748690403,22.82
2022-08-26,390,0,13146.0,12619.0,605537.0,16,False,True,True,True,True,13159.0,True,-0.04103655292955388,21.78
2022-08-29,390,0,12503.5,12494.75,521726.0,16,False,True,True,True,True,12619.0,True,-0.00984626357080598,25.56
2022-08-30,390,0,12563.5,12353.5,652350.0,16,False,True,True,True,True,12494.75,True,-0.011304747994157593,26.21
2022-08-31,390,0,12477.25,12281.5,511652.0,16,False,True,True,True,True,12353.5,True,-0.0058283077670295835,26.21
2022-09-01,390,0,12172.25,12285.25,609931.0,16,False,True,True,True,True,12281.5,True,0.00030533729593296144,25.87
2022-09-02,390,0,12404.75,12110.25,642453.0,16,False,True,True,True,True,12285.25,True,-0.014244724364583572,25.56
2022-09-05,210,180,12112.75,12136.0,32308.0,16,False,False,False,False,False,,False,,
2022-09-06,390,0,12128.25,12021.75,602786.0,16,False,True,True,True,True,12110.25,True,-0.007307859045023846,25.47
2022-09-07,390,0,12039.75,12262.0,508059.0,16,False,True,True,True,True,12021.75,True,0.019984611225487114,26.91
2022-09-08,390,0,12175.75,12326.25,558303.0,16,False,True,True,True,True,12262.0,True,0.00523976512803781,24.64
2022-09-09,390,0,12416.75,12589.75,363433.0,16,False,True,True,True,True,12326.25,True,0.02137714227765941,23.61
2022-09-12,390,0,12650.25,12742.5,226782.0,16,False,True,True,True,True,12589.75,True,0.012132885879386102,22.79
2022-09-13,390,0,12375.0,12040.75,236404.0,16,False,True,True,True,True,12742.5,True,-0.05507161075142242,23.87
2022-09-14,390,0,12090.5,12137.5,145195.0,16,False,True,False,True,False,12040.75,True,0.008035213753296189,27.27
2022-09-15,390,0,12053.5,11931.5,93674.0,16,False,True,False,True,False,12137.5,True,-0.016972193614830045,26.16
2022-09-19,390,0,11819.75,12027.0,483234.0,17,False,True,True,True,True,,False,,26.3
2022-09-20,390,0,11916.5,11925.5,544808.0,17,False,True,True,True,True,12027.0,True,-0.008439344807516402,25.76
2022-09-21,390,0,11962.5,11703.75,645844.0,17,False,True,True,True,True,11925.5,True,-0.01859460819252856,27.16
2022-09-22,390,0,11642.0,11563.0,552805.0,17,False,True,True,True,True,11703.75,True,-0.01202606002349671,27.99
2022-09-23,390,0,11461.0,11373.75,594699.0,17,False,True,True,True,True,11563.0,True,-0.01636685981146757,27.35
2022-09-26,390,0,11352.0,11318.25,566677.0,17,False,True,True,True,True,11373.75,True,-0.004879657105176349,29.92
2022-09-27,390,0,11470.5,11332.75,639709.0,17,False,True,True,True,True,11318.25,True,0.0012811167804209767,32.26
2022-09-28,390,0,11331.0,11553.75,542417.0,17,False,True,True,True,True,11332.75,True,0.019501003728133126,32.6
2022-09-29,390,0,11387.0,11231.75,645845.0,17,False,True,True,True,True,11553.75,True,-0.02786973926214431,30.18
2022-09-30,390,0,11186.5,11030.25,597535.0,17,False,True,True,True,True,11231.75,True,-0.017940214125136356,31.84
2022-10-03,390,0,11105.0,11290.75,490851.0,17,False,True,True,True,True,11030.25,True,0.023616871784410964,31.62
2022-10-04,390,0,11516.0,11643.75,546642.0,17,False,True,True,True,True,11290.75,True,0.03126453069990931,30.1
2022-10-05,390,0,11486.0,11636.5,521503.0,17,False,True,True,True,True,11643.75,True,-0.0006226516371443669,29.07
2022-10-06,390,0,11590.5,11542.25,572997.0,17,False,True,True,True,True,11636.5,True,-0.00809951445881496,28.55
2022-10-07,390,0,11345.75,11099.5,543205.0,17,False,True,True,True,True,11542.25,True,-0.03835907210465894,30.52
2022-10-10,390,0,11108.75,10980.75,570679.0,17,False,True,True,True,True,11099.5,True,-0.010698680120726167,31.36
2022-10-11,390,0,10920.0,10844.0,627699.0,17,False,True,True,True,True,10980.75,True,-0.012453612002823133,32.45
2022-10-12,390,0,10865.5,10837.25,501055.0,17,False,True,True,True,True,10844.0,True,-0.0006224640354113298,33.63
2022-10-13,390,0,10523.0,11081.25,788195.0,17,False,True,True,True,True,10837.25,True,0.022514936907425787,33.57
2022-10-14,390,0,11181.25,10748.0,570451.0,17,False,True,True,True,True,11081.25,True,-0.030073322053017493,31.94
2022-10-17,390,0,11001.25,11111.25,442368.0,17,False,True,True,True,True,10748.0,True,0.03379698548567167,32.02
2022-10-18,390,0,11403.5,11202.75,577566.0,17,False,True,True,True,True,11111.25,True,0.008234897063786661,31.37
2022-10-19,390,0,11129.75,11154.5,497677.0,17,False,True,True,True,True,11202.75,True,-0.0043069781973176235,30.5
2022-10-20,390,0,11111.0,11087.75,496534.0,17,False,True,True,True,True,11154.5,True,-0.005984131964677952,30.76
2022-10-21,390,0,11043.75,11354.0,600375.0,17,False,True,True,True,True,11087.75,True,0.024012987305810363,29.98
2022-10-24,390,0,11359.5,11479.5,465131.0,17,False,True,True,True,True,11354.0,True,0.011053373260524912,29.69
2022-10-25,390,0,11515.75,11712.5,460764.0,17,False,True,True,True,True,11479.5,True,0.020297051265298904,29.85
2022-10-26,390,0,11474.5,11453.0,553079.0,17,False,True,True,True,True,11712.5,True,-0.022155816435432185,28.46
2022-10-27,390,0,11401.0,11240.0,479001.0,17,False,True,True,True,True,11453.0,True,-0.018597747315113988,27.28
2022-10-28,390,0,11213.75,11584.5,501204.0,17,False,True,True,True,True,11240.0,True,0.030649466192170793,27.39
2022-10-31,390,0,11488.25,11448.25,475707.0,17,False,True,True,True,True,11584.5,True,-0.011761405326082275,25.75
2022-11-01,390,0,11595.25,11330.0,470939.0,17,False,True,True,True,True,11448.25,True,-0.01032908959884693,25.88
2022-11-02,390,0,11330.0,10938.5,628167.0,17,False,True,True,True,True,11330.0,True,-0.034554280670785475,25.81
2022-11-03,390,0,10829.25,10724.75,511921.0,17,False,True,True,True,True,10938.5,True,-0.019541070530694316,25.86
2022-11-04,390,0,10932.25,10892.75,639204.0,17,False,True,True,True,True,10724.75,True,0.015664700808876608,25.3
2022-11-07,390,0,10938.75,11014.5,389793.0,17,False,True,True,True,True,10892.75,True,0.011177159119597935,24.55
2022-11-08,390,0,11076.5,11094.25,577778.0,17,False,True,True,True,True,11014.5,True,0.0072404557628580335,24.35
2022-11-09,390,0,11018.25,10831.0,480704.0,17,False,True,True,True,True,11094.25,True,-0.023728508010906535,25.54
2022-11-10,390,0,11356.5,11628.75,585728.0,17,False,True,True,True,True,10831.0,True,0.07365432554704099,26.09
2022-11-11,390,0,11624.25,11847.75,494930.0,17,False,True,True,True,True,11628.75,True,0.018832634633989098,23.53
2022-11-14,390,0,11760.25,11742.25,437875.0,17,False,True,True,True,True,11847.75,True,-0.008904644341752643,22.52
2022-11-15,390,0,12021.25,11905.5,565201.0,17,False,True,True,True,True,11742.25,True,0.01390278694458047,23.73
2022-11-16,390,0,11823.75,11740.5,398985.0,17,False,True,True,True,True,11905.5,True,-0.013859140733274544,24.54
2022-11-17,390,0,11551.0,11712.25,471586.0,17,False,True,True,True,True,11740.5,True,-0.002406200758059751,24.11
2022-11-18,390,0,11837.75,11707.5,442505.0,17,False,True,True,True,True,11712.25,True,-0.0004055582829942672,23.93
2022-11-21,390,0,11649.5,11587.25,365984.0,17,False,True,True,True,True,11707.5,True,-0.010271193679265433,23.12
2022-11-22,390,0,11617.25,11751.75,410066.0,17,False,True,True,True,True,11587.25,True,0.01419663854667852,22.36
2022-11-23,390,0,11749.5,11868.75,374609.0,17,False,True,True,True,True,11751.75,True,0.009955964005360807,21.29
2022-11-24,210,180,11914.0,11910.75,13047.0,17,False,False,False,False,False,,False,,
2022-11-25,225,165,11798.25,11786.75,129752.0,17,False,True,False,False,False,11868.75,True,-0.006908899420747794,20.35
2022-11-28,390,0,11703.5,11611.25,384215.0,17,False,True,True,True,True,11786.75,True,-0.014889600610855425,20.5
2022-11-29,390,0,11622.0,11523.5,445266.0,17,False,True,True,True,True,11611.25,True,-0.007557325869307796,22.21
2022-11-30,390,0,11534.0,12051.5,610435.0,17,False,True,True,True,True,11523.5,True,0.04581941250488142,21.89
2022-12-01,390,0,12057.0,12060.0,458674.0,17,False,True,True,True,True,12051.5,True,0.0007053063933950554,20.58
2022-12-02,390,0,11845.5,12013.75,415610.0,17,False,True,True,True,True,12060.0,True,-0.0038349917081260676,19.84
2022-12-05,390,0,11920.0,11802.75,425045.0,17,False,True,True,True,True,12013.75,True,-0.017563208823223375,19.06
2022-12-06,390,0,11799.0,11562.5,534654.0,17,False,True,True,True,True,11802.75,True,-0.020355425642329172,20.75
2022-12-07,390,0,11509.5,11508.0,481834.0,17,False,True,True,True,True,11562.5,True,-0.0047135135135135675,22.17
2022-12-08,390,0,11565.5,11645.25,463935.0,17,False,True,True,True,True,11508.0,True,0.011926485922836294,22.68
2022-12-09,390,0,11601.75,11571.0,312821.0,17,False,True,True,True,True,11645.25,True,-0.006375990210600868,22.29
2022-12-12,390,0,11577.25,11715.5,179148.0,17,False,True,True,True,True,11571.0,True,0.012488116843833774,22.83
2022-12-13,390,0,12168.0,11840.5,208652.0,17,False,True,True,True,True,11715.5,True,0.010669625709530006,25.0
2022-12-14,390,0,11812.25,11744.25,111464.0,17,False,True,False,True,False,11840.5,True,-0.008128879692580582,22.55
2022-12-15,390,0,11573.75,11348.25,80651.0,17,False,True,False,True,False,11744.25,True,-0.03371862826489558,21.14
2022-12-19,390,0,11354.0,11188.0,458938.0,18,False,True,True,True,True,,False,,22.62
2022-12-20,390,0,11133.5,11175.5,451773.0,18,False,True,True,True,True,11188.0,True,-0.001117268501966362,22.42
2022-12-21,390,0,11217.5,11336.25,505178.0,18,False,True,True,True,True,11175.5,True,0.01438414388617959,21.48
2022-12-22,390,0,11203.0,11054.75,586034.0,18,False,True,True,True,True,11336.25,True,-0.02483184474583744,20.07
2022-12-23,390,0,10997.0,11080.0,389076.0,18,False,True,True,True,True,11054.75,True,0.002284086026368648,21.97
2022-12-27,390,0,11051.5,10918.75,399381.0,18,False,True,True,True,True,11080.0,True,-0.014553249097472909,20.87
2022-12-28,390,0,10900.25,10770.25,528614.0,18,False,True,True,True,True,10918.75,True,-0.013600457927876342,21.65
2022-12-29,390,0,10885.5,11032.0,364477.0,18,False,True,True,True,True,10770.25,True,0.024303057032102338,22.14
2022-12-30,390,0,10911.5,11023.0,353994.0,18,False,True,True,True,True,11032.0,True,-0.0008158085569253126,21.44
2023-01-03,390,0,11119.0,10942.75,482351.0,18,False,True,True,True,True,11023.0,True,-0.00728023224167651,21.67
2023-01-04,390,0,11033.5,10996.25,624145.0,18,False,True,True,True,True,10942.75,True,0.0048890818121587465,22.9
2023-01-05,390,0,10922.5,10820.0,548729.0,18,False,True,True,True,True,10996.25,True,-0.01602819142889622,22.01
2023-01-06,390,0,10891.0,11114.5,546868.0,18,False,True,True,True,True,10820.0,True,0.02721811460258783,22.46
2023-01-09,390,0,11199.75,11188.0,517551.0,18,False,True,True,True,True,11114.5,True,0.00661298304017266,21.13
2023-01-10,390,0,11142.75,11286.0,420912.0,18,False,True,True,True,True,11188.0,True,0.008759385055416624,21.97
2023-01-11,390,0,11323.75,11476.5,384881.0,18,False,True,True,True,True,11286.0,True,0.016879319510898494,20.58
2023-01-12,390,0,11490.0,11532.25,522771.0,18,False,True,True,True,True,11476.5,True,0.004857752799198423,21.09
2023-01-13,390,0,11424.0,11607.5,350109.0,18,False,True,True,True,True,11532.25,True,0.006525179388237268,18.83
2023-01-16,210,180,11591.25,11564.0,22913.0,18,False,False,False,False,False,,False,,
2023-01-17,390,0,11598.75,11627.5,374956.0,18,False,True,True,True,True,11607.5,True,0.0017230239069567777,18.35
2023-01-18,390,0,11695.0,11479.5,468766.0,18,False,True,True,True,True,11627.5,True,-0.012728445495592378,19.36
2023-01-19,390,0,11407.25,11360.5,436408.0,18,False,True,True,True,True,11479.5,True,-0.010366305152663458,20.34
2023-01-20,390,0,11428.25,11676.25,455327.0,18,False,True,True,True,True,11360.5,True,0.027793671053210733,20.52
2023-01-23,390,0,11704.0,11931.5,488229.0,18,False,True,True,True,True,11676.25,True,0.02186061449523602,19.85
2023-01-24,390,0,11860.0,11905.75,380002.0,18,False,True,True,True,True,11931.5,True,-0.002158152788836243,19.81
2023-01-25,390,0,11712.5,11876.25,471786.0,18,False,True,True,True,True,11905.75,True,-0.002477794343069495,19.2
2023-01-26,390,0,12017.75,12105.0,460486.0,18,False,True,True,True,True,11876.25,True,0.019261130407325577,19.08
2023-01-27,390,0,12047.25,12223.25,472432.0,18,False,True,True,True,True,12105.0,True,0.009768690623709109,18.73
2023-01-30,390,0,12082.25,11971.0,475022.0,18,False,True,True,True,True,12223.25,True,-0.02063690098787152,18.51
2023-01-31,390,0,11974.25,12153.5,406103.0,18,False,True,True,True,True,11971.0,True,0.01524517584161722,19.94
2023-02-01,390,0,12143.75,12420.75,525477.0,18,False,True,True,True,True,12153.5,True,0.02198955033529426,19.4
2023-02-02,390,0,12681.25,12855.25,570556.0,18,False,True,True,True,True,12420.75,True,0.034981784513817615,17.87
2023-02-03,390,0,12574.25,12624.5,584425.0,18,False,True,True,True,True,12855.25,True,-0.017949864841212748,18.73
2023-02-06,390,0,12509.0,12513.25,373719.0,18,False,True,True,True,True,12624.5,True,-0.008812230187334125,18.33
2023-02-07,390,0,12504.0,12772.25,601762.0,18,False,True,True,True,True,12513.25,True,0.02069806005634023,19.43
2023-02-08,390,0,12713.75,12543.25,442663.0,18,False,True,True,True,True,12772.25,True,-0.017929495586133992,18.66
2023-02-09,390,0,12722.5,12427.25,472539.0,18,False,True,True,True,True,12543.25,True,-0.009248001913379711,19.63
2023-02-10,390,0,12335.25,12346.0,438739.0,18,False,True,True,True,True,12427.25,True,-0.006538051459494265,20.71
2023-02-13,390,0,12402.25,12544.75,351864.0,18,False,True,True,True,True,12346.0,True,0.016098331443382463,20.53
2023-02-14,390,0,12474.0,12630.75,523142.0,18,False,True,True,True,True,12544.75,True,0.006855457462284997,20.34
2023-02-15,390,0,12553.5,12734.0,413694.0,18,False,True,True,True,True,12630.75,True,0.008174494784553676,18.91
2023-02-16,390,0,12524.0,12481.5,505415.0,18,False,True,True,True,True,12734.0,True,-0.019828804774619124,18.23
2023-02-17,390,0,12390.0,12392.0,474019.0,18,False,True,True,True,True,12481.5,True,-0.007170612506509633,20.17
2023-02-20,210,180,12393.25,12366.75,17400.0,18,False,False,False,False,False,,False,,
2023-02-21,390,0,12229.0,12098.0,401412.0,18,False,True,True,True,True,12392.0,True,-0.023724983860555215,20.02
2023-02-22,390,0,12120.75,12103.0,498580.0,18,False,True,True,True,True,12098.0,True,0.00041329145313273585,22.87
2023-02-23,390,0,12252.5,12206.25,496710.0,18,False,True,True,True,True,12103.0,True,0.008530942741469039,22.29
2023-02-24,390,0,11993.75,11998.0,485238.0,18,False,True,True,True,True,12206.25,True,-0.01706093189964153,21.14
2023-02-27,390,0,12131.0,12084.0,452577.0,18,False,True,True,True,True,11998.0,True,0.007167861310218404,21.67
2023-02-28,390,0,12055.75,12064.5,509273.0,18,False,True,True,True,True,12084.0,True,-0.001613704071499522,20.95
2023-03-01,390,0,12052.0,11965.25,594213.0,18,False,True,True,True,True,12064.5,True,-0.008226615276223592,20.7
2023-03-02,390,0,11857.5,12065.75,574405.0,18,False,True,True,True,True,11965.25,True,0.008399323039635531,20.58
2023-03-03,390,0,12134.75,12312.5,533430.0,18,False,True,True,True,True,12065.75,True,0.020450448583801295,19.59
2023-03-06,390,0,12360.75,12323.75,476183.0,18,False,True,True,True,True,12312.5,True,0.0009137055837562524,18.49
2023-03-07,390,0,12324.25,12169.0,579430.0,18,False,True,True,True,True,12323.75,True,-0.012557054467998818,18.61
2023-03-08,390,0,12185.25,12231.25,493149.0,18,False,True,True,True,True,12169.0,True,0.005115457309557092,19.59
2023-03-09,390,0,12246.25,12006.25,647191.0,18,False,True,True,True,True,12231.25,True,-0.018395503321410267,19.11
2023-03-10,390,0,12018.0,11841.25,589920.0,18,False,True,True,True,True,12006.25,True,-0.013742842269651279,22.61
2023-03-13,390,0,11768.5,11930.25,342735.0,18,False,True,True,True,True,11841.25,True,0.0075160983848834295,24.8
2023-03-14,390,0,12076.0,12199.75,163429.0,18,False,True,False,True,False,11930.25,True,0.02258963559020133,26.52
2023-03-15,390,0,12087.0,12260.5,135092.0,18,False,True,False,True,False,12199.75,True,0.004979610237914711,23.73
2023-03-16,390,0,12217.0,12584.0,99254.0,18,False,True,False,True,False,12260.5,True,0.02638554708209284,26.14
2023-03-20,390,0,12623.0,12693.0,481524.0,19,False,True,True,True,True,,False,,25.51
2023-03-21,390,0,12775.25,12877.25,439186.0,19,False,True,True,True,True,12693.0,True,0.014515874891672498,24.15
2023-03-22,390,0,12872.75,12699.0,593428.0,19,False,True,True,True,True,12877.25,True,-0.013842241161738711,21.38
2023-03-23,390,0,12855.0,12847.25,679578.0,19,False,True,True,True,True,12699.0,True,0.011674147570674753,22.26
2023-03-24,390,0,12826.75,12894.5,515091.0,19,False,True,True,True,True,12847.25,True,0.003677829885773143,22.61
2023-03-27,390,0,12919.25,12799.75,431820.0,19,False,True,True,True,True,12894.5,True,-0.007348094148667994,21.74
2023-03-28,390,0,12776.25,12732.5,430243.0,19,False,True,True,True,True,12799.75,True,-0.0052540088673607155,20.6
2023-03-29,390,0,12887.25,12969.0,433940.0,19,False,True,True,True,True,12732.5,True,0.018574514038876888,19.97
2023-03-30,390,0,13064.75,13085.25,442437.0,19,False,True,True,True,True,12969.0,True,0.008963682627804781,19.12
2023-03-31,390,0,13092.0,13301.5,478595.0,19,False,True,True,True,True,13085.25,True,0.01652624137865155,19.02
2023-04-03,390,0,13210.0,13268.5,408062.0,19,False,True,True,True,True,13301.5,True,-0.002480923204149943,18.7
2023-04-04,390,0,13284.75,13223.5,459972.0,19,False,True,True,True,True,13268.5,True,-0.0033914911255982227,18.55
2023-04-05,390,0,13173.75,13079.5,475343.0,19,False,True,True,True,True,13223.5,True,-0.010889703936174278,19.0
2023-04-06,390,0,13012.5,13171.25,461110.0,19,False,True,True,True,True,13079.5,True,0.0070147941435070305,19.08
2023-04-10,390,0,13043.75,13164.5,440129.0,19,False,True,True,True,True,13171.25,True,-0.0005124798329695368,18.4
2023-04-11,390,0,13159.25,13076.5,435476.0,19,False,True,True,True,True,13164.5,True,-0.006684644308557086,18.97
2023-04-12,390,0,13157.0,12958.5,530152.0,19,False,True,True,True,True,13076.5,True,-0.00902382135892632,19.1
2023-04-13,390,0,13027.75,13209.75,423741.0,19,False,True,True,True,True,12958.5,True,0.019388818150248843,19.09
2023-04-14,390,0,13139.25,13181.0,484190.0,19,False,True,True,True,True,13209.75,True,-0.0021764227180680606,17.8
2023-04-17,390,0,13162.5,13189.5,435131.0,19,False,True,True,True,True,13181.0,True,0.0006448676124723995,17.07
2023-04-18,390,0,13280.0,13189.25,442111.0,19,False,True,True,True,True,13189.5,True,-1.8954471359799996e-05,16.95
2023-04-19,390,0,13085.25,13182.75,406434.0,19,False,True,True,True,True,13189.25,True,-0.0004928255966032413,16.83
2023-04-20,390,0,13051.5,13077.0,541440.0,19,False,True,True,True,True,13182.75,True,-0.008021846731524174,16.46
2023-04-21,390,0,13057.75,13088.25,473265.0,19,False,True,True,True,True,13077.0,True,0.0008602890571232091,17.17
2023-04-24,390,0,13077.5,13059.25,479908.0,19,False,True,True,True,True,13088.25,True,-0.0022157278474967956,16.77
2023-04-25,390,0,12988.25,12808.5,534965.0,19,False,True,True,True,True,13059.25,True,-0.019200949518540456,16.89
2023-04-26,390,0,12950.25,12882.5,555456.0,19,False,True,True,True,True,12808.5,True,0.005777413436389933,18.76
2023-04-27,390,0,13040.75,13231.25,546283.0,19,False,True,True,True,True,12882.5,True,0.027071608771589428,18.84
2023-04-28,390,0,13220.25,13323.75,523448.0,19,False,True,True,True,True,13231.25,True,0.006991025035427478,17.03
2023-05-01,390,0,13300.75,13304.0,402606.0,19,False,True,True,True,True,13323.75,True,-0.0014823154142039607,15.78
2023-05-02,390,0,13301.0,13184.75,561306.0,19,False,True,True,True,True,13304.0,True,-0.008963469633193055,16.08
2023-05-03,390,0,13198.75,13100.0,544261.0,19,False,True,True,True,True,13184.75,True,-0.0064278806955004875,17.78
2023-05-04,390,0,13082.75,13048.0,499549.0,19,False,True,True,True,True,13100.0,True,-0.00396946564885492,18.34
2023-05-05,390,0,13139.25,13324.0,448041.0,19,False,True,True,True,True,13048.0,True,0.021152667075413856,20.09
2023-05-08,390,0,13301.0,13354.5,416180.0,19,False,True,True,True,True,13324.0,True,0.0022891023716602454,17.19
2023-05-09,390,0,13281.0,13266.25,465636.0,19,False,True,True,True,True,13354.5,True,-0.006608259388221183,16.98
2023-05-10,390,0,13366.5,13410.5,675011.0,19,False,True,True,True,True,13266.25,True,0.010873457080938564,17.71
2023-05-11,390,0,13427.25,13447.25,519450.0,19,False,True,True,True,True,13410.5,True,0.002740389992915926,16.94
2023-05-12,390,0,13468.0,13397.5,524472.0,19,False,True,True,True,True,13447.25,True,-0.0036996411905779736,16.93
2023-05-15,390,0,13416.75,13472.0,393884.0,19,False,True,True,True,True,13397.5,True,0.005560738943832799,17.03
2023-05-16,390,0,13436.0,13482.25,454937.0,19,False,True,True,True,True,13472.0,True,0.0007608372921614759,17.12
2023-05-17,390,0,13525.0,13644.75,514523.0,19,False,True,True,True,True,13482.25,True,0.012052884347939052,17.99
2023-05-18,390,0,13653.75,13889.75,620604.0,19,False,True,True,True,True,13644.75,True,0.017955623957932598,16.87
2023-05-19,390,0,13898.25,13858.25,511469.0,19,False,True,True,True,True,13889.75,True,-0.002267859392717675,16.05
2023-05-22,390,0,13848.0,13905.0,432454.0,19,False,True,True,True,True,13858.25,True,0.0033734418126387666,16.81
2023-05-23,390,0,13831.0,13725.5,518199.0,19,False,True,True,True,True,13905.0,True,-0.012909025530384755,17.21
2023-05-24,390,0,13643.25,13652.75,529407.0,19,False,True,True,True,True,13725.5,True,-0.005300353356890497,18.53
2023-05-25,390,0,13954.75,13978.25,611546.0,19,False,True,True,True,True,13652.75,True,0.023841350643643233,20.03
2023-05-26,390,0,14018.5,14333.0,580195.0,19,False,True,True,True,True,13978.25,True,0.025378713358253036,19.14
2023-05-29,210,180,14378.25,14404.75,20140.0,19,False,False,False,False,False,,False,,
2023-05-30,390,0,14510.0,14397.0,636465.0,19,False,True,True,True,True,14333.0,True,0.004465220121398161,17.95
2023-05-31,390,0,14330.0,14301.75,540025.0,19,False,True,True,True,True,14397.0,True,-0.006615961658678837,17.46
2023-06-01,390,0,14298.0,14473.25,485568.0,19,False,True,True,True,True,14301.75,True,0.011991539496914783,17.94
2023-06-02,390,0,14543.25,14579.5,481845.0,19,False,True,True,True,True,14473.25,True,0.00734112932478892,15.65
2023-06-05,390,0,14568.25,14587.25,511375.0,19,False,True,True,True,True,14579.5,True,0.0005315682979525338,14.6
2023-06-06,390,0,14561.0,14583.75,477615.0,19,False,True,True,True,True,14587.25,True,-0.00023993556016388418,14.73
2023-06-07,390,0,14592.25,14331.75,666038.0,19,False,True,True,True,True,14583.75,True,-0.017279506299820002,13.96
2023-06-08,390,0,14338.0,14499.75,469898.0,19,False,True,True,True,True,14331.75,True,0.011722225129520147,13.94
2023-06-09,390,0,14561.75,14556.5,439933.0,19,False,True,True,True,True,14499.75,True,0.003913860583803164,13.65
2023-06-12,390,0,14622.75,14802.5,188173.0,19,False,True,True,True,True,14556.5,True,0.016899666815511916,13.83
2023-06-13,390,0,14913.0,14911.5,163532.0,19,False,True,False,True,False,14802.5,True,0.007363621009964572,15.01
2023-06-14,390,0,14910.75,15016.25,100681.0,19,False,True,False,True,False,14911.5,True,0.00702477953257552,14.61
2023-06-15,390,0,14957.5,15190.5,57579.0,19,False,True,False,True,False,15016.25,True,0.011604095563140016,13.88
2023-06-19,210,180,15251.0,15239.25,26661.0,20,False,False,False,False,False,,False,,
2023-06-20,390,0,15211.5,15253.5,445743.0,20,False,True,True,True,True,,False,,13.54
2023-06-21,390,0,15201.75,15045.25,523037.0,20,False,True,True,True,True,15253.5,True,-0.013652604320319894,13.88
2023-06-22,390,0,14981.5,15213.5,471674.0,20,False,True,True,True,True,15045.25,True,0.011182931490005155,13.2
2023-06-23,390,0,15043.5,15060.0,476755.0,20,False,True,True,True,True,15213.5,True,-0.01008972294343835,12.91
2023-06-26,390,0,15036.5,14857.25,529547.0,20,False,True,True,True,True,15060.0,True,-0.013462815405046458,13.44
2023-06-27,390,0,14917.75,15108.25,459420.0,20,False,True,True,True,True,14857.25,True,0.016894108936714503,14.25
2023-06-28,390,0,15029.5,15139.5,534487.0,20,False,True,True,True,True,15108.25,True,0.002068406334287509,13.74
2023-06-29,390,0,15119.25,15103.25,469740.0,20,False,True,True,True,True,15139.5,True,-0.0023943987582152326,13.43
2023-06-30,390,0,15252.0,15331.0,394458.0,20,False,True,True,True,True,15103.25,True,0.015079535861486804,13.54
2023-07-03,225,165,15355.25,15357.0,179432.0,20,False,True,True,False,False,15331.0,True,0.0016959102472116072,13.59
2023-07-04,210,180,15363.75,15344.5,14676.0,20,False,False,False,False,False,,False,,
2023-07-05,390,0,15293.5,15359.75,380060.0,20,False,True,True,True,True,15357.0,True,0.00017907143322259955,13.57
2023-07-06,390,0,15196.0,15235.75,402440.0,20,False,True,True,True,True,15359.75,True,-0.008073048063933386,14.18
2023-07-07,390,0,15220.5,15183.25,396589.0,20,False,True,True,True,True,15235.75,True,-0.003445842836749091,15.44
2023-07-10,390,0,15168.5,15190.0,455114.0,20,False,True,True,True,True,15183.25,True,0.00044456885054255935,14.83
2023-07-11,390,0,15202.0,15258.5,449933.0,20,False,True,True,True,True,15190.0,True,0.004509545753785371,15.07
2023-07-12,390,0,15430.25,15451.75,502829.0,20,False,True,True,True,True,15258.5,True,0.012665071927122629,14.84
2023-07-13,390,0,15576.25,15706.0,426932.0,20,False,True,True,True,True,15451.75,True,0.01645444690730824,13.54
2023-07-14,390,0,15722.0,15703.0,512002.0,20,False,True,True,True,True,15706.0,True,-0.00019100980516995048,13.61
2023-07-17,390,0,15729.75,15844.25,418111.0,20,False,True,True,True,True,15703.0,True,0.008995096478380038,13.34
2023-07-18,390,0,15815.25,15973.0,523166.0,20,False,True,True,True,True,15844.25,True,0.008125976300550564,13.48
2023-07-19,390,0,16012.75,15957.0,558497.0,20,False,True,True,True,True,15973.0,True,-0.0010016903524697751,13.3
2023-07-20,390,0,15833.75,15588.0,652143.0,20,False,True,True,True,True,15957.0,True,-0.02312464749012977,13.76
2023-07-21,390,0,15688.25,15537.5,569035.0,20,False,True,True,True,True,15588.0,True,-0.0032396715422119415,13.99
2023-07-24,390,0,15578.5,15563.75,457054.0,20,False,True,True,True,True,15537.5,True,0.0016894609814963601,13.6
2023-07-25,390,0,15589.0,15668.75,421658.0,20,False,True,True,True,True,15563.75,True,0.006746446068588874,13.91
2023-07-26,390,0,15619.0,15612.75,543285.0,20,False,True,True,True,True,15668.75,True,-0.003573992820103733,13.86
2023-07-27,390,0,15834.75,15566.0,688030.0,20,False,True,True,True,True,15612.75,True,-0.002994347568493705,13.19
2023-07-28,390,0,15737.75,15849.75,509898.0,20,False,True,True,True,True,15566.0,True,0.018228832069896006,14.41
2023-07-31,390,0,15860.0,15863.0,391751.0,20,False,True,True,True,True,15849.75,True,0.0008359753308411211,13.33
2023-08-01,390,0,15796.5,15816.75,408275.0,20,False,True,True,True,True,15863.0,True,-0.0029155897371241357,13.63
2023-08-02,390,0,15667.5,15468.25,561762.0,20,False,True,True,True,True,15816.75,True,-0.02203360361641926,13.93
2023-08-03,390,0,15358.0,15430.25,435503.0,20,False,True,True,True,True,15468.25,True,-0.0024566450632748094,16.09
2023-08-04,390,0,15511.5,15358.0,582301.0,20,False,True,True,True,True,15430.25,True,-0.00468236094684138,15.92
2023-08-07,390,0,15433.5,15486.5,449426.0,20,False,True,True,True,True,15358.0,True,0.008366974866519161,17.1
2023-08-08,390,0,15379.0,15350.25,490669.0,20,False,True,True,True,True,15486.5,True,-0.008797985342072101,15.77
2023-08-09,390,0,15361.0,15180.25,524503.0,20,False,True,True,True,True,15350.25,True,-0.011074738196446332,15.99
2023-08-10,390,0,15300.75,15200.5,623010.0,20,False,True,True,True,True,15180.25,True,0.001333970125656725,15.96
2023-08-11,390,0,15091.75,15101.0,473721.0,20,False,True,True,True,True,15200.5,True,-0.006545837307983304,15.85
2023-08-14,390,0,15068.25,15272.5,399873.0,20,False,True,True,True,True,15101.0,True,0.011356863783855475,14.84
2023-08-15,390,0,15225.0,15105.25,420773.0,20,False,True,True,True,True,15272.5,True,-0.010951055819283018,14.82
2023-08-16,390,0,15079.75,14939.0,508497.0,20,False,True,True,True,True,15105.25,True,-0.011006107148176958,16.46
2023-08-17,390,0,14994.25,14772.25,533017.0,20,False,True,True,True,True,14939.0,True,-0.011162059040096373,16.78
2023-08-18,390,0,14632.25,14750.25,549765.0,20,False,True,True,True,True,14772.25,True,-0.0014892788843947624,17.89
2023-08-21,390,0,14808.75,14987.0,501677.0,20,False,True,True,True,True,14750.25,True,0.016050575413976143,17.3
2023-08-22,390,0,15091.5,14960.25,489462.0,20,False,True,True,True,True,14987.0,True,-0.0017848802295322708,17.13
2023-08-23,390,0,15009.25,15198.0,421444.0,20,False,True,True,True,True,14960.25,True,0.015892114102371346,16.97
2023-08-24,390,0,15335.5,14859.25,645710.0,20,False,True,True,True,True,15198.0,True,-0.02228911698907754,15.98
2023-08-25,390,0,14897.25,14977.5,678897.0,20,False,True,True,True,True,14859.25,True,0.007958005955886138,17.2
2023-08-28,390,0,15097.5,15090.25,472490.0,20,False,True,True,True,True,14977.5,True,0.007527958604573559,15.68
2023-08-29,390,0,15076.75,15413.5,492277.0,20,False,True,True,True,True,15090.25,True,0.02142111628369303,15.08
2023-08-30,390,0,15416.25,15502.0,458585.0,20,False,True,True,True,True,15413.5,True,0.005741719920848709,14.45
2023-08-31,390,0,15492.25,15532.25,441496.0,20,False,True,True,True,True,15502.0,True,0.0019513611146948495,13.88
2023-09-01,390,0,15633.0,15520.0,438392.0,20,False,True,True,True,True,15532.25,True,-0.000788681614061093,13.57
2023-09-04,210,180,15555.0,15523.75,35336.0,20,False,False,False,False,False,,False,,
2023-09-05,390,0,15481.75,15533.75,396668.0,20,False,True,True,True,True,15520.0,True,0.0008859536082475028,13.09
2023-09-06,390,0,15499.5,15398.0,488540.0,20,False,True,True,True,True,15533.75,True,-0.008739035970065201,14.01
2023-09-07,390,0,15200.5,15276.75,468435.0,20,False,True,True,True,True,15398.0,True,-0.007874399272632782,14.45
2023-09-08,390,0,15273.0,15295.25,410744.0,20,False,True,True,True,True,15276.75,True,0.0012109905575465874,14.4
2023-09-11,390,0,15420.0,15475.25,192336.0,20,False,True,True,True,True,15295.25,True,0.011768359458001587,13.84
2023-09-12,390,0,15405.0,15302.25,120051.0,20,False,True,False,True,False,15475.25,True,-0.011179140886253824,13.8
2023-09-13,390,0,15309.75,15358.0,87857.0,20,False,True,False,True,False,15302.25,True,0.003643255076867691,14.23
2023-09-14,390,0,15424.25,15476.5,52027.0,20,False,True,False,True,False,15358.0,True,0.007715848417762627,13.48
2023-09-18,390,0,15355.75,15413.25,396372.0,21,False,True,True,True,True,,False,,13.79
2023-09-19,390,0,15355.0,15377.25,447873.0,21,False,True,True,True,True,15413.25,True,-0.002335652766288776,14.0
2023-09-20,390,0,15419.25,15152.25,495712.0,21,False,True,True,True,True,15377.25,True,-0.014632005072428456,14.11
2023-09-21,390,0,14988.0,14861.75,503006.0,21,False,True,True,True,True,15152.25,True,-0.019172070154597542,15.14
2023-09-22,390,0,14937.5,14866.75,484236.0,21,False,True,True,True,True,14861.75,True,0.00033643413460726634,17.54
2023-09-25,390,0,14824.5,14936.75,421423.0,21,False,True,True,True,True,14866.75,True,0.0047084937864698695,17.2
2023-09-26,390,0,14825.0,14708.75,511841.0,21,False,True,True,True,True,14936.75,True,-0.01526436473797843,16.9
2023-09-27,390,0,14753.0,14743.75,577856.0,21,False,True,True,True,True,14708.75,True,0.002379535990481907,18.94
2023-09-28,390,0,14695.0,14858.5,540178.0,21,False,True,True,True,True,14743.75,True,0.007782958880881763,18.22
2023-09-29,390,0,15001.5,14868.25,579067.0,21,False,True,True,True,True,14858.5,True,0.0006561900595618564,17.34
2023-10-02,390,0,14873.75,14988.0,587677.0,21,False,True,True,True,True,14868.25,True,0.008054074958384394,17.52
2023-10-03,390,0,14880.25,14719.5,573059.0,21,False,True,True,True,True,14988.0,True,-0.017914331465172184,17.61
2023-10-04,390,0,14753.0,14919.75,567726.0,21,False,True,True,True,True,14719.5,True,0.013604402323448506,19.78
2023-10-05,390,0,14909.0,14866.0,499359.0,21,False,True,True,True,True,14919.75,True,-0.0036026072822935573,18.58
2023-10-06,390,0,14736.75,15113.25,613487.0,21,False,True,True,True,True,14866.0,True,0.0166319117449214,18.49
2023-10-09,390,0,15012.25,15190.75,446071.0,21,False,True,True,True,True,15113.25,True,0.0051279506393395735,17.45
2023-10-10,390,0,15201.0,15270.25,499610.0,21,False,True,True,True,True,15190.75,True,0.005233447986439099,17.7
2023-10-11,390,0,15325.25,15377.0,453970.0,21,False,True,True,True,True,15270.25,True,0.006990717244314881,17.03
2023-10-12,390,0,15392.75,15315.25,588145.0,21,False,True,True,True,True,15377.0,True,-0.004015737790206142,16.09
2023-10-13,390,0,15342.25,15121.5,612112.0,21,False,True,True,True,True,15315.25,True,-0.012650789246012928,16.69
2023-10-16,390,0,15175.75,15293.5,492847.0,21,False,True,True,True,True,15121.5,True,0.01137453294977342,19.32
2023-10-17,390,0,15138.5,15241.0,620629.0,21,False,True,True,True,True,15293.5,True,-0.003432830941249576,17.21
2023-10-18,390,0,15130.75,15023.5,687892.0,21,False,True,True,True,True,15241.0,True,-0.01427071714454431,17.88
2023-10-19,390,0,15087.5,14885.75,819900.0,21,False,True,True,True,True,15023.5,True,-0.00916896861583516,19.22
2023-10-20,390,0,14862.5,14661.25,667561.0,21,False,True,True,True,True,14885.75,True,-0.015081537712241522,21.4
2023-10-23,390,0,14602.5,14706.25,580210.0,21,False,True,True,True,True,14661.25,True,0.0030693153721543798,21.71
2023-10-24,390,0,14778.25,14846.25,534606.0,21,False,True,True,True,True,14706.25,True,0.00951976200594995,20.37
2023-10-25,390,0,14741.5,14476.25,634811.0,21,False,True,True,True,True,14846.25,True,-0.024922118380062308,18.97
2023-10-26,390,0,14420.75,14194.5,728100.0,21,False,True,True,True,True,14476.25,True,-0.019462913392625847,20.19
2023-10-27,390,0,14307.0,14266.0,613084.0,21,False,True,True,True,True,14194.5,True,0.005037162281165131,20.68
2023-10-30,390,0,14365.75,14418.75,587421.0,21,False,True,True,True,True,14266.0,True,0.010707276040936575,21.27
2023-10-31,390,0,14419.25,14489.5,551947.0,21,False,True,True,True,True,14418.75,True,0.004906805374945922,19.75
2023-11-01,390,0,14520.25,14742.75,598601.0,21,False,True,True,True,True,14489.5,True,0.017478173850029366,18.14
2023-11-02,390,0,14920.5,14999.5,459193.0,21,False,True,True,True,True,14742.75,True,0.017415339743263702,16.87
2023-11-03,390,0,15051.0,15174.5,476072.0,21,False,True,True,True,True,14999.5,True,0.011667055568518991,15.66
2023-11-06,390,0,15204.0,15233.75,388013.0,21,False,True,True,True,True,15174.5,True,0.0039045767570595746,14.91
2023-11-07,390,0,15275.75,15375.25,447077.0,21,False,True,True,True,True,15233.75,True,0.009288586198408222,14.89
2023-11-08,390,0,15388.5,15383.75,433346.0,21,False,True,True,True,True,15375.25,True,0.0005528365392433177,14.81
2023-11-09,390,0,15404.5,15258.75,579237.0,21,False,True,True,True,True,15383.75,True,-0.00812545705695944,14.45
2023-11-10,390,0,15327.75,15597.25,507061.0,21,False,True,True,True,True,15258.75,True,0.022183992791021456,15.29
2023-11-13,390,0,15529.75,15547.75,406028.0,21,False,True,True,True,True,15597.25,True,-0.003173636378207667,14.17
2023-11-14,390,0,15812.0,15878.75,457892.0,21,False,True,True,True,True,15547.75,True,0.021289254072132557,14.76
2023-11-15,390,0,15957.25,15890.5,501382.0,21,False,True,True,True,True,15878.75,True,0.0007399826812564125,14.16
2023-11-16,390,0,15850.75,15897.25,482051.0,21,False,True,True,True,True,15890.5,True,0.00042478210251406523,14.18
2023-11-17,390,0,15862.75,15897.5,430168.0,21,False,True,True,True,True,15897.25,True,1.5725990344162e-05,14.32
2023-11-20,390,0,15895.0,16088.5,426456.0,21,False,True,True,True,True,15897.5,True,0.01201446768359804,13.8
2023-11-21,390,0,16013.0,15988.5,422298.0,21,False,True,True,True,True,16088.5,True,-0.006215619852689813,13.41
2023-11-22,390,0,16069.75,16048.0,478041.0,21,False,True,True,True,True,15988.5,True,0.0037214247740564588,13.35
2023-11-23,210,180,16063.0,16062.5,23869.0,21,False,False,False,False,False,,False,,
2023-11-24,225,165,16028.5,16011.0,149970.0,21,False,True,False,False,False,16048.0,True,-0.00230558325024921,12.85
2023-11-27,390,0,15999.0,16007.5,386735.0,21,False,True,True,True,True,16011.0,True,-0.00021859971269755363,12.46
2023-11-28,390,0,15974.5,16048.0,471672.0,21,False,True,True,True,True,16007.5,True,0.002530064032484791,12.69
2023-11-29,390,0,16147.25,16026.0,480243.0,21,False,True,True,True,True,16048.0,True,-0.0013708873379860709,12.69
2023-11-30,390,0,16032.5,15981.0,533016.0,21,False,True,True,True,True,16026.0,True,-0.002807937102208946,12.98
2023-12-01,390,0,15933.5,16025.0,499126.0,21,False,True,True,True,True,15981.0,True,0.00275326950754029,12.92
2023-12-04,390,0,15862.5,15871.25,561944.0,21,False,True,True,True,True,16025.0,True,-0.009594383775351045,12.63
2023-12-05,390,0,15791.25,15912.0,540240.0,21,False,True,True,True,True,15871.25,True,0.0025675356383396686,13.08
2023-12-06,390,0,16033.5,15815.0,510502.0,21,False,True,True,True,True,15912.0,True,-0.006096028154851663,12.85
2023-12-07,390,0,15934.25,16035.25,473720.0,21,False,True,True,True,True,15815.0,True,0.013926651912741006,12.97
2023-12-08,390,0,15956.0,16098.75,394552.0,21,False,True,True,True,True,16035.25,True,0.003960025568668923,13.06
2023-12-11,390,0,16077.5,16234.0,176224.0,21,False,True,True,True,True,16098.75,True,0.00840127339079122,12.35
2023-12-12,390,0,16232.75,16365.0,90420.0,21,False,True,False,True,False,16234.0,True,0.008069483799433286,12.63
2023-12-13,390,0,16398.25,16566.75,85701.0,21,False,True,False,True,False,16365.0,True,0.012328139321723164,12.07
2023-12-14,390,0,16607.25,16544.75,55802.0,21,False,True,False,True,False,16566.75,True,-0.001327961126956101,12.19
2023-12-18,390,0,16846.5,16938.25,341129.0,22,False,True,True,True,True,,False,,12.28
2023-12-19,390,0,16952.25,17021.0,383666.0,22,False,True,True,True,True,16938.25,True,0.0048853925287442035,12.56
2023-12-20,390,0,16985.5,16764.25,523135.0,22,False,True,True,True,True,17021.0,True,-0.015084307619998794,12.53
2023-12-21,390,0,16922.25,16950.5,480953.0,22,False,True,True,True,True,16764.25,True,0.011109951235515947,13.67
2023-12-22,390,0,16999.25,16980.25,363627.0,22,False,True,True,True,True,16950.5,True,0.00175511046871768,13.65
2023-12-26,390,0,17009.5,17084.5,224683.0,22,False,True,True,True,True,16980.25,True,0.006139485578834147,13.03
2023-12-27,390,0,17091.75,17116.75,344068.0,22,False,True,True,True,True,17084.5,True,0.0018876759635926277,12.99
2023-12-28,390,0,17148.25,17090.75,277012.0,22,False,True,True,True,True,17116.75,True,-0.0015189799465435971,12.43
2023-12-29,390,0,17089.0,17019.0,386780.0,22,False,True,True,True,True,17090.75,True,-0.004198177376651069,12.47
2024-01-02,390,0,16861.75,16721.0,496978.0,22,False,True,True,True,True,17019.0,True,-0.017509841941359627,12.45
2024-01-03,390,0,16610.0,16540.75,534632.0,22,False,True,True,True,True,16721.0,True,-0.010779857664015347,13.2
2024-01-04,390,0,16453.25,16443.75,427532.0,22,False,True,True,True,True,16540.75,True,-0.005864304822937316,14.04
2024-01-05,390,0,16449.25,16463.75,459316.0,22,False,True,True,True,True,16443.75,True,0.0012162675788673916,14.13
2024-01-08,390,0,16512.0,16801.25,412971.0,22,False,True,True,True,True,16463.75,True,0.020499582415913764,13.35
2024-01-09,390,0,16669.25,16831.75,477210.0,22,False,True,True,True,True,16801.25,True,0.0018153411204524517,13.08
2024-01-10,390,0,16840.0,16941.5,435846.0,22,False,True,True,True,True,16831.75,True,0.006520415286586312,12.76
2024-01-11,390,0,16984.5,16965.5,585889.0,22,False,True,True,True,True,16941.5,True,0.0014166396127852643,12.69
2024-01-12,390,0,17008.0,16972.25,439242.0,22,False,True,True,True,True,16965.5,True,0.00039786625799420605,12.44
2024-01-15,210,180,16957.75,16970.0,36514.0,22,False,False,False,False,False,,False,,
2024-01-16,390,0,16917.0,16968.0,553582.0,22,False,True,True,True,True,16972.25,True,-0.0002504087554684453,12.7
2024-01-17,390,0,16825.25,16868.75,538590.0,22,False,True,True,True,True,16968.0,True,-0.005849245638849587,13.84
2024-01-18,390,0,16997.0,17109.0,661040.0,22,False,True,True,True,True,16868.75,True,0.014242311967395338,14.79
2024-01-19,390,0,17190.75,17442.5,580496.0,22,False,True,True,True,True,17109.0,True,0.019492664679408467,14.13
2024-01-22,390,0,17528.25,17460.75,482281.0,22,False,True,True,True,True,17442.5,True,0.0010462949691845136,13.3
2024-01-23,390,0,17487.5,17529.5,374648.0,22,False,True,True,True,True,17460.75,True,0.003937402459802675,13.19
2024-01-24,390,0,17692.5,17624.75,569072.0,22,False,True,True,True,True,17529.5,True,0.005433697481388444,12.55
2024-01-25,390,0,17722.0,17638.0,543224.0,22,False,True,True,True,True,17624.75,True,0.0007517837132442473,13.14
2024-01-26,390,0,17557.75,17529.25,458830.0,22,False,True,True,True,True,17638.0,True,-0.0061656650413879355,13.45
2024-01-29,390,0,17548.0,17708.0,441710.0,22,False,True,True,True,True,17529.25,True,0.010197241753069797,13.26
2024-01-30,390,0,17661.75,17583.75,396761.0,22,False,True,True,True,True,17708.0,True,-0.007016602665461891,13.6
2024-01-31,390,0,17400.0,17238.75,624160.0,22,False,True,True,True,True,17583.75,True,-0.01962038814246103,13.31
2024-02-01,390,0,17307.0,17440.25,507456.0,22,False,True,True,True,True,17238.75,True,0.01168878253933725,14.35
2024-02-02,390,0,17507.75,17729.75,570321.0,22,False,True,True,True,True,17440.25,True,0.016599532690185104,13.88
2024-02-05,390,0,17722.75,17697.25,477946.0,22,False,True,True,True,True,17729.75,True,-0.0018330771725489914,13.85
2024-02-06,390,0,17741.0,17661.75,498886.0,22,False,True,True,True,True,17697.25,True,-0.00200596137818021,13.67
2024-02-07,390,0,17773.5,17841.25,476490.0,22,False,True,True,True,True,17661.75,True,0.010163205797840025,13.06
2024-02-08,390,0,17835.75,17865.5,371612.0,22,False,True,True,True,True,17841.25,True,0.0013592096966299483,12.83
2024-02-09,390,0,17909.0,18039.0,371520.0,22,False,True,True,True,True,17865.5,True,0.009711455039041805,12.79
2024-02-12,390,0,18029.75,17963.5,454202.0,22,False,True,True,True,True,18039.0,True,-0.004185376129497209,12.93
2024-02-13,390,0,17628.0,17680.5,641761.0,22,False,True,True,True,True,17963.5,True,-0.0157541681743536,13.93
2024-02-14,390,0,17788.75,17869.25,544368.0,22,False,True,True,True,True,17680.5,True,0.010675603065524175,15.85
2024-02-15,390,0,17888.0,17914.0,526110.0,22,False,True,True,True,True,17869.25,True,0.0025043020831876373,14.38
2024-02-16,390,0,17926.75,17747.0,587856.0,22,False,True,True,True,True,17914.0,True,-0.00932231774031489,14.01
2024-02-19,210,180,17789.25,17788.75,34378.0,22,False,False,False,False,False,,False,,
2024-02-20,390,0,17661.25,17612.5,613950.0,22,False,True,True,True,True,17747.0,True,-0.007578745703499146,14.24
2024-02-21,390,0,17494.75,17537.0,541349.0,22,False,True,True,True,True,17612.5,True,-0.0042867281760113896,15.42
2024-02-22,390,0,17896.0,18044.75,543096.0,22,False,True,True,True,True,17537.0,True,0.02895307065062447,15.34
2024-02-23,390,0,18105.5,17986.5,528197.0,22,False,True,True,True,True,18044.75,True,-0.00322808573130684,14.54
2024-02-26,390,0,18017.25,17977.5,413079.0,22,False,True,True,True,True,17986.5,True,-0.000500375281461074,13.75
2024-02-27,390,0,18018.25,18017.75,457218.0,22,False,True,True,True,True,17977.5,True,0.002238909748296436,13.74
2024-02-28,390,0,17923.75,17917.5,414382.0,22,False,True,True,True,True,18017.75,True,-0.005563957763871752,13.43
2024-02-29,390,0,18030.0,18067.0,504076.0,22,False,True,True,True,True,17917.5,True,0.008343797962885535,13.84
2024-03-01,390,0,18096.5,18335.0,487970.0,22,False,True,True,True,True,18067.0,True,0.014833674655449158,13.4
2024-03-04,390,0,18330.25,18258.5,446101.0,22,False,True,True,True,True,18335.0,True,-0.004172347968366519,13.11
2024-03-05,390,0,18133.75,17931.75,631992.0,22,False,True,True,True,True,18258.5,True,-0.01789577457074787,13.49
2024-03-06,390,0,18104.25,18044.25,659203.0,22,False,True,True,True,True,17931.75,True,0.006273788113262846,14.46
2024-03-07,390,0,18182.25,18309.25,533645.0,22,False,True,True,True,True,18044.25,True,0.014686118846723994,14.5
2024-03-08,390,0,18318.0,18040.5,805166.0,22,False,True,True,True,True,18309.25,True,-0.01467837295356167,14.44
2024-03-11,390,0,17976.25,17970.25,217360.0,22,False,True,True,True,True,18040.5,True,-0.0038940162412349766,14.74
2024-03-12,390,0,18064.5,18226.75,125396.0,22,False,True,False,True,False,17970.25,True,0.014273591074136505,15.22
2024-03-13,390,0,18181.25,18080.0,87655.0,22,False,True,False,True,False,18226.75,True,-0.008051353093667224,13.84
2024-03-14,390,0,18126.0,18029.5,60621.0,22,False,True,False,True,False,18080.0,True,-0.002793141592920323,13.75
2024-03-18,390,0,18284.0,18229.5,498054.0,23,False,True,True,True,True,,False,,14.41
2024-03-19,390,0,18143.25,18270.0,502031.0,23,False,True,True,True,True,18229.5,True,0.002221673660824486,14.33
2024-03-20,390,0,18318.0,18484.5,499593.0,23,False,True,True,True,True,18270.0,True,0.011740558292282488,13.82
2024-03-21,390,0,18687.5,18558.75,462582.0,23,False,True,True,True,True,18484.5,True,0.004016879006735419,13.04
2024-03-22,390,0,18537.5,18572.0,378988.0,23,False,True,True,True,True,18558.75,True,0.0007139489459149218,12.92
2024-03-25,390,0,18459.25,18509.5,351043.0,23,False,True,True,True,True,18572.0,True,-0.003365281068274828,13.06
2024-03-26,390,0,18568.75,18450.5,400717.0,23,False,True,True,True,True,18509.5,True,-0.0031875523379886195,13.19
2024-03-27,390,0,18566.5,18506.75,487413.0,23,False,True,True,True,True,18450.5,True,0.003048697867266359,13.24
2024-03-28,390,0,18500.0,18463.0,394420.0,23,False,True,True,True,True,18506.75,True,-0.002364002323476555,12.78
2024-04-01,390,0,18500.5,18495.25,447880.0,23,False,True,True,True,True,18463.0,True,0.001746736716676578,13.01
2024-04-02,390,0,18287.5,18330.5,448653.0,23,False,True,True,True,True,18495.25,True,-0.008907692515645937,13.65
2024-04-03,390,0,18240.5,18370.5,460108.0,23,False,True,True,True,True,18330.5,True,0.0021821554240200047,14.61
2024-04-04,390,0,18541.25,18075.0,630216.0,23,False,True,True,True,True,18370.5,True,-0.016085571976810598,14.33
2024-04-05,390,0,18138.0,18293.25,614950.0,23,False,True,True,True,True,18075.0,True,0.0120746887966805,16.35
2024-04-08,390,0,18330.25,18297.0,394869.0,23,False,True,True,True,True,18293.25,True,0.0002049936451971046,16.03
2024-04-09,390,0,18391.25,18362.25,561678.0,23,False,True,True,True,True,18297.0,True,0.003566158386620666,15.19
2024-04-10,390,0,18140.0,18191.5,662519.0,23,False,True,True,True,True,18362.25,True,-0.009298969352884323,14.98
2024-04-11,390,0,18265.25,18482.25,532251.0,23,False,True,True,True,True,18191.5,True,0.01598273919138049,15.8
2024-04-12,390,0,18297.0,18181.0,597992.0,23,False,True,True,True,True,18482.25,True,-0.01629942241880722,14.91
2024-04-15,390,0,18335.75,17876.25,621248.0,23,False,True,True,True,True,18181.0,True,-0.016762004290193033,17.31
2024-04-16,390,0,17868.25,17876.5,577465.0,23,False,True,True,True,True,17876.25,True,1.3985036011465724e-05,19.23
2024-04-17,390,0,17957.25,17654.25,666511.0,23,False,True,True,True,True,17876.5,True,-0.012432523144910945,18.4
2024-04-18,390,0,17673.5,17545.0,589316.0,23,False,True,True,True,True,17654.25,True,-0.006188311596357798,18.21
2024-04-19,390,0,17495.0,17181.75,716129.0,23,False,True,True,True,True,17545.0,True,-0.020703904246224036,18.0
2024-04-22,390,0,17288.75,17350.5,495172.0,23,False,True,True,True,True,17181.75,True,0.009821467545506168,18.71
2024-04-23,390,0,17428.75,17607.0,449661.0,23,False,True,True,True,True,17350.5,True,0.014783435635860709,16.94
2024-04-24,390,0,17731.0,17658.25,494865.0,23,False,True,True,True,True,17607.0,True,0.0029107741239280394,15.69
2024-04-25,390,0,17353.75,17567.25,585269.0,23,False,True,True,True,True,17658.25,True,-0.005153398553084276,15.97
2024-04-26,390,0,17696.75,17839.25,460110.0,23,False,True,True,True,True,17567.25,True,0.01548335681452695,15.37
2024-04-29,390,0,17921.5,17905.0,419896.0,23,False,True,True,True,True,17839.25,True,0.003685693064450657,15.03
2024-04-30,390,0,17836.25,17563.5,512144.0,23,False,True,True,True,True,17905.0,True,-0.019072884669086854,14.67
2024-05-01,390,0,17501.75,17431.5,639910.0,23,False,True,True,True,True,17563.5,True,-0.0075155863011359125,15.65
2024-05-02,390,0,17583.0,17648.25,489586.0,23,False,True,True,True,True,17431.5,True,0.012434386025299116,15.39
2024-05-03,390,0,17957.5,18001.5,410248.0,23,False,True,True,True,True,17648.25,True,0.020016148909948628,14.68
2024-05-06,390,0,18074.25,18197.25,301764.0,23,False,True,True,True,True,18001.5,True,0.01087409382551452,13.49
2024-05-07,390,0,18211.25,18196.5,379399.0,23,False,True,True,True,True,18197.25,True,-4.121501875287148e-05,13.49
2024-05-08,390,0,18084.0,18183.0,345496.0,23,False,True,True,True,True,18196.5,True,-0.00074190091501114,13.23
2024-05-09,390,0,18186.75,18215.75,375527.0,23,False,True,True,True,True,18183.0,True,0.0018011329263598608,13.0
2024-05-10,390,0,18274.25,18254.25,376922.0,23,False,True,True,True,True,18215.75,True,0.0021135555769045133,12.69
2024-05-13,390,0,18331.75,18295.75,323649.0,23,False,True,True,True,True,18254.25,True,0.0022734431707684966,12.55
2024-05-14,390,0,18274.25,18411.25,433116.0,23,False,True,True,True,True,18295.75,True,0.00631294153013684,13.6
2024-05-15,390,0,18509.5,18692.75,448633.0,23,False,True,True,True,True,18411.25,True,0.01528956480412802,13.42
2024-05-16,390,0,18678.75,18651.0,438357.0,23,False,True,True,True,True,18692.75,True,-0.0022334862446670156,12.45
2024-05-17,390,0,18651.25,18638.5,392348.0,23,False,True,True,True,True,18651.0,True,-0.0006702053509195505,12.42
2024-05-20,390,0,18643.5,18766.25,386409.0,23,False,True,True,True,True,18638.5,True,0.006854092335756734,11.99
2024-05-21,390,0,18686.0,18800.75,329762.0,23,False,True,True,True,True,18766.25,True,0.0018384067141810068,12.15
2024-05-22,390,0,18808.0,18793.75,451555.0,23,False,True,True,True,True,18800.75,True,-0.0003723255721180818,11.86
2024-05-23,390,0,18981.5,18696.75,716192.0,23,False,True,True,True,True,18793.75,True,-0.005161290322580614,12.29
2024-05-24,390,0,18762.25,18874.25,435138.0,23,False,True,True,True,True,18696.75,True,0.009493628571810575,12.77
2024-05-27,210,180,18879.0,18950.75,39019.0,23,False,False,False,False,False,,False,,
2024-05-28,390,0,18920.25,18943.0,444659.0,23,False,True,True,True,True,18874.25,True,0.003642528842205728,11.93
2024-05-29,390,0,18765.25,18810.75,431127.0,23,False,True,True,True,True,18943.0,True,-0.006981470727973393,12.92
2024-05-30,390,0,18764.75,18604.0,473213.0,23,False,True,True,True,True,18810.75,True,-0.010991055646372372,14.28
2024-05-31,390,0,18602.0,18598.5,637003.0,23,False,True,True,True,True,18604.0,True,-0.00029563534723719975,14.47
2024-06-03,390,0,18712.75,18652.75,534576.0,23,False,True,True,True,True,18598.5,True,0.002916901900690938,12.92
2024-06-04,390,0,18637.75,18701.75,489634.0,23,False,True,True,True,True,18652.75,True,0.0026269584913751753,13.11
2024-06-05,390,0,18848.75,19077.5,442770.0,23,False,True,True,True,True,18701.75,True,0.02009170264814797,13.16
2024-06-06,390,0,19102.75,19065.75,408291.0,23,False,True,True,True,True,19077.5,True,-0.0006159087930808216,12.63
2024-06-07,390,0,19040.5,19040.75,462193.0,23,False,True,True,True,True,19065.75,True,-0.0013112518521432026,12.58
2024-06-10,390,0,18988.75,19112.5,466290.0,23,False,True,True,True,True,19040.75,True,0.003768233919357211,12.22
2024-06-11,390,0,19058.0,19242.0,460428.0,23,False,True,True,True,True,19112.5,True,0.006775670372792586,12.74
2024-06-12,390,0,19402.25,19492.25,525586.0,23,False,True,True,True,True,19242.0,True,0.013005404843571267,12.85
2024-06-13,390,0,19636.75,19592.5,419041.0,23,False,True,True,True,True,19492.25,True,0.005143069681539991,12.04
2024-06-14,390,0,19578.0,19687.5,379503.0,23,False,True,True,True,True,19592.5,True,0.004848794181447014,11.94
2024-06-17,390,0,19693.5,19925.0,214079.0,23,False,True,True,True,True,19687.5,True,0.01206349206349211,12.66
2024-06-18,390,0,19916.5,19923.25,75528.0,23,False,True,False,True,False,19925.0,True,-8.782936010032216e-05,12.75
2024-06-19,209,181,19968.25,19954.25,5168.0,23,False,False,False,False,False,,False,,
2024-06-20,390,0,19970.25,19766.75,76436.0,23,False,True,False,True,False,19923.25,True,-0.007855144115543444,12.3
2024-06-24,390,0,19922.5,19744.75,550146.0,24,False,True,True,True,True,,False,,13.2
2024-06-25,390,0,19830.0,19966.75,450402.0,24,False,True,True,True,True,19744.75,True,0.011243495106294077,13.33
2024-06-26,390,0,19929.25,20004.75,438658.0,24,False,True,True,True,True,19966.75,True,0.001903164010166991,12.84
2024-06-27,390,0,19990.5,20048.0,472843.0,24,False,True,True,True,True,20004.75,True,0.0021619865281996553,12.55
2024-06-28,390,0,20070.5,19932.5,600996.0,24,False,True,True,True,True,20048.0,True,-0.0057611731843575376,12.24
2024-07-01,390,0,19971.75,20048.75,504526.0,24,False,True,True,True,True,19932.5,True,0.005832183619716602,12.44
2024-07-02,390,0,19982.25,20256.5,486638.0,24,False,True,True,True,True,20048.75,True,0.010362242035039548,12.22
2024-07-03,225,165,20216.25,20419.5,305546.0,24,False,True,True,False,False,20256.5,True,0.00804679979265921,12.03
2024-07-04,210,180,20405.25,20381.25,26254.0,24,False,False,False,False,False,,False,,
2024-07-05,390,0,20441.5,20621.75,435404.0,24,False,True,True,True,True,20419.5,True,0.009904747912534484,12.09
2024-07-08,390,0,20632.5,20666.5,403215.0,24,False,True,True,True,True,20621.75,True,0.0021700389152230493,12.48
2024-07-09,390,0,20723.25,20679.5,463961.0,24,False,True,True,True,True,20666.5,True,0.0006290373309463249,12.37
2024-07-10,390,0,20758.0,20894.5,478580.0,24,False,True,True,True,True,20679.5,True,0.01039676974781778,12.51
2024-07-11,390,0,20894.5,20429.75,743207.0,24,False,True,True,True,True,20894.5,True,-0.02224269544617008,12.85
2024-07-12,390,0,20443.25,20540.5,576587.0,24,False,True,True,True,True,20429.75,True,0.0054210159204102215,12.92
2024-07-15,390,0,20610.0,20593.25,586437.0,24,False,True,True,True,True,20540.5,True,0.0025680971738759606,12.46
2024-07-16,390,0,20649.25,20599.5,517458.0,24,False,True,True,True,True,20593.25,True,0.000303497505250494,13.12
2024-07-17,390,0,20260.5,19992.0,646240.0,24,False,True,True,True,True,20599.5,True,-0.02949100706327823,13.19
2024-07-18,390,0,20141.5,19891.25,776376.0,24,False,True,True,True,True,19992.0,True,-0.005039515806322559,14.48
2024-07-19,390,0,19868.5,19711.75,597368.0,24,False,True,True,True,True,19891.25,True,-0.009024068371771499,15.93
2024-07-22,390,0,19954.75,19998.25,495056.0,24,False,True,True,True,True,19711.75,True,0.014534478166575715,16.52
2024-07-23,390,0,19957.75,19924.75,456637.0,24,False,True,True,True,True,19998.25,True,-0.0036753215906392134,14.91
2024-07-24,390,0,19640.5,19204.5,630635.0,24,False,True,True,True,True,19924.75,True,-0.03614850876422537,14.72
2024-07-25,390,0,19217.0,18991.0,730075.0,24,False,True,True,True,True,19204.5,True,-0.011117186076180063,18.04
2024-07-26,390,0,19163.0,19175.25,552296.0,24,False,True,True,True,True,18991.0,True,0.009701964088252302,18.46
2024-07-29,390,0,19285.25,19209.0,470555.0,24,False,True,True,True,True,19175.25,True,0.00176008135487149,16.39
2024-07-30,390,0,19288.0,18938.75,598036.0,24,False,True,True,True,True,19209.0,True,-0.014068926024259465,16.6
2024-07-31,390,0,19371.75,19496.5,545660.0,24,False,True,True,True,True,18938.75,True,0.029450201306844503,17.69
2024-08-01,390,0,19525.0,19027.25,698954.0,24,False,True,True,True,True,19496.5,True,-0.02406842253737851,16.36
2024-08-02,390,0,18650.5,18561.0,600902.0,24,False,True,True,True,True,19027.25,True,-0.02450432931716351,18.59
2024-08-05,390,0,17561.75,18021.5,567043.0,24,False,True,True,True,True,18561.0,True,-0.02906632185765856,23.39
2024-08-06,390,0,18078.0,18172.0,488174.0,24,False,True,True,True,True,18021.5,True,0.008351136142940474,38.57
2024-08-07,390,0,18453.25,17972.5,544931.0,24,False,True,True,True,True,18172.0,True,-0.010978428351309688,27.71
2024-08-08,390,0,18224.5,18519.25,470530.0,24,False,True,True,True,True,17972.5,True,0.030421477256920237,27.85
2024-08-09,390,0,18451.0,18609.75,361562.0,24,False,True,True,True,True,18519.25,True,0.0048868069711245354,23.79
2024-08-12,390,0,18641.25,18645.25,377951.0,24,False,True,True,True,True,18609.75,True,0.0019076021977726398,20.37
2024-08-13,390,0,18821.75,19101.25,359849.0,24,False,True,True,True,True,18645.25,True,0.024456631045440602,20.71
2024-08-14,390,0,19137.25,19107.25,421493.0,24,False,True,True,True,True,19101.25,True,0.00031411556835281296,18.12
2024-08-15,390,0,19352.0,19587.25,382478.0,24,False,True,True,True,True,19107.25,True,0.025121354459694656,16.19
2024-08-16,390,0,19503.5,19603.5,326347.0,24,False,True,True,True,True,19587.25,True,0.0008296213097807037,15.23
2024-08-19,390,0,19604.5,19860.0,329091.0,24,False,True,True,True,True,19603.5,True,0.013084398194199931,14.8
2024-08-20,390,0,19817.75,19811.75,389158.0,24,False,True,True,True,True,19860.0,True,-0.0024295065458207477,14.65
2024-08-21,390,0,19842.0,19905.75,395455.0,24,False,True,True,True,True,19811.75,True,0.004744659103814719,15.88
2024-08-22,390,0,19997.5,19585.5,534242.0,24,False,True,True,True,True,19905.75,True,-0.016088316190045582,16.27
2024-08-23,390,0,19755.25,19789.0,496219.0,24,False,True,True,True,True,19585.5,True,0.01039033979219317,17.55
2024-08-26,390,0,19763.0,19593.25,380669.0,24,False,True,True,True,True,19789.0,True,-0.009891859113648982,15.86
2024-08-27,390,0,19523.5,19651.25,340461.0,24,False,True,True,True,True,19593.25,True,0.0029602031311803945,16.15
2024-08-28,390,0,19625.75,19421.25,413997.0,24,False,True,True,True,True,19651.25,True,-0.011704090070606243,15.43
2024-08-29,390,0,19498.0,19393.5,504394.0,24,False,True,True,True,True,19421.25,True,-0.0014288472678123387,17.11
2024-08-30,390,0,19559.25,19610.25,390447.0,24,False,True,True,True,True,19393.5,True,0.011176425090881015,15.65
2024-09-02,210,180,19618.75,19647.0,30894.0,24,False,False,False,False,False,,False,,
2024-09-03,390,0,19478.0,19012.25,479417.0,24,False,True,True,True,True,19610.25,True,-0.030494256829974087,15.0
2024-09-04,390,0,18878.25,18957.0,426540.0,24,False,True,True,True,True,19012.25,True,-0.002906021117963453,20.72
2024-09-05,390,0,18886.5,18975.5,436984.0,24,False,True,True,True,True,18957.0,True,0.0009758928100438435,21.32
2024-09-06,390,0,18929.75,18458.25,535106.0,24,False,True,True,True,True,18975.5,True,-0.027258833759321255,19.9
2024-09-09,390,0,18628.75,18688.5,401145.0,24,False,True,True,True,True,18458.25,True,0.012474096948518865,22.38
2024-09-10,390,0,18758.25,18855.5,412589.0,24,False,True,True,True,True,18688.5,True,0.008935976670144674,19.45
2024-09-11,390,0,18902.0,19254.5,558721.0,24,False,True,True,True,True,18855.5,True,0.021160934475352056,19.08
2024-09-12,390,0,19258.75,19451.5,431086.0,24,False,True,True,True,True,19254.5,True,0.01023137448388689,17.69
2024-09-13,390,0,19409.25,19527.25,339547.0,24,False,True,True,True,True,19451.5,True,0.0038943012107035546,17.07
2024-09-16,390,0,19435.25,19437.75,177114.0,24,False,True,True,True,True,19527.25,True,-0.004583338667759174,16.56
2024-09-17,390,0,19561.0,19444.75,111994.0,24,False,True,False,True,False,19437.75,True,0.00036012398554352565,17.14
2024-09-18,390,0,19494.0,19350.25,62627.0,24,False,True,False,True,False,19444.75,True,-0.004859923629771501,17.61
2024-09-19,390,0,19816.0,19844.0,46288.0,24,False,True,False,True,False,19350.25,True,0.025516466195527165,18.23
2024-09-23,390,0,20077.25,20076.5,289666.0,25,False,True,True,True,True,,False,,16.15
2024-09-24,390,0,20135.0,20170.25,347861.0,25,False,True,True,True,True,20076.5,True,0.004669638632231798,15.89
2024-09-25,390,0,20141.0,20195.0,308172.0,25,False,True,True,True,True,20170.25,True,0.0012270546968926599,15.39
2024-09-26,390,0,20503.0,20341.5,382810.0,25,False,True,True,True,True,20195.0,True,0.007254270859123446,15.41
2024-09-27,390,0,20377.5,20223.0,317649.0,25,False,True,True,True,True,20341.5,True,-0.00582552909077505,15.37
2024-09-30,390,0,20179.5,20270.25,395972.0,25,False,True,True,True,True,20223.0,True,0.002336448598130758,16.96
2024-10-01,390,0,20252.0,19978.25,554793.0,25,False,True,True,True,True,20270.25,True,-0.014405347738681074,16.73
2024-10-02,390,0,19942.75,20010.0,356332.0,25,False,True,True,True,True,19978.25,True,0.001589228285760802,19.26
2024-10-03,390,0,19912.0,19988.0,409063.0,25,False,True,True,True,True,20010.0,True,-0.001099450274862579,18.9
2024-10-04,390,0,20227.25,20227.25,418767.0,25,False,True,True,True,True,19988.0,True,0.01196968180908553,20.49
2024-10-07,390,0,20137.0,19999.0,333615.0,25,False,True,True,True,True,20227.25,True,-0.011284282341890273,19.21
2024-10-08,390,0,20103.25,20300.0,318646.0,25,False,True,True,True,True,19999.0,True,0.015050752537626888,22.64
2024-10-09,390,0,20282.0,20458.25,324919.0,25,False,True,True,True,True,20300.0,True,0.007795566502463158,21.42
2024-10-10,390,0,20359.0,20429.5,342979.0,25,False,True,True,True,True,20458.25,True,-0.0014053010399227572,20.86
2024-10-11,390,0,20340.25,20449.75,292766.0,25,False,True,True,True,True,20429.5,True,0.0009912136860912302,20.93
2024-10-14,390,0,20550.5,20621.75,303668.0,25,False,True,True,True,True,20449.75,True,0.008410860768468975,20.46
2024-10-15,390,0,20631.75,20343.5,430201.0,25,False,True,True,True,True,20621.75,True,-0.01349303526616319,19.7
2024-10-16,390,0,20352.5,20346.25,325144.0,25,False,True,True,True,True,20343.5,True,0.0001351783124829975,20.64
2024-10-17,390,0,20573.25,20364.0,401027.0,25,False,True,True,True,True,20346.25,True,0.0008723966332861988,19.58
2024-10-18,390,0,20465.75,20482.75,287150.0,25,False,True,True,True,True,20364.0,True,0.005831369082694993,19.11
2024-10-21,390,0,20427.75,20520.5,353854.0,25,False,True,True,True,True,20482.75,True,0.0018430142436929309,18.03
2024-10-22,390,0,20402.75,20539.75,347694.0,25,False,True,True,True,True,20520.5,True,0.0009380863039398779,18.37
2024-10-23,390,0,20435.0,20218.25,502379.0,25,False,True,True,True,True,20539.75,True,-0.015652576102435534,18.2
2024-10-24,390,0,20372.5,20380.0,357116.0,25,False,True,True,True,True,20218.25,True,0.008000197841059542,19.24
2024-10-25,390,0,20491.25,20495.0,476471.0,25,False,True,True,True,True,20380.0,True,0.005642787046123754,19.08
2024-10-28,390,0,20625.25,20500.5,313602.0,25,False,True,True,True,True,20495.0,True,0.0002683581361306864,20.33
2024-10-29,390,0,20511.0,20695.0,374544.0,25,False,True,True,True,True,20500.5,True,0.00948757347381779,19.8
2024-10-30,390,0,20661.25,20534.5,371676.0,25,False,True,True,True,True,20695.0,True,-0.0077554964967383455,19.34
2024-10-31,390,0,20366.0,20011.25,513350.0,25,False,True,True,True,True,20534.5,True,-0.02548150673257199,20.35
2024-11-01,390,0,20069.0,20147.0,426037.0,25,False,True,True,True,True,20011.25,True,0.006783684177650073,23.16
2024-11-04,390,0,20120.25,20085.25,382863.0,25,False,True,True,True,True,20147.0,True,-0.0030649724524742794,21.88
2024-11-05,390,0,20152.25,20341.25,349026.0,25,False,True,True,True,True,20085.25,True,0.01274567157491191,21.98
2024-11-06,390,0,20684.75,20893.75,397601.0,25,False,True,True,True,True,20341.25,True,0.02716155595157632,20.49
2024-11-07,390,0,21006.75,21221.75,345818.0,25,False,True,True,True,True,20893.75,True,0.01569847442416994,16.27
2024-11-08,390,0,21185.5,21234.0,293164.0,25,False,True,True,True,True,21221.75,True,0.0005772379751904921,15.2
2024-11-11,390,0,21283.0,21220.25,349772.0,25,False,True,True,True,True,21234.0,True,-0.0006475463878684584,14.94
2024-11-12,390,0,21214.25,21185.0,387776.0,25,False,True,True,True,True,21220.25,True,-0.0016611491382052535,14.97
2024-11-13,390,0,21158.75,21158.75,407657.0,25,False,True,True,True,True,21185.0,True,-0.0012390842577295613,14.71
2024-11-14,390,0,21137.75,21008.5,431605.0,25,False,True,True,True,True,21158.75,True,-0.007101081113014662,14.02
2024-11-15,390,0,20758.75,20491.75,525091.0,25,False,True,True,True,True,21008.5,True,-0.024597186852940434,14.31
2024-11-18,390,0,20557.0,20631.75,369108.0,25,False,True,True,True,True,20491.75,True,0.0068320177632461565,16.14
2024-11-19,390,0,20521.5,20765.25,357381.0,25,False,True,True,True,True,20631.75,True,0.006470609618670187,15.58
2024-11-20,390,0,20753.0,20752.25,465700.0,25,False,True,True,True,True,20765.25,True,-0.0006260459180602584,16.35
2024-11-21,390,0,20876.0,20823.75,506506.0,25,False,True,True,True,True,20752.25,True,0.003445409533906041,17.16
2024-11-22,390,0,20791.25,20847.25,401636.0,25,False,True,True,True,True,20823.75,True,0.0011285191187946353,16.87
2024-11-25,390,0,21016.5,20878.0,422621.0,25,False,True,True,True,True,20847.25,True,0.0014750146901869599,15.24
2024-11-26,390,0,20938.75,20989.75,358373.0,25,False,True,True,True,True,20878.0,True,0.005352524188140695,14.6
2024-11-27,390,0,20936.25,20816.25,410283.0,25,False,True,True,True,True,20989.75,True,-0.008265939327528948,14.1
2024-11-28,210,180,20874.0,20890.0,24892.0,25,False,False,False,False,False,,False,,
2024-11-29,225,165,20830.5,20991.25,206169.0,25,False,True,True,False,False,20816.25,True,0.008406893652795233,14.1
2024-12-02,390,0,21042.75,21217.0,372462.0,25,False,True,True,True,True,20991.25,True,0.010754481033764085,13.51
2024-12-03,390,0,21158.0,21279.0,341395.0,25,False,True,True,True,True,21217.0,True,0.002922185040297842,13.34
2024-12-04,390,0,21417.5,21537.5,347730.0,25,False,True,True,True,True,21279.0,True,0.012148127261619512,13.3
2024-12-05,390,0,21535.25,21475.5,334160.0,25,False,True,True,True,True,21537.5,True,-0.00287869994196166,13.45
2024-12-06,390,0,21491.0,21658.5,351842.0,25,False,True,True,True,True,21475.5,True,0.008521338269190437,13.54
2024-12-09,390,0,21615.0,21485.5,403138.0,25,False,True,True,True,True,21658.5,True,-0.0079876261052243,12.77
2024-12-10,390,0,21532.75,21408.0,444583.0,25,False,True,True,True,True,21485.5,True,-0.00360708384724584,14.19
2024-12-11,390,0,21589.5,21791.75,420731.0,25,False,True,True,True,True,21408.0,True,0.017925541853512694,14.18
2024-12-12,390,0,21694.0,21643.25,375999.0,25,False,True,True,True,True,21791.75,True,-0.006814505489462719,13.58
2024-12-13,390,0,21795.25,21797.5,452479.0,25,False,True,True,True,True,21643.25,True,0.007126933339493879,13.92
2024-12-16,390,0,21899.5,22111.5,232600.0,25,False,True,True,True,True,21797.5,True,0.014405321711205454,13.81
2024-12-17,390,0,22033.0,22015.75,114586.0,25,False,True,False,True,False,22111.5,True,-0.004330325848540317,14.69
2024-12-18,390,0,21980.75,21212.75,86134.0,25,False,True,False,True,False,22015.75,True,-0.03647388801199136,15.87
2024-12-19,390,0,21401.75,21110.75,47737.0,25,False,True,False,True,False,21212.75,True,-0.004808428893000705,27.62
2024-12-23,390,0,21619.25,21755.5,374504.0,26,False,True,True,True,True,,False,,18.36
2024-12-24,225,165,21826.25,22046.5,199454.0,26,False,True,True,False,False,21755.5,True,0.013375927926271514,16.78
2024-12-26,390,0,21961.5,22007.25,302165.0,26,False,True,True,True,True,22046.5,True,-0.0017803279432109242,14.27
2024-12-27,390,0,21846.0,21703.0,473997.0,26,False,True,True,True,True,22007.25,True,-0.013824989492099204,14.73
2024-12-30,390,0,21409.0,21411.75,384558.0,26,False,True,True,True,True,21703.0,True,-0.013419803713772271,15.95
2024-12-31,390,0,21456.0,21220.25,376962.0,26,False,True,True,True,True,21411.75,True,-0.00894368746132379,17.4
2025-01-02,390,0,21347.75,21169.0,498626.0,26,False,True,True,True,True,21220.25,True,-0.0024151459101565687,17.35
2025-01-03,390,0,21293.75,21508.25,379445.0,26,False,True,True,True,True,21169.0,True,0.016025792432330377,17.93
2025-01-06,390,0,21732.75,21750.5,415708.0,26,False,True,True,True,True,21508.25,True,0.011263119965594592,16.13
2025-01-07,390,0,21791.75,21359.0,525167.0,26,False,True,True,True,True,21750.5,True,-0.017999586216408847,16.04
2025-01-08,390,0,21355.75,21360.25,456469.0,26,False,True,True,True,True,21359.0,True,5.85233391077189e-05,17.82
2025-01-10,390,0,21192.5,21015.5,519384.0,26,False,True,True,True,True,21360.25,True,-0.016139792371343997,17.7
2025-01-13,390,0,20765.75,20948.25,430946.0,26,False,True,True,True,True,21015.5,True,-0.003200019033570478,19.54
2025-01-14,390,0,21071.5,20923.0,503494.0,26,False,True,True,True,True,20948.25,True,-0.0012053512823266832,19.19
2025-01-15,390,0,21251.25,21395.75,408081.0,26,False,True,True,True,True,20923.0,True,0.022594752186589018,18.71
2025-01-16,390,0,21494.5,21248.0,431969.0,26,False,True,True,True,True,21395.75,True,-0.006905577042169542,16.12
2025-01-17,390,0,21647.25,21600.75,427487.0,26,False,True,True,True,True,21248.0,True,0.0166015625,16.6
2025-01-20,210,180,21723.75,21683.0,71682.0,26,False,False,False,False,False,,False,,
2025-01-21,390,0,21710.75,21714.5,373019.0,26,False,True,True,True,True,21600.75,True,0.005266020855757336,15.97
2025-01-22,390,0,21913.75,21997.75,384397.0,26,False,True,True,True,True,21714.5,True,0.013044279168297646,15.06
2025-01-23,390,0,21888.75,22041.75,356740.0,26,False,True,True,True,True,21997.75,True,0.0020002045663760626,15.1
2025-01-24,390,0,22044.25,21908.5,377479.0,26,False,True,True,True,True,22041.75,True,-0.006045345764288279,15.02
2025-01-27,390,0,21123.5,21258.0,618558.0,26,False,True,True,True,True,21908.5,True,-0.029691672182029838,14.85
2025-01-28,390,0,21302.75,21575.5,488401.0,26,False,True,True,True,True,21258.0,True,0.014935553673911084,17.9
2025-01-29,390,0,21599.75,21530.25,483646.0,26,False,True,True,True,True,21575.5,True,-0.0020972862737828057,16.41
2025-01-30,390,0,21650.0,21623.0,478188.0,26,False,True,True,True,True,21530.25,True,0.004307892383971446,16.56
2025-01-31,390,0,21774.0,21580.75,522001.0,26,False,True,True,True,True,21623.0,True,-0.0019539379364565956,15.84
2025-02-03,390,0,21215.5,21406.25,502245.0,26,False,True,True,True,True,21580.75,True,-0.008085909896551335,16.43
2025-02-04,390,0,21421.25,21668.25,350602.0,26,False,True,True,True,True,21406.25,True,0.01223941605839407,18.62
2025-02-05,390,0,21551.0,21761.25,357016.0,26,False,True,True,True,True,21668.25,True,0.004291994046588865,17.21
2025-02-06,390,0,21777.0,21870.75,326031.0,26,False,True,True,True,True,21761.25,True,0.005031880062036809,15.77
2025-02-07,390,0,21886.0,21588.25,496126.0,26,False,True,True,True,True,21870.75,True,-0.01291679526307965,15.5
2025-02-10,390,0,21764.25,21843.75,281955.0,26,False,True,True,True,True,21588.25,True,0.011835141801674443,16.54
2025-02-11,390,0,21706.0,21791.0,319483.0,26,False,True,True,True,True,21843.75,True,-0.00241487839771104,15.81
2025-02-12,390,0,21551.0,21802.0,393045.0,26,False,True,True,True,True,21791.0,True,0.0005047955577990315,16.02
2025-02-13,390,0,21870.0,22109.75,401633.0,26,False,True,True,True,True,21802.0,True,0.014115677460783349,15.89
2025-02-14,390,0,22108.0,22194.25,326102.0,26,False,True,True,True,True,22109.75,True,0.003821843304424588,15.1
2025-02-17,210,180,22241.25,22235.25,41252.0,26,False,False,False,False,False,,False,,
2025-02-18,390,0,22257.75,22238.75,356358.0,26,False,True,True,True,True,22194.25,True,0.002005023823738128,14.77
2025-02-19,390,0,22207.25,22247.0,385572.0,26,False,True,True,True,True,22238.75,True,0.0003709740880220025,15.35
2025-02-20,390,0,22209.5,22144.75,462044.0,26,False,True,True,True,True,22247.0,True,-0.004596125320267874,15.27
2025-02-21,390,0,22186.25,21682.5,593471.0,26,False,True,True,True,True,22144.75,True,-0.020874022059404584,15.66
2025-02-24,390,0,21752.5,21421.0,529921.0,26,False,True,True,True,True,21682.5,True,-0.012060417387293909,18.21
2025-02-25,390,0,21391.0,21149.75,627838.0,26,False,True,True,True,True,21421.0,True,-0.01266280752532567,18.98
2025-02-26,390,0,21238.75,21191.25,505506.0,26,False,True,True,True,True,21149.75,True,0.0019621981347297535,19.43
2025-02-27,390,0,21340.75,20608.25,665651.0,26,False,True,True,True,True,21191.25,True,-0.027511354922432618,19.1
2025-02-28,390,0,20590.25,20919.75,653232.0,26,False,True,True,True,True,20608.25,True,0.015115305763468534,21.13
2025-03-03,390,0,21055.5,20473.0,662466.0,26,False,True,True,True,True,20919.75,True,-0.021355417727267345,19.63
2025-03-04,390,0,20342.5,20397.5,701052.0,26,False,True,True,True,True,20473.0,True,-0.0036877839105162735,22.78
2025-03-05,390,0,20421.25,20658.0,601153.0,26,False,True,True,True,True,20397.5,True,0.01277117293786012,23.51
2025-03-06,390,0,20310.75,20091.75,588909.0,26,False,True,True,True,True,20658.0,True,-0.02741068835318039,21.93
2025-03-07,390,0,20036.5,20224.0,597154.0,26,False,True,True,True,True,20091.75,True,0.006582303681859525,24.87
2025-03-10,390,0,19881.0,19463.5,592805.0,26,False,True,True,True,True,20224.0,True,-0.037603837025316444,23.37
2025-03-11,390,0,19420.5,19393.0,617940.0,26,False,True,True,True,True,19463.5,True,-0.0036221645644410883,27.86
2025-03-12,390,0,19696.5,19609.0,525782.0,26,False,True,True,True,True,19393.0,True,0.011138039498788332,26.92
2025-03-13,390,0,19574.0,19251.5,541000.0,26,False,True,True,True,True,19609.0,True,-0.018231424345963587,24.23
2025-03-14,390,0,19465.0,19705.25,511877.0,26,False,True,True,True,True,19251.5,True,0.02356959197984576,24.66
2025-03-17,390,0,19702.75,19831.75,294179.0,26,False,True,True,True,True,19705.25,True,0.006419608987452641,21.77
2025-03-18,390,0,19692.25,19501.5,172090.0,26,False,True,False,True,False,19831.75,True,-0.01665258991264007,20.51
2025-03-19,390,0,19585.5,19748.25,97184.0,26,False,True,False,True,False,19501.5,True,0.012652872855934083,21.7
2025-03-20,390,0,19583.75,19681.0,51795.0,26,False,True,False,True,False,19748.25,True,-0.003405365032344676,19.9
2025-03-24,390,0,20256.25,20365.75,390462.0,27,False,True,True,True,True,,False,,19.28
2025-03-25,390,0,20401.25,20487.75,354465.0,27,False,True,True,True,True,20365.75,True,0.005990449651989138,17.48
2025-03-26,390,0,20439.0,20112.5,515868.0,27,False,True,True,True,True,20487.75,True,-0.01831582286976363,17.15
2025-03-27,390,0,20028.5,19994.5,479953.0,27,False,True,True,True,True,20112.5,True,-0.005866998135487855,18.33
2025-03-28,390,0,19911.0,19461.5,536745.0,27,False,True,True,True,True,19994.5,True,-0.026657330765960663,18.69
2025-03-31,390,0,19166.5,19450.0,621547.0,27,False,True,True,True,True,19461.5,True,-0.0005909102587159376,21.65
2025-04-01,390,0,19380.5,19603.5,615381.0,27,False,True,True,True,True,19450.0,True,0.007892030848329012,22.28
2025-04-02,390,0,19328.0,19746.5,598346.0,27,False,True,True,True,True,19603.5,True,0.007294615757390321,21.77
2025-04-03,390,0,18924.25,18685.75,613817.0,27,False,True,True,True,True,19746.5,True,-0.05371838047248878,21.51
2025-04-04,390,0,18154.5,17534.75,847831.0,27,False,True,True,True,True,18685.75,True,-0.061597741594530575,30.02
2025-04-07,390,0,16925.0,17560.75,722303.0,27,False,True,True,True,True,17534.75,True,0.0014827699282853324,45.31
2025-04-08,390,0,18150.5,17239.5,714944.0,27,False,True,True,True,True,17560.75,True,-0.018293637800207874,46.98
2025-04-09,390,0,17208.5,19269.5,717953.0,27,False,True,True,True,True,17239.5,True,0.11775283505902134,52.33
2025-04-10,390,0,18790.75,18483.0,715966.0,27,False,True,True,True,True,19269.5,True,-0.04081579698487248,33.62
2025-04-11,390,0,18415.5,18809.5,451802.0,27,False,True,True,True,True,18483.0,True,0.017664881242222652,40.72
2025-04-14,390,0,19232.0,18942.25,411736.0,27,False,True,True,True,True,18809.5,True,0.007057603870384677,37.56
2025-04-15,390,0,18986.75,18959.5,400906.0,27,False,True,True,True,True,18942.25,True,0.0009106626720689626,30.89
2025-04-16,390,0,18584.25,18386.75,495183.0,27,False,True,True,True,True,18959.5,True,-0.030209129987605166,30.12
2025-04-17,390,0,18498.25,18373.25,465663.0,27,False,True,True,True,True,18386.75,True,-0.0007342243735298792,32.64
2025-04-21,390,0,18129.25,17922.25,361496.0,27,False,True,True,True,True,18373.25,True,-0.024546555454260988,29.65
2025-04-22,390,0,18152.25,18380.0,475974.0,27,False,True,True,True,True,17922.25,True,0.02554087795896165,33.82
2025-04-23,390,0,18949.0,18788.25,537282.0,27,False,True,True,True,True,18380.0,True,0.022211643090315647,30.57
2025-04-24,390,0,18875.25,19319.75,421237.0,27,False,True,True,True,True,18788.25,True,0.028288957193990827,28.45
2025-04-25,390,0,19302.0,19530.0,418059.0,27,False,True,True,True,True,19319.75,True,0.010882645996971974,26.47
2025-04-28,390,0,19548.25,19524.5,400559.0,27,False,True,True,True,True,19530.0,True,-0.0002816180235535315,24.84
2025-04-29,390,0,19426.75,19644.75,421560.0,27,False,True,True,True,True,19524.5,True,0.006158928525698437,25.15
2025-04-30,390,0,19301.25,19642.5,525076.0,27,False,True,True,True,True,19644.75,True,-0.00011453441759246008,24.17
2025-05-01,390,0,19971.0,19877.75,425833.0,27,False,True,True,True,True,19642.5,True,0.011976581392388885,24.7
2025-05-02,390,0,20091.0,20185.75,354806.0,27,False,True,True,True,True,19877.75,True,0.015494711423576613,24.6
2025-05-05,390,0,20010.25,20065.5,284103.0,27,False,True,True,True,True,20185.75,True,-0.005957172758009999,22.68
2025-05-06,390,0,19795.5,19875.75,375372.0,27,False,True,True,True,True,20065.5,True,-0.009456529864693142,23.64
2025-05-07,390,0,19899.5,19949.25,439670.0,27,False,True,True,True,True,19875.75,True,0.0036979736613713676,24.76
2025-05-08,390,0,20163.0,20152.25,412242.0,27,False,True,True,True,True,19949.25,True,0.010175821146158448,23.55
2025-05-09,390,0,20227.0,20136.25,329142.0,27,False,True,True,True,True,20152.25,True,-0.0007939560098748633,22.48
2025-05-12,390,0,20919.0,20949.75,409242.0,27,False,True,True,True,True,20136.25,True,0.04039977652244087,21.9
2025-05-13,390,0,21004.5,21270.75,383976.0,27,False,True,True,True,True,20949.75,True,0.015322378548670024,18.39
2025-05-14,390,0,21314.75,21397.0,366411.0,27,False,True,True,True,True,21270.75,True,0.005935380745859975,18.22
2025-05-15,390,0,21302.5,21419.5,403569.0,27,False,True,True,True,True,21397.0,True,0.0010515492826097539,18.62
2025-05-16,390,0,21467.5,21505.75,292164.0,27,False,True,True,True,True,21419.5,True,0.004026704638296907,17.83
2025-05-19,390,0,21203.25,21523.25,343965.0,27,False,True,True,True,True,21505.75,True,0.0008137358613393708,17.24
2025-05-20,390,0,21413.0,21447.5,318918.0,27,False,True,True,True,True,21523.25,True,-0.0035194498972042076,18.14
2025-05-21,390,0,21278.75,21149.0,478095.0,27,False,True,True,True,True,21447.5,True,-0.013917706026343346,18.09
2025-05-22,390,0,21171.25,21183.5,368958.0,27,False,True,True,True,True,21149.0,True,0.0016312828029694248,20.87
2025-05-23,390,0,20849.0,20978.5,336698.0,27,False,True,True,True,True,21183.5,True,-0.009677343215238277,20.28
2025-05-26,210,180,21260.0,21283.5,24492.0,27,False,False,False,False,False,,False,,
2025-05-27,390,0,21259.5,21466.5,313820.0,27,False,True,True,True,True,20978.5,True,0.023261911004123226,22.29
2025-05-28,390,0,21505.25,21372.5,303933.0,27,False,True,True,True,True,21466.5,True,-0.0043789159853725446,18.96
2025-05-29,390,0,21674.25,21411.5,371466.0,27,False,True,True,True,True,21372.5,True,0.0018247748274651254,19.31
2025-05-30,390,0,21382.0,21369.5,408746.0,27,False,True,True,True,True,21411.5,True,-0.001961562711626952,19.18
2025-06-02,390,0,21287.75,21534.25,315474.0,27,False,True,True,True,True,21369.5,True,0.007709586092327747,18.57
2025-06-03,390,0,21547.0,21704.5,315988.0,27,False,True,True,True,True,21534.25,True,0.007906010193064583,18.36
2025-06-04,390,0,21725.75,21757.25,293982.0,27,False,True,True,True,True,21704.5,True,0.0024303715819300464,17.69
2025-06-05,390,0,21812.25,21586.75,463547.0,27,False,True,True,True,True,21757.25,True,-0.007836468303668909,17.61
2025-06-06,390,0,21797.75,21789.5,334146.0,27,False,True,True,True,True,21586.75,True,0.009392335576221544,18.48
2025-06-09,390,0,21797.5,21818.75,264156.0,27,False,True,True,True,True,21789.5,True,0.0013423896831041837,16.77
2025-06-10,390,0,21836.25,21964.5,317545.0,27,False,True,True,True,True,21818.75,True,0.006680034374104915,17.16
2025-06-11,390,0,22017.25,21887.75,394240.0,27,False,True,True,True,True,21964.5,True,-0.0034942748526031187,16.95
2025-06-12,390,0,21829.5,21936.5,279850.0,27,False,True,True,True,True,21887.75,True,0.0022272732464505562,17.26
2025-06-13,390,0,21679.75,21652.25,338323.0,27,False,True,True,True,True,21936.5,True,-0.012957855628746628,18.02
2025-06-16,390,0,21793.75,21948.5,121007.0,27,False,True,True,True,True,21652.25,True,0.013682180835709934,20.82
2025-06-17,390,0,21840.0,21730.25,55714.0,27,False,True,False,True,False,21948.5,True,-0.009943731917898768,19.11
2025-06-18,390,0,21770.5,21722.75,53972.0,27,False,True,False,True,False,21730.25,True,-0.0003451409900944169,21.6
2025-06-19,206,184,21567.75,21484.75,6276.0,27,False,False,False,False,False,,False,,
2025-06-23,390,0,21869.25,22072.75,414284.0,28,False,True,True,True,True,,False,,20.62
2025-06-24,390,0,22286.25,22405.5,296980.0,28,False,True,True,True,True,22072.75,True,0.015075149222457451,19.83
2025-06-25,390,0,22499.5,22463.25,306880.0,28,False,True,True,True,True,22405.5,True,0.002577492133627901,17.48
2025-06-26,390,0,22552.25,22673.25,309117.0,28,False,True,True,True,True,22463.25,True,0.00934860271777227,16.76
2025-06-27,390,0,22707.5,22752.0,373405.0,28,False,True,True,True,True,22673.25,True,0.003473255929343999,16.59
2025-06-30,390,0,22871.75,22885.5,323279.0,28,False,True,True,True,True,22752.0,True,0.005867616033755185,16.32
2025-07-01,390,0,22802.25,22693.0,393101.0,28,False,True,True,True,True,22885.5,True,-0.008411439557798661,16.73
2025-07-02,390,0,22654.25,22844.5,296541.0,28,False,True,True,True,True,22693.0,True,0.006676067509804762,16.83
2025-07-03,225,165,22932.0,23059.0,194248.0,28,False,True,True,False,False,22844.5,True,0.009389568605134624,16.64
2025-07-04,210,180,22918.0,22906.75,20680.0,28,False,False,False,False,False,,False,,
2025-07-07,390,0,22943.25,22883.25,364550.0,28,False,True,True,True,True,23059.0,True,-0.007621752894748202,16.38
2025-07-08,390,0,22935.5,22891.75,336711.0,28,False,True,True,True,True,22883.25,True,0.0003714507336152195,17.79
2025-07-09,390,0,22978.75,23051.0,369276.0,28,False,True,True,True,True,22891.75,True,0.00695665469000839,16.81
2025-07-10,390,0,23072.25,23015.0,307955.0,28,False,True,True,True,True,23051.0,True,-0.0015617543707431292,15.94
2025-07-11,390,0,22915.25,22955.25,336498.0,28,False,True,True,True,True,23015.0,True,-0.0025961329567673053,15.78
2025-07-14,390,0,22942.75,23034.25,309673.0,28,False,True,True,True,True,22955.25,True,0.0034414785288767735,16.4
2025-07-15,390,0,23200.25,23052.25,380886.0,28,False,True,True,True,True,23034.25,True,0.0007814450220866576,17.2
2025-07-16,390,0,23074.25,23074.5,440221.0,28,False,True,True,True,True,23052.25,True,0.0009651986248631061,17.38
2025-07-17,390,0,23100.25,23257.75,331342.0,28,False,True,True,True,True,23074.5,True,0.00794166720839029,17.16
2025-07-18,390,0,23301.0,23226.5,353375.0,28,False,True,True,True,True,23257.75,True,-0.0013436381421246812,16.52
2025-07-21,390,0,23256.25,23344.75,313164.0,28,False,True,True,True,True,23226.5,True,0.005091167416528597,16.41
2025-07-22,390,0,23346.0,23221.25,430437.0,28,False,True,True,True,True,23344.75,True,-0.005290268689962407,16.65
2025-07-23,390,0,23261.5,23324.5,389140.0,28,False,True,True,True,True,23221.25,True,0.004446358400172157,16.5
2025-07-24,390,0,23374.0,23376.75,342001.0,28,False,True,True,True,True,23324.5,True,0.0022401337649253783,15.37
2025-07-25,390,0,23360.0,23422.5,303044.0,28,False,True,True,True,True,23376.75,True,0.001957072732522658,15.39
2025-07-28,390,0,23472.75,23491.75,322888.0,28,False,True,True,True,True,23422.5,True,0.0029565588643398755,14.93
2025-07-29,390,0,23595.25,23457.0,448625.0,28,False,True,True,True,True,23491.75,True,-0.001479242712867257,15.03
2025-07-30,390,0,23487.0,23484.0,408960.0,28,False,True,True,True,True,23457.0,True,0.001151042332779184,15.98
2025-07-31,390,0,23747.25,23354.25,579515.0,28,False,True,True,True,True,23484.0,True,-0.005525038323965226,15.48
2025-08-01,390,0,23087.5,22880.5,577034.0,28,False,True,True,True,True,23354.25,True,-0.020285387028057045,16.72
2025-08-04,390,0,23094.0,23296.75,327962.0,28,False,True,True,True,True,22880.5,True,0.0181923471952099,20.38
2025-08-05,390,0,23348.25,23133.5,425716.0,28,False,True,True,True,True,23296.75,True,-0.007007415197398781,17.52
2025-08-06,390,0,23169.25,23424.75,399402.0,28,False,True,True,True,True,23133.5,True,0.01258996693107406,17.85
2025-08-07,390,0,23601.0,23501.0,427969.0,28,False,True,True,True,True,23424.75,True,0.003255104109969098,16.77
2025-08-08,390,0,23541.75,23714.5,355975.0,28,False,True,True,True,True,23501.0,True,0.009084719799157481,16.57
2025-08-11,390,0,23715.75,23638.5,346382.0,28,False,True,True,True,True,23714.5,True,-0.003204790318159789,15.15
2025-08-12,390,0,23733.0,23934.5,367712.0,28,False,True,True,True,True,23638.5,True,0.012521945131882317,16.25
2025-08-13,390,0,24044.5,23943.0,369549.0,28,False,True,True,True,True,23934.5,True,0.00035513589170443893,14.73
2025-08-14,390,0,23857.75,23922.0,376945.0,28,False,True,True,True,True,23943.0,True,-0.0008770830722967249,14.49
2025-08-15,390,0,23909.25,23806.0,353303.0,28,False,True,True,True,True,23922.0,True,-0.004849092885210293,14.83
2025-08-18,390,0,23768.25,23797.0,313590.0,28,False,True,True,True,True,23806.0,True,-0.00037805595228090905,15.09
2025-08-19,390,0,23762.5,23470.25,461769.0,28,False,True,True,True,True,23797.0,True,-0.013730722359961312,14.99
2025-08-20,390,0,23426.25,23324.75,580295.0,28,False,True,True,True,True,23470.25,True,-0.0061993374591238215,15.57
2025-08-21,390,0,23260.5,23217.5,412545.0,28,False,True,True,True,True,23324.75,True,-0.00459812002272264,15.69
2025-08-22,390,0,23264.5,23565.0,397446.0,28,False,True,True,True,True,23217.5,True,0.014967158393453195,16.6
2025-08-25,390,0,23496.0,23495.5,301202.0,28,False,True,True,True,True,23565.0,True,-0.002949289200084859,14.22
2025-08-26,390,0,23470.75,23587.0,330235.0,28,False,True,True,True,True,23495.5,True,0.003894362750313851,14.79
2025-08-27,390,0,23541.0,23620.25,321511.0,28,False,True,True,True,True,23587.0,True,0.0014096748208758392,14.62
2025-08-28,390,0,23640.25,23766.75,371088.0,28,False,True,True,True,True,23620.25,True,0.006202305225389226,14.85
2025-08-29,390,0,23652.0,23473.5,427522.0,28,False,True,True,True,True,23766.75,True,-0.012338666414213106,14.43
2025-09-01,210,180,23476.0,23502.25,23044.0,28,False,False,False,False,False,,False,,
2025-09-02,390,0,23100.25,23276.75,466912.0,28,False,True,True,True,True,23473.5,True,-0.008381792233795538,15.36
2025-09-03,390,0,23423.5,23452.25,439203.0,28,False,True,True,True,True,23276.75,True,0.007539712373935359,17.17
2025-09-04,390,0,23480.5,23666.5,370798.0,28,False,True,True,True,True,23452.25,True,0.009135584005798947,16.35
2025-09-05,390,0,23875.0,23691.0,542593.0,28,False,True,True,True,True,23666.5,True,0.0010352185578772488,15.3
2025-09-08,390,0,23784.25,23803.75,364461.0,28,False,True,True,True,True,23691.0,True,0.004759191254062767,15.18
2025-09-09,390,0,23835.5,23867.75,366011.0,28,False,True,True,True,True,23803.75,True,0.002688651998109526,15.11
2025-09-10,390,0,23998.75,23874.25,406345.0,28,False,True,True,True,True,23867.75,True,0.00027233400718551515,15.04
2025-09-11,390,0,23977.25,24011.5,334002.0,28,False,True,True,True,True,23874.25,True,0.005748871692304425,15.35
2025-09-12,390,0,24040.75,24110.25,306703.0,28,False,True,True,True,True,24011.5,True,0.0041126127064115,14.71
2025-09-15,390,0,24177.75,24311.75,166880.0,28,False,True,True,True,True,24110.25,True,0.008357441337190519,14.76
2025-09-16,390,0,24344.25,24286.0,67211.0,28,False,True,False,True,False,24311.75,True,-0.001059158637284452,15.69
2025-09-17,390,0,24280.75,24231.75,89245.0,28,False,True,False,True,False,24286.0,True,-0.0022337972494441694,16.36
2025-09-18,390,0,24435.75,24454.25,46688.0,28,False,True,False,True,False,24231.75,True,0.009182168023357695,15.72
2025-09-22,390,0,24815.5,24998.75,366210.0,29,False,True,True,True,True,,False,,15.45
2025-09-23,390,0,25001.0,24831.5,472428.0,29,False,True,True,True,True,24998.75,True,-0.006690334516725849,16.1
2025-09-24,390,0,24885.25,24739.5,437347.0,29,False,True,True,True,True,24831.5,True,-0.0037049715079636725,16.64
2025-09-25,390,0,24576.25,24632.25,555371.0,29,False,True,True,True,True,24739.5,True,-0.004335172497423101,16.18
2025-09-26,390,0,24654.25,24725.5,416996.0,29,False,True,True,True,True,24632.25,True,0.0037856874625745718,16.74
2025-09-29,390,0,24850.75,24837.25,402764.0,29,False,True,True,True,True,24725.5,True,0.00451962548785656,15.29
2025-09-30,390,0,24820.5,24898.25,411301.0,29,False,True,True,True,True,24837.25,True,0.0024559884850376967,16.12
2025-10-01,390,0,24763.0,25011.75,348990.0,29,False,True,True,True,True,24898.25,True,0.004558553311979852,16.28
2025-10-02,390,0,25165.25,25109.5,361132.0,29,False,True,True,True,True,25011.75,True,0.003908163163313327,16.29
2025-10-03,390,0,25133.5,24996.75,409319.0,29,False,True,True,True,True,25109.5,True,-0.004490332344331827,16.63
2025-10-06,390,0,25214.25,25184.25,310152.0,29,False,True,True,True,True,24996.75,True,0.007500975126766507,16.65
2025-10-07,390,0,25237.0,25045.25,444306.0,29,False,True,True,True,True,25184.25,True,-0.005519322592493325,16.37
2025-10-08,390,0,25079.75,25330.0,345991.0,29,False,True,True,True,True,25045.25,True,0.011369421347361186,17.24
2025-10-09,390,0,25329.0,25294.5,408593.0,29,False,True,True,True,True,25330.0,True,-0.0014015001973943786,16.3
2025-10-10,390,0,25313.0,24402.25,794231.0,29,False,True,True,True,True,25294.5,True,-0.03527446678131607,16.43
2025-10-13,390,0,24824.75,24920.5,436400.0,29,False,True,True,True,True,24402.25,True,0.021237795695069117,21.66
2025-10-14,390,0,24638.75,24757.25,504357.0,29,False,True,True,True,True,24920.5,True,-0.006550831644629884,19.03
2025-10-15,390,0,25002.5,24924.5,501413.0,29,False,True,True,True,True,24757.25,True,0.006755596845368528,20.81
2025-10-16,390,0,25045.25,24830.75,604614.0,29,False,True,True,True,True,24924.5,True,-0.0037613593051013527,20.64
2025-10-17,390,0,24736.25,24989.0,497538.0,29,False,True,True,True,True,24830.75,True,0.0063731461997724725,25.31
2025-10-20,390,0,25119.0,25300.25,315787.0,29,False,True,True,True,True,24989.0,True,0.012455480411381004,20.78
2025-10-21,390,0,25300.75,25291.25,332259.0,29,False,True,True,True,True,25300.25,True,-0.0003557277102005374,18.23
2025-10-22,390,0,25265.5,25040.5,584037.0,29,False,True,True,True,True,25291.25,True,-0.009914496120199678,17.87
2025-10-23,390,0,25016.25,25253.0,397103.0,29,False,True,True,True,True,25040.5,True,0.008486252271320494,18.6
2025-10-24,390,0,25466.5,25509.5,346315.0,29,False,True,True,True,True,25253.0,True,0.010157209044469928,17.3
2025-10-27,390,0,25815.75,25961.0,309476.0,29,False,True,True,True,True,25509.5,True,0.01769928850036262,16.37
2025-10-28,390,0,26051.5,26160.0,343899.0,29,False,True,True,True,True,25961.0,True,0.00766534417010134,15.79
2025-10-29,390,0,26266.0,26281.25,419829.0,29,False,True,True,True,True,26160.0,True,0.004634938837920544,16.42
2025-10-30,390,0,26125.25,25872.0,453155.0,29,False,True,True,True,True,26281.25,True,-0.01557193816884661,16.92
2025-10-31,390,0,26199.25,25992.75,475959.0,29,False,True,True,True,True,25872.0,True,0.004667207792207861,16.91
2025-11-03,390,0,26235.75,26110.25,355528.0,29,False,True,True,True,True,25992.75,True,0.004520491290840756,17.44
2025-11-04,390,0,25742.0,25578.0,475485.0,29,False,True,True,True,True,26110.25,True,-0.0203847148150631,17.17
2025-11-05,390,0,25542.25,25741.0,405260.0,29,False,True,True,True,True,25578.0,True,0.0063726640081320785,19.0
2025-11-06,390,0,25674.0,25258.25,604987.0,29,False,True,True,True,True,25741.0,True,-0.01875412765626816,18.01
2025-11-07,390,0,25110.5,25164.25,570595.0,29,False,True,True,True,True,25258.25,True,-0.0037215563231814963,19.5
2025-11-10,390,0,25538.75,25713.0,468682.0,29,False,True,True,True,True,25164.25,True,0.02180672978531062,19.08
2025-11-11,390,0,25605.0,25647.0,410062.0,29,False,True,True,True,True,25713.0,True,-0.0025667950064169887,17.6
2025-11-12,390,0,25778.5,25625.25,490145.0,29,False,True,True,True,True,25647.0,True,-0.000848052403789934,17.28
2025-11-13,390,0,25477.25,25100.0,603388.0,29,False,True,True,True,True,25625.25,True,-0.02049736100135613,17.51
2025-11-14,390,0,24723.5,25105.25,623606.0,29,False,True,True,True,True,25100.0,True,0.00020916334661347236,20.0
2025-11-17,390,0,24997.75,24888.25,569468.0,29,False,True,True,True,True,25105.25,True,-0.008643610400215107,19.83
2025-11-18,390,0,24718.25,24585.0,654124.0,29,False,True,True,True,True,24888.25,True,-0.012184464556567853,22.38
2025-11-19,390,0,24611.5,24725.0,576904.0,29,False,True,True,True,True,24585.0,True,0.005694529184462116,24.69
2025-11-20,390,0,25211.5,24138.25,797916.0,29,False,True,True,True,True,24725.0,True,-0.023731041456016233,23.66
2025-11-21,390,0,24203.5,24313.75,625952.0,29,False,True,True,True,True,24138.25,True,0.007270618209687996,26.42
2025-11-24,390,0,24522.25,24935.25,440371.0,29,False,True,True,True,True,24313.75,True,0.02556166778057678,23.43
2025-11-25,390,0,24857.25,25080.0,486266.0,29,False,True,True,True,True,24935.25,True,0.0058050350407554685,20.52
2025-11-26,390,0,25222.25,25296.5,397562.0,29,False,True,True,True,True,25080.0,True,0.00863237639553427,18.56
2025-11-27,210,180,25301.5,25301.75,15063.0,29,False,False,False,False,False,,False,,
2025-11-28,225,165,25358.0,25484.5,135829.0,29,False,True,False,False,False,25296.5,True,0.007431858162196381,17.19
2025-12-01,390,0,25255.0,25402.25,415985.0,29,False,True,True,True,True,25484.5,True,-0.003227451980615692,16.35
2025-12-02,390,0,25492.75,25600.5,457853.0,29,False,True,True,True,True,25402.25,True,0.007804426773218909,17.24
2025-12-03,390,0,25495.25,25657.5,363956.0,29,False,True,True,True,True,25600.5,True,0.0022265190133006207,16.59
2025-12-04,390,0,25712.0,25628.0,416525.0,29,False,True,True,True,True,25657.5,True,-0.0011497612783786249,16.08
2025-12-05,390,0,25680.0,25725.75,397638.0,29,False,True,True,True,True,25628.0,True,0.0038141876073045644,15.78
2025-12-08,390,0,25791.0,25668.75,375972.0,29,False,True,True,True,True,25725.75,True,-0.0022156788431824115,15.41
2025-12-09,390,0,25618.5,25703.0,318312.0,29,False,True,True,True,True,25668.75,True,0.0013343072802531886,16.66
2025-12-10,390,0,25647.25,25800.0,450234.0,29,False,True,True,True,True,25703.0,True,0.0037738785355794224,16.93
2025-12-11,390,0,25643.5,25714.75,468409.0,29,False,True,True,True,True,25800.0,True,-0.003304263565891419,15.77
2025-12-12,390,0,25560.25,25209.5,588311.0,29,False,True,True,True,True,25714.75,True,-0.01964825635092704,14.85
2025-12-15,390,0,25408.0,25084.25,186872.0,29,False,True,True,True,True,25209.5,True,-0.004968365100458172,15.74
2025-12-16,390,0,24989.25,25132.0,80883.0,29,False,True,False,True,False,25084.25,True,0.0019035849188235865,16.5
2025-12-17,390,0,25182.0,24661.0,57961.0,29,False,True,False,True,False,25132.0,True,-0.01874104727041226,16.48
2025-12-18,390,0,25048.0,25018.0,49158.0,29,False,True,False,True,False,24661.0,True,0.014476298609140015,17.62
2025-12-22,390,0,25780.75,25688.25,289794.0,30,False,True,True,True,True,,False,,14.91
2025-12-23,390,0,25644.25,25811.25,262922.0,30,False,True,True,True,True,25688.25,True,0.004788181366967459,14.08
2025-12-24,225,165,25795.0,25864.75,127555.0,30,False,True,False,False,False,25811.25,True,0.0020727395999806664,14.0
2025-12-26,390,0,25899.0,25866.75,193621.0,30,False,True,True,True,True,25864.75,True,7.732531727544512e-05,13.47
2025-12-29,390,0,25706.75,25741.0,263940.0,30,False,True,True,True,True,25866.75,True,-0.0048614534102661144,13.6
2025-12-30,390,0,25692.75,25678.0,241570.0,30,False,True,True,True,True,25741.0,True,-0.0024474573637387476,14.2
2025-12-31,390,0,25678.75,25455.25,243537.0,30,False,True,True,True,True,25678.0,True,-0.008674741023444232,14.33
2026-01-02,390,0,25687.0,25385.5,447855.0,30,False,True,True,True,True,25455.25,True,-0.002740102729299476,14.95
2026-01-05,390,0,25642.5,25586.75,355163.0,30,False,True,True,True,True,25385.5,True,0.007927754032813983,14.51
2026-01-06,390,0,25636.0,25813.5,358729.0,30,False,True,True,True,True,25586.75,True,0.008862008656824294,14.9
2026-01-07,390,0,25790.75,25835.0,387270.0,30,False,True,True,True,True,25813.5,True,0.0008328975148661488,14.75
2026-01-08,390,0,25786.5,25682.5,405449.0,30,False,True,True,True,True,25835.0,True,-0.0059028449777434044,15.38
2026-01-09,390,0,25714.0,25933.25,401608.0,30,False,True,True,True,True,25682.5,True,0.009763457607320225,15.45
2026-01-12,390,0,25746.25,25952.25,315366.0,30,False,True,True,True,True,25933.25,True,0.0007326501691844456,14.49
2026-01-13,390,0,25950.5,25903.75,445806.0,30,False,True,True,True,True,25952.25,True,-0.0018688167692588742,15.12
2026-01-14,390,0,25739.75,25636.5,527969.0,30,False,True,True,True,True,25903.75,True,-0.010317039038749254,15.98
2026-01-15,390,0,25924.75,25719.25,447539.0,30,False,True,True,True,True,25636.5,True,0.0032278197101789363,16.75
2026-01-16,390,0,25868.0,25684.5,390618.0,30,False,True,True,True,True,25719.25,True,-0.0013511280461133701,15.84
2026-01-19,210,180,25291.25,25398.25,66728.0,30,False,False,False,False,False,,False,,
2026-01-20,390,0,25243.5,25142.25,501629.0,30,False,True,True,True,True,25684.5,True,-0.021111954680838596,15.86
2026-01-21,390,0,25196.5,25471.5,620808.0,30,False,True,True,True,True,25142.25,True,0.013095486680786417,20.09
2026-01-22,390,0,25729.0,25662.0,404719.0,30,False,True,True,True,True,25471.5,True,0.00747894705847707,16.9
2026-01-23,390,0,25608.0,25735.5,385983.0,30,False,True,True,True,True,25662.0,True,0.002864157119476296,15.64
2026-01-26,390,0,25749.0,25845.0,314630.0,30,False,True,True,True,True,25735.5,True,0.004254823104272276,16.09
2026-01-27,390,0,25982.75,26076.0,323578.0,30,False,True,True,True,True,25845.0,True,0.008937899013348849,16.15
2026-01-28,390,0,26252.5,26149.25,356156.0,30,False,True,True,True,True,26076.0,True,0.002809096487191187,16.35
2026-01-29,390,0,26133.5,25991.5,554838.0,30,False,True,True,True,True,26149.25,True,-0.006032677801466546,16.35
2026-01-30,390,0,25834.25,25675.5,529040.0,30,False,True,True,True,True,25991.5,True,-0.012157820826039334,16.88
2026-02-02,390,0,25542.5,25856.5,349710.0,30,False,True,True,True,True,25675.5,True,0.0070495219177815205,17.44
2026-02-03,390,0,25934.75,25445.5,576753.0,30,False,True,True,True,True,25856.5,True,-0.01589542281437939,16.34
2026-02-04,390,0,25385.5,24994.5,586532.0,30,False,True,True,True,True,25445.5,True,-0.017724155548132337,18.0
2026-02-05,390,0,24770.25,24638.25,543226.0,30,False,True,True,True,True,24994.5,True,-0.01425313568985176,18.64
2026-02-06,390,0,24760.5,25146.75,437439.0,30,False,True,True,True,True,24638.25,True,0.02063864113725611,21.77
2026-02-09,390,0,25057.75,25337.75,343909.0,30,False,True,True,True,True,25146.75,True,0.007595414914452148,17.76
2026-02-10,390,0,25376.5,25219.75,355388.0,30,False,True,True,True,True,25337.75,True,-0.004657082811220459,17.36
2026-02-11,390,0,25418.5,25278.5,407716.0,30,False,True,True,True,True,25219.75,True,0.0023295234885358784,17.79
2026-02-12,390,0,25346.25,24763.5,555353.0,30,False,True,True,True,True,25278.5,True,-0.02037304428664677,17.65
2026-02-13,390,0,24743.0,24802.0,476700.0,30,False,True,True,True,True,24763.5,True,0.0015547075332646987,20.82
2026-02-16,210,180,24762.75,24747.25,57667.0,30,False,False,False,False,False,,False,,
2026-02-17,390,0,24659.25,24777.0,488274.0,30,False,True,True,True,True,24802.0,True,-0.001007983227159115,20.6
2026-02-18,390,0,24809.5,24957.5,420565.0,30,False,True,True,True,True,24777.0,True,0.007284982039794885,20.29
2026-02-19,390,0,24833.75,24863.5,389562.0,30,False,True,True,True,True,24957.5,True,-0.003766402884904374,19.62
2026-02-20,390,0,24715.25,25074.75,489011.0,30,False,True,True,True,True,24863.5,True,0.008496390290988698,20.23
2026-02-23,390,0,24981.0,24768.0,451768.0,30,False,True,True,True,True,25074.75,True,-0.012233422068016586,19.09
2026-02-24,390,0,24805.0,25030.0,395430.0,30,False,True,True,True,True,24768.0,True,0.01057816537467704,21.01
2026-02-25,390,0,25160.25,25384.5,288871.0,30,False,True,True,True,True,25030.0,True,0.014163004394726286,19.55
2026-02-26,390,0,25342.0,25083.25,473879.0,30,False,True,True,True,True,25384.5,True,-0.01186747818550693,17.93
2026-02-27,390,0,24815.25,24998.25,396753.0,30,False,True,True,True,True,25083.25,True,-0.003388715577128165,18.63
2026-03-02,390,0,24644.5,25023.25,404677.0,30,False,True,True,True,True,24998.25,True,0.001000070004900433,19.86
2026-03-03,390,0,24535.0,24757.25,474143.0,30,False,True,True,True,True,25023.25,True,-0.010630113993985613,21.44
2026-03-04,390,0,24853.5,25120.0,380206.0,30,False,True,True,True,True,24757.25,True,0.014652273576427177,23.57
2026-03-05,390,0,24987.75,25047.75,476720.0,30,False,True,True,True,True,25120.0,True,-0.0028761942675159524,21.15
2026-03-06,390,0,24685.25,24667.75,430890.0,30,False,True,True,True,True,25047.75,True,-0.015171023345410317,23.75
2026-03-09,390,0,24432.25,24992.25,434147.0,30,False,True,True,True,True,24667.75,True,0.01315482765959608,29.49
2026-03-10,390,0,24991.0,24986.5,404795.0,30,False,True,True,True,True,24992.25,True,-0.00023007132210983716,25.5
2026-03-11,390,0,25034.75,24984.0,353956.0,30,False,True,True,True,True,24986.5,True,-0.00010005402917578898,24.93
2026-03-12,390,0,24775.75,24555.25,398514.0,30,False,True,True,True,True,24984.0,True,-0.0171609830291386,24.23
2026-03-13,390,0,24645.5,24398.0,391804.0,30,False,True,True,True,True,24555.25,True,-0.006403925840706148,27.29
2026-03-16,390,0,24655.75,24670.25,168944.0,30,False,True,True,True,True,24398.0,True,0.01115870153291243,27.19
2026-03-17,390,0,24783.25,24791.25,50944.0,30,False,True,False,True,False,24670.25,True,0.004904692899342367,23.51
2026-03-18,390,0,24712.25,24434.75,45245.0,30,False,True,False,True,False,24791.25,True,-0.014380073614682631,22.37
2026-03-19,390,0,24211.25,24360.5,22375.0,30,False,True,False,True,False,24434.75,True,-0.0030387051228271122,25.09
2026-03-23,390,0,24493.25,24398.75,386712.0,31,False,True,True,True,True,,False,,26.78
2026-03-24,390,0,24254.25,24219.25,360765.0,31,False,True,True,True,True,24398.75,True,-0.0073569342691736095,26.15
2026-03-25,390,0,24430.75,24371.75,366020.0,31,False,True,True,True,True,24219.25,True,0.006296644198313217,26.95
2026-03-26,390,0,24156.25,23786.75,373867.0,31,False,True,True,True,True,24371.75,True,-0.024003200426723548,25.33
2026-03-27,390,0,23654.5,23308.75,378569.0,31,False,True,True,True,True,23786.75,True,-0.020095221078962,27.44
2026-03-30,390,0,23508.75,23135.5,373850.0,31,False,True,True,True,True,23308.75,True,-0.007432831018394426,31.05
2026-03-31,390,0,23381.75,23909.75,511369.0,31,False,True,True,True,True,23135.5,True,0.03346588575997922,30.61
2026-04-01,390,0,24087.75,24200.75,383088.0,31,False,True,True,True,True,23909.75,True,0.012170767155658346,25.25
2026-04-02,390,0,23763.5,24220.75,394407.0,31,False,True,True,True,True,24200.75,True,0.0008264206687809139,24.54
2026-04-06,390,0,24265.25,24363.75,293110.0,31,False,True,True,True,True,24220.75,True,0.00590402857054384,23.87
2026-04-07,390,0,24243.5,24369.5,409461.0,31,False,True,True,True,True,24363.75,True,0.00023600636191067892,24.17
2026-04-08,390,0,25199.5,25080.0,397177.0,31,False,True,True,True,True,24369.5,True,0.02915529657974103,25.78
2026-04-09,390,0,25081.0,25249.0,385460.0,31,False,True,True,True,True,25080.0,True,0.006738437001594821,21.04
2026-04-10,390,0,25315.25,25284.25,319083.0,31,False,True,True,True,True,25249.0,True,0.0013960948948472662,19.49
2026-04-13,390,0,25215.75,25538.25,354157.0,31,False,True,True,True,True,25284.25,True,0.010045779487230178,19.23
2026-04-14,390,0,25656.25,26000.75,353782.0,31,False,True,True,True,True,25538.25,True,0.018110089767309878,19.12
2026-04-15,390,0,26023.5,26364.25,382657.0,31,False,True,True,True,True,26000.75,True,0.013980365950982288,18.36
2026-04-16,390,0,26439.0,26484.75,460230.0,31,False,True,True,True,True,26364.25,True,0.004570583270906647,18.17
2026-04-17,390,0,26692.5,26827.25,437836.0,31,False,True,True,True,True,26484.75,True,0.012931970284786543,17.94
2026-04-20,390,0,26796.5,26745.75,348162.0,31,False,True,True,True,True,26827.25,True,-0.003037955809857551,17.48
2026-04-21,390,0,26808.0,26642.25,483552.0,31,False,True,True,True,True,26745.75,True,-0.0038697737023639656,18.87
2026-04-22,390,0,26881.0,27080.0,357169.0,31,False,True,True,True,True,26642.25,True,0.01643066933160675,19.5
2026-04-23,390,0,27014.25,26926.25,478701.0,31,False,True,True,True,True,27080.0,True,-0.005677621861152171,18.92
2026-04-24,390,0,27210.0,27434.0,371604.0,31,False,True,True,True,True,26926.25,True,0.018857063274685393,19.31
2026-04-27,390,0,27410.75,27445.0,305992.0,31,False,True,True,True,True,27434.0,True,0.000400962309542896,18.71
2026-04-28,390,0,27161.0,27169.25,411369.0,31,False,True,True,True,True,27445.0,True,-0.010047367462197143,18.02
2026-04-29,390,0,27206.75,27337.25,355893.0,31,False,True,True,True,True,27169.25,True,0.006183461081921582,17.83
2026-04-30,390,0,27491.25,27577.5,461140.0,31,False,True,True,True,True,27337.25,True,0.008788374836532498,18.81
2026-05-01,390,0,27632.75,27837.25,395019.0,31,False,True,True,True,True,27577.5,True,0.009418910343577114,16.89
2026-05-04,390,0,27854.5,27780.25,394170.0,31,False,True,True,True,True,27837.25,True,-0.002047616054028367,16.99
2026-05-05,390,0,27988.5,28135.75,321567.0,31,False,True,True,True,True,27780.25,True,0.012796861079363842,18.29
2026-05-06,390,0,28389.5,28710.25,383491.0,31,False,True,True,True,True,28135.75,True,0.02041886212381039,17.38
2026-05-07,390,0,28750.0,28684.25,519576.0,31,False,True,True,True,True,28710.25,True,-0.0009055999164061523,17.39
2026-05-08,390,0,28878.5,29339.75,390224.0,31,False,True,True,True,True,28684.25,True,0.022852262129914536,17.08
2026-05-11,390,0,29305.25,29429.25,373888.0,31,False,True,True,True,True,29339.75,True,0.003050469073526463,17.19
2026-05-12,390,0,29213.0,29174.25,533891.0,31,False,True,True,True,True,29429.25,True,-0.008664848747419684,18.38
2026-05-13,390,0,29286.5,29476.0,402031.0,31,False,True,True,True,True,29174.25,True,0.010343025099188496,17.99
2026-05-14,390,0,29476.25,29686.75,443601.0,31,False,True,True,True,True,29476.0,True,0.007149884651920235,17.87
2026-05-15,390,0,29278.0,29231.25,482567.0,31,False,True,True,True,True,29686.75,True,-0.015343545521150026,17.26
2026-05-18,390,0,29338.5,29098.75,570604.0,31,False,True,True,True,True,29231.25,True,-0.004532820183878572,18.43
2026-05-19,390,0,28850.25,28924.5,520063.0,31,False,True,True,True,True,29098.75,True,-0.005988229734954276,17.82
2026-05-20,390,0,29073.5,29396.25,425284.0,31,False,True,True,True,True,28924.5,True,0.016309702847067342,18.06
2026-05-21,390,0,29217.25,29446.25,450761.0,31,False,True,True,True,True,29396.25,True,0.0017008972232852582,17.44
2026-05-22,390,0,29580.0,29552.5,351459.0,31,False,True,True,True,True,29446.25,True,0.003608269304240741,16.76
2026-05-25,210,180,29940.5,29962.5,42324.0,31,False,False,False,False,False,,False,,
2026-05-26,390,0,29902.0,30079.75,411044.0,31,False,True,True,True,True,29552.5,True,0.01784113019203115,16.7
2026-05-27,390,0,30187.5,30047.25,466861.0,31,False,True,True,True,True,30079.75,True,-0.0010804611075557746,17.01
2026-05-28,390,0,30053.0,30306.25,384256.0,31,False,True,True,True,True,30047.25,True,0.008619757215718504,16.29
2026-05-29,390,0,30383.0,30397.5,446059.0,31,False,True,True,True,True,30306.25,True,0.003010930088678032,15.74
2026-06-01,390,0,30343.0,30571.25,398457.0,31,False,True,True,True,True,30397.5,True,0.005715930586396967,15.32
2026-06-02,390,0,30557.0,30707.25,363740.0,31,False,True,True,True,True,30571.25,True,0.004448624115795052,16.05
2026-06-03,390,0,30754.75,30635.75,454680.0,31,False,True,True,True,True,30707.25,True,-0.0023284403520341668,15.77
2026-06-04,390,0,30268.25,30485.5,458999.0,31,False,True,True,True,True,30635.75,True,-0.004904400904172435,16.06
2026-06-05,390,0,30035.75,29015.75,768866.0,31,False,True,True,True,True,30485.5,True,-0.048211444785225765,15.4
2026-06-08,390,0,29526.0,29453.0,530999.0,31,False,True,True,True,True,29015.75,True,0.015069401962727103,21.51
2026-06-09,390,0,29737.0,29115.25,885938.0,31,False,True,True,True,True,29453.0,True,-0.011467422673411831,18.92
2026-06-10,390,0,28853.0,28526.0,522328.0,31,False,True,True,True,True,29115.25,True,-0.02023853478846993,19.87
2026-06-11,390,0,28753.25,29456.75,498473.0,31,False,True,True,True,True,28526.0,True,0.032628128724672134,22.22
2026-06-12,390,0,29494.5,29648.25,295037.0,31,False,True,True,True,True,29456.75,True,0.006501056633878566,19.44
2026-06-15,390,0,30333.5,30567.5,98742.0,31,False,True,False,True,False,29648.25,True,0.031005202667948373,17.68
2026-06-16,390,0,30502.0,29991.25,55243.0,31,False,True,False,True,False,30567.5,True,-0.018851721599738247,16.2
2026-06-17,390,0,30207.75,29681.0,26211.0,31,False,True,False,True,False,29991.25,True,-0.010344683866127635,16.41
2026-06-19,210,180,30646.25,30647.0,29200.0,32,False,False,False,False,False,,False,,
2026-06-22,390,0,30822.75,30654.25,370809.0,32,False,True,True,True,True,,False,,16.4
2026-06-23,390,0,29718.25,29650.5,457351.0,32,False,True,True,True,True,30654.25,True,-0.03274423611734101,17.28
2026-06-24,390,0,29711.25,29514.0,461023.0,32,False,True,True,True,True,29650.5,True,-0.004603632316487083,19.49
2026-06-25,390,0,30153.25,29749.5,491803.0,32,False,True,True,True,True,29514.0,True,0.007979264078064707,18.63
2026-06-26,390,0,29362.5,29316.0,359221.0,32,False,True,True,True,True,29749.5,True,-0.014571673473503743,18.89
2026-06-29,390,0,29643.0,30046.25,372017.0,32,False,True,True,True,True,29316.0,True,0.02490960567608136,18.41
2026-06-30,390,0,30047.5,30513.5,333095.0,32,False,True,True,True,True,30046.25,True,0.015551025502350546,17.65
2026-07-01,390,0,30235.75,30080.75,357797.0,32,False,True,True,True,True,30513.5,True,-0.014182247202058074,16.45
2026-07-02,390,0,30076.25,29538.25,463228.0,32,False,True,True,True,True,30080.75,True,-0.01803478969108152,16.59
2026-07-03,210,180,29921.0,29901.75,23757.0,32,False,False,False,False,False,,False,,
2026-07-06,390,0,29835.75,29951.75,320428.0,32,False,True,True,True,True,29538.25,True,0.013998798168476378,16.15
2026-07-07,390,0,29593.0,29394.5,427079.0,32,False,True,True,True,True,29951.75,True,-0.018604922917692668,15.57
2026-07-08,390,0,29202.75,29457.5,356135.0,32,False,True,True,True,True,29394.5,True,0.0021432580925002664,16.13
2026-07-09,390,0,29746.75,29948.75,318468.0,32,False,True,True,True,True,29457.5,True,0.016676567936858122,16.9
2026-07-10,390,0,29834.75,30037.5,301138.0,32,False,True,True,True,True,29948.75,True,0.00296339580116034,15.84
2026-07-13,390,0,29710.0,29467.0,352630.0,32,False,True,True,True,True,30037.5,True,-0.01899292550977949,15.03
2026-07-14,390,0,29811.0,29786.0,302214.0,32,False,True,True,True,True,29467.0,True,0.0108256693928801,17.16
2026-07-15,390,0,29955.5,29701.0,386865.0,32,False,True,True,True,True,29786.0,True,-0.002853689652857039,16.5
2026-07-16,390,0,29466.0,29217.0,363912.0,32,False,True,True,True,True,29701.0,True,-0.016295747617925294,15.67
2026-07-17,390,0,28607.75,28764.25,440470.0,32,False,True,True,True,True,29217.0,True,-0.01549611527535344,16.73
2026-07-20,390,0,29045.0,28785.25,358663.0,32,False,True,True,True,True,28764.25,True,0.0007300729203785217,18.77
2026-07-21,390,0,29222.5,29310.75,314194.0,32,False,True,True,True,True,28785.25,True,0.018255877576189183,18.65
2026-07-22,390,0,29090.5,29160.5,297074.0,32,False,True,True,True,True,29310.75,True,-0.0051261056097166025,17.05
2026-07-23,390,0,28718.25,28615.0,461278.0,32,False,True,True,True,True,29160.5,True,-0.018706812297457187,16.64
2026-07-24,390,0,28540.0,28283.25,441625.0,32,False,True,True,True,True,28615.0,True,-0.011593569806045756,18.7
2026-07-27,390,0,28590.5,28192.25,457578.0,32,False,True,True,True,True,28283.25,True,-0.0032174520254921735,18.58
2026-07-28,390,0,27950.0,27918.5,477180.0,32,False,True,True,True,True,28192.25,True,-0.009710115368585348,18.67
2026-07-29,390,0,27914.5,27335.0,579744.0,32,False,True,True,True,True,27918.5,True,-0.020900119992119937,18.21
2026-07-30,390,0,27877.25,28229.0,480565.0,32,False,True,True,True,True,27335.0,True,0.032705322846168006,20.66
2026-07-31,390,0,28576.75,28402.75,496536.0,32,False,True,True,True,True,28229.0,True,0.006155017889404535,17.09
2026-08-03,390,0,28419.0,28901.25,385010.0,32,False,True,True,True,True,28402.75,True,0.017551117409405848,15.99
2026-08-04,390,0,29234.75,29877.75,440540.0,32,False,True,True,True,True,28901.25,True,0.03378746594005455,15.86
2026-08-05,390,0,29975.0,29606.75,407993.0,32,False,True,True,True,True,29877.75,True,-0.009070294784580546,16.5
2026-08-06,390,0,29335.0,29496.75,400309.0,32,False,True,True,True,True,29606.75,True,-0.003715368961469956,15.81
2026-08-07,390,0,29714.0,29833.25,379164.0,32,False,True,True,True,True,29496.75,True,0.011408036478595118,15.15
2026-08-10,390,0,29805.5,29744.0,289228.0,32,False,True,True,True,True,29833.25,True,-0.002991628468235974,14.9
2026-08-11,390,0,29839.25,29636.0,336738.0,32,False,True,True,True,True,29744.0,True,-0.0036309844002151426,15.46
2026-08-12,390,0,29991.75,29853.0,297874.0,32,False,True,True,True,True,29636.0,True,0.007322175732217495,15.28
2026-08-13,390,0,29910.25,30194.75,352890.0,32,False,True,True,True,True,29853.0,True,0.0114477606940675,14.55
2026-08-14,390,0,30241.75,30144.5,310991.0,32,False,True,True,True,True,30194.75,True,-0.0016641965904669043,14.63
2026-08-17,390,0,30219.25,30091.5,304902.0,32,False,True,True,True,True,30144.5,True,-0.001758198012904555,14.25
2026-08-18,390,0,29690.25,29585.75,409802.0,32,False,True,True,True,True,30091.5,True,-0.01680707176445173,15.19
2026-08-19,390,0,29696.0,29522.0,391356.0,32,False,True,True,True,True,29585.75,True,-0.002154753555343336,15.84
2026-08-20,390,0,29351.0,29306.5,402848.0,32,False,True,True,True,True,29522.0,True,-0.0072996409457354305,14.89
2026-08-21,390,0,29469.0,29395.75,363836.0,32,False,True,True,True,True,29306.5,True,0.0030453994847559063,16.01
2026-08-24,390,0,29235.5,29099.5,381981.0,32,False,True,True,True,True,29395.75,True,-0.01007798746417421,15.13
2026-08-25,390,0,29297.0,29270.25,346354.0,32,False,True,True,True,True,29099.5,True,0.005867798415780445,15.85
2026-08-26,390,0,29174.5,29296.75,309251.0,32,False,True,True,True,True,29270.25,True,0.0009053561209759753,15.45
2026-08-27,390,0,29524.25,29691.75,400664.0,32,False,True,True,True,True,29296.75,True,0.013482724192956486,15.21
2026-08-28,390,0,29628.5,29496.5,471113.0,32,False,True,True,True,True,29691.75,True,-0.006575900713161054,14.51
2026-08-31,390,0,29437.75,29506.5,323920.0,32,False,True,True,True,True,29496.5,True,0.00033902327394774723,14.43
2026-09-01,390,0,29111.75,29126.75,390649.0,32,False,True,True,True,True,29506.5,True,-0.012870045583176615,14.92
2026-09-02,390,0,29098.75,29190.5,304665.0,32,False,True,True,True,True,29126.75,True,0.0021887096912631687,16.34
2026-09-03,390,0,29249.5,29530.75,387923.0,32,False,True,True,True,True,29190.5,True,0.011656189513711723,15.2
2026-09-04,390,0,29588.25,29568.75,344164.0,32,False,True,True,True,True,29530.75,True,0.0012867942737655458,14.32
2026-09-07,210,180,29614.75,29603.5,24852.0,32,False,False,False,False,False,,False,,
2026-09-08,390,0,29645.0,29543.5,353979.0,32,False,True,True,True,True,29568.75,True,-0.0008539420841259249,14.53
2026-09-09,390,0,29455.25,29454.5,342257.0,32,False,True,True,True,True,29543.5,True,-0.0030125069812310112,15.72
2026-09-10,390,0,29089.5,29138.0,385638.0,32,False,True,True,True,True,29454.5,True,-0.010745386952757618,16.46
2026-09-11,390,0,29417.5,29386.75,348464.0,32,False,True,True,True,True,29138.0,True,0.008536962042693386,17.84
2026-09-14,390,0,28906.5,29151.25,204504.0,32,False,True,True,True,True,29386.75,True,-0.008013815750295583,15.84
2026-09-15,390,0,29126.25,28960.25,57089.0,32,False,True,False,True,False,29151.25,True,-0.006552034646884808,17.1
2026-09-16,390,0,29095.5,28961.0,65889.0,32,False,True,False,True,False,28960.25,True,2.58975664919614e-05,17.2
2026-09-17,390,0,29420.5,29449.0,21036.0,32,False,True,False,True,False,28961.0,True,0.01685024688374015,17.71
2026-09-21,390,0,30222.0,30784.25,396676.0,33,False,True,True,True,True,,False,,14.81
2026-09-22,390,0,30764.25,31029.25,346729.0,33,False,True,True,True,True,30784.25,True,0.007958615200954977,14.87
2026-09-23,390,0,31006.5,30770.25,418759.0,33,False,True,True,True,True,31029.25,True,-0.008346962946252368,
2026-09-24,390,0,30519.0,30756.75,481956.0,33,False,True,True,True,True,30770.25,True,-0.00043873546688766307,
2026-09-25,390,0,30819.0,30891.5,416282.0,33,False,True,True,True,True,30756.75,True,0.004381152104822483,
2026-09-28,390,0,30718.0,30567.5,498272.0,33,False,True,True,True,True,30891.5,True,-0.010488322030332009,
2026-09-29,390,0,30708.75,30617.5,430334.0,33,False,True,True,True,True,30567.5,True,0.00163572421689695,
